,gpstime,latitude,longitude,altitude,speed,heading,hpdop,vdop,pdop
0,1457869762.0,41.17889765,-8.594176983,132.1,0.000,153.00,2.3,3.6,4.3
1,1457869763.0,41.178897417,-8.594177,132.1,0.000,74.70,2.3,3.6,4.3
2,1457869764.0,41.178897267,-8.594177017,132.1,0.000,233.00,2.3,3.6,4.3
3,1457869765.0,41.1788972,-8.594177017,132.1,0.000,0.10,2.3,3.6,4.3
4,1457869766.0,41.178897083,-8.594177,132.1,0.000,63.90,2.3,3.6,4.3
5,1457869767.0,41.178896983,-8.594177033,132.2,0.000,329.20,2.3,3.6,4.3
6,1457869768.0,41.178896867,-8.594177,132.2,0.000,52.40,2.3,3.6,4.3
7,1457869769.0,41.178897,-8.5941768,132.2,0.000,168.80,2.3,3.6,4.3
8,1457869770.0,41.178897133,-8.594176767,132.2,0.051,235.30,2.3,3.6,4.3
9,1457869771.0,41.178897217,-8.594176667,132.2,0.000,309.30,2.3,3.6,4.3
10,1457869772.0,41.178897267,-8.59417665,132.2,0.000,122.40,2.3,3.6,4.3
11,1457869773.0,41.178897133,-8.594177433,132.3,0.051,215.90,2.3,3.6,4.3
12,1457869774.0,41.178896917,-8.594180117,132.3,0.051,265.40,2.3,3.6,4.3
13,1457869775.0,41.17889575,-8.594179383,132.4,0.154,185.20,2.3,3.6,4.3
14,1457869776.0,41.178896283,-8.5941797,132.4,0.154,323.30,2.3,3.6,4.3
15,1457869777.0,41.178896467,-8.594183483,132.1,0.463,260.70,2.3,3.6,4.3
16,1457869778.0,41.178895133,-8.594183967,131.9,0.257,225.10,2.3,3.6,4.3
17,1457869779.0,41.178897917,-8.594181767,132.3,0.412,128.90,1.4,?,?
18,1457869780.0,41.1789069,-8.5941803,132.5,0.206,326.50,1.3,?,?
19,1457869781.0,41.17891175,-8.594178267,132.6,0.103,24.90,1.3,?,?
20,1457869782.0,41.178914067,-8.5941756,132.8,0.154,79.70,1.3,?,?
21,1457869783.0,41.178914567,-8.59417825,133.1,0.103,244.90,1.3,?,?
22,1457869784.0,41.17891685,-8.594178333,133.3,0.051,300.40,1.8,?,?
23,1457869785.0,41.178917533,-8.5941766,133.1,0.103,141.90,1.8,?,?
24,1457869786.0,41.178915667,-8.594172983,129.5,0.051,176.80,2.4,1.0,2.6
25,1457869787.0,41.178942717,-8.594229167,167.0,0.926,309.10,2.4,1.0,2.6
26,1457869788.0,41.178960583,-8.594233367,166.6,2.161,342.00,2.4,1.0,2.6
27,1457869789.0,41.178997933,-8.59423255,166.4,3.601,352.50,2.4,1.0,2.6
28,1457869790.0,41.179033083,-8.594232867,166.4,4.167,356.20,2.4,1.0,2.6
29,1457869791.0,41.1790533,-8.594225033,166.4,4.064,3.90,2.4,1.0,2.6
30,1457869792.0,41.179073433,-8.59421585,166.4,3.961,10.90,2.4,1.0,2.6
31,1457869793.0,41.1790771,-8.59421,166.4,3.241,14.10,2.4,1.0,2.6
32,1457869794.0,41.179058,-8.594213783,166.4,1.595,13.10,2.4,1.0,2.6
33,1457869795.0,41.179064033,-8.594205983,166.4,1.132,36.30,3.3,1.0,3.5
34,1457869796.0,41.179078233,-8.59417025,166.4,2.366,71.70,3.3,1.0,3.5
35,1457869797.0,41.17907235,-8.594129783,166.4,3.190,97.30,3.3,1.0,3.5
36,1457869798.0,41.179013583,-8.59411065,166.4,1.029,100.60,2.8,6.9,7.4
37,1457869799.0,41.178997433,-8.594110383,166.4,0.360,128.50,2.8,6.9,7.4
38,1457869800.0,41.178992467,-8.5941102,166.5,0.257,183.70,2.8,6.9,7.5
39,1457869801.0,41.178993083,-8.59411245,166.5,0.103,316.00,2.8,6.9,7.5
40,1457869802.0,41.1789928,-8.594114933,166.5,0.103,339.50,2.8,6.9,7.5
41,1457869803.0,41.178986467,-8.594118733,166.4,0.103,198.70,2.8,6.9,7.5
42,1457869804.0,41.178984283,-8.594119067,166.4,0.000,131.00,2.8,7.0,7.5
43,1457869805.0,41.178983217,-8.594118017,166.4,0.051,98.00,2.8,7.0,7.5
44,1457869806.0,41.17898195,-8.594115783,166.4,0.154,84.90,2.8,7.0,7.5
45,1457869807.0,41.17897935,-8.594111333,166.4,0.154,104.30,2.8,7.0,7.5
46,1457869808.0,41.178976383,-8.59410815,166.5,0.103,96.80,2.8,7.0,7.5
47,1457869809.0,41.178974283,-8.594105283,166.4,0.051,101.90,2.8,7.0,7.5
48,1457869810.0,41.178975233,-8.59411015,166.4,0.051,326.40,2.8,7.0,7.5
49,1457869811.0,41.1789757,-8.59411115,166.4,0.051,329.20,2.8,7.0,7.6
50,1457869812.0,41.178975633,-8.59411145,166.4,0.051,299.80,2.8,7.0,7.6
51,1457869813.0,41.178976667,-8.5941133,166.4,0.000,220.50,1.3,?,?
52,1457869814.0,41.178976717,-8.594113167,166.5,0.051,275.90,2.8,7.0,7.6
53,1457869815.0,41.178975967,-8.59411085,166.5,0.051,288.20,2.8,7.0,7.6
54,1457869816.0,41.178975233,-8.59410515,166.5,0.051,133.30,3.0,1.0,3.2
55,1457869817.0,41.178974683,-8.5941023,166.5,0.000,289.80,2.8,7.1,7.6
56,1457869818.0,41.1789737,-8.59410045,166.5,0.051,357.80,3.0,1.0,3.2
57,1457869819.0,41.178972683,-8.5940972,166.5,0.051,69.60,3.0,1.0,3.2
58,1457869820.0,41.17897205,-8.5940965,166.5,0.051,84.70,2.8,7.1,7.6
59,1457869821.0,41.178971583,-8.594094767,166.4,0.000,74.10,1.5,?,?
60,1457869822.0,41.178972233,-8.594091283,166.5,0.051,80.00,5.8,?,?
61,1457869823.0,41.17897255,-8.594090417,166.5,0.000,54.70,5.8,?,?
62,1457869824.0,41.178972733,-8.59409065,166.6,0.000,24.90,1.5,?,?
63,1457869825.0,41.178972867,-8.5940919,166.7,0.051,271.40,5.8,?,?
64,1457869826.0,41.178973117,-8.594092667,166.8,0.000,245.30,5.7,?,?
65,1457869827.0,41.178973417,-8.5940933,166.9,0.000,115.80,5.7,?,?
66,1457869828.0,41.178973717,-8.59409385,167.0,0.000,202.60,5.7,?,?
67,1457869829.0,41.17897415,-8.594094067,167.2,0.000,84.30,5.7,?,?
68,1457869830.0,41.178974583,-8.59409445,167.4,0.000,46.60,5.7,?,?
69,1457869831.0,41.178975133,-8.59409455,167.6,0.000,356.50,5.7,?,?
70,1457869832.0,41.178975567,-8.59409525,167.9,0.000,303.40,5.7,?,?
71,1457869833.0,41.1789751,-8.5940991,168.4,0.000,308.30,5.7,?,?
72,1457869834.0,41.178975017,-8.5941022,168.7,0.051,297.50,5.7,?,?
73,1457869835.0,41.178975567,-8.5941043,168.9,0.000,302.10,5.7,?,?
74,1457869836.0,41.1789761,-8.594106183,169.0,0.000,81.40,5.7,?,?
75,1457869837.0,41.178976717,-8.59410765,169.1,0.000,270.90,5.6,?,?
76,1457869838.0,41.178976783,-8.594109383,169.1,0.000,231.40,5.6,?,?
77,1457869839.0,41.17897715,-8.594110617,169.1,0.000,90.40,5.6,?,?
78,1457869840.0,41.1789776,-8.5941116,169.1,0.000,218.20,5.6,?,?
79,1457869841.0,41.178977867,-8.5941125,169.0,0.000,238.90,5.6,?,?
80,1457869842.0,41.17897785,-8.5941135,168.8,0.000,246.30,5.6,?,?
81,1457869843.0,41.178978083,-8.594114183,168.8,0.000,186.80,1.5,?,?
82,1457869844.0,41.178978267,-8.59411485,168.6,0.000,109.50,5.6,?,?
83,1457869845.0,41.178978467,-8.594115483,168.5,0.000,222.80,1.5,?,?
84,1457869846.0,41.178978617,-8.5941161,168.4,0.000,227.70,1.5,?,?
85,1457869847.0,41.178978667,-8.594116817,168.3,0.051,247.80,1.5,?,?
86,1457869848.0,41.178978533,-8.594117417,168.1,0.051,126.80,1.5,?,?
87,1457869849.0,41.178977783,-8.594118067,167.9,0.154,183.00,1.5,?,?
88,1457869850.0,41.178979283,-8.594115517,168.0,0.206,60.10,5.5,?,?
89,1457869851.0,41.178979833,-8.59411635,167.7,0.154,35.90,5.5,?,?
90,1457869852.0,41.17898045,-8.594116683,167.6,0.051,355.60,17.3,?,?
91,1457869853.0,41.178981067,-8.594116683,167.6,0.051,5.80,2.8,?,?
92,1457869854.0,41.178979433,-8.59411465,167.1,0.412,157.50,1.3,?,?
93,1457869855.0,41.17896805,-8.59411515,157.4,0.051,276.10,1.3,?,?
94,1457869856.0,41.178960117,-8.5941339,149.8,0.412,251.20,1.2,?,?
95,1457869857.0,41.178951117,-8.59416815,140.3,0.669,247.70,1.2,?,?
96,1457869858.0,41.178947133,-8.59417745,137.3,0.412,226.20,1.2,?,?
97,1457869859.0,41.178944967,-8.59417925,136.2,0.206,213.90,1.4,?,?
98,1457869860.0,41.178942983,-8.594181483,135.4,0.257,225.90,1.2,?,?
99,1457869861.0,41.17894185,-8.594182867,135.0,0.154,222.20,1.2,?,?
100,1457869862.0,41.178941833,-8.594182017,134.7,0.051,208.40,1.4,?,?
101,1457869863.0,41.178942283,-8.594181883,134.5,0.103,246.40,1.4,?,?
102,1457869864.0,41.178944783,-8.5941847,134.1,0.412,301.50,1.4,?,?
103,1457869865.0,41.17894425,-8.594186133,133.7,0.103,179.40,1.4,?,?
104,1457869866.0,41.1789448,-8.594183833,133.1,0.154,147.50,1.4,?,?
105,1457869867.0,41.178941567,-8.594190133,133.3,0.206,201.50,1.4,?,?
106,1457869868.0,41.178938967,-8.594191617,133.0,0.309,167.60,1.3,?,?
107,1457869869.0,41.178941,-8.59419375,133.1,0.103,147.40,1.2,?,?
108,1457869870.0,41.1789408,-8.59419515,133.2,0.103,157.30,1.2,?,?
109,1457869871.0,41.178940367,-8.5941956,133.4,0.051,141.00,1.4,?,?
110,1457869872.0,41.178937633,-8.5941962,133.6,0.154,174.20,1.2,?,?
111,1457869873.0,41.178935733,-8.594197683,133.8,0.051,140.40,1.2,?,?
112,1457869874.0,41.1789322,-8.594199083,134.0,0.103,164.20,1.2,?,?
113,1457869875.0,41.178930083,-8.59420045,134.1,0.051,173.50,1.3,?,?
114,1457869876.0,41.178927633,-8.594200967,134.1,0.051,165.20,1.3,?,?
115,1457869877.0,41.178925717,-8.594201533,134.0,0.103,157.50,1.3,?,?
116,1457869878.0,41.178924,-8.594202067,133.9,0.103,161.50,1.3,?,?
117,1457869879.0,41.1789226,-8.594200767,133.7,0.103,168.20,1.3,?,?
118,1457869880.0,41.1789208,-8.594200467,133.5,0.051,149.60,1.3,?,?
119,1457869881.0,41.17891905,-8.594197617,133.2,0.154,178.90,1.3,?,?
120,1457869882.0,41.178916817,-8.594194817,132.9,0.103,177.90,1.3,?,?
121,1457869883.0,41.178914417,-8.594193183,132.6,0.103,172.90,1.3,?,?
122,1457869884.0,41.178912283,-8.594192,132.3,0.051,161.50,1.3,?,?
123,1457869885.0,41.178909367,-8.59419115,132.0,0.103,164.20,1.3,?,?
124,1457869886.0,41.17890685,-8.59419095,131.7,0.154,165.30,1.3,?,?
125,1457869887.0,41.178905467,-8.594191333,131.4,0.154,166.30,1.5,?,?
126,1457869888.0,41.178903233,-8.594192283,131.2,0.154,168.30,1.5,?,?
127,1457869889.0,41.178901567,-8.594192517,130.9,0.103,161.10,1.5,?,?
128,1457869890.0,41.178903917,-8.594193383,130.9,0.154,141.40,1.5,?,?
129,1457869891.0,41.178908583,-8.594193083,131.3,0.103,118.80,2.0,?,?
130,1457869892.0,41.178907717,-8.594194833,131.2,0.103,231.20,1.5,?,?
131,1457869893.0,41.178906883,-8.594193983,130.6,0.051,357.20,1.5,?,?
132,1457869894.0,41.178907917,-8.594193833,130.3,0.051,355.00,1.5,?,?
133,1457869895.0,41.178908817,-8.594193867,130.1,0.000,190.50,1.5,?,?
134,1457869896.0,41.178914733,-8.594196067,130.3,0.051,42.10,1.3,?,?
135,1457869897.0,41.178926033,-8.5941987,131.0,0.103,56.20,1.4,?,?
136,1457869898.0,41.178929633,-8.5941966,130.9,0.000,3.00,1.3,?,?
137,1457869899.0,41.178933567,-8.594194083,131.0,0.051,9.00,1.3,?,?
138,1457869900.0,41.178936,-8.594190367,130.9,0.051,18.40,1.3,?,?
139,1457869901.0,41.178938217,-8.59418725,130.9,0.000,177.80,1.2,?,?
140,1457869902.0,41.1789428,-8.594186633,131.0,0.051,295.30,1.2,?,?
141,1457869903.0,41.17894705,-8.59418675,131.3,0.051,338.60,1.2,?,?
142,1457869904.0,41.1789503,-8.594187017,131.5,0.103,6.90,1.2,?,?
143,1457869905.0,41.178952217,-8.59418745,131.7,0.051,345.30,1.2,?,?
144,1457869906.0,41.1789537,-8.594186017,131.9,0.154,85.80,1.2,?,?
145,1457869907.0,41.178956067,-8.594187433,132.2,0.206,27.30,1.2,?,?
146,1457869908.0,41.178955783,-8.5941837,132.1,0.051,340.30,1.2,?,?
147,1457869909.0,41.178953483,-8.594183767,132.2,0.000,272.00,1.2,?,?
148,1457869910.0,41.178949033,-8.594188667,132.3,0.000,192.20,1.2,?,?
149,1457869911.0,41.178944717,-8.594195367,132.5,0.051,302.80,1.2,?,?
150,1457869912.0,41.178942533,-8.5941976,132.6,0.103,102.00,1.2,?,?
151,1457869913.0,41.178940917,-8.594196117,132.5,0.566,124.50,1.2,?,?
152,1457869914.0,41.178941067,-8.594197667,132.8,0.257,137.50,1.2,?,?
153,1457869915.0,41.178941583,-8.594195417,132.8,0.309,68.40,1.2,?,?
154,1457869916.0,41.178943,-8.594186433,133.2,0.051,264.40,1.2,?,?
155,1457869917.0,41.178944667,-8.594180533,133.4,0.206,194.30,1.4,?,?
156,1457869918.0,41.17895105,-8.594175117,133.5,1.029,12.30,1.4,?,?
157,1457869919.0,41.17897025,-8.594163567,133.6,2.932,24.20,1.4,?,?
158,1457869920.0,41.1789967,-8.594141183,134.0,3.755,33.10,1.4,?,?
159,1457869921.0,41.17902715,-8.5941181,134.1,3.807,28.90,1.4,?,?
160,1457869922.0,41.1790601,-8.594100133,134.3,4.116,15.40,1.4,?,?
161,1457869923.0,41.179099667,-8.594100567,134.4,4.784,349.90,1.4,?,?
162,1457869924.0,41.179136217,-8.594127483,134.7,5.144,314.90,1.4,?,?
163,1457869925.0,41.179157833,-8.594187583,134.7,5.968,287.10,1.4,?,?
164,1457869926.0,41.179169133,-8.5942629,134.7,6.688,278.70,1.2,?,?
165,1457869927.0,41.179176133,-8.594349783,134.7,7.614,275.80,1.2,?,?
166,1457869928.0,41.17918135,-8.59444015,134.7,7.614,275.00,1.2,?,?
167,1457869929.0,41.179185733,-8.594534833,134.7,7.974,274.30,1.2,?,?
168,1457869930.0,41.179186483,-8.594633017,134.5,7.768,274.50,1.2,?,?
169,1457869931.0,41.17918795,-8.594723417,134.5,6.842,274.90,1.3,?,?
170,1457869932.0,41.179191183,-8.594798333,134.6,5.762,275.10,1.3,?,?
171,1457869933.0,41.1791919,-8.594871083,134.6,5.762,275.30,1.3,?,?
172,1457869934.0,41.179191233,-8.5949516,134.9,7.048,274.00,1.3,?,?
173,1457869935.0,41.179190833,-8.59504355,135.3,7.974,274.40,1.3,?,?
174,1457869936.0,41.179193583,-8.5951471,135.6,9.157,274.10,1.3,?,?
175,1457869937.0,41.179198417,-8.595264883,135.8,10.289,274.70,1.3,?,?
176,1457869938.0,41.17920495,-8.595390567,136.0,10.958,274.10,1.3,?,?
177,1457869939.0,41.179210917,-8.595522167,136.0,11.318,274.10,1.3,?,?
178,1457869940.0,41.179216967,-8.595653867,136.1,11.112,274.10,1.3,?,?
179,1457869941.0,41.1792259,-8.595780767,136.2,10.752,274.10,1.3,?,?
180,1457869942.0,41.179235133,-8.595903317,136.1,10.237,275.70,1.3,?,?
181,1457869943.0,41.179245633,-8.596011883,136.1,8.694,276.80,1.3,?,?
182,1457869944.0,41.17924315,-8.596104633,136.3,7.357,259.30,1.3,?,?
183,1457869945.0,41.179212283,-8.596180383,136.2,7.511,227.90,1.3,?,?
184,1457869946.0,41.17915345,-8.59622765,135.9,8.334,200.10,1.3,?,?
185,1457869947.0,41.179075933,-8.59624105,135.7,9.466,180.40,1.3,?,?
186,1457869948.0,41.1789874,-8.5962348,135.0,10.598,172.30,1.4,?,?
187,1457869949.0,41.178893417,-8.596233817,134.3,11.215,175.10,1.8,?,?
188,1457869950.0,41.178795167,-8.59622995,134.0,11.369,175.70,1.8,?,?
189,1457869951.0,41.178745083,-8.596266883,134.0,7.048,184.30,1.8,?,?
190,1457869952.0,41.178695867,-8.5962735,133.9,4.887,185.50,3.2,?,?
191,1457869953.0,41.178657033,-8.596280167,133.6,3.447,189.20,2.2,?,?
192,1457869954.0,41.178630067,-8.596289433,133.5,2.418,202.80,2.2,?,?
193,1457869955.0,41.178608117,-8.596315967,133.4,3.550,234.70,2.2,?,?
194,1457869956.0,41.1786006,-8.596368967,133.1,5.144,266.80,1.5,?,?
195,1457869957.0,41.1786066,-8.596444883,132.9,7.099,276.00,1.3,?,?
196,1457869958.0,41.178614833,-8.596537583,132.6,8.385,275.80,1.3,?,?
197,1457869959.0,41.1786212,-8.596638233,132.0,8.797,273.30,1.3,?,?
198,1457869960.0,41.178628183,-8.596745133,131.4,9.363,274.20,1.3,?,?
199,1457869961.0,41.17863635,-8.596858583,130.8,9.826,274.80,1.3,?,?
200,1457869962.0,41.178644133,-8.596977183,130.2,10.340,275.50,1.3,?,?
201,1457869963.0,41.1786521,-8.59709725,129.5,10.340,275.80,1.5,?,?
202,1457869964.0,41.178659067,-8.59721505,128.6,10.083,275.80,1.5,?,?
203,1457869965.0,41.178664167,-8.597332933,127.7,9.929,274.70,1.5,?,?
204,1457869966.0,41.1786684,-8.5974355,127.2,8.848,275.10,1.5,?,?
205,1457869967.0,41.178677783,-8.597542567,126.6,8.848,274.20,1.5,?,?
206,1457869968.0,41.17869075,-8.5976505,126.8,8.848,274.60,1.5,?,?
207,1457869969.0,41.178698333,-8.5977581,126.8,8.746,274.00,1.5,?,?
208,1457869970.0,41.178704183,-8.597861033,126.7,8.797,273.70,1.3,?,?
209,1457869971.0,41.178708817,-8.597946233,127.0,7.202,273.00,1.3,?,?
210,1457869972.0,41.178701567,-8.59802185,127.6,5.916,261.00,1.3,?,?
211,1457869973.0,41.178672283,-8.598083483,127.4,6.122,235.00,1.3,?,?
212,1457869974.0,41.178623733,-8.598132633,126.1,6.636,207.90,1.3,?,?
213,1457869975.0,41.1785651,-8.598159683,125.8,7.511,192.90,1.7,?,?
214,1457869976.0,41.178513533,-8.598177217,124.3,6.945,195.80,2.2,?,?
215,1457869977.0,41.178460517,-8.59820115,124.7,7.099,200.70,6.0,?,?
216,1457869978.0,41.17839755,-8.598232683,124.5,7.614,201.70,2.7,1.0,2.9
217,1457869979.0,41.178323883,-8.598267083,124.3,8.643,201.00,3.3,8.8,9.4
218,1457869980.0,41.178244817,-8.5982994,124.0,9.363,199.30,3.3,8.9,9.5
219,1457869981.0,41.178170383,-8.5983393,124.0,9.414,203.10,3.3,8.9,9.5
220,1457869982.0,41.178092,-8.59837995,123.9,9.311,201.80,3.3,8.9,9.5
221,1457869983.0,41.178017633,-8.598418333,123.8,8.694,201.20,9.9,?,?
222,1457869984.0,41.177954983,-8.598451333,123.8,6.842,202.40,4.6,?,?
223,1457869985.0,41.17790585,-8.5984777,123.6,5.042,202.10,4.6,?,?
224,1457869986.0,41.177858417,-8.598491317,123.5,4.270,200.20,1.6,?,?
225,1457869987.0,41.177826867,-8.598503317,123.6,2.881,200.60,1.4,?,?
226,1457869988.0,41.177812583,-8.5985102,123.7,1.132,209.50,1.6,?,?
227,1457869989.0,41.17780425,-8.5985173,123.9,0.772,248.60,1.4,?,?
228,1457869990.0,41.177799167,-8.598541883,124.4,2.366,266.10,1.5,?,?
229,1457869991.0,41.177801433,-8.598581383,124.8,3.858,275.50,1.5,?,?
230,1457869992.0,41.177816867,-8.598631367,125.3,4.939,290.10,1.5,?,?
231,1457869993.0,41.1778378,-8.59868815,125.8,5.710,297.50,1.3,?,?
232,1457869994.0,41.17786305,-8.59875955,126.2,6.791,295.10,1.3,?,?
233,1457869995.0,41.17788855,-8.598831517,128.0,7.717,291.90,1.3,?,?
234,1457869996.0,41.177914667,-8.598913517,129.2,7.974,291.50,1.3,?,?
235,1457869997.0,41.177940383,-8.598995483,130.2,7.665,291.90,1.3,?,?
236,1457869998.0,41.177964333,-8.599073083,130.8,6.945,292.10,1.3,?,?
237,1457869999.0,41.177982867,-8.599145667,131.3,6.122,286.20,1.3,?,?
238,1457870000.0,41.17795495,-8.599212567,120.7,5.710,259.30,4.1,?,?
239,1457870001.0,41.17792565,-8.599278983,120.2,6.379,232.90,1.3,?,?
240,1457870002.0,41.17786935,-8.599342933,119.4,8.025,208.70,1.3,?,?
241,1457870003.0,41.17779805,-8.599388467,118.8,9.209,198.60,1.3,?,?
242,1457870004.0,41.177720117,-8.599431067,118.4,9.774,199.50,1.3,?,?
243,1457870005.0,41.177638767,-8.5994774,118.1,9.929,201.80,1.3,?,?
244,1457870006.0,41.17755345,-8.599524833,118.1,10.443,202.30,1.3,?,?
245,1457870007.0,41.177460667,-8.599564583,119.3,11.215,201.40,1.3,?,?
246,1457870008.0,41.177360533,-8.599608733,120.5,12.038,200.70,1.3,?,?
247,1457870009.0,41.17725545,-8.599660817,121.3,12.707,200.80,1.3,?,?
248,1457870010.0,41.177145033,-8.599716433,121.9,13.324,200.50,1.3,?,?
249,1457870011.0,41.17703225,-8.599773817,122.8,13.684,201.10,1.3,?,?
250,1457870012.0,41.1769179,-8.599831883,123.7,13.839,201.50,1.3,?,?
251,1457870013.0,41.176805467,-8.599889633,124.3,13.684,201.50,1.3,?,?
252,1457870014.0,41.17668725,-8.599952017,125.2,14.147,202.10,1.3,?,?
253,1457870015.0,41.17656835,-8.600014183,126.1,14.353,201.60,1.5,?,?
254,1457870016.0,41.17645105,-8.600074017,126.9,14.044,200.60,1.5,?,?
255,1457870017.0,41.176335,-8.600124233,127.2,13.581,198.10,1.5,?,?
256,1457870018.0,41.176228117,-8.600165483,128.0,12.450,194.90,1.5,?,?
257,1457870019.0,41.176121383,-8.600197133,126.9,11.729,191.40,1.5,?,?
258,1457870020.0,41.176012467,-8.6002216,126.1,11.678,187.80,1.5,?,?
259,1457870021.0,41.1758961,-8.600237233,123.7,11.884,184.10,1.5,?,?
260,1457870022.0,41.175787983,-8.600237733,122.3,11.935,179.20,1.5,?,?
261,1457870023.0,41.1756857,-8.600225217,122.9,12.038,175.80,1.5,?,?
262,1457870024.0,41.175577167,-8.60020925,123.1,12.192,172.80,1.5,?,?
263,1457870025.0,41.175465667,-8.60018935,123.3,12.450,169.40,1.3,?,?
264,1457870026.0,41.175360933,-8.600158833,123.0,12.450,166.90,1.3,?,?
265,1457870027.0,41.175255967,-8.600118367,122.9,12.450,164.00,1.3,?,?
266,1457870028.0,41.175157233,-8.600080783,122.2,11.729,161.90,1.5,?,?
267,1457870029.0,41.1750802,-8.6000336,121.6,9.620,156.60,1.3,?,?
268,1457870030.0,41.175018367,-8.599994967,121.0,7.202,153.70,1.3,?,?
269,1457870031.0,41.17497375,-8.599967167,120.6,4.939,152.90,1.3,?,?
270,1457870032.0,41.174944033,-8.59995365,120.8,2.984,160.20,1.3,?,?
271,1457870033.0,41.1749244,-8.599942583,120.9,2.006,164.50,1.3,?,?
272,1457870034.0,41.17491155,-8.59993415,121.0,1.338,160.10,1.3,?,?
273,1457870035.0,41.174904317,-8.599930667,120.6,0.514,179.10,1.3,?,?
274,1457870036.0,41.174900133,-8.599926833,118.6,0.103,217.90,1.3,?,?
275,1457870037.0,41.174900067,-8.599925567,117.7,0.206,324.50,1.3,?,?
276,1457870038.0,41.1748993,-8.599923917,117.2,0.051,249.90,1.3,?,?
277,1457870039.0,41.174898567,-8.599922717,116.9,0.051,231.90,1.3,?,?
278,1457870040.0,41.174897567,-8.599921583,116.9,0.051,238.90,1.3,?,?
279,1457870041.0,41.174896483,-8.599921983,116.6,0.103,246.40,1.3,?,?
280,1457870042.0,41.17489535,-8.599922167,116.3,0.051,210.40,1.3,?,?
281,1457870043.0,41.17489445,-8.5999232,116.0,0.103,254.90,1.3,?,?
282,1457870044.0,41.174893983,-8.599920217,116.2,0.000,229.90,1.3,?,?
283,1457870045.0,41.174893833,-8.599915917,116.7,0.051,247.20,1.3,?,?
284,1457870046.0,41.174893467,-8.599914067,116.8,0.051,245.40,1.3,?,?
285,1457870047.0,41.17489325,-8.59991215,117.0,0.000,84.50,1.3,?,?
286,1457870048.0,41.174891,-8.59991365,117.3,0.051,76.30,2.3,3.7,4.3
287,1457870049.0,41.1748852,-8.599913583,117.6,0.051,82.90,2.3,3.7,4.3
288,1457870050.0,41.17488165,-8.59990985,118.7,0.000,34.20,2.3,3.7,4.3
289,1457870051.0,41.17487915,-8.599907783,119.3,0.051,38.60,2.3,3.7,4.3
290,1457870052.0,41.174877467,-8.599907017,119.8,0.051,54.60,2.3,3.7,4.3
291,1457870053.0,41.1748765,-8.599906233,120.2,0.051,53.50,2.3,3.7,4.3
292,1457870054.0,41.1748762,-8.599905767,120.6,0.000,321.60,2.3,3.7,4.3
293,1457870055.0,41.1748672,-8.599902083,120.7,1.492,161.80,2.3,3.7,4.3
294,1457870056.0,41.174840833,-8.599884733,120.7,3.961,155.60,2.3,3.7,4.3
295,1457870057.0,41.174803583,-8.599865483,121.0,4.784,158.30,2.3,3.7,4.3
296,1457870058.0,41.1747616,-8.599854983,121.0,5.093,170.30,2.3,3.7,4.3
297,1457870059.0,41.174714117,-8.599864567,121.4,6.276,192.20,1.3,?,?
298,1457870060.0,41.174658333,-8.5998973,121.7,7.459,205.40,1.3,?,?
299,1457870061.0,41.17459955,-8.599949217,121.4,8.488,217.40,1.3,?,?
300,1457870062.0,41.1745405,-8.60002635,121.0,9.311,225.40,1.5,?,?
301,1457870063.0,41.174487233,-8.600107933,121.5,9.414,229.60,1.8,?,?
302,1457870064.0,41.17443395,-8.600188883,124.0,9.672,228.60,1.8,?,?
303,1457870065.0,41.17437645,-8.6002747,125.8,10.237,228.00,1.8,?,?
304,1457870066.0,41.17431695,-8.600370333,127.5,11.009,228.70,1.8,?,?
305,1457870067.0,41.1742489,-8.600469917,128.3,11.832,226.90,1.4,?,?
306,1457870068.0,41.174173533,-8.600569683,128.9,12.347,225.40,1.4,?,?
307,1457870069.0,41.174105767,-8.600671733,129.7,12.244,226.20,1.4,?,?
308,1457870070.0,41.174022867,-8.600789967,129.9,12.141,229.00,1.6,?,?
309,1457870071.0,41.173961267,-8.600907167,130.3,11.575,236.00,1.5,?,?
310,1457870072.0,41.17391435,-8.60102905,130.7,11.318,244.00,1.5,?,?
311,1457870073.0,41.173880833,-8.601153467,131.1,11.163,250.90,1.5,?,?
312,1457870074.0,41.1738606,-8.601283233,131.0,11.318,260.20,1.5,?,?
313,1457870075.0,41.173844,-8.6014215,129.2,11.678,267.90,1.5,?,?
314,1457870076.0,41.173833167,-8.601563783,128.5,11.935,269.20,1.5,?,?
315,1457870077.0,41.1738239,-8.6017146,128.0,12.552,268.60,1.5,?,?
316,1457870078.0,41.1738129,-8.6018712,127.5,12.913,268.00,1.5,?,?
317,1457870079.0,41.17380345,-8.602031567,127.1,13.273,267.70,1.5,?,?
318,1457870080.0,41.173795133,-8.602195583,126.5,13.581,267.50,1.5,?,?
319,1457870081.0,41.173787417,-8.602362783,125.9,13.839,267.50,1.5,?,?
320,1457870082.0,41.17378055,-8.602531433,125.3,14.044,267.60,1.5,?,?
321,1457870083.0,41.17377435,-8.60269855,124.9,13.993,267.70,1.5,?,?
322,1457870084.0,41.1737689,-8.602863883,124.5,13.787,267.80,1.5,?,?
323,1457870085.0,41.173763817,-8.603024983,123.8,13.324,267.60,1.5,?,?
324,1457870086.0,41.173757383,-8.603177317,123.5,12.501,267.00,1.5,?,?
325,1457870087.0,41.173751183,-8.60331605,123.6,11.421,266.60,2.1,?,?
326,1457870088.0,41.17374585,-8.603441,123.6,10.135,266.70,1.5,?,?
327,1457870089.0,41.1737421,-8.603547917,123.2,8.591,266.90,1.5,?,?
328,1457870090.0,41.173739833,-8.603632,123.1,6.739,268.00,1.5,?,?
329,1457870091.0,41.173746517,-8.603695333,121.7,4.990,275.30,1.3,?,?
330,1457870092.0,41.1737623,-8.603744467,121.3,4.064,300.50,1.3,?,?
331,1457870093.0,41.173791367,-8.603771767,120.3,3.910,329.90,1.3,?,?
332,1457870094.0,41.17382665,-8.603782083,120.0,4.527,356.40,1.4,?,?
333,1457870095.0,41.1738712,-8.603779717,119.5,5.659,4.20,1.6,?,?
334,1457870096.0,41.17392815,-8.603780917,119.3,6.945,359.30,1.6,?,?
335,1457870097.0,41.173999583,-8.603781883,118.3,7.871,356.80,1.6,?,?
336,1457870098.0,41.174070533,-8.603786133,117.8,8.385,356.60,1.6,?,?
337,1457870099.0,41.1741464,-8.603789567,117.2,8.694,358.20,1.6,?,?
338,1457870100.0,41.174225183,-8.603794917,117.0,8.797,358.20,1.6,?,?
339,1457870101.0,41.174305083,-8.603799483,116.8,8.797,358.00,1.6,?,?
340,1457870102.0,41.1743871,-8.60380415,116.6,8.951,357.40,1.6,?,?
341,1457870103.0,41.174471067,-8.60380875,116.5,9.157,356.70,1.6,?,?
342,1457870104.0,41.174556917,-8.603816117,116.5,9.620,355.90,1.7,?,?
343,1457870105.0,41.17464715,-8.603822783,116.6,10.032,356.60,1.5,?,?
344,1457870106.0,41.1747377,-8.603828083,116.6,10.032,357.50,1.5,?,?
345,1457870107.0,41.174829967,-8.603831867,116.7,10.135,358.20,1.5,?,?
346,1457870108.0,41.1749235,-8.60383675,116.7,10.340,357.70,1.3,?,?
347,1457870109.0,41.175017967,-8.60384175,116.7,10.443,357.30,1.3,?,?
348,1457870110.0,41.175111983,-8.603848267,116.7,10.495,356.90,1.3,?,?
349,1457870111.0,41.175206783,-8.603853133,116.7,10.495,357.60,1.3,?,?
350,1457870112.0,41.175301167,-8.603858167,116.8,10.443,357.80,1.3,?,?
351,1457870113.0,41.175396533,-8.60386315,116.8,10.546,357.70,1.3,?,?
352,1457870114.0,41.175492183,-8.603868383,116.9,10.598,357.60,1.3,?,?
353,1457870115.0,41.175587817,-8.603873917,116.9,10.598,357.30,1.3,?,?
354,1457870116.0,41.175684867,-8.6038787,117.0,10.752,357.60,1.3,?,?
355,1457870117.0,41.175779817,-8.6038843,116.9,10.495,357.40,1.3,?,?
356,1457870118.0,41.17587355,-8.603889733,116.9,10.340,357.40,1.3,?,?
357,1457870119.0,41.175964383,-8.603895183,117.0,9.980,357.60,1.3,?,?
358,1457870120.0,41.176048533,-8.603900333,117.0,9.106,358.00,1.3,?,?
359,1457870121.0,41.17612175,-8.60390395,116.9,7.768,358.70,1.3,?,?
360,1457870122.0,41.17618485,-8.6039067,116.9,6.533,359.00,1.3,?,?
361,1457870123.0,41.176234967,-8.603909067,116.9,5.042,358.90,1.3,?,?
362,1457870124.0,41.1762721,-8.603909917,116.9,3.601,0.80,1.3,?,?
363,1457870125.0,41.176301117,-8.60390845,117.0,2.778,4.90,1.3,?,?
364,1457870126.0,41.176324817,-8.60390315,117.3,2.212,18.30,1.5,?,?
365,1457870127.0,41.176341567,-8.603896917,116.9,1.852,29.40,1.4,?,?
366,1457870128.0,41.176360883,-8.603884267,116.6,1.955,32.10,1.4,?,?
367,1457870129.0,41.176389933,-8.603866333,115.4,2.727,19.40,1.4,?,?
368,1457870130.0,41.176427967,-8.603863267,114.9,4.167,353.20,1.3,?,?
369,1457870131.0,41.17645365,-8.6039045,114.1,5.402,308.50,1.2,?,?
370,1457870132.0,41.176439783,-8.60397495,113.5,6.585,258.30,1.2,?,?
371,1457870133.0,41.17640245,-8.604034767,113.8,7.562,224.10,1.2,?,?
372,1457870134.0,41.176352183,-8.604022533,113.6,6.482,173.70,1.3,?,?
373,1457870135.0,41.176302383,-8.604002067,112.2,6.225,161.80,1.3,?,?
374,1457870136.0,41.17625225,-8.603982867,111.2,6.688,173.10,1.3,?,?
375,1457870137.0,41.1761938,-8.603974417,110.5,7.768,179.90,1.3,?,?
376,1457870138.0,41.176123083,-8.603967183,110.2,9.054,179.60,1.3,?,?
377,1457870139.0,41.176039617,-8.603961033,110.5,10.083,178.60,1.3,?,?
378,1457870140.0,41.175952217,-8.603955967,110.6,9.980,178.60,1.3,?,?
379,1457870141.0,41.175863767,-8.603949933,110.5,9.774,178.20,1.3,?,?
380,1457870142.0,41.175774367,-8.603943917,110.4,9.877,178.20,1.3,?,?
381,1457870143.0,41.1756804,-8.603937183,110.3,10.546,177.70,1.3,?,?
382,1457870144.0,41.175580283,-8.603923,111.5,11.266,178.00,1.2,?,?
383,1457870145.0,41.175478783,-8.603905767,113.8,11.369,177.50,1.2,?,?
384,1457870146.0,41.1753787,-8.60389815,114.9,11.163,177.90,1.2,?,?
385,1457870147.0,41.17527875,-8.60389085,115.5,11.112,177.10,1.2,?,?
386,1457870148.0,41.175179083,-8.603883367,115.9,11.061,176.70,1.2,?,?
387,1457870149.0,41.1750798,-8.603876517,116.1,11.009,177.00,1.2,?,?
388,1457870150.0,41.174979817,-8.603869267,115.9,11.009,177.50,1.2,?,?
389,1457870151.0,41.174879617,-8.603861783,115.9,10.958,176.70,1.3,?,?
390,1457870152.0,41.174781267,-8.60385585,116.2,10.958,177.10,1.3,?,?
391,1457870153.0,41.174683533,-8.603850533,116.7,10.958,177.50,1.3,?,?
392,1457870154.0,41.174585417,-8.603843333,116.9,11.009,176.60,1.2,?,?
393,1457870155.0,41.174487833,-8.60383845,117.2,10.855,177.70,1.2,?,?
394,1457870156.0,41.174390783,-8.6038328,117.4,11.009,177.50,1.3,?,?
395,1457870157.0,41.174293467,-8.603827817,117.5,10.906,177.40,1.2,?,?
396,1457870158.0,41.17419525,-8.6038231,117.6,10.958,177.80,1.2,?,?
397,1457870159.0,41.1740972,-8.6038167,118.1,10.700,178.10,1.2,?,?
398,1457870160.0,41.174009,-8.603815133,118.5,9.363,180.50,1.2,?,?
399,1457870161.0,41.1739335,-8.603812767,118.7,7.820,177.80,1.2,?,?
400,1457870162.0,41.1738742,-8.60380535,119.3,5.762,176.20,1.3,?,?
401,1457870163.0,41.173833033,-8.603800217,119.8,3.858,175.10,1.2,?,?
402,1457870164.0,41.173809117,-8.603797633,119.8,1.852,175.80,1.2,?,?
403,1457870165.0,41.17380065,-8.603796783,119.8,0.309,167.00,1.3,?,?
404,1457870166.0,41.173797733,-8.603796417,119.9,0.103,150.40,1.3,?,?
405,1457870167.0,41.1737953,-8.603796517,119.6,0.103,171.70,1.3,?,?
406,1457870168.0,41.173791067,-8.603796333,119.5,0.412,178.20,1.3,?,?
407,1457870169.0,41.173787167,-8.603796583,118.7,0.154,169.30,3.4,?,?
408,1457870170.0,41.173787517,-8.6037997,118.1,0.206,342.70,3.4,?,?
409,1457870171.0,41.173787667,-8.603803133,117.3,0.154,303.30,3.4,?,?
410,1457870172.0,41.173786,-8.6038068,116.4,0.154,220.90,3.4,?,?
411,1457870173.0,41.173785183,-8.60380995,115.5,0.154,286.20,3.3,?,?
412,1457870174.0,41.173783883,-8.603813117,114.6,0.154,230.00,3.3,?,?
413,1457870175.0,41.173783217,-8.60381685,113.7,0.154,267.20,3.3,?,?
414,1457870176.0,41.173781433,-8.603820683,112.7,0.309,205.10,3.3,?,?
415,1457870177.0,41.173772783,-8.6038232,111.9,0.977,186.20,3.3,?,?
416,1457870178.0,41.173768283,-8.603827067,111.1,0.566,197.90,3.3,?,?
417,1457870179.0,41.173767633,-8.6038301,110.8,0.154,270.90,3.3,?,?
418,1457870180.0,41.173768233,-8.603832717,110.4,0.154,284.80,3.3,?,?
419,1457870181.0,41.173762917,-8.603834933,109.9,0.875,187.00,3.3,?,?
420,1457870182.0,41.173749433,-8.6038374,109.0,2.058,180.50,3.3,?,?
421,1457870183.0,41.173717767,-8.603836683,108.6,4.218,179.30,3.6,?,?
422,1457870184.0,41.173673733,-8.603834717,108.8,5.659,178.70,3.3,?,?
423,1457870185.0,41.173625533,-8.6038266,109.5,5.813,176.20,1.3,?,?
424,1457870186.0,41.173569283,-8.603820317,109.5,6.533,176.20,1.3,?,?
425,1457870187.0,41.173504817,-8.6038131,109.7,7.562,176.30,3.3,?,?
426,1457870188.0,41.1734316,-8.603803783,109.8,8.540,175.00,1.3,?,?
427,1457870189.0,41.173349367,-8.603783383,109.8,9.363,171.00,1.3,?,?
428,1457870190.0,41.173264833,-8.603753967,110.0,9.826,166.50,1.3,?,?
429,1457870191.0,41.173181767,-8.603715883,110.5,9.774,162.60,1.3,?,?
430,1457870192.0,41.173104017,-8.603676067,110.4,9.260,159.20,1.3,?,?
431,1457870193.0,41.173034067,-8.60362865,111.4,8.437,156.50,1.3,?,?
432,1457870194.0,41.172968117,-8.603586233,111.9,7.665,152.90,3.3,?,?
433,1457870195.0,41.172906733,-8.60354775,111.6,7.151,149.30,3.3,?,?
434,1457870196.0,41.172853833,-8.603507283,111.7,6.482,146.80,1.3,?,?
435,1457870197.0,41.172803133,-8.6034765,112.6,5.556,160.70,1.3,?,?
436,1457870198.0,41.1727586,-8.603473083,113.7,5.196,189.30,1.3,?,?
437,1457870199.0,41.172718583,-8.60348835,116.2,5.453,211.70,1.3,?,?
438,1457870200.0,41.172675483,-8.60351495,116.8,5.916,206.00,1.3,?,?
439,1457870201.0,41.172624733,-8.603519617,117.8,6.328,180.00,1.3,?,?
440,1457870202.0,41.172568183,-8.603498267,118.4,7.562,157.10,1.3,?,?
441,1457870203.0,41.172509467,-8.60343635,119.0,9.466,137.60,1.3,?,?
442,1457870204.0,41.1724491,-8.6033405,119.4,11.575,128.60,1.3,?,?
443,1457870205.0,41.1723862,-8.603222717,119.9,12.861,125.10,1.3,?,?
444,1457870206.0,41.1723278,-8.603097333,120.8,12.964,121.00,1.4,?,?
445,1457870207.0,41.172267633,-8.602957567,120.8,13.941,119.60,1.3,?,?
446,1457870208.0,41.172205817,-8.602803917,120.9,15.125,117.50,1.3,?,?
447,1457870209.0,41.172146433,-8.602643267,121.5,15.382,115.50,1.3,?,?
448,1457870210.0,41.1720939,-8.60249055,122.1,14.404,113.60,2.2,?,?
449,1457870211.0,41.172048633,-8.6023519,122.8,12.810,112.10,2.2,?,?
450,1457870212.0,41.172009,-8.6022293,123.1,11.061,111.70,2.2,?,?
451,1457870213.0,41.171974717,-8.602115783,122.9,9.826,109.80,2.2,?,?
452,1457870214.0,41.171953267,-8.602011183,123.0,8.643,101.90,2.2,?,?
453,1457870215.0,41.171951967,-8.60191635,123.3,7.974,84.10,2.2,?,?
454,1457870216.0,41.17197565,-8.601842717,123.0,7.305,59.90,2.2,?,?
455,1457870217.0,41.172021767,-8.601783783,123.8,6.688,30.50,1.2,?,?
456,1457870218.0,41.17206,-8.60176015,124.1,4.579,14.80,1.2,?,?
457,1457870219.0,41.172091067,-8.6017603,123.9,3.550,350.40,1.2,?,?
458,1457870220.0,41.172127167,-8.6017869,123.5,4.990,323.90,1.2,?,?
459,1457870221.0,41.1721605,-8.601854617,123.5,7.562,299.30,1.2,?,?
460,1457870222.0,41.172182517,-8.601941533,123.1,8.797,288.30,1.4,?,?
461,1457870223.0,41.172204967,-8.602046267,122.8,9.980,287.90,1.5,?,?
462,1457870224.0,41.172232567,-8.602163867,122.3,10.958,288.80,1.5,?,?
463,1457870225.0,41.172265433,-8.602289283,121.8,11.678,289.80,1.5,?,?
464,1457870226.0,41.1723064,-8.602431133,121.9,12.861,290.70,1.3,?,?
465,1457870227.0,41.1723503,-8.60258055,121.5,13.839,291.50,1.3,?,?
466,1457870228.0,41.1724011,-8.602729433,121.5,14.096,295.00,1.3,?,?
467,1457870229.0,41.172459383,-8.602872867,121.1,13.941,300.10,1.3,?,?
468,1457870230.0,41.1725252,-8.60300695,120.6,13.633,305.10,1.3,?,?
469,1457870231.0,41.172595983,-8.60313105,119.6,13.273,310.60,1.3,?,?
470,1457870232.0,41.172670633,-8.603246017,119.3,12.913,314.60,1.5,?,?
471,1457870233.0,41.172751717,-8.603345333,119.3,12.347,320.40,1.5,?,?
472,1457870234.0,41.1728391,-8.6034334,119.3,12.141,325.70,1.5,?,?
473,1457870235.0,41.1729303,-8.603510233,119.1,11.935,330.00,1.5,?,?
474,1457870236.0,41.17302385,-8.603572433,118.8,11.575,335.50,1.9,?,?
475,1457870237.0,41.173116817,-8.6036237,118.2,11.421,339.80,1.9,?,?
476,1457870238.0,41.173221583,-8.603664917,118.3,11.163,344.60,1.9,?,?
477,1457870239.0,41.173321733,-8.603693833,118.3,10.752,349.50,1.9,?,?
478,1457870240.0,41.173412017,-8.6037151,118.6,9.517,354.50,1.9,?,?
479,1457870241.0,41.173472917,-8.6037279,115.9,7.459,357.30,1.9,?,?
480,1457870242.0,41.1735261,-8.603734417,115.3,5.607,0.00,1.9,?,?
481,1457870243.0,41.173569333,-8.603736767,114.8,4.321,1.00,1.5,?,?
482,1457870244.0,41.173603433,-8.603739167,114.5,3.344,0.90,1.5,?,?
483,1457870245.0,41.173627067,-8.603743117,114.7,1.903,3.60,1.4,?,?
484,1457870246.0,41.173629483,-8.6037477,114.7,0.309,156.60,1.2,?,?
485,1457870247.0,41.173629283,-8.603750417,114.8,0.412,194.30,1.3,?,?
486,1457870248.0,41.173633433,-8.60375235,114.9,0.514,346.20,1.3,?,?
487,1457870249.0,41.173655917,-8.60375205,115.0,2.881,358.80,1.3,?,?
488,1457870250.0,41.173691383,-8.603757933,115.2,4.681,352.80,1.3,?,?
489,1457870251.0,41.173735783,-8.6037611,115.2,5.402,357.50,1.3,?,?
490,1457870252.0,41.173786483,-8.603764133,115.3,6.070,357.20,1.3,?,?
491,1457870253.0,41.17385075,-8.603768067,115.2,7.614,356.10,1.3,?,?
492,1457870254.0,41.173920717,-8.603774733,115.2,8.128,356.30,1.3,?,?
493,1457870255.0,41.1739933,-8.603778433,115.2,8.231,358.20,1.4,?,?
494,1457870256.0,41.174065783,-8.603779933,115.2,8.128,358.40,1.5,?,?
495,1457870257.0,41.174138,-8.60378235,115.1,8.128,358.60,1.5,?,?
496,1457870258.0,41.174210183,-8.603787333,115.0,8.128,357.50,1.5,?,?
497,1457870259.0,41.1742831,-8.60379325,114.9,8.180,357.60,1.5,?,?
498,1457870260.0,41.174356317,-8.603801183,115.0,8.128,357.50,1.3,?,?
499,1457870261.0,41.174427967,-8.603811317,115.6,7.922,357.80,1.3,?,?
500,1457870262.0,41.174497817,-8.603819233,115.9,7.768,357.60,1.3,?,?
501,1457870263.0,41.1745669,-8.603826633,116.5,7.717,356.80,1.3,?,?
502,1457870264.0,41.1746382,-8.60383405,117.0,7.922,357.80,1.3,?,?
503,1457870265.0,41.174709233,-8.60383835,117.0,8.077,357.20,1.3,?,?
504,1457870266.0,41.174781117,-8.603842367,116.9,8.128,357.50,1.3,?,?
505,1457870267.0,41.174853383,-8.603845083,116.8,8.128,358.20,1.3,?,?
506,1457870268.0,41.174925533,-8.60385065,116.8,8.128,357.10,1.3,?,?
507,1457870269.0,41.17499825,-8.603854917,116.8,8.077,357.60,1.6,?,?
508,1457870270.0,41.1750704,-8.603859733,116.8,8.025,356.80,1.4,?,?
509,1457870271.0,41.175145183,-8.60385945,116.4,8.180,357.20,1.4,?,?
510,1457870272.0,41.17521925,-8.6038588,115.8,8.128,357.10,1.4,?,?
511,1457870273.0,41.175292417,-8.6038705,116.5,8.077,356.80,1.4,?,?
512,1457870274.0,41.175367933,-8.603876433,116.1,8.077,356.90,1.3,?,?
513,1457870275.0,41.175441767,-8.603875583,115.2,8.077,357.20,1.3,?,?
514,1457870276.0,41.175515467,-8.6038789,114.8,8.128,358.00,1.3,?,?
515,1457870277.0,41.175587833,-8.603881267,114.5,8.077,358.10,1.3,?,?
516,1457870278.0,41.175659033,-8.603883617,114.3,7.974,358.30,1.3,?,?
517,1457870279.0,41.175729617,-8.603890433,114.4,7.820,358.10,1.3,?,?
518,1457870280.0,41.17580005,-8.603895083,114.5,7.768,358.30,1.2,?,?
519,1457870281.0,41.17586925,-8.6039006,114.6,7.717,357.70,1.2,?,?
520,1457870282.0,41.175937133,-8.6039055,114.8,7.562,357.50,1.2,?,?
521,1457870283.0,41.176004183,-8.603904783,114.3,7.511,357.40,1.2,?,?
522,1457870284.0,41.1760713,-8.603907,114.1,7.459,357.70,1.2,?,?
523,1457870285.0,41.176139733,-8.603910467,114.2,7.408,358.20,1.2,?,?
524,1457870286.0,41.176200233,-8.603914433,114.2,6.379,359.40,1.2,?,?
525,1457870287.0,41.176244867,-8.603913067,114.3,4.424,2.00,1.2,?,?
526,1457870288.0,41.176272317,-8.603911933,114.4,2.521,4.10,1.2,?,?
527,1457870289.0,41.176289167,-8.603908617,114.5,1.235,5.20,1.2,?,?
528,1457870290.0,41.176303983,-8.603906,114.5,1.183,4.10,1.3,?,?
529,1457870291.0,41.176317233,-8.603901317,114.7,1.286,13.50,1.7,?,?
530,1457870292.0,41.176334367,-8.60389395,114.6,1.492,27.50,1.3,?,?
531,1457870293.0,41.176349133,-8.603886,114.6,1.338,38.00,1.3,?,?
532,1457870294.0,41.176364833,-8.603872467,114.6,1.749,48.30,1.3,?,?
533,1457870295.0,41.176385517,-8.6038426,115.0,3.190,58.50,1.1,?,?
534,1457870296.0,41.176408617,-8.603788233,115.1,4.579,69.60,1.1,?,?
535,1457870297.0,41.1764277,-8.603725033,115.3,5.196,73.10,1.1,?,?
536,1457870298.0,41.176443183,-8.6036583,115.5,5.710,74.80,1.1,?,?
537,1457870299.0,41.176460683,-8.603587767,115.6,6.173,74.40,1.1,?,?
538,1457870300.0,41.176478867,-8.603512767,115.6,6.688,73.10,1.1,?,?
539,1457870301.0,41.17649855,-8.60343315,115.7,7.151,71.30,1.1,?,?
540,1457870302.0,41.176519633,-8.603349317,115.8,7.562,69.70,1.3,?,?
541,1457870303.0,41.176543367,-8.603266083,115.7,7.511,68.90,1.3,?,?
542,1457870304.0,41.176572117,-8.6031815,115.8,7.871,68.20,1.3,?,?
543,1457870305.0,41.176603817,-8.603093283,115.9,8.334,65.70,1.3,?,?
544,1457870306.0,41.176641367,-8.6030012,115.8,9.003,61.30,1.3,?,?
545,1457870307.0,41.176684867,-8.6029027,115.9,9.877,58.80,1.1,?,?
546,1457870308.0,41.176734117,-8.602795667,115.9,10.958,58.30,1.1,?,?
547,1457870309.0,41.176780767,-8.602680017,115.7,11.215,61.00,1.1,?,?
548,1457870310.0,41.1768246,-8.602559683,115.4,11.472,65.00,1.3,?,?
549,1457870311.0,41.176857017,-8.602431133,115.2,11.472,72.80,1.3,?,?
550,1457870312.0,41.1768706,-8.602290633,115.4,11.935,85.40,1.3,?,?
551,1457870313.0,41.176859667,-8.602144783,115.4,12.141,98.70,1.3,?,?
552,1457870314.0,41.176836283,-8.602011367,116.5,12.244,112.60,1.3,?,?
553,1457870315.0,41.176784733,-8.6018879,117.3,12.604,125.20,1.3,?,?
554,1457870316.0,41.176715333,-8.601774733,118.0,12.913,133.50,1.3,?,?
555,1457870317.0,41.17663485,-8.601660967,118.0,13.170,134.50,1.3,?,?
556,1457870318.0,41.176548583,-8.601547817,117.4,13.273,134.30,1.3,?,?
557,1457870319.0,41.1764643,-8.60143495,116.9,13.273,134.40,1.4,?,?
558,1457870320.0,41.176377083,-8.6013249,116.2,13.273,134.30,1.3,?,?
559,1457870321.0,41.176290183,-8.601215317,115.3,13.221,134.60,1.2,?,?
560,1457870322.0,41.176204017,-8.601107167,114.5,13.067,134.70,1.2,?,?
561,1457870323.0,41.176122667,-8.600999233,114.1,12.707,134.10,1.2,?,?
562,1457870324.0,41.176049233,-8.6008912,114.5,11.935,132.20,1.2,?,?
563,1457870325.0,41.1759864,-8.600786383,115.0,10.906,126.80,1.2,?,?
564,1457870326.0,41.175937267,-8.60068505,115.3,9.774,120.00,1.2,?,?
565,1457870327.0,41.17590135,-8.60058665,116.4,8.797,114.10,1.2,?,?
566,1457870328.0,41.175872067,-8.600500317,117.0,7.562,111.00,1.2,?,?
567,1457870329.0,41.17584685,-8.600429783,117.0,6.276,110.30,3.1,?,?
568,1457870330.0,41.175825583,-8.600374883,116.7,4.939,113.60,1.6,?,?
569,1457870331.0,41.175802317,-8.600330533,116.8,4.270,129.80,1.2,?,?
570,1457870332.0,41.175769217,-8.600289183,116.5,5.042,145.60,1.2,?,?
571,1457870333.0,41.1757192,-8.600261333,116.2,6.276,163.90,1.2,?,?
572,1457870334.0,41.175660933,-8.600241117,116.6,7.254,173.40,1.2,?,?
573,1457870335.0,41.175596067,-8.600225683,117.1,7.768,174.20,1.2,?,?
574,1457870336.0,41.175529217,-8.600217233,117.1,7.614,174.10,1.2,?,?
575,1457870337.0,41.175464883,-8.600197817,117.9,7.357,171.30,1.2,?,?
576,1457870338.0,41.17540475,-8.600170733,118.9,6.996,166.20,1.2,?,?
577,1457870339.0,41.175345367,-8.600148967,119.0,6.739,164.00,1.3,?,?
578,1457870340.0,41.17528465,-8.60012725,119.2,6.791,163.40,1.2,?,?
579,1457870341.0,41.17522985,-8.60010155,119.3,6.431,159.90,1.2,?,?
580,1457870342.0,41.175176317,-8.6000716,119.8,6.431,157.10,1.2,?,?
581,1457870343.0,41.1751257,-8.600040467,119.9,6.173,155.90,1.2,?,?
582,1457870344.0,41.1750763,-8.600010583,120.1,5.968,156.00,1.2,?,?
583,1457870345.0,41.17502985,-8.59998275,120.3,5.453,155.20,1.2,?,?
584,1457870346.0,41.174990033,-8.5999599,120.5,4.424,156.40,1.2,?,?
585,1457870347.0,41.174959283,-8.599942683,120.6,3.241,154.70,1.2,?,?
586,1457870348.0,41.17493695,-8.599930483,120.5,2.212,156.30,1.2,?,?
587,1457870349.0,41.174922683,-8.599921867,120.6,1.338,155.40,1.2,?,?
588,1457870350.0,41.174913367,-8.599918767,120.3,0.772,157.70,1.5,?,?
589,1457870351.0,41.17490875,-8.599917,120.2,0.257,151.20,1.2,?,?
590,1457870352.0,41.174908,-8.599917367,120.1,0.154,309.00,1.6,?,?
591,1457870353.0,41.17490835,-8.599917983,120.0,0.103,313.20,1.2,?,?
592,1457870354.0,41.17490835,-8.599918683,119.9,0.103,246.40,1.2,?,?
593,1457870355.0,41.174907183,-8.599920217,119.8,0.051,298.70,1.2,?,?
594,1457870356.0,41.174904983,-8.599919383,119.9,0.463,154.60,1.2,?,?
595,1457870357.0,41.174885217,-8.599910517,119.6,3.190,157.10,1.6,?,?
596,1457870358.0,41.174853033,-8.599892883,119.6,4.579,157.40,1.2,?,?
597,1457870359.0,41.17481375,-8.599877833,119.8,4.836,165.80,1.2,?,?
598,1457870360.0,41.17477495,-8.599877,119.8,4.527,182.50,1.2,?,?
599,1457870361.0,41.174727717,-8.599886583,121.0,5.196,196.50,1.2,?,?
600,1457870362.0,41.17467965,-8.599908533,121.9,6.019,206.00,1.2,?,?
601,1457870363.0,41.1746279,-8.599950067,123.0,6.688,216.10,1.2,?,?
602,1457870364.0,41.174579167,-8.600009483,123.7,7.357,226.50,1.3,?,?
603,1457870365.0,41.174526767,-8.600076367,124.0,8.128,227.10,1.2,?,?
604,1457870366.0,41.174472133,-8.600142017,124.3,8.334,225.20,1.2,?,?
605,1457870367.0,41.174416867,-8.600213267,124.7,8.951,226.00,1.2,?,?
606,1457870368.0,41.174360383,-8.600285883,125.5,9.260,226.90,1.2,?,?
607,1457870369.0,41.174301983,-8.600362583,125.6,9.260,226.10,1.2,?,?
608,1457870370.0,41.174245417,-8.600439533,125.3,9.054,226.60,1.3,?,?
609,1457870371.0,41.174191167,-8.600509683,125.3,8.437,223.90,1.2,?,?
610,1457870372.0,41.1741421,-8.600577733,125.0,8.077,226.70,1.4,?,?
611,1457870373.0,41.174090083,-8.6006444,124.7,7.614,226.00,1.2,?,?
612,1457870374.0,41.1740367,-8.60071565,124.7,7.665,226.80,1.2,?,?
613,1457870375.0,41.17398495,-8.6007967,124.2,8.128,229.40,1.3,?,?
614,1457870376.0,41.173936783,-8.6008894,123.3,8.900,236.00,1.2,?,?
615,1457870377.0,41.173898117,-8.600980883,122.0,8.797,243.30,1.2,?,?
616,1457870378.0,41.173864683,-8.60107215,120.4,8.437,248.10,1.2,?,?
617,1457870379.0,41.17383805,-8.601162517,119.5,8.180,251.90,1.2,?,?
618,1457870380.0,41.17381915,-8.601251133,119.0,7.820,256.90,1.2,?,?
619,1457870381.0,41.1738114,-8.601344467,119.0,7.871,265.70,1.2,?,?
620,1457870382.0,41.173809783,-8.601435417,118.7,7.871,270.60,1.2,?,?
621,1457870383.0,41.173807267,-8.601525283,119.0,8.025,268.30,1.2,?,?
622,1457870384.0,41.173804317,-8.601619317,119.2,8.283,267.50,1.2,?,?
623,1457870385.0,41.173801417,-8.601715267,119.3,8.180,267.70,1.2,?,?
624,1457870386.0,41.173799633,-8.601807383,119.5,7.922,268.60,1.2,?,?
625,1457870387.0,41.173798167,-8.601898167,119.7,7.768,268.90,1.2,?,?
626,1457870388.0,41.1737965,-8.601989183,119.8,7.768,268.90,1.2,?,?
627,1457870389.0,41.173794517,-8.602080533,120.0,7.768,268.60,1.2,?,?
628,1457870390.0,41.173794217,-8.602172417,120.0,7.820,269.90,1.2,?,?
629,1457870391.0,41.17379115,-8.602262283,119.9,7.768,267.90,1.2,?,?
630,1457870392.0,41.173788033,-8.6023549,119.9,7.768,267.30,1.2,?,?
631,1457870393.0,41.17378385,-8.602447933,120.1,7.768,267.00,1.2,?,?
632,1457870394.0,41.173780383,-8.60253945,120.3,7.614,267.60,1.2,?,?
633,1457870395.0,41.17377775,-8.60263175,120.6,7.562,267.80,1.2,?,?
634,1457870396.0,41.17377415,-8.602722883,120.8,7.459,268.10,1.2,?,?
635,1457870397.0,41.173767783,-8.602813367,120.0,7.511,267.20,1.2,?,?
636,1457870398.0,41.173762067,-8.602903017,119.0,7.459,267.40,1.2,?,?
637,1457870399.0,41.173757383,-8.602993117,118.4,7.459,267.40,1.2,?,?
638,1457870400.0,41.173752017,-8.603084733,118.1,7.562,267.10,1.2,?,?
639,1457870401.0,41.173746033,-8.603176617,118.0,7.511,267.00,1.2,?,?
640,1457870402.0,41.173739717,-8.60326875,118.3,7.511,266.60,1.2,?,?
641,1457870403.0,41.173733333,-8.603359217,118.5,7.357,266.50,1.2,?,?
642,1457870404.0,41.173730917,-8.603443467,118.2,7.099,267.60,1.2,?,?
643,1457870405.0,41.173730317,-8.60352555,117.5,7.048,268.00,1.2,?,?
644,1457870406.0,41.1737291,-8.603601033,117.3,6.225,270.20,1.2,?,?
645,1457870407.0,41.173733317,-8.603661867,117.0,5.042,280.70,1.2,?,?
646,1457870408.0,41.17375365,-8.60370445,115.9,4.270,308.40,1.2,?,?
647,1457870409.0,41.173781683,-8.60372895,115.2,3.961,339.20,1.2,?,?
648,1457870410.0,41.17381835,-8.603730417,115.9,4.321,2.50,1.2,?,?
649,1457870411.0,41.173855283,-8.603735567,115.7,4.784,1.30,1.2,?,?
650,1457870412.0,41.173898133,-8.603739767,115.4,5.247,358.30,1.4,?,?
651,1457870413.0,41.173948517,-8.6037525,114.5,5.556,357.90,1.2,?,?
652,1457870414.0,41.173992883,-8.6037618,113.5,5.093,359.30,1.2,?,?
653,1457870415.0,41.174021367,-8.603769667,113.1,3.498,2.10,1.2,?,?
654,1457870416.0,41.17404,-8.603776183,113.3,1.749,4.20,1.2,?,?
655,1457870417.0,41.174048067,-8.60377735,112.5,0.412,15.50,1.2,?,?
656,1457870418.0,41.174050967,-8.603776717,112.0,0.360,192.20,1.2,?,?
657,1457870419.0,41.174051333,-8.60377675,112.0,0.309,198.10,1.2,?,?
658,1457870420.0,41.174054183,-8.60378055,112.5,0.051,180.50,1.2,?,?
659,1457870421.0,41.174055717,-8.603783117,113.0,0.051,227.50,1.2,?,?
660,1457870422.0,41.174054417,-8.603787067,113.4,0.051,3.00,1.2,?,?
661,1457870423.0,41.174054933,-8.603788583,113.8,0.051,9.40,1.2,?,?
662,1457870424.0,41.1740556,-8.603789583,114.2,0.000,0.00,1.2,?,?
663,1457870425.0,41.17405435,-8.603790733,114.5,0.051,21.40,1.2,?,?
664,1457870426.0,41.174052933,-8.603792467,114.8,0.000,337.50,1.2,?,?
665,1457870427.0,41.174053067,-8.603793017,115.0,0.000,309.80,1.2,?,?
666,1457870428.0,41.174052817,-8.603793567,115.1,0.000,264.50,1.2,?,?
667,1457870429.0,41.174051783,-8.60379455,115.2,0.000,333.00,1.2,?,?
668,1457870430.0,41.1740514,-8.603794883,115.2,0.000,133.90,1.2,?,?
669,1457870431.0,41.174050317,-8.603795667,115.3,0.000,258.30,1.2,?,?
670,1457870432.0,41.174049883,-8.603795817,115.5,0.000,41.00,1.2,?,?
671,1457870433.0,41.174048817,-8.60379575,115.6,0.000,0.00,1.2,?,?
672,1457870434.0,41.1740483,-8.603795617,115.7,0.000,185.30,1.2,?,?
673,1457870435.0,41.1740478,-8.6037957,115.8,0.000,336.20,1.2,?,?
674,1457870436.0,41.1740482,-8.603795283,116.0,0.051,141.00,1.2,?,?
675,1457870437.0,41.1740484,-8.603794817,116.1,0.000,359.10,1.2,?,?
676,1457870438.0,41.1740478,-8.603794767,116.2,0.000,354.50,1.2,?,?
677,1457870439.0,41.17404575,-8.603795333,116.3,0.000,8.30,1.2,?,?
678,1457870440.0,41.17404575,-8.60379535,116.2,0.051,145.70,1.2,?,?
679,1457870441.0,41.174045767,-8.603794283,116.1,0.000,183.30,1.2,?,?
680,1457870442.0,41.174044367,-8.603793733,116.0,0.000,270.70,1.2,?,?
681,1457870443.0,41.174043467,-8.603794183,116.0,0.000,240.20,1.2,?,?
682,1457870444.0,41.1740435,-8.603794133,116.0,0.051,6.00,1.2,?,?
683,1457870445.0,41.17404425,-8.603793783,116.0,0.051,14.60,1.2,?,?
684,1457870446.0,41.17404375,-8.6037946,115.9,0.000,146.60,1.2,?,?
685,1457870447.0,41.174043517,-8.603794833,116.0,0.000,357.00,1.2,?,?
686,1457870448.0,41.174044333,-8.60379475,116.3,0.206,350.80,1.2,?,?
687,1457870449.0,41.1740462,-8.603798583,116.2,0.977,351.00,1.2,?,?
688,1457870450.0,41.17405995,-8.603804767,116.8,1.749,0.40,1.2,?,?
689,1457870451.0,41.174073667,-8.603807,117.2,1.338,3.70,1.2,?,?
690,1457870452.0,41.174076533,-8.603805867,117.3,0.360,2.80,1.3,?,?
691,1457870453.0,41.174079983,-8.6038047,117.5,0.154,349.30,1.3,?,?
692,1457870454.0,41.1740844,-8.603803433,117.4,0.257,344.70,1.3,?,?
693,1457870455.0,41.174095317,-8.6038042,117.5,0.926,349.80,1.2,?,?
694,1457870456.0,41.17410675,-8.603804617,117.4,1.492,356.90,1.2,?,?
695,1457870457.0,41.174122683,-8.6038041,117.4,1.440,359.30,1.2,?,?
696,1457870458.0,41.174136467,-8.603804483,117.2,1.338,358.20,1.2,?,?
697,1457870459.0,41.17415045,-8.6038026,117.0,1.338,4.50,1.2,?,?
698,1457870460.0,41.17416655,-8.603800383,117.1,1.183,3.10,1.2,?,?
699,1457870461.0,41.174176717,-8.603799533,117.2,0.720,3.20,1.1,?,?
700,1457870462.0,41.174183367,-8.6037978,117.1,0.566,357.40,1.1,?,?
701,1457870463.0,41.174192733,-8.603797,116.9,1.029,346.00,1.1,?,?
702,1457870464.0,41.174215533,-8.603801217,116.6,2.675,344.60,1.1,?,?
703,1457870465.0,41.174240383,-8.6038109,116.4,4.218,346.80,1.2,?,?
704,1457870466.0,41.174276867,-8.603820117,115.8,4.990,352.30,1.2,?,?
705,1457870467.0,41.17432515,-8.60382065,115.5,5.247,4.80,1.2,?,?
706,1457870468.0,41.17438025,-8.603814133,115.4,5.813,5.30,1.2,?,?
707,1457870469.0,41.1744411,-8.603811783,115.3,6.533,358.90,1.4,?,?
708,1457870470.0,41.174504217,-8.60381335,115.3,6.996,356.90,1.4,?,?
709,1457870471.0,41.174569617,-8.6038158,115.1,7.459,356.80,1.3,?,?
710,1457870472.0,41.174634983,-8.603818733,115.0,7.459,358.40,1.3,?,?
711,1457870473.0,41.17470015,-8.603821733,114.9,7.459,357.80,1.3,?,?
712,1457870474.0,41.174768583,-8.6038261,115.1,7.562,357.40,1.3,?,?
713,1457870475.0,41.174836233,-8.603829317,115.2,7.511,357.50,1.3,?,?
714,1457870476.0,41.174906233,-8.6038324,115.3,7.665,357.50,1.1,?,?
715,1457870477.0,41.17497735,-8.60383615,115.4,7.614,357.60,1.2,?,?
716,1457870478.0,41.175046017,-8.603839017,115.5,7.562,357.60,1.1,?,?
717,1457870479.0,41.175115417,-8.60384225,115.6,7.562,358.00,1.1,?,?
718,1457870480.0,41.175186783,-8.6038454,115.7,7.665,357.90,1.1,?,?
719,1457870481.0,41.175257083,-8.6038488,115.5,7.820,357.10,1.1,?,?
720,1457870482.0,41.175331233,-8.603853183,115.5,7.974,357.20,1.2,?,?
721,1457870483.0,41.1754033,-8.60385785,115.6,7.922,356.90,1.2,?,?
722,1457870484.0,41.1754728,-8.603862717,115.5,8.128,357.00,1.2,?,?
723,1457870485.0,41.17554335,-8.603866967,115.2,8.128,357.50,1.2,?,?
724,1457870486.0,41.175614433,-8.603870767,115.0,8.077,358.30,1.2,?,?
725,1457870487.0,41.175683683,-8.603874883,115.0,7.820,357.90,1.2,?,?
726,1457870488.0,41.175752517,-8.603878983,114.7,7.871,357.00,1.1,?,?
727,1457870489.0,41.175823333,-8.60388295,114.5,7.768,357.40,1.1,?,?
728,1457870490.0,41.1758943,-8.603887067,114.3,7.665,357.20,1.1,?,?
729,1457870491.0,41.175965583,-8.603890867,114.2,7.768,357.70,1.1,?,?
730,1457870492.0,41.176035483,-8.603894267,114.1,7.768,357.70,1.1,?,?
731,1457870493.0,41.176104367,-8.603897767,114.0,7.562,357.70,1.1,?,?
732,1457870494.0,41.1761691,-8.6039011,114.0,7.202,357.70,1.1,?,?
733,1457870495.0,41.176230567,-8.603902583,113.9,6.636,0.50,1.1,?,?
734,1457870496.0,41.176288483,-8.60389585,113.9,6.122,8.80,1.2,?,?
735,1457870497.0,41.176336517,-8.60388045,114.1,5.247,18.30,1.2,?,?
736,1457870498.0,41.176379567,-8.60386245,114.1,4.681,18.10,1.2,?,?
737,1457870499.0,41.176417967,-8.60386245,114.0,4.270,349.90,1.3,?,?
738,1457870500.0,41.176447067,-8.60389075,114.1,4.527,309.60,1.3,?,?
739,1457870501.0,41.176444067,-8.603941483,114.1,5.042,259.00,1.3,?,?
740,1457870502.0,41.176405217,-8.6039924,114.8,6.688,219.00,1.3,?,?
741,1457870503.0,41.17637035,-8.603975117,114.9,5.350,172.20,1.1,?,?
742,1457870504.0,41.176332583,-8.603966717,114.5,4.887,172.30,1.2,?,?
743,1457870505.0,41.176285533,-8.603961717,114.4,5.556,175.80,1.2,?,?
744,1457870506.0,41.176233633,-8.6039585,114.3,6.070,177.90,1.2,?,?
745,1457870507.0,41.176178667,-8.6039554,114.2,6.431,177.60,1.2,?,?
746,1457870508.0,41.1761183,-8.603949417,113.8,6.894,177.40,1.2,?,?
747,1457870509.0,41.176055133,-8.6039445,113.5,7.202,177.20,1.2,?,?
748,1457870510.0,41.175988317,-8.603929467,114.7,7.357,176.60,1.1,?,?
749,1457870511.0,41.175921483,-8.603919483,115.3,7.459,176.80,1.1,?,?
750,1457870512.0,41.175854133,-8.603912817,115.6,7.511,177.20,1.1,?,?
751,1457870513.0,41.175785517,-8.603908717,115.8,7.614,177.60,1.2,?,?
752,1457870514.0,41.175716667,-8.603903817,115.9,7.717,177.40,1.1,?,?
753,1457870515.0,41.175647083,-8.60390045,116.0,7.768,178.10,1.1,?,?
754,1457870516.0,41.175577517,-8.60389755,116.2,7.717,177.50,1.1,?,?
755,1457870517.0,41.175508233,-8.60389335,116.2,7.665,177.40,1.1,?,?
756,1457870518.0,41.175439133,-8.603889467,116.2,7.665,177.50,1.1,?,?
757,1457870519.0,41.1753698,-8.6038852,116.2,7.665,177.20,1.1,?,?
758,1457870520.0,41.1753001,-8.603879867,116.2,7.768,177.40,1.1,?,?
759,1457870521.0,41.175230333,-8.603875067,116.2,7.768,177.20,1.1,?,?
760,1457870522.0,41.175160633,-8.603869783,116.3,7.768,177.20,1.1,?,?
761,1457870523.0,41.1750908,-8.603864033,116.4,7.768,177.00,1.1,?,?
762,1457870524.0,41.175021433,-8.60385925,116.5,7.717,177.30,1.1,?,?
763,1457870525.0,41.1749521,-8.6038554,116.5,7.717,177.50,1.1,?,?
764,1457870526.0,41.174882933,-8.603850883,116.6,7.614,176.50,1.1,?,?
765,1457870527.0,41.174814467,-8.603846583,116.6,7.614,177.10,1.1,?,?
766,1457870528.0,41.17474595,-8.603842083,116.7,7.562,177.20,1.1,?,?
767,1457870529.0,41.174678617,-8.60383775,116.7,7.511,177.30,1.1,?,?
768,1457870530.0,41.174610983,-8.603833867,116.7,7.511,177.20,1.1,?,?
769,1457870531.0,41.174543917,-8.6038313,116.6,7.408,177.90,1.1,?,?
770,1457870532.0,41.1744772,-8.603830633,116.8,7.408,178.40,1.1,?,?
771,1457870533.0,41.174409567,-8.603828617,117.1,7.614,177.50,1.1,?,?
772,1457870534.0,41.174340683,-8.603825383,117.3,7.717,177.40,1.1,?,?
773,1457870535.0,41.1742706,-8.60382115,117.2,7.717,178.00,1.1,?,?
774,1457870536.0,41.1742015,-8.603815983,117.2,7.665,177.30,1.1,?,?
775,1457870537.0,41.174132617,-8.603811517,117.2,7.614,177.20,1.1,?,?
776,1457870538.0,41.1740654,-8.603809317,117.3,7.459,178.50,1.1,?,?
777,1457870539.0,41.17399965,-8.60381,117.6,7.254,178.80,1.1,?,?
778,1457870540.0,41.173936117,-8.603808467,117.9,7.048,176.80,1.1,?,?
779,1457870541.0,41.173878117,-8.603802883,117.7,6.173,177.00,1.1,?,?
780,1457870542.0,41.17383155,-8.603797867,117.6,4.630,177.30,1.1,?,?
781,1457870543.0,41.173801283,-8.603795267,117.1,2.572,177.00,1.1,?,?
782,1457870544.0,41.17378365,-8.603794883,117.1,1.080,177.60,1.2,?,?
783,1457870545.0,41.173772717,-8.603791683,117.0,0.875,172.60,1.2,?,?
784,1457870546.0,41.173761567,-8.6037878,117.0,1.492,168.00,1.2,?,?
785,1457870547.0,41.173737167,-8.603782217,116.1,3.550,161.80,1.2,?,?
786,1457870548.0,41.1737057,-8.603760183,115.8,4.681,149.30,1.2,?,?
787,1457870549.0,41.173675,-8.603726217,115.7,4.784,131.40,1.2,?,?
788,1457870550.0,41.17365735,-8.6036775,115.7,4.939,106.10,1.2,?,?
789,1457870551.0,41.173653967,-8.60361895,115.8,5.196,88.00,1.2,?,?
790,1457870552.0,41.1736571,-8.6035632,115.8,4.836,84.50,1.2,?,?
791,1457870553.0,41.173658167,-8.603502217,115.8,4.990,86.50,1.4,?,?
792,1457870554.0,41.173656717,-8.603431283,116.5,5.144,87.80,1.4,?,?
793,1457870555.0,41.173655517,-8.603366883,116.7,4.939,87.80,1.4,?,?
794,1457870556.0,41.173655383,-8.603303983,116.4,4.887,87.50,1.4,?,?
795,1457870557.0,41.173654533,-8.603241517,116.0,4.733,88.10,1.4,?,?
796,1457870558.0,41.1736538,-8.603182167,115.7,4.630,88.80,2.0,?,?
797,1457870559.0,41.173654733,-8.603124983,115.7,4.424,88.80,2.0,?,?
798,1457870560.0,41.173654133,-8.603071317,115.4,4.218,90.00,2.0,?,?
799,1457870561.0,41.1736551,-8.603020833,115.4,3.961,89.20,2.0,?,?
800,1457870562.0,41.17365995,-8.60297985,115.8,3.344,88.20,2.0,?,?
801,1457870563.0,41.173666583,-8.602948917,116.2,2.521,87.70,2.0,?,?
802,1457870564.0,41.173670483,-8.60292315,116.4,2.161,87.80,2.0,?,?
803,1457870565.0,41.173672083,-8.602898517,116.7,1.955,88.80,1.3,?,?
804,1457870566.0,41.173672717,-8.60287735,117.0,1.389,90.70,1.3,?,?
805,1457870567.0,41.1736743,-8.60287215,117.2,0.103,241.30,1.3,?,?
806,1457870568.0,41.173675533,-8.602870733,117.7,0.309,304.90,1.3,?,?
807,1457870569.0,41.17367725,-8.602871317,118.1,0.206,288.20,1.3,?,?
808,1457870570.0,41.173679067,-8.602872817,118.2,0.154,286.30,1.3,?,?
809,1457870571.0,41.173678533,-8.6028725,118.2,0.051,0.00,1.3,?,?
810,1457870572.0,41.173677283,-8.602870083,118.0,0.257,75.30,1.3,?,?
811,1457870573.0,41.173675,-8.602856867,117.9,1.338,82.30,1.3,?,?
812,1457870574.0,41.1736747,-8.602829633,117.9,2.624,85.40,1.3,?,?
813,1457870575.0,41.173678783,-8.602797383,118.2,3.190,88.50,1.3,?,?
814,1457870576.0,41.17367875,-8.602755717,118.2,3.704,89.30,1.3,?,?
815,1457870577.0,41.173678967,-8.6027075,118.0,4.270,87.30,1.3,?,?
816,1457870578.0,41.173678417,-8.60265465,117.7,4.579,89.30,1.9,?,?
817,1457870579.0,41.173678483,-8.602600233,117.6,4.579,88.40,1.3,?,?
818,1457870580.0,41.173678467,-8.6025476,117.6,4.373,88.00,1.3,?,?
819,1457870581.0,41.173678167,-8.602497133,117.5,4.167,88.60,1.3,?,?
820,1457870582.0,41.173676917,-8.60245005,117.2,3.807,89.50,1.3,?,?
821,1457870583.0,41.1736695,-8.60240795,116.3,3.395,92.60,1.4,?,?
822,1457870584.0,41.173658467,-8.60237105,115.9,2.932,102.10,1.4,?,?
823,1457870585.0,41.173661067,-8.602339483,116.3,2.984,92.00,1.3,?,?
824,1457870586.0,41.173666983,-8.602314217,116.6,1.646,81.40,1.3,?,?
825,1457870587.0,41.1736697,-8.602301717,117.1,0.154,308.10,1.4,?,?
826,1457870588.0,41.173670183,-8.602296717,117.6,0.257,340.90,1.4,?,?
827,1457870589.0,41.1736784,-8.602290917,117.8,1.440,24.50,1.4,?,?
828,1457870590.0,41.173692933,-8.6022752,117.6,2.469,29.40,1.4,?,?
829,1457870591.0,41.17371065,-8.602266267,117.8,2.109,15.20,1.4,?,?
830,1457870592.0,41.173724883,-8.602270017,117.9,1.492,354.00,1.4,?,?
831,1457870593.0,41.17375015,-8.602287417,117.8,2.778,332.00,1.4,?,?
832,1457870594.0,41.173770683,-8.602320783,118.5,4.218,312.10,1.2,?,?
833,1457870595.0,41.173779917,-8.602372533,117.7,5.093,292.40,1.2,?,?
834,1457870596.0,41.173774533,-8.602429583,117.1,5.196,272.40,1.2,?,?
835,1457870597.0,41.173767817,-8.602500317,116.8,6.122,264.10,1.2,?,?
836,1457870598.0,41.173762983,-8.602591167,116.7,7.562,265.50,1.2,?,?
837,1457870599.0,41.173758567,-8.602696017,116.8,8.848,267.10,1.3,?,?
838,1457870600.0,41.173752333,-8.6028119,117.0,9.980,266.70,1.2,?,?
839,1457870601.0,41.173746967,-8.602933467,116.7,10.443,266.80,1.2,?,?
840,1457870602.0,41.173743217,-8.603049033,116.6,10.443,266.90,1.2,?,?
841,1457870603.0,41.1737381,-8.60316735,116.7,10.186,266.90,1.2,?,?
842,1457870604.0,41.173733683,-8.603282033,116.5,9.517,267.20,1.2,?,?
843,1457870605.0,41.173729433,-8.603391083,116.3,8.848,267.40,1.2,?,?
844,1457870606.0,41.17372655,-8.603489117,116.1,7.974,267.40,1.2,?,?
845,1457870607.0,41.1737247,-8.603574083,116.0,6.791,268.30,1.2,?,?
846,1457870608.0,41.173724667,-8.603643117,116.0,5.505,271.20,1.2,?,?
847,1457870609.0,41.1737328,-8.60369765,116.0,4.527,288.90,1.2,?,?
848,1457870610.0,41.173755917,-8.603725983,116.2,4.064,320.00,1.2,?,?
849,1457870611.0,41.173792883,-8.603748,115.3,4.887,348.20,1.2,?,?
850,1457870612.0,41.173840783,-8.603746433,115.0,6.019,5.40,1.3,?,?
851,1457870613.0,41.1739023,-8.60375165,114.1,7.768,359.30,1.2,?,?
852,1457870614.0,41.1739762,-8.603757733,112.8,9.054,357.60,1.2,?,?
853,1457870615.0,41.17406335,-8.60376415,111.3,10.083,357.50,1.1,?,?
854,1457870616.0,41.1741509,-8.603770167,110.3,9.826,358.10,1.1,?,?
855,1457870617.0,41.174246367,-8.603775367,109.7,10.443,357.40,1.2,?,?
856,1457870618.0,41.1743504,-8.603782617,109.3,11.163,356.90,1.2,?,?
857,1457870619.0,41.174449967,-8.603788667,108.9,11.061,357.60,1.2,?,?
858,1457870620.0,41.174546983,-8.603795583,108.5,10.906,357.30,1.2,?,?
859,1457870621.0,41.174642817,-8.603803333,108.4,10.546,357.20,1.2,?,?
860,1457870622.0,41.17473595,-8.603808117,108.0,10.340,358.60,1.2,?,?
861,1457870623.0,41.174833533,-8.603815033,108.2,10.546,357.10,1.1,?,?
862,1457870624.0,41.174926883,-8.603821767,108.4,10.546,356.90,1.1,?,?
863,1457870625.0,41.175023667,-8.603828683,108.5,10.700,356.90,1.1,?,?
864,1457870626.0,41.17512275,-8.603835383,108.5,10.958,357.40,1.1,?,?
865,1457870627.0,41.17522155,-8.603841183,108.5,11.163,357.20,1.1,?,?
866,1457870628.0,41.175320967,-8.603847183,108.2,11.061,357.60,1.1,?,?
867,1457870629.0,41.175422117,-8.603854,108.1,11.061,357.40,1.1,?,?
868,1457870630.0,41.175518683,-8.603860033,108.1,10.958,357.60,1.1,?,?
869,1457870631.0,41.175618533,-8.6038671,108.2,10.906,357.60,1.1,?,?
870,1457870632.0,41.175715533,-8.603872567,108.2,10.855,357.70,1.1,?,?
871,1457870633.0,41.175810167,-8.603877417,108.0,10.546,357.90,1.1,?,?
872,1457870634.0,41.175903267,-8.60388175,107.9,10.237,358.10,1.4,?,?
873,1457870635.0,41.175989533,-8.6038846,107.7,9.414,359.00,1.4,?,?
874,1457870636.0,41.1760629,-8.603887533,107.5,7.974,359.10,1.4,?,?
875,1457870637.0,41.176127,-8.60388985,107.5,6.688,358.50,1.4,?,?
876,1457870638.0,41.176180933,-8.603892,107.4,5.505,358.20,1.4,?,?
877,1457870639.0,41.17622505,-8.603893933,107.4,4.270,359.50,1.1,?,?
878,1457870640.0,41.176261633,-8.60389625,107.6,3.344,0.20,1.1,?,?
879,1457870641.0,41.1762868,-8.603895817,107.7,2.058,7.30,1.1,?,?
880,1457870642.0,41.176301767,-8.603893333,107.9,0.926,15.30,1.1,?,?
881,1457870643.0,41.176304983,-8.603893767,108.1,0.051,290.60,1.1,?,?
882,1457870644.0,41.176306133,-8.60389385,108.3,0.051,190.60,1.1,?,?
883,1457870645.0,41.17630785,-8.60389285,108.7,0.000,253.00,1.1,?,?
884,1457870646.0,41.176307917,-8.603892933,109.0,0.000,221.20,1.1,?,?
885,1457870647.0,41.176308567,-8.60389285,109.4,0.051,345.60,1.1,?,?
886,1457870648.0,41.176309217,-8.603892367,109.7,0.051,3.30,1.1,?,?
887,1457870649.0,41.1763107,-8.603892033,109.7,0.154,11.20,1.1,?,?
888,1457870650.0,41.176316183,-8.603889617,110.0,0.617,12.50,1.1,?,?
889,1457870651.0,41.176327233,-8.603884133,110.2,1.183,18.90,1.1,?,?
890,1457870652.0,41.1763456,-8.60387605,110.2,2.212,16.80,1.1,?,?
891,1457870653.0,41.17637205,-8.603872917,110.3,3.138,358.20,1.1,?,?
892,1457870654.0,41.176404917,-8.60389085,110.2,4.373,328.00,1.1,?,?
893,1457870655.0,41.176411467,-8.603938467,110.3,4.681,280.60,1.1,?,?
894,1457870656.0,41.1763841,-8.603990983,109.8,5.710,233.50,1.1,?,?
895,1457870657.0,41.176342117,-8.6040011,110.0,5.453,185.40,1.1,?,?
896,1457870658.0,41.176304533,-8.6039855,109.8,4.939,158.70,1.2,?,?
897,1457870659.0,41.176262567,-8.603969833,109.4,5.042,164.60,1.3,?,?
898,1457870660.0,41.176210833,-8.603958733,108.3,6.533,175.00,1.2,?,?
899,1457870661.0,41.17614865,-8.6039512,107.7,7.768,179.00,1.2,?,?
900,1457870662.0,41.176067483,-8.603943833,107.2,10.340,177.40,1.2,?,?
901,1457870663.0,41.17596225,-8.603933067,106.9,12.810,177.30,1.1,?,?
902,1457870664.0,41.175840333,-8.6039197,107.4,14.302,177.20,1.1,?,?
903,1457870665.0,41.175717333,-8.603909983,107.6,13.839,177.80,1.1,?,?
904,1457870666.0,41.17559115,-8.603899933,108.3,14.302,177.40,1.1,?,?
905,1457870667.0,41.1754609,-8.603891,109.5,15.073,177.10,1.1,?,?
906,1457870668.0,41.17532365,-8.603883633,110.3,15.845,177.30,1.1,?,?
907,1457870669.0,41.175180917,-8.603875967,111.2,16.308,177.60,1.1,?,?
908,1457870670.0,41.175035933,-8.603868117,111.9,16.308,177.70,1.1,?,?
909,1457870671.0,41.17489335,-8.603858817,112.5,15.845,177.00,1.1,?,?
910,1457870672.0,41.174754317,-8.6038504,112.9,15.330,177.30,1.1,?,?
911,1457870673.0,41.174619083,-8.603842333,113.2,14.867,177.50,1.1,?,?
912,1457870674.0,41.174489483,-8.603834783,113.6,14.199,177.50,1.1,?,?
913,1457870675.0,41.174364167,-8.603827667,113.9,13.787,177.40,1.1,?,?
914,1457870676.0,41.17424235,-8.60382035,114.5,13.376,177.40,1.1,?,?
915,1457870677.0,41.1741301,-8.603814667,114.8,12.038,177.40,1.1,?,?
916,1457870678.0,41.174033167,-8.60381135,115.0,10.032,178.30,1.1,?,?
917,1457870679.0,41.173951117,-8.603808233,115.2,8.334,177.40,1.1,?,?
918,1457870680.0,41.1738848,-8.603804317,115.4,6.585,177.00,1.1,?,?
919,1457870681.0,41.173834517,-8.603800417,115.5,4.784,176.70,1.1,?,?
920,1457870682.0,41.1737999,-8.60379885,115.3,3.138,176.50,1.1,?,?
921,1457870683.0,41.173780233,-8.6038001,115.1,1.286,179.30,1.2,?,?
922,1457870684.0,41.1737735,-8.6038011,114.8,0.257,178.00,1.2,?,?
923,1457870685.0,41.173770733,-8.603802667,114.6,0.051,176.50,1.2,?,?
924,1457870686.0,41.173771467,-8.603804983,114.4,0.257,342.50,1.2,?,?
925,1457870687.0,41.173772617,-8.603807233,114.1,0.154,337.50,1.2,?,?
926,1457870688.0,41.17377365,-8.60380895,113.8,0.154,329.60,1.2,?,?
927,1457870689.0,41.173772383,-8.603810317,113.6,0.360,178.50,1.2,?,?
928,1457870690.0,41.17375545,-8.603807583,113.5,2.778,168.30,1.2,?,?
929,1457870691.0,41.173724933,-8.603795,113.6,4.321,161.60,1.2,?,?
930,1457870692.0,41.173691717,-8.60377215,113.3,4.527,147.20,1.2,?,?
931,1457870693.0,41.173664233,-8.603726483,113.5,5.299,121.40,1.2,?,?
932,1457870694.0,41.17365085,-8.6036545,113.7,7.048,95.70,1.2,?,?
933,1457870695.0,41.173653717,-8.6035598,114.0,8.900,85.10,1.4,?,?
934,1457870696.0,41.1736601,-8.603435967,114.6,11.112,84.50,1.4,?,?
935,1457870697.0,41.173666883,-8.603279233,115.9,13.427,86.30,1.4,?,?
936,1457870698.0,41.17367415,-8.603100917,117.2,15.382,86.90,1.4,?,?
937,1457870699.0,41.1736821,-8.602917433,118.4,15.228,87.20,1.4,?,?
938,1457870700.0,41.173688933,-8.602750067,119.2,13.581,87.00,1.4,?,?
939,1457870701.0,41.173695667,-8.602608967,120.0,11.009,86.90,2.2,?,?
940,1457870702.0,41.173703983,-8.602501767,120.8,7.768,86.50,2.1,?,?
941,1457870703.0,41.173703917,-8.602429083,120.9,4.784,93.10,2.1,?,?
942,1457870704.0,41.17369785,-8.602379517,120.8,3.550,99.30,2.1,?,?
943,1457870705.0,41.173703017,-8.602338517,121.0,3.395,73.50,2.1,?,?
944,1457870706.0,41.173722183,-8.6023118,120.7,2.727,35.10,2.2,?,?
945,1457870707.0,41.173738467,-8.602304267,120.6,1.749,358.90,2.1,?,?
946,1457870708.0,41.173740167,-8.602303733,119.9,0.514,340.30,2.1,?,?
947,1457870709.0,41.1737386,-8.602307133,119.3,0.206,215.90,1.3,?,?
948,1457870710.0,41.173734383,-8.602312217,118.7,0.257,203.10,1.3,?,?
949,1457870711.0,41.173729183,-8.60231605,118.5,0.103,191.60,1.3,?,?
950,1457870712.0,41.173725067,-8.602319867,118.6,0.000,321.50,1.3,?,?
951,1457870713.0,41.173724533,-8.6023221,118.6,0.360,352.80,1.3,?,?
952,1457870714.0,41.173738767,-8.602331833,118.6,2.624,331.60,1.3,?,?
953,1457870715.0,41.173763733,-8.60236515,118.8,4.990,309.00,1.3,?,?
954,1457870716.0,41.173774817,-8.602428883,118.1,6.636,291.40,1.1,?,?
955,1457870717.0,41.17376805,-8.602508583,118.0,7.357,269.60,1.2,?,?
956,1457870718.0,41.17375975,-8.60261805,118.2,9.414,264.30,1.1,?,?
957,1457870719.0,41.173752517,-8.60274585,118.4,11.421,266.50,1.2,?,?
958,1457870720.0,41.1737502,-8.602880717,118.2,12.192,267.40,1.2,?,?
959,1457870721.0,41.173746583,-8.60302725,117.8,12.964,267.20,1.2,?,?
960,1457870722.0,41.173739867,-8.603178867,117.9,12.964,267.10,1.2,?,?
961,1457870723.0,41.17373465,-8.603323667,117.9,11.987,267.60,1.2,?,?
962,1457870724.0,41.173730267,-8.60345125,117.8,10.186,267.70,1.2,?,?
963,1457870725.0,41.173728633,-8.6035558,117.4,8.128,268.20,1.2,?,?
964,1457870726.0,41.173727583,-8.6036375,117.4,6.328,269.50,1.2,?,?
965,1457870727.0,41.173736133,-8.603702567,117.2,5.144,287.00,1.2,?,?
966,1457870728.0,41.173763617,-8.6037404,117.7,4.990,320.80,1.2,?,?
967,1457870729.0,41.173812883,-8.60376625,117.6,6.122,349.50,1.2,?,?
968,1457870730.0,41.173875083,-8.6037655,117.9,7.665,2.10,1.2,?,?
969,1457870731.0,41.173953183,-8.603767417,118.3,9.311,0.70,1.2,?,?
970,1457870732.0,41.17404065,-8.603772533,117.7,10.443,358.10,1.3,?,?
971,1457870733.0,41.174150533,-8.6037795,116.8,12.295,357.50,1.1,?,?
972,1457870734.0,41.174278083,-8.603787567,116.0,14.147,356.80,1.2,?,?
973,1457870735.0,41.1744184,-8.603795033,115.3,15.588,357.60,1.2,?,?
974,1457870736.0,41.174559133,-8.6038026,114.3,15.639,358.10,1.2,?,?
975,1457870737.0,41.174701667,-8.603810283,114.0,15.639,357.70,1.2,?,?
976,1457870738.0,41.1748435,-8.603818467,113.7,15.485,357.40,1.2,?,?
977,1457870739.0,41.174984583,-8.603827067,113.7,15.536,357.20,1.2,?,?
978,1457870740.0,41.175125117,-8.603834583,113.6,15.639,357.60,1.2,?,?
979,1457870741.0,41.175265683,-8.60384245,113.6,15.691,357.50,1.1,?,?
980,1457870742.0,41.175407517,-8.603850533,113.7,15.639,357.50,1.1,?,?
981,1457870743.0,41.175546617,-8.603858833,113.7,15.485,357.40,1.2,?,?
982,1457870744.0,41.175683283,-8.60386735,113.7,15.125,357.30,1.2,?,?
983,1457870745.0,41.175814967,-8.6038752,113.6,14.456,357.80,1.2,?,?
984,1457870746.0,41.175935283,-8.603881017,113.5,13.015,358.80,1.2,?,?
985,1457870747.0,41.17604335,-8.603885567,113.4,11.626,358.50,1.2,?,?
986,1457870748.0,41.17613835,-8.603891067,113.3,10.083,358.40,1.1,?,?
987,1457870749.0,41.176219833,-8.603894683,113.3,8.385,359.10,1.1,?,?
988,1457870750.0,41.176288133,-8.603892,113.3,6.688,4.60,1.2,?,?
989,1457870751.0,41.17634235,-8.603872733,113.3,5.402,23.10,1.2,?,?
990,1457870752.0,41.176383617,-8.603830533,113.5,5.453,49.60,1.2,?,?
991,1457870753.0,41.176413083,-8.603763367,113.7,6.739,68.10,1.5,?,?
992,1457870754.0,41.176438467,-8.603676883,113.9,7.974,73.50,1.4,?,?
993,1457870755.0,41.176463367,-8.603578567,114.1,8.951,72.90,1.4,?,?
994,1457870756.0,41.17649015,-8.6034679,113.8,9.774,72.60,1.4,?,?
995,1457870757.0,41.176519867,-8.6033471,113.3,10.495,70.80,1.4,?,?
996,1457870758.0,41.176553667,-8.6032216,112.8,11.163,68.40,1.4,?,?
997,1457870759.0,41.176590967,-8.603095067,112.3,11.472,66.60,1.4,?,?
998,1457870760.0,41.176633183,-8.602970683,111.8,11.626,64.20,1.5,?,?
999,1457870761.0,41.176682117,-8.602844133,111.4,11.935,61.30,1.5,?,?
1000,1457870762.0,41.17673265,-8.602720333,110.6,12.141,60.00,1.5,?,?
1001,1457870763.0,41.17677865,-8.602591267,109.7,12.141,64.40,1.4,?,?
1002,1457870764.0,41.176818567,-8.602455283,110.0,12.244,72.60,1.4,?,?
1003,1457870765.0,41.176839883,-8.6023125,110.1,12.141,82.30,1.4,?,?
1004,1457870766.0,41.176837233,-8.60216825,110.0,12.089,94.70,1.4,?,?
1005,1457870767.0,41.176813667,-8.602027317,110.2,12.295,108.20,1.4,?,?
1006,1457870768.0,41.176774583,-8.6019017,111.1,12.501,122.20,1.4,?,?
1007,1457870769.0,41.176712233,-8.601787983,111.6,12.810,131.70,1.4,?,?
1008,1457870770.0,41.176639717,-8.601682267,112.3,12.707,135.60,1.4,?,?
1009,1457870771.0,41.17655975,-8.6015755,112.5,12.758,135.60,1.2,?,?
1010,1457870772.0,41.176477233,-8.601466417,112.3,13.067,134.30,1.2,?,?
1011,1457870773.0,41.17639375,-8.60135525,112.0,13.376,134.30,1.2,?,?
1012,1457870774.0,41.176309733,-8.60124585,112.8,13.478,134.40,1.2,?,?
1013,1457870775.0,41.17622435,-8.6011355,113.0,13.530,134.20,1.2,?,?
1014,1457870776.0,41.17614075,-8.601025833,113.5,13.170,133.80,1.2,?,?
1015,1457870777.0,41.176063417,-8.600918033,114.2,12.398,132.40,1.2,?,?
1016,1457870778.0,41.175995417,-8.60081385,115.1,11.369,127.70,1.2,?,?
1017,1457870779.0,41.175939733,-8.600712333,115.8,10.443,121.10,1.2,?,?
1018,1457870780.0,41.17589795,-8.600612317,116.3,9.414,115.10,1.2,?,?
1019,1457870781.0,41.175862817,-8.600520883,116.3,8.385,112.00,1.2,?,?
1020,1457870782.0,41.175836183,-8.6004366,116.3,7.202,112.10,1.4,?,?
1021,1457870783.0,41.175815283,-8.600373183,115.9,5.350,113.30,1.4,?,?
1022,1457870784.0,41.17578425,-8.600321967,115.6,5.299,134.20,1.4,?,?
1023,1457870785.0,41.17574055,-8.60028085,115.6,6.379,153.10,1.4,?,?
1024,1457870786.0,41.175679683,-8.600260883,115.5,7.562,171.60,1.4,?,?
1025,1457870787.0,41.175610483,-8.600244433,115.7,8.488,172.90,1.4,?,?
1026,1457870788.0,41.175530233,-8.60022435,116.0,9.466,170.60,1.2,?,?
1027,1457870789.0,41.175444883,-8.600197533,116.3,10.083,167.20,1.2,?,?
1028,1457870790.0,41.17535905,-8.600166983,116.3,10.135,163.90,1.3,?,?
1029,1457870791.0,41.17527845,-8.600127233,116.8,9.569,160.40,1.3,?,?
1030,1457870792.0,41.175201667,-8.600088667,117.3,8.848,158.60,1.3,?,?
1031,1457870793.0,41.1751304,-8.600046017,117.6,8.488,156.00,1.3,?,?
1032,1457870794.0,41.175057867,-8.60000205,117.7,9.003,155.70,1.2,?,?
1033,1457870795.0,41.17497985,-8.599957217,117.6,9.672,156.20,1.2,?,?
1034,1457870796.0,41.1749004,-8.5999093,118.0,9.723,155.90,1.2,?,?
1035,1457870797.0,41.174822133,-8.599861483,118.8,9.569,155.60,1.2,?,?
1036,1457870798.0,41.174743233,-8.59981435,119.3,9.723,156.10,1.2,?,?
1037,1457870799.0,41.174660917,-8.599765317,119.8,10.186,155.90,1.2,?,?
1038,1457870800.0,41.174575183,-8.599715417,120.3,10.495,156.60,1.2,?,?
1039,1457870801.0,41.1744861,-8.59966415,120.8,10.958,156.10,1.2,?,?
1040,1457870802.0,41.174395533,-8.599614233,121.1,10.906,156.90,1.2,?,?
1041,1457870803.0,41.17430765,-8.599561417,121.8,10.546,156.10,1.3,?,?
1042,1457870804.0,41.1742211,-8.599505417,122.9,10.443,155.70,1.3,?,?
1043,1457870805.0,41.174132833,-8.5994543,123.9,10.443,155.90,1.3,?,?
1044,1457870806.0,41.17404705,-8.599401183,124.7,10.443,155.40,1.2,?,?
1045,1457870807.0,41.173962483,-8.5993465,125.5,10.443,155.40,1.2,?,?
1046,1457870808.0,41.173877317,-8.599294167,126.1,10.443,155.60,1.2,?,?
1047,1457870809.0,41.173792067,-8.599242117,126.6,10.443,155.60,1.2,?,?
1048,1457870810.0,41.173707167,-8.599189017,127.2,10.443,155.20,1.2,?,?
1049,1457870811.0,41.173622233,-8.5991368,127.8,10.443,155.50,1.2,?,?
1050,1457870812.0,41.173538567,-8.5990842,128.3,10.392,155.50,1.2,?,?
1051,1457870813.0,41.1734542,-8.5990319,128.8,10.392,155.60,1.2,?,?
1052,1457870814.0,41.173369567,-8.5989783,129.4,10.392,155.20,1.2,?,?
1053,1457870815.0,41.1732843,-8.598925483,130.0,10.495,156.00,1.2,?,?
1054,1457870816.0,41.173199067,-8.598873717,130.5,10.443,155.60,1.2,?,?
1055,1457870817.0,41.173113467,-8.598822867,131.0,10.443,155.80,1.2,?,?
1056,1457870818.0,41.173027817,-8.598771783,131.5,10.392,155.90,1.2,?,?
1057,1457870819.0,41.172941917,-8.5987202,132.1,10.392,156.00,1.2,?,?
1058,1457870820.0,41.172856017,-8.5986691,132.6,10.443,155.80,1.2,?,?
1059,1457870821.0,41.172770167,-8.598618117,133.1,10.443,155.70,1.2,?,?
1060,1457870822.0,41.172684317,-8.59856645,133.7,10.392,155.50,1.2,?,?
1061,1457870823.0,41.17259815,-8.598515433,134.2,10.443,155.90,1.2,?,?
1062,1457870824.0,41.172511783,-8.598464583,134.6,10.443,156.00,1.2,?,?
1063,1457870825.0,41.17242435,-8.598413167,134.7,10.649,156.20,1.2,?,?
1064,1457870826.0,41.172336683,-8.598361533,134.8,10.649,156.00,1.2,?,?
1065,1457870827.0,41.1722491,-8.59830995,134.8,10.598,155.60,1.2,?,?
1066,1457870828.0,41.1721619,-8.5982583,134.8,10.546,155.50,1.2,?,?
1067,1457870829.0,41.172074533,-8.598207483,134.9,10.546,156.00,1.2,?,?
1068,1457870830.0,41.171988083,-8.59815685,134.8,10.443,156.10,1.2,?,?
1069,1457870831.0,41.171900983,-8.59810605,134.9,10.546,156.40,1.2,?,?
1070,1457870832.0,41.171813267,-8.59805585,135.3,10.443,155.70,1.2,?,?
1071,1457870833.0,41.1717255,-8.59800655,135.6,10.392,156.20,1.2,?,?
1072,1457870834.0,41.171638467,-8.597954933,135.7,10.598,155.40,1.2,?,?
1073,1457870835.0,41.1715511,-8.597903683,135.8,10.546,155.50,1.2,?,?
1074,1457870836.0,41.171464883,-8.597852667,136.0,10.443,155.80,1.2,?,?
1075,1457870837.0,41.171379267,-8.5978018,136.2,10.443,156.20,1.2,?,?
1076,1457870838.0,41.17129195,-8.597757467,136.2,10.392,159.40,1.2,?,?
1077,1457870839.0,41.17120475,-8.597720383,136.4,10.237,162.90,1.3,?,?
1078,1457870840.0,41.171116617,-8.597688717,136.5,10.135,166.00,1.3,?,?
1079,1457870841.0,41.17102555,-8.597659767,136.8,10.392,167.90,1.3,?,?
1080,1457870842.0,41.17093305,-8.597633167,137.1,10.495,168.60,1.3,?,?
1081,1457870843.0,41.1708419,-8.597606983,137.1,10.340,166.40,1.7,?,?
1082,1457870844.0,41.170749733,-8.597583933,137.1,10.340,165.70,1.7,?,?
1083,1457870845.0,41.170657933,-8.597556533,137.4,10.289,165.40,1.8,?,?
1084,1457870846.0,41.1705661,-8.597526883,137.9,10.289,165.50,1.8,?,?
1085,1457870847.0,41.170480067,-8.5974989,138.6,9.414,166.50,1.8,?,?
1086,1457870848.0,41.170408583,-8.597475667,138.8,7.768,167.20,1.4,?,?
1087,1457870849.0,41.170355567,-8.597459183,137.7,5.813,167.70,1.3,?,?
1088,1457870850.0,41.17030915,-8.597444367,137.7,4.579,166.30,1.3,?,?
1089,1457870851.0,41.170276217,-8.597431717,138.1,2.881,165.30,1.2,?,?
1090,1457870852.0,41.170259267,-8.597425633,138.5,1.029,164.80,1.2,?,?
1091,1457870853.0,41.170255767,-8.59741865,139.5,0.360,2.50,1.2,?,?
1092,1457870854.0,41.170258917,-8.597416783,139.9,0.669,349.60,1.2,?,?
1093,1457870855.0,41.170268333,-8.59741885,139.7,1.080,354.90,1.2,?,?
1094,1457870856.0,41.170277817,-8.597419633,139.6,1.029,349.60,1.2,?,?
1095,1457870857.0,41.170289833,-8.5974193,139.9,1.338,344.10,1.2,?,?
1096,1457870858.0,41.1703013,-8.5974279,139.8,1.286,325.60,1.2,?,?
1097,1457870859.0,41.170311133,-8.597434817,139.9,1.235,304.30,1.2,?,?
1098,1457870860.0,41.170316117,-8.597445033,139.8,1.080,291.40,1.2,?,?
1099,1457870861.0,41.170318767,-8.597441483,140.7,0.360,284.00,1.2,?,?
1100,1457870862.0,41.170320317,-8.597440083,141.2,0.000,95.30,1.4,?,?
1101,1457870863.0,41.170325317,-8.5974404,141.8,0.051,80.10,1.1,?,?
1102,1457870864.0,41.170329567,-8.597440533,142.7,0.103,1.70,1.1,?,?
1103,1457870865.0,41.170333783,-8.597441233,143.6,0.103,1.80,1.1,?,?
1104,1457870866.0,41.170337883,-8.597442183,144.5,0.154,356.70,1.1,?,?
1105,1457870867.0,41.170341,-8.597442633,145.2,0.103,11.10,1.1,?,?
1106,1457870868.0,41.1703434,-8.597437683,145.6,0.720,58.90,1.1,?,?
1107,1457870869.0,41.170343033,-8.5974336,145.1,0.360,59.10,1.1,?,?
1108,1457870870.0,41.170343483,-8.597431367,145.1,0.257,45.60,1.1,?,?
1109,1457870871.0,41.170345983,-8.597423917,144.9,0.875,56.20,1.1,?,?
1110,1457870872.0,41.170348817,-8.59742,144.7,0.412,51.10,1.1,?,?
1111,1457870873.0,41.170349667,-8.597421367,144.3,0.103,240.80,1.1,?,?
1112,1457870874.0,41.170350267,-8.5974228,144.2,0.103,215.80,1.1,?,?
1113,1457870875.0,41.170350983,-8.597422967,144.2,0.103,53.30,1.1,?,?
1114,1457870876.0,41.17035545,-8.597418217,144.3,0.977,58.00,1.1,?,?
1115,1457870877.0,41.1703729,-8.59739465,144.5,2.727,42.40,1.1,?,?
1116,1457870878.0,41.17039795,-8.597373083,144.1,3.138,18.10,1.1,?,?
1117,1457870879.0,41.170422467,-8.597366967,143.5,2.932,2.10,1.1,?,?
1118,1457870880.0,41.170439183,-8.597370983,142.8,1.955,347.50,1.1,?,?
1119,1457870881.0,41.17045405,-8.597379117,142.0,1.903,335.60,1.5,?,?
1120,1457870882.0,41.1704748,-8.597393017,140.9,3.447,336.00,1.5,?,?
1121,1457870883.0,41.1705049,-8.597409733,140.0,4.373,342.30,1.5,?,?
1122,1457870884.0,41.170542567,-8.59742705,139.6,4.579,343.30,1.5,?,?
1123,1457870885.0,41.170590383,-8.597446317,139.1,5.865,343.10,1.5,?,?
1124,1457870886.0,41.170645217,-8.597469,138.6,6.688,343.20,1.7,?,?
1125,1457870887.0,41.170703667,-8.597491867,138.0,6.996,344.10,1.5,?,?
1126,1457870888.0,41.170756833,-8.597513267,136.8,7.305,344.90,1.3,?,?
1127,1457870889.0,41.17081575,-8.597537867,136.0,7.768,344.50,1.5,?,?
1128,1457870890.0,41.17088495,-8.597562783,135.3,8.334,345.30,1.5,?,?
1129,1457870891.0,41.170958667,-8.597587917,134.6,8.900,345.50,1.9,?,?
1130,1457870892.0,41.171037783,-8.59761485,133.8,9.569,344.90,1.9,?,?
1131,1457870893.0,41.1711193,-8.59764315,132.9,10.083,344.70,2.6,?,?
1132,1457870894.0,41.171203967,-8.597673683,132.0,10.340,344.00,2.6,?,?
1133,1457870895.0,41.171292967,-8.597706483,131.4,10.289,343.40,1.5,?,?
1134,1457870896.0,41.17137825,-8.597749,131.4,10.289,339.60,1.5,?,?
1135,1457870897.0,41.171459783,-8.5977998,131.6,10.186,335.50,1.4,?,?
1136,1457870898.0,41.171542583,-8.597851267,131.8,10.186,334.80,1.4,?,?
1137,1457870899.0,41.171628533,-8.59790455,132.3,10.289,335.10,1.1,?,?
1138,1457870900.0,41.171714367,-8.597956767,132.6,10.340,335.40,1.1,?,?
1139,1457870901.0,41.171800883,-8.598008117,132.8,10.443,335.80,1.2,?,?
1140,1457870902.0,41.171887417,-8.598060817,132.9,10.598,335.20,1.5,?,?
1141,1457870903.0,41.17197355,-8.59811335,132.9,10.443,335.30,1.9,?,?
1142,1457870904.0,41.172060683,-8.5981627,132.9,10.392,335.70,1.3,?,?
1143,1457870905.0,41.17214725,-8.598213,132.9,10.443,336.00,1.3,?,?
1144,1457870906.0,41.172233233,-8.598262,132.7,10.495,335.80,1.3,?,?
1145,1457870907.0,41.172317583,-8.598312217,132.3,10.392,335.80,1.1,?,?
1146,1457870908.0,41.172400083,-8.598364467,132.1,10.289,335.90,1.1,?,?
1147,1457870909.0,41.17248575,-8.598416317,131.9,10.392,335.80,1.1,?,?
1148,1457870910.0,41.172572583,-8.598470067,131.6,10.598,335.90,1.1,?,?
1149,1457870911.0,41.172661533,-8.598525,131.1,10.855,335.50,1.2,?,?
1150,1457870912.0,41.172752633,-8.5985798,130.7,11.009,335.90,1.2,?,?
1151,1457870913.0,41.172843867,-8.598634283,130.3,11.061,336.20,1.2,?,?
1152,1457870914.0,41.172933433,-8.598690833,129.9,10.958,335.80,1.1,?,?
1153,1457870915.0,41.173023417,-8.598746133,129.4,10.958,336.30,1.1,?,?
1154,1457870916.0,41.173113367,-8.598799683,128.9,10.855,335.60,1.1,?,?
1155,1457870917.0,41.1732031,-8.5988572,129.0,10.855,335.80,1.1,?,?
1156,1457870918.0,41.173290067,-8.598911083,128.8,10.495,335.90,1.1,?,?
1157,1457870919.0,41.1733723,-8.598961217,128.5,10.032,336.00,1.1,?,?
1158,1457870920.0,41.173450467,-8.599007167,127.8,9.620,336.10,1.2,?,?
1159,1457870921.0,41.1735251,-8.599052883,127.2,9.003,335.90,1.2,?,?
1160,1457870922.0,41.173594483,-8.599093383,126.7,8.180,335.50,1.2,?,?
1161,1457870923.0,41.17365745,-8.599132517,126.2,7.562,335.30,1.2,?,?
1162,1457870924.0,41.173719117,-8.599168317,125.9,7.305,336.40,1.2,?,?
1163,1457870925.0,41.173780483,-8.5992025,125.3,6.945,336.30,1.1,?,?
1164,1457870926.0,41.173837633,-8.599233617,124.9,6.533,336.60,1.1,?,?
1165,1457870927.0,41.173889517,-8.599266867,124.7,6.328,336.50,1.1,?,?
1166,1457870928.0,41.17393935,-8.59929935,124.3,6.225,336.30,1.1,?,?
1167,1457870929.0,41.173991967,-8.599329133,123.9,6.328,335.10,1.1,?,?
1168,1457870930.0,41.174047417,-8.599357683,123.5,6.585,336.20,1.1,?,?
1169,1457870931.0,41.174101883,-8.5993879,123.0,6.482,335.80,1.1,?,?
1170,1457870932.0,41.174151367,-8.599418483,122.7,5.865,336.50,1.1,?,?
1171,1457870933.0,41.174195617,-8.599444483,122.5,5.144,336.40,1.1,?,?
1172,1457870934.0,41.174229967,-8.599465383,122.3,3.704,338.40,1.1,?,?
1173,1457870935.0,41.174252617,-8.59947955,122.2,2.161,336.60,1.1,?,?
1174,1457870936.0,41.1742683,-8.5994873,122.1,1.183,335.80,1.1,?,?
1175,1457870937.0,41.17427795,-8.59949505,122.0,1.080,332.20,1.1,?,?
1176,1457870938.0,41.174287717,-8.599499467,122.2,1.029,336.90,1.2,?,?
1177,1457870939.0,41.17429145,-8.599501483,122.2,0.206,0.30,1.2,?,?
1178,1457870940.0,41.174291333,-8.5995022,122.3,0.103,162.40,1.3,?,?
1179,1457870941.0,41.17429145,-8.59950285,122.4,0.051,319.10,1.2,?,?
1180,1457870942.0,41.174293633,-8.599504983,122.4,0.412,329.60,1.2,?,?
1181,1457870943.0,41.174299517,-8.599509183,122.4,1.080,330.00,1.2,?,?
1182,1457870944.0,41.174314567,-8.5995227,122.4,2.521,330.70,1.2,?,?
1183,1457870945.0,41.174340033,-8.599539967,122.4,3.601,333.20,1.2,?,?
1184,1457870946.0,41.174371433,-8.5995598,122.4,4.116,336.60,1.2,?,?
1185,1457870947.0,41.174408567,-8.599582167,122.4,4.887,335.90,1.5,?,?
1186,1457870948.0,41.1744513,-8.599609733,122.3,5.710,334.30,1.5,?,?
1187,1457870949.0,41.174497783,-8.599639717,122.0,6.070,334.50,1.9,?,?
1188,1457870950.0,41.174546767,-8.599670467,121.7,6.122,335.90,1.9,?,?
1189,1457870951.0,41.17459125,-8.59969825,121.6,5.196,337.60,1.9,?,?
1190,1457870952.0,41.174627917,-8.599723433,121.5,4.476,332.00,1.5,?,?
1191,1457870953.0,41.174646333,-8.59977095,120.8,4.681,290.10,1.2,?,?
1192,1457870954.0,41.1746443,-8.599832233,120.7,5.813,260.40,1.1,?,?
1193,1457870955.0,41.174617667,-8.599900033,121.5,7.048,236.00,1.1,?,?
1194,1457870956.0,41.174578967,-8.599966517,122.9,7.922,224.70,1.2,?,?
1195,1457870957.0,41.174532983,-8.600036133,123.6,8.437,225.10,1.2,?,?
1196,1457870958.0,41.174481467,-8.600109467,124.2,8.797,225.20,1.2,?,?
1197,1457870959.0,41.174428183,-8.600189267,125.0,9.311,226.80,1.2,?,?
1198,1457870960.0,41.174368183,-8.600274867,125.9,10.135,227.00,1.2,?,?
1199,1457870961.0,41.174299667,-8.600369317,126.3,11.266,225.80,1.2,?,?
1200,1457870962.0,41.1742323,-8.60046305,127.5,11.524,225.90,1.2,?,?
1201,1457870963.0,41.174169917,-8.600549917,128.4,10.546,225.20,1.3,?,?
1202,1457870964.0,41.17412625,-8.6006125,130.2,7.974,225.10,1.3,?,?
1203,1457870965.0,41.17409585,-8.600649583,130.6,5.196,225.20,1.2,?,?
1204,1457870966.0,41.1740641,-8.600689067,132.1,5.402,228.20,1.2,?,?
1205,1457870967.0,41.174026683,-8.600741017,133.0,6.791,227.70,1.6,?,?
1206,1457870968.0,41.173981767,-8.60080165,134.4,8.025,229.40,1.6,?,?
1207,1457870969.0,41.173936883,-8.60088425,136.2,9.466,237.80,1.6,?,?
1208,1457870970.0,41.173897267,-8.600991267,137.3,10.752,245.30,1.6,?,?
1209,1457870971.0,41.173863883,-8.601114067,137.8,11.575,251.60,1.3,?,?
1210,1457870972.0,41.17383955,-8.6012564,137.4,12.398,258.10,1.6,?,?
1211,1457870973.0,41.1738236,-8.601410867,136.9,13.170,264.30,1.6,?,?
1212,1457870974.0,41.173818267,-8.601592217,132.8,13.839,268.20,1.3,?,?
1213,1457870975.0,41.1738121,-8.601763333,130.0,13.787,268.40,1.2,?,?
1214,1457870976.0,41.173808517,-8.601927617,128.4,13.427,269.20,1.2,?,?
1215,1457870977.0,41.1738038,-8.602087133,127.2,13.221,268.10,1.2,?,?
1216,1457870978.0,41.173798583,-8.60224505,126.3,13.221,267.80,1.3,?,?
1217,1457870979.0,41.173792583,-8.602403017,125.5,13.170,267.30,1.3,?,?
1218,1457870980.0,41.173785867,-8.602561833,125.0,13.170,267.50,1.3,?,?
1219,1457870981.0,41.1737787,-8.602720067,124.8,13.170,267.50,1.4,?,?
1220,1457870982.0,41.173771233,-8.602877167,124.6,13.015,267.20,1.4,?,?
1221,1457870983.0,41.17376445,-8.6030331,124.2,12.964,267.30,1.4,?,?
1222,1457870984.0,41.1737589,-8.603180933,124.0,12.398,267.50,1.4,?,?
1223,1457870985.0,41.173753483,-8.603319783,123.8,11.369,267.60,1.4,?,?
1224,1457870986.0,41.173747733,-8.603441467,123.9,9.774,266.90,1.4,?,?
1225,1457870987.0,41.173742817,-8.603543083,123.9,8.077,266.30,1.4,?,?
1226,1457870988.0,41.173741483,-8.603628733,123.9,6.791,269.30,1.4,?,?
1227,1457870989.0,41.173753683,-8.603701983,124.1,5.813,289.90,1.3,?,?
1228,1457870990.0,41.173786183,-8.603741167,124.3,5.299,323.40,1.6,?,?
1229,1457870991.0,41.173837733,-8.6037487,123.2,6.070,355.40,1.6,?,?
1230,1457870992.0,41.173905467,-8.603746,122.5,7.922,2.40,1.5,?,?
1231,1457870993.0,41.1739786,-8.603761917,121.9,9.209,358.70,1.5,?,?
1232,1457870994.0,41.174072833,-8.60377015,120.4,10.700,357.20,1.4,?,?
1233,1457870995.0,41.1741796,-8.603781933,118.8,12.089,356.30,1.4,?,?
1234,1457870996.0,41.1742969,-8.60379145,117.7,12.964,357.10,1.4,?,?
1235,1457870997.0,41.174418833,-8.603798183,116.9,13.221,358.00,1.3,?,?
1236,1457870998.0,41.174544783,-8.6038023,116.8,13.530,358.60,1.1,?,?
1237,1457870999.0,41.17467285,-8.603808617,117.0,13.633,357.80,1.1,?,?
1238,1457871000.0,41.1747948,-8.603817033,116.6,13.736,357.10,1.1,?,?
1239,1457871001.0,41.174918567,-8.603825733,116.2,13.787,357.10,1.1,?,?
1240,1457871002.0,41.175040333,-8.603832117,115.7,13.530,358.30,1.1,?,?
1241,1457871003.0,41.17515835,-8.6038392,115.1,13.170,357.90,1.1,?,?
1242,1457871004.0,41.175274233,-8.603846867,114.5,13.015,357.30,1.1,?,?
1243,1457871005.0,41.175391617,-8.603854267,114.2,13.015,357.30,1.1,?,?
1244,1457871006.0,41.17550445,-8.603862967,113.4,12.810,357.20,1.1,?,?
1245,1457871007.0,41.175618033,-8.603870583,112.9,12.758,357.40,1.1,?,?
1246,1457871008.0,41.175731667,-8.6038781,112.5,12.758,357.50,1.1,?,?
1247,1457871009.0,41.175843783,-8.603886483,111.8,12.758,357.30,1.2,?,?
1248,1457871010.0,41.1759531,-8.603893983,111.3,12.141,357.80,1.2,?,?
1249,1457871011.0,41.176055167,-8.603900033,111.0,11.061,358.00,1.2,?,?
1250,1457871012.0,41.1761462,-8.603905867,110.8,9.774,357.90,1.2,?,?
1251,1457871013.0,41.176230383,-8.603907267,111.3,8.385,0.10,1.2,?,?
1252,1457871014.0,41.176309317,-8.60388755,112.8,7.305,16.40,1.1,?,?
1253,1457871015.0,41.1763687,-8.603840067,113.2,7.305,40.20,1.1,?,?
1254,1457871016.0,41.176412417,-8.603765983,114.1,7.820,62.40,1.3,?,?
1255,1457871017.0,41.176438967,-8.603671917,114.7,8.643,76.70,1.1,?,?
1256,1457871018.0,41.17646035,-8.6035686,115.2,9.260,78.00,1.4,?,?
1257,1457871019.0,41.176488933,-8.603460833,115.5,9.826,72.30,1.3,?,?
1258,1457871020.0,41.176519717,-8.603345833,115.7,10.443,69.60,1.3,?,?
1259,1457871021.0,41.176555483,-8.603226417,115.6,11.009,66.80,1.4,?,?
1260,1457871022.0,41.176596933,-8.6031014,115.2,11.575,65.10,1.4,?,?
1261,1457871023.0,41.176651767,-8.602976783,115.3,11.987,61.90,1.4,?,?
1262,1457871024.0,41.176711817,-8.6028568,115.8,12.038,59.60,1.4,?,?
1263,1457871025.0,41.176768717,-8.602734967,116.1,12.141,60.50,1.4,?,?
1264,1457871026.0,41.176815833,-8.60260525,116.0,12.192,65.10,1.4,?,?
1265,1457871027.0,41.17685675,-8.602468083,116.5,12.192,72.20,1.4,?,?
1266,1457871028.0,41.176876917,-8.602324417,116.4,12.141,82.40,1.4,?,?
1267,1457871029.0,41.1768795,-8.602183433,116.8,12.038,94.60,1.3,?,?
1268,1457871030.0,41.176851633,-8.602047317,116.5,11.884,110.00,1.3,?,?
1269,1457871031.0,41.17680735,-8.60191965,117.0,12.244,122.50,1.3,?,?
1270,1457871032.0,41.176744117,-8.6018065,117.3,12.347,131.70,1.3,?,?
1271,1457871033.0,41.17666585,-8.601699533,117.2,12.707,134.70,1.3,?,?
1272,1457871034.0,41.176583683,-8.601596133,116.4,12.604,134.90,1.3,?,?
1273,1457871035.0,41.176493633,-8.6014885,115.3,12.810,135.00,1.1,?,?
1274,1457871036.0,41.1764082,-8.601377567,114.9,12.861,134.80,1.1,?,?
1275,1457871037.0,41.176322733,-8.601269533,114.6,12.861,135.10,1.1,?,?
1276,1457871038.0,41.176239333,-8.601159767,114.5,12.913,135.10,1.1,?,?
1277,1457871039.0,41.176157817,-8.601051767,114.5,12.707,134.60,1.1,?,?
1278,1457871040.0,41.176079617,-8.600945667,114.7,12.192,133.50,1.2,?,?
1279,1457871041.0,41.176010567,-8.60083985,115.0,11.421,128.90,1.2,?,?
1280,1457871042.0,41.175953667,-8.60073635,115.6,10.649,123.50,1.2,?,?
1281,1457871043.0,41.175910683,-8.600634867,116.1,9.672,117.50,1.4,?,?
1282,1457871044.0,41.1758779,-8.60053915,116.4,8.643,112.70,1.4,?,?
1283,1457871045.0,41.1758523,-8.600451433,116.4,7.665,109.90,1.4,?,?
1284,1457871046.0,41.175830533,-8.600379383,116.1,6.173,112.90,1.7,?,?
1285,1457871047.0,41.175806267,-8.600322017,115.7,5.093,121.90,1.4,?,?
1286,1457871048.0,41.175762867,-8.60026905,116.8,6.379,147.90,1.3,?,?
1287,1457871049.0,41.175706,-8.600243467,116.8,7.099,168.00,1.3,?,?
1288,1457871050.0,41.17563865,-8.60023465,116.0,7.202,174.60,1.2,?,?
1289,1457871051.0,41.17557105,-8.6002232,115.5,7.254,172.20,1.1,?,?
1290,1457871052.0,41.1755036,-8.600208167,115.4,7.408,169.70,1.2,?,?
1291,1457871053.0,41.175437417,-8.600187033,115.7,7.717,166.30,1.2,?,?
1292,1457871054.0,41.1753657,-8.600162083,115.8,8.283,165.20,1.6,?,?
1293,1457871055.0,41.1752858,-8.600134417,115.5,9.260,163.30,1.3,?,?
1294,1457871056.0,41.17519885,-8.600096717,115.2,10.289,159.50,1.3,?,?
1295,1457871057.0,41.175107117,-8.600050217,115.0,11.215,157.20,1.3,?,?
1296,1457871058.0,41.175010267,-8.5999965,115.0,11.935,156.20,1.3,?,?
1297,1457871059.0,41.174909433,-8.599940017,115.1,12.398,156.40,1.2,?,?
1298,1457871060.0,41.1748014,-8.599878317,115.2,13.478,156.20,1.2,?,?
1299,1457871061.0,41.174687117,-8.59981085,115.4,14.199,156.10,1.2,?,?
1300,1457871062.0,41.174573333,-8.599741483,116.1,13.890,156.30,1.2,?,?
1301,1457871063.0,41.174461483,-8.599672933,117.2,13.581,156.40,1.2,?,?
1302,1457871064.0,41.1743521,-8.59960855,118.2,13.067,156.50,1.2,?,?
1303,1457871065.0,41.17424605,-8.599543733,119.3,12.604,156.30,1.3,?,?
1304,1457871066.0,41.174141233,-8.59948215,120.5,12.398,156.20,1.3,?,?
1305,1457871067.0,41.1740391,-8.599411533,122.4,12.295,155.90,1.3,?,?
1306,1457871068.0,41.173936967,-8.5993408,124.3,12.450,155.60,1.3,?,?
1307,1457871069.0,41.17383595,-8.59927255,125.6,12.450,155.20,1.2,?,?
1308,1457871070.0,41.173735517,-8.599205617,126.7,12.398,155.20,1.2,?,?
1309,1457871071.0,41.173636017,-8.599139717,127.7,12.295,155.10,1.2,?,?
1310,1457871072.0,41.17353695,-8.599076583,128.5,12.244,155.30,1.2,?,?
1311,1457871073.0,41.17343755,-8.599015533,129.2,12.295,155.60,1.2,?,?
1312,1457871074.0,41.173337083,-8.598952283,130.0,12.398,155.70,1.2,?,?
1313,1457871075.0,41.17323515,-8.598889517,130.7,12.604,155.70,1.2,?,?
1314,1457871076.0,41.1731337,-8.598826817,131.1,12.604,155.90,1.2,?,?
1315,1457871077.0,41.173031183,-8.598764917,131.6,12.655,155.90,1.2,?,?
1316,1457871078.0,41.17292835,-8.598702967,132.2,12.604,156.10,1.2,?,?
1317,1457871079.0,41.172825867,-8.59863885,132.8,12.552,155.50,1.2,?,?
1318,1457871080.0,41.17272485,-8.59857645,133.4,12.347,155.40,1.2,?,?
1319,1457871081.0,41.172625417,-8.598515133,134.0,12.089,155.60,1.1,?,?
1320,1457871082.0,41.17253015,-8.598458267,134.6,11.318,156.10,1.1,?,?
1321,1457871083.0,41.1724418,-8.598404683,135.3,10.546,155.70,1.1,?,?
1322,1457871084.0,41.172358567,-8.598354567,135.9,9.980,155.40,1.1,?,?
1323,1457871085.0,41.1722798,-8.598308083,136.3,9.414,155.90,1.1,?,?
1324,1457871086.0,41.17220485,-8.598264233,136.5,8.900,156.40,1.1,?,?
1325,1457871087.0,41.1721332,-8.598224383,136.7,8.385,156.40,1.1,?,?
1326,1457871088.0,41.172066267,-8.598186683,136.8,7.871,155.90,1.2,?,?
1327,1457871089.0,41.172000233,-8.59815045,136.8,7.768,156.50,1.2,?,?
1328,1457871090.0,41.171933483,-8.598112583,137.2,7.922,156.30,1.2,?,?
1329,1457871091.0,41.1718664,-8.598075033,137.7,7.871,156.20,1.2,?,?
1330,1457871092.0,41.171800633,-8.598039133,138.3,7.614,156.20,1.6,?,?
1331,1457871093.0,41.171735217,-8.598004167,138.7,7.614,156.10,1.6,?,?
1332,1457871094.0,41.1716676,-8.597968717,139.2,7.922,155.80,1.6,?,?
1333,1457871095.0,41.1716018,-8.59793145,139.5,7.922,155.50,1.2,?,?
1334,1457871096.0,41.171544417,-8.597888067,139.0,7.871,155.70,1.1,?,?
1335,1457871097.0,41.1714851,-8.5978479,138.6,7.820,156.10,1.1,?,?
1336,1457871098.0,41.171421383,-8.5978104,138.5,7.871,156.20,1.1,?,?
1337,1457871099.0,41.171357,-8.597774517,138.3,7.922,158.10,1.1,?,?
1338,1457871100.0,41.171291833,-8.597742517,138.1,7.922,160.10,1.1,?,?
1339,1457871101.0,41.171224867,-8.597714117,138.0,7.768,161.80,1.3,?,?
1340,1457871102.0,41.1711574,-8.5976911,137.9,7.665,164.90,1.3,?,?
1341,1457871103.0,41.171087367,-8.597668317,138.1,7.820,166.80,1.3,?,?
1342,1457871104.0,41.17101435,-8.59764675,138.3,8.180,168.00,1.3,?,?
1343,1457871105.0,41.170938267,-8.5976271,138.6,8.488,169.10,1.7,?,?
1344,1457871106.0,41.170858,-8.5976085,139.4,8.746,170.60,1.6,?,?
1345,1457871107.0,41.1707785,-8.597597033,139.9,8.334,166.90,1.6,?,?
1346,1457871108.0,41.170699583,-8.597582417,140.8,7.974,165.80,1.6,?,?
1347,1457871109.0,41.17062555,-8.597564467,141.9,7.665,165.90,1.6,?,?
1348,1457871110.0,41.170557217,-8.597545583,142.9,7.151,166.20,1.6,?,?
1349,1457871111.0,41.170497333,-8.597526067,143.6,6.379,165.90,1.3,?,?
1350,1457871112.0,41.170448633,-8.597502783,145.0,4.887,166.10,1.3,?,?
1351,1457871113.0,41.170413667,-8.59748685,145.9,3.292,166.00,1.3,?,?
1352,1457871114.0,41.17039075,-8.597475383,146.8,2.006,163.40,1.3,?,?
1353,1457871115.0,41.1703746,-8.597466783,147.2,1.595,160.00,1.3,?,?
1354,1457871116.0,41.170359783,-8.597454267,147.9,1.646,147.10,1.3,?,?
1355,1457871117.0,41.170328217,-8.59744115,147.8,3.755,161.20,1.2,?,?
1356,1457871118.0,41.170296283,-8.59742895,147.9,3.910,165.00,1.2,?,?
1357,1457871119.0,41.1702666,-8.597419433,148.2,3.344,162.20,1.3,?,?
1358,1457871120.0,41.17024755,-8.597415533,147.6,1.955,166.80,1.3,?,?
1359,1457871121.0,41.17024365,-8.597417383,147.1,0.257,213.80,1.3,?,?
1360,1457871122.0,41.170245183,-8.597418333,147.0,0.463,355.90,1.2,?,?
1361,1457871123.0,41.170250767,-8.597417133,146.7,0.617,9.60,1.2,?,?
1362,1457871124.0,41.170251733,-8.597417417,146.6,0.051,13.50,1.2,?,?
1363,1457871125.0,41.17025525,-8.597416417,146.6,0.463,357.90,1.2,?,?
1364,1457871126.0,41.17027235,-8.597418133,145.8,1.646,341.20,1.2,?,?
1365,1457871127.0,41.170292933,-8.5974263,144.9,1.698,327.00,1.1,?,?
1366,1457871128.0,41.170305817,-8.5974369,144.1,1.286,297.70,1.1,?,?
1367,1457871129.0,41.170314433,-8.59744555,143.4,1.029,278.30,1.1,?,?
1368,1457871130.0,41.170319683,-8.597446033,143.4,0.206,231.40,1.1,?,?
1369,1457871131.0,41.170324033,-8.59744155,143.5,0.463,75.90,1.1,?,?
1370,1457871132.0,41.170328533,-8.597435817,143.3,0.617,59.50,1.1,?,?
1371,1457871133.0,41.17033095,-8.59743205,143.2,0.412,61.90,1.1,?,?
1372,1457871134.0,41.170333467,-8.597426267,143.4,0.360,59.20,1.1,?,?
1373,1457871135.0,41.170339933,-8.5974179,143.4,1.080,49.80,1.1,?,?
1374,1457871136.0,41.170355217,-8.597403883,143.3,2.469,33.30,1.1,?,?
1375,1457871137.0,41.170382283,-8.597394533,142.1,4.013,11.60,1.1,?,?
1376,1457871138.0,41.17041925,-8.597396533,142.2,4.681,355.60,1.3,?,?
1377,1457871139.0,41.17046075,-8.5974144,141.7,5.247,344.60,1.1,?,?
1378,1457871140.0,41.170508133,-8.5974314,141.5,5.607,343.10,1.4,?,?
1379,1457871141.0,41.170557317,-8.597453067,141.3,6.225,340.60,1.1,?,?
1380,1457871142.0,41.170606967,-8.597475933,140.7,6.533,341.70,1.2,?,?
1381,1457871143.0,41.170660217,-8.597498917,140.1,6.688,342.70,1.5,?,?
1382,1457871144.0,41.170718133,-8.597521483,139.7,6.894,344.30,1.2,?,?
1383,1457871145.0,41.170778333,-8.597546683,139.3,7.202,344.90,1.2,?,?
1384,1457871146.0,41.170842483,-8.59757155,138.8,7.562,345.30,1.2,?,?
1385,1457871147.0,41.170908917,-8.597595733,138.3,7.717,345.60,1.4,?,?
1386,1457871148.0,41.170977817,-8.5976172,138.0,7.871,345.80,1.9,?,?
1387,1457871149.0,41.17104585,-8.597640083,137.8,7.922,345.00,1.9,?,?
1388,1457871150.0,41.171113567,-8.597662967,137.4,7.871,344.70,2.5,?,?
1389,1457871151.0,41.171179467,-8.597685683,136.9,7.820,344.40,2.5,?,?
1390,1457871152.0,41.171246917,-8.59771075,136.4,7.871,343.20,1.4,?,?
1391,1457871153.0,41.171315417,-8.597735767,135.7,7.974,342.00,1.4,?,?
1392,1457871154.0,41.1713799,-8.597764283,135.1,7.820,339.40,1.3,?,?
1393,1457871155.0,41.171441883,-8.597798467,134.4,7.614,336.90,1.3,?,?
1394,1457871156.0,41.1715034,-8.597834617,134.2,7.459,335.80,1.3,?,?
1395,1457871157.0,41.171563817,-8.5978704,134.1,7.305,334.90,1.3,?,?
1396,1457871158.0,41.171623333,-8.59790555,133.9,7.202,334.90,1.4,?,?
1397,1457871159.0,41.171682,-8.597940317,133.8,7.099,334.90,1.4,?,?
1398,1457871160.0,41.1717395,-8.59797555,133.7,6.996,335.10,1.4,?,?
1399,1457871161.0,41.171796983,-8.598010967,133.6,7.048,335.30,1.7,?,?
1400,1457871162.0,41.1718603,-8.598048017,133.4,7.974,335.10,1.7,?,?
1401,1457871163.0,41.171929383,-8.5980868,133.0,8.746,335.50,1.6,?,?
1402,1457871164.0,41.17200325,-8.598126217,132.3,9.311,336.00,1.6,?,?
1403,1457871165.0,41.172082433,-8.598170967,131.8,9.774,336.30,1.6,?,?
1404,1457871166.0,41.17216515,-8.598219667,131.5,10.135,336.10,1.2,?,?
1405,1457871167.0,41.17224975,-8.598273333,131.7,10.495,335.70,1.2,?,?
1406,1457871168.0,41.17233685,-8.598328717,131.8,10.700,335.40,1.2,?,?
1407,1457871169.0,41.172426617,-8.598384283,132.0,10.906,335.80,1.2,?,?
1408,1457871170.0,41.172513067,-8.598444183,132.4,10.855,335.30,1.1,?,?
1409,1457871171.0,41.1726009,-8.598498067,132.1,10.700,335.70,1.1,?,?
1410,1457871172.0,41.172687217,-8.59854925,131.8,10.340,336.10,1.1,?,?
1411,1457871173.0,41.172763917,-8.598598567,131.4,9.209,335.30,1.1,?,?
1412,1457871174.0,41.172832583,-8.598640517,131.3,7.871,334.80,1.2,?,?
1413,1457871175.0,41.172892583,-8.598675283,131.2,6.688,335.40,1.2,?,?
1414,1457871176.0,41.172940133,-8.598701033,131.2,5.093,338.00,1.2,?,?
1415,1457871177.0,41.172976883,-8.59870825,130.8,3.395,2.00,1.2,?,?
1416,1457871178.0,41.17300355,-8.5986906,130.8,3.292,47.70,1.2,?,?
1417,1457871179.0,41.173018883,-8.5986539,130.7,3.755,73.50,1.2,?,?
1418,1457871180.0,41.173038183,-8.598610283,131.3,4.424,74.00,1.1,?,?
1419,1457871181.0,41.173061833,-8.598564767,131.6,4.887,59.60,1.1,?,?
1420,1457871182.0,41.173084933,-8.59851565,131.4,5.196,62.40,1.1,?,?
1421,1457871183.0,41.173100133,-8.598456117,131.0,5.607,75.50,1.1,?,?
1422,1457871184.0,41.17312045,-8.598390467,130.5,5.710,70.50,1.1,?,?
1423,1457871185.0,41.173144933,-8.598329433,130.3,5.762,63.30,1.1,?,?
1424,1457871186.0,41.17316755,-8.59826945,130.0,5.505,62.80,1.1,?,?
1425,1457871187.0,41.1731867,-8.598212383,129.6,5.144,64.50,1.3,?,?
1426,1457871188.0,41.1732019,-8.59816325,129.2,4.116,67.40,1.3,?,?
1427,1457871189.0,41.1732041,-8.598120267,128.8,2.829,88.80,1.3,?,?
1428,1457871190.0,41.173191233,-8.598083033,127.4,3.190,111.20,1.3,?,?
1429,1457871191.0,41.173172933,-8.598044283,126.6,4.321,130.10,1.3,?,?
1430,1457871192.0,41.17313815,-8.598010467,126.5,5.916,151.50,1.1,?,?
1431,1457871193.0,41.173089983,-8.597980933,127.3,7.357,158.40,1.2,?,?
1432,1457871194.0,41.173027283,-8.597946733,127.5,8.283,157.70,1.3,?,?
1433,1457871195.0,41.1729572,-8.597909533,127.4,8.437,156.70,1.3,?,?
1434,1457871196.0,41.172888183,-8.597869567,127.6,8.385,155.70,1.3,?,?
1435,1457871197.0,41.1728171,-8.59782725,128.0,8.643,155.10,1.2,?,?
1436,1457871198.0,41.172744267,-8.597784067,128.6,8.746,155.60,1.6,?,?
1437,1457871199.0,41.172672383,-8.597741967,129.0,8.643,156.40,1.2,?,?
1438,1457871200.0,41.172603067,-8.59769965,129.2,8.488,156.50,1.2,?,?
1439,1457871201.0,41.172539517,-8.597654417,128.9,8.077,155.70,1.2,?,?
1440,1457871202.0,41.172477217,-8.597613,128.9,7.562,155.70,1.2,?,?
1441,1457871203.0,41.172419783,-8.5975793,129.0,6.533,158.80,1.2,?,?
1442,1457871204.0,41.172373267,-8.597561183,129.0,4.836,170.10,1.2,?,?
1443,1457871205.0,41.172332167,-8.59756305,129.9,4.013,190.10,1.2,?,?
1444,1457871206.0,41.17229395,-8.597574767,130.7,4.167,206.70,1.2,?,?
1445,1457871207.0,41.172261933,-8.597605,132.1,4.784,225.10,1.2,?,?
1446,1457871208.0,41.172235383,-8.597652033,133.4,4.990,242.90,1.2,?,?
1447,1457871209.0,41.172214683,-8.597714083,134.2,5.865,251.70,1.2,?,?
1448,1457871210.0,41.172194283,-8.597785367,134.2,6.173,250.90,1.2,?,?
1449,1457871211.0,41.1721742,-8.5978557,134.2,5.916,249.80,1.2,?,?
1450,1457871212.0,41.172153717,-8.5979193,133.9,5.402,244.80,1.2,?,?
1451,1457871213.0,41.17212625,-8.5979684,133.6,4.939,225.80,1.2,?,?
1452,1457871214.0,41.17209975,-8.598009,133.2,4.373,220.60,1.2,?,?
1453,1457871215.0,41.172079617,-8.598034967,132.7,3.035,221.50,1.2,?,?
1454,1457871216.0,41.1720715,-8.598046417,132.1,0.669,246.50,1.4,?,?
1455,1457871217.0,41.1720672,-8.598058767,130.5,0.206,318.50,1.4,?,?
1456,1457871218.0,41.172069,-8.598066133,128.5,0.154,23.70,1.4,?,?
1457,1457871219.0,41.172068967,-8.5980779,126.8,0.154,305.50,1.5,?,?
1458,1457871220.0,41.172069067,-8.598087133,125.6,0.257,287.60,1.4,?,?
1459,1457871221.0,41.172069617,-8.59809495,124.6,0.257,287.20,1.4,?,?
1460,1457871222.0,41.172070667,-8.598102167,123.6,0.257,287.10,1.5,?,?
1461,1457871223.0,41.172071917,-8.5981083,122.6,0.257,289.60,1.4,?,?
1462,1457871224.0,41.172073433,-8.598113317,121.6,0.206,298.60,1.5,?,?
1463,1457871225.0,41.172074167,-8.598120633,120.7,0.514,252.40,2.6,?,?
1464,1457871226.0,41.172068533,-8.5981488,119.7,2.521,244.30,2.6,?,?
1465,1457871227.0,41.1720486,-8.598192467,120.1,5.042,235.30,2.6,?,?
1466,1457871228.0,41.171998567,-8.598236967,119.7,7.408,212.20,2.4,?,?
1467,1457871229.0,41.17192405,-8.598211033,121.4,9.363,171.60,1.3,?,?
1468,1457871230.0,41.171839783,-8.59817345,121.7,11.678,155.60,1.5,?,?
1469,1457871231.0,41.1717412,-8.598107217,121.8,13.530,149.50,4.8,?,?
1470,1457871232.0,41.171634233,-8.598047517,121.0,13.427,153.70,2.8,?,?
1471,1457871233.0,41.171527633,-8.597985117,120.3,13.581,156.20,2.8,?,?
1472,1457871234.0,41.17141855,-8.597920583,120.4,13.478,156.90,2.8,?,?
1473,1457871235.0,41.17130955,-8.597860217,120.8,13.170,158.40,1.3,?,?
1474,1457871236.0,41.17120155,-8.5978087,121.5,12.707,161.30,1.2,?,?
1475,1457871237.0,41.1710965,-8.5977657,122.3,12.192,164.50,1.2,?,?
1476,1457871238.0,41.170995967,-8.597728133,122.8,11.626,166.50,1.2,?,?
1477,1457871239.0,41.17089915,-8.59769805,123.8,10.855,169.50,1.6,?,?
1478,1457871240.0,41.1708164,-8.597671667,124.5,9.311,168.90,1.6,?,?
1479,1457871241.0,41.170743167,-8.597651433,125.3,7.922,167.60,1.6,?,?
1480,1457871242.0,41.17068025,-8.5976313,126.5,6.533,166.70,1.6,?,?
1481,1457871243.0,41.170630233,-8.597612017,127.9,4.939,165.60,1.6,?,?
1482,1457871244.0,41.1705925,-8.597596867,129.6,3.344,163.50,1.2,?,?
1483,1457871245.0,41.170571333,-8.597586383,130.9,1.543,159.00,1.2,?,?
1484,1457871246.0,41.170558433,-8.59757805,131.8,1.029,149.40,1.2,?,?
1485,1457871247.0,41.170532083,-8.5975629,133.3,2.727,159.90,1.2,?,?
1486,1457871248.0,41.1704901,-8.59754795,133.3,4.887,164.10,1.2,?,?
1487,1457871249.0,41.170442367,-8.597522833,134.2,6.019,162.10,1.2,?,?
1488,1457871250.0,41.170388833,-8.5975,134.9,6.379,164.70,1.2,?,?
1489,1457871251.0,41.170342917,-8.597479783,135.1,5.402,166.60,1.2,?,?
1490,1457871252.0,41.170308317,-8.597462317,136.1,3.550,164.60,1.2,?,?
1491,1457871253.0,41.17028665,-8.59745105,136.7,1.955,155.60,1.2,?,?
1492,1457871254.0,41.170276383,-8.597445467,137.0,0.772,144.20,1.2,?,?
1493,1457871255.0,41.170272617,-8.597435467,138.2,0.051,68.50,1.2,?,?
1494,1457871256.0,41.1702761,-8.59742845,139.2,0.669,7.40,1.2,?,?
1495,1457871257.0,41.17028905,-8.597429333,139.2,1.595,359.30,1.2,?,?
1496,1457871258.0,41.170305233,-8.59743695,139.5,1.903,337.40,1.2,?,?
1497,1457871259.0,41.170317983,-8.597450317,139.5,1.801,313.10,1.4,?,?
1498,1457871260.0,41.170325533,-8.597460217,139.5,1.492,289.90,1.4,?,?
1499,1457871261.0,41.17032035,-8.597458933,139.8,0.566,273.80,1.4,?,?
1500,1457871262.0,41.170321133,-8.597454783,140.1,0.309,78.70,1.3,?,?
1501,1457871263.0,41.170323233,-8.597431467,140.7,1.286,62.50,1.3,?,?
1502,1457871264.0,41.170326767,-8.597417433,141.5,0.823,62.50,1.1,?,?
1503,1457871265.0,41.1703317,-8.597404883,141.9,1.338,62.60,1.1,?,?
1504,1457871266.0,41.170350867,-8.597380217,142.3,3.138,36.20,1.1,?,?
1505,1457871267.0,41.17039085,-8.597367567,142.1,5.350,5.90,1.1,?,?
1506,1457871268.0,41.17044385,-8.597380867,141.2,6.945,350.30,1.3,?,?
1507,1457871269.0,41.170510933,-8.597411583,139.8,9.209,342.60,1.4,?,?
1508,1457871270.0,41.170607133,-8.597454783,139.0,12.913,341.50,1.2,?,?
1509,1457871271.0,41.17071525,-8.597506383,138.3,13.684,342.30,1.2,?,?
1510,1457871272.0,41.170829717,-8.5975575,137.7,13.736,345.20,1.4,?,?
1511,1457871273.0,41.17094725,-8.597602383,137.2,13.581,345.80,1.4,?,?
1512,1457871274.0,41.17106105,-8.597644783,136.6,13.324,344.90,1.8,?,?
1513,1457871275.0,41.17117215,-8.597685867,136.0,13.015,344.30,2.4,?,?
1514,1457871276.0,41.171283917,-8.597726217,135.4,12.810,343.80,2.4,?,?
1515,1457871277.0,41.1713902,-8.597773767,135.0,12.552,339.60,1.4,?,?
1516,1457871278.0,41.1714898,-8.597830333,134.7,12.089,335.50,1.3,?,?
1517,1457871279.0,41.1715872,-8.5978895,134.8,11.832,334.60,1.3,?,?
1518,1457871280.0,41.171684933,-8.597948167,134.9,11.935,335.30,1.4,?,?
1519,1457871281.0,41.171783767,-8.598007967,135.2,11.935,335.80,1.2,?,?
1520,1457871282.0,41.171880383,-8.598065783,135.4,11.575,335.80,1.6,?,?
1521,1457871283.0,41.171972817,-8.5981216,135.5,11.061,335.90,1.6,?,?
1522,1457871284.0,41.172059567,-8.59817505,135.7,10.392,335.70,1.6,?,?
1523,1457871285.0,41.172142867,-8.59822485,135.7,9.929,335.70,1.6,?,?
1524,1457871286.0,41.172223633,-8.598270333,135.5,9.672,336.00,1.6,?,?
1525,1457871287.0,41.172302317,-8.598317783,135.3,9.620,335.70,1.6,?,?
1526,1457871288.0,41.172380733,-8.598370333,135.6,9.620,335.60,1.6,?,?
1527,1457871289.0,41.172459333,-8.59842155,135.9,9.672,335.90,1.6,?,?
1528,1457871290.0,41.172539917,-8.5984687,136.0,9.774,335.90,1.6,?,?
1529,1457871291.0,41.172622283,-8.598515317,135.5,9.980,335.10,1.2,?,?
1530,1457871292.0,41.1727055,-8.59856195,135.0,10.032,335.60,1.4,?,?
1531,1457871293.0,41.172788333,-8.598608783,134.3,9.980,336.00,1.4,?,?
1532,1457871294.0,41.172868967,-8.598657183,133.8,9.929,335.90,1.4,?,?
1533,1457871295.0,41.172950883,-8.598706383,133.4,9.980,335.70,1.2,?,?
1534,1457871296.0,41.1730374,-8.598750183,132.2,10.186,335.70,1.1,?,?
1535,1457871297.0,41.173123533,-8.598799383,131.6,10.392,335.80,1.1,?,?
1536,1457871298.0,41.173210133,-8.598850317,131.2,10.649,336.10,1.1,?,?
1537,1457871299.0,41.173298433,-8.59890115,130.8,10.752,335.90,1.1,?,?
1538,1457871300.0,41.173386933,-8.598952417,130.2,10.700,336.00,1.1,?,?
1539,1457871301.0,41.173472617,-8.599007233,129.8,10.700,335.90,1.1,?,?
1540,1457871302.0,41.173554467,-8.599060117,129.5,10.032,335.20,1.1,?,?
1541,1457871303.0,41.17362755,-8.599103083,128.9,8.488,336.00,1.1,?,?
1542,1457871304.0,41.17368715,-8.599139533,128.5,6.688,334.40,1.1,?,?
1543,1457871305.0,41.173733167,-8.5991776,127.8,5.093,322.90,1.3,?,?
1544,1457871306.0,41.173756783,-8.599212183,127.2,3.447,305.60,1.3,?,?
1545,1457871307.0,41.173760283,-8.59923775,126.8,2.109,276.50,1.3,?,?
1546,1457871308.0,41.173759183,-8.59926105,126.4,2.109,262.70,1.3,?,?
1547,1457871309.0,41.173751633,-8.59928265,126.2,2.161,247.20,1.4,?,?
1548,1457871310.0,41.173743033,-8.599303533,126.1,1.903,245.10,1.4,?,?
1549,1457871311.0,41.17374335,-8.599307633,126.5,0.154,287.90,1.2,?,?
1550,1457871312.0,41.173745083,-8.59930295,126.8,1.183,91.20,1.2,?,?
1551,1457871313.0,41.17374905,-8.599288617,127.2,1.801,79.70,1.2,?,?
1552,1457871314.0,41.173754233,-8.599287583,126.9,1.183,58.50,1.2,?,?
1553,1457871315.0,41.173759383,-8.599286,127.0,0.875,30.40,1.2,?,?
1554,1457871316.0,41.173767617,-8.599281083,127.4,1.132,28.00,1.2,?,?
1555,1457871317.0,41.173774783,-8.5992781,127.3,0.926,15.80,1.2,?,?
1556,1457871318.0,41.173779017,-8.599277767,127.5,0.360,5.40,1.2,?,?
1557,1457871319.0,41.173781817,-8.599277783,127.6,0.103,240.10,1.2,?,?
1558,1457871320.0,41.173764,-8.59926805,127.4,3.190,157.30,1.2,?,?
1559,1457871321.0,41.173725917,-8.59924005,127.7,6.276,153.70,1.2,?,?
1560,1457871322.0,41.173664717,-8.5991899,127.2,10.289,154.80,1.2,?,?
1561,1457871323.0,41.173577333,-8.59912585,127.4,12.398,155.40,1.2,?,?
1562,1457871324.0,41.173464467,-8.599055267,128.1,15.433,156.70,1.2,?,?
1563,1457871325.0,41.173322583,-8.59896605,129.0,18.983,156.00,1.2,?,?
1564,1457871326.0,41.173166267,-8.59887215,129.8,19.549,155.50,1.2,?,?
1565,1457871327.0,41.173016067,-8.59877685,130.8,18.623,155.40,1.2,?,?
1566,1457871328.0,41.172870583,-8.598685883,132.0,17.543,155.70,1.2,?,?
1567,1457871329.0,41.172730983,-8.598600417,133.0,16.719,156.00,1.2,?,?
1568,1457871330.0,41.172597667,-8.5985196,133.9,15.999,155.70,1.2,?,?
1569,1457871331.0,41.172470117,-8.598441383,134.7,15.279,155.90,1.2,?,?
1570,1457871332.0,41.17234525,-8.5983648,135.2,15.228,155.50,1.2,?,?
1571,1457871333.0,41.172220667,-8.598289133,135.8,15.228,155.60,1.2,?,?
1572,1457871334.0,41.1720969,-8.598213633,136.2,15.125,155.70,1.2,?,?
1573,1457871335.0,41.171972767,-8.598139333,136.5,14.970,155.90,1.2,?,?
1574,1457871336.0,41.171848317,-8.598065217,137.1,14.970,156.00,1.2,?,?
1575,1457871337.0,41.171724917,-8.597993383,137.7,14.867,155.80,1.6,?,?
1576,1457871338.0,41.171605267,-8.597918317,138.1,14.765,155.40,1.2,?,?
1577,1457871339.0,41.171480667,-8.597846233,138.7,14.919,156.40,1.2,?,?
1578,1457871340.0,41.171356767,-8.597777533,138.9,14.970,157.60,1.2,?,?
1579,1457871341.0,41.171231633,-8.597715833,139.0,14.919,159.90,1.2,?,?
1580,1457871342.0,41.171105517,-8.597666817,139.4,14.559,164.10,1.2,?,?
1581,1457871343.0,41.170981083,-8.59762515,140.0,13.993,167.30,1.2,?,?
1582,1457871344.0,41.170859017,-8.597593283,140.7,13.478,170.30,1.6,?,?
1583,1457871345.0,41.17074315,-8.597569867,141.2,12.707,171.80,1.7,?,?
1584,1457871346.0,41.170636317,-8.597549733,141.8,11.626,173.70,1.7,?,?
1585,1457871347.0,41.17055655,-8.597512983,142.0,9.311,166.80,1.7,?,?
1586,1457871348.0,41.170480067,-8.5974909,142.2,8.025,166.00,1.7,?,?
1587,1457871349.0,41.1704136,-8.59747275,142.3,6.894,167.10,1.7,?,?
1588,1457871350.0,41.170357633,-8.597456883,142.6,5.710,167.80,1.7,?,?
1589,1457871351.0,41.170314917,-8.5974438,142.8,4.270,166.30,1.7,?,?
1590,1457871352.0,41.170284917,-8.597432517,143.2,2.778,161.90,1.7,?,?
1591,1457871353.0,41.170267617,-8.597424317,143.6,1.235,157.50,1.3,?,?
1592,1457871354.0,41.1702657,-8.597425467,143.4,0.360,344.00,1.3,?,?
1593,1457871355.0,41.170268383,-8.5974233,143.7,0.566,7.40,1.3,?,?
1594,1457871356.0,41.170278633,-8.597422583,143.4,1.235,0.20,1.3,?,?
1595,1457871357.0,41.17029535,-8.59743015,142.4,1.698,341.40,1.3,?,?
1596,1457871358.0,41.170306417,-8.5974434,141.4,1.235,317.40,1.3,?,?
1597,1457871359.0,41.1703096,-8.597435217,142.5,0.360,304.30,1.1,?,?
1598,1457871360.0,41.170310533,-8.5974396,142.4,0.154,306.30,1.1,?,?
1599,1457871361.0,41.17031405,-8.597440667,142.1,0.051,214.60,1.1,?,?
1600,1457871362.0,41.170315083,-8.597444933,141.7,0.103,300.50,1.3,?,?
1601,1457871363.0,41.170316667,-8.597449217,141.2,0.206,291.30,1.3,?,?
1602,1457871364.0,41.170315717,-8.597444967,140.3,0.051,224.40,1.3,?,?
1603,1457871365.0,41.170313667,-8.59744235,139.3,0.154,109.60,1.3,?,?
1604,1457871366.0,41.170314,-8.597434967,138.8,0.926,70.30,1.3,?,?
1605,1457871367.0,41.170329333,-8.597413817,138.8,3.035,43.30,1.3,?,?
1606,1457871368.0,41.170358667,-8.5974012,138.0,4.167,14.40,1.1,?,?
1607,1457871369.0,41.170396317,-8.597404383,137.3,4.836,354.00,1.3,?,?
1608,1457871370.0,41.170447967,-8.597420167,136.6,6.482,344.60,1.3,?,?
1609,1457871371.0,41.170516433,-8.597447217,135.9,8.746,340.70,1.5,?,?
1610,1457871372.0,41.170615733,-8.5974922,135.4,12.552,340.30,1.5,?,?
1611,1457871373.0,41.170748333,-8.597552167,135.5,15.999,342.40,1.4,?,?
1612,1457871374.0,41.1708895,-8.59760465,135.4,16.462,346.40,1.4,?,?
1613,1457871375.0,41.171031517,-8.597650017,135.0,16.256,346.70,1.8,?,?
1614,1457871376.0,41.171168167,-8.597697883,134.4,15.691,345.10,1.8,?,?
1615,1457871377.0,41.171304983,-8.597747183,134.5,15.536,343.00,2.4,?,?
1616,1457871378.0,41.171435867,-8.597801633,134.3,15.279,340.40,1.4,?,?
1617,1457871379.0,41.171558667,-8.597869417,134.4,14.816,336.60,1.4,?,?
1618,1457871380.0,41.171671217,-8.597936683,134.7,13.273,336.30,1.4,?,?
1619,1457871381.0,41.171762333,-8.597990817,135.0,10.546,338.20,1.4,?,?
1620,1457871382.0,41.171821133,-8.59803045,135.2,6.894,336.70,1.6,?,?
1621,1457871383.0,41.17186425,-8.598054183,135.1,4.321,335.70,1.6,?,?
1622,1457871384.0,41.171891217,-8.598065917,135.0,2.366,336.30,1.6,?,?
1623,1457871385.0,41.171905983,-8.5980698,134.6,1.029,338.50,1.6,?,?
1624,1457871386.0,41.171911833,-8.59806945,134.2,0.206,333.30,1.6,?,?
1625,1457871387.0,41.171913667,-8.598066417,133.7,0.103,157.60,1.6,?,?
1626,1457871388.0,41.171914733,-8.59806585,133.3,0.051,206.90,1.6,?,?
1627,1457871389.0,41.1719152,-8.5980654,133.0,0.051,214.10,1.6,?,?
1628,1457871390.0,41.17191565,-8.598065067,132.7,0.000,94.80,1.6,?,?
1629,1457871391.0,41.171916167,-8.598064417,132.4,0.051,28.20,1.6,?,?
1630,1457871392.0,41.171920267,-8.598066817,132.4,0.720,331.90,1.6,?,?
1631,1457871393.0,41.171940967,-8.5980798,132.4,3.190,331.20,1.6,?,?
1632,1457871394.0,41.17197425,-8.5980988,131.8,4.630,334.80,2.1,?,?
1633,1457871395.0,41.172012417,-8.598120117,131.1,5.144,335.50,2.1,?,?
1634,1457871396.0,41.172059283,-8.598147517,130.6,6.122,334.10,1.3,?,?
1635,1457871397.0,41.172114317,-8.59818165,130.6,7.202,334.60,1.2,?,?
1636,1457871398.0,41.172177183,-8.59821725,130.3,7.974,336.70,1.3,?,?
1637,1457871399.0,41.172242517,-8.598254233,129.7,8.231,337.40,1.6,?,?
1638,1457871400.0,41.172310683,-8.598300983,129.8,8.694,336.50,1.4,?,?
1639,1457871401.0,41.172384967,-8.598352383,130.1,9.363,335.20,1.4,?,?
1640,1457871402.0,41.17246425,-8.59840555,130.4,9.929,335.30,1.7,?,?
1641,1457871403.0,41.172547267,-8.59845815,130.4,10.443,335.80,1.6,?,?
1642,1457871404.0,41.172637817,-8.598511433,130.1,11.009,336.10,1.6,?,?
1643,1457871405.0,41.17273155,-8.598565917,129.7,11.421,335.50,1.6,?,?
1644,1457871406.0,41.17282815,-8.5986233,129.5,11.781,335.30,1.6,?,?
1645,1457871407.0,41.1729247,-8.598683333,129.4,11.884,335.00,1.4,?,?
1646,1457871408.0,41.173020983,-8.598740683,129.0,11.781,335.50,1.4,?,?
1647,1457871409.0,41.1731169,-8.598797233,128.6,11.678,335.70,1.1,?,?
1648,1457871410.0,41.173209583,-8.598856267,128.6,11.678,335.70,1.1,?,?
1649,1457871411.0,41.173304617,-8.598914017,128.5,11.524,335.40,1.1,?,?
1650,1457871412.0,41.173400717,-8.598968867,128.2,11.524,335.30,1.4,?,?
1651,1457871413.0,41.173495033,-8.599023383,127.7,11.266,335.90,1.5,?,?
1652,1457871414.0,41.173581817,-8.59907575,127.5,10.289,336.80,1.5,?,?
1653,1457871415.0,41.173656117,-8.599120667,127.3,8.540,336.90,1.5,?,?
1654,1457871416.0,41.173714733,-8.59915755,127.6,6.533,335.20,1.4,?,?
1655,1457871417.0,41.1737511,-8.599194483,128.0,4.579,320.20,1.4,?,?
1656,1457871418.0,41.173773783,-8.59922725,127.9,3.190,299.20,1.1,?,?
1657,1457871419.0,41.173773133,-8.5992576,128.3,2.212,271.70,1.1,?,?
1658,1457871420.0,41.173768,-8.599280483,128.4,1.955,256.50,1.1,?,?
1659,1457871421.0,41.173752717,-8.599302567,129.3,1.852,234.10,1.1,?,?
1660,1457871422.0,41.173744267,-8.599319983,130.1,1.389,230.90,1.1,?,?
1661,1457871423.0,41.173740667,-8.599330033,130.2,0.720,237.20,1.1,?,?
1662,1457871424.0,41.173738517,-8.599334917,130.1,0.412,251.00,1.1,?,?
1663,1457871425.0,41.173737617,-8.59933885,129.5,0.257,266.40,1.1,?,?
1664,1457871426.0,41.173737433,-8.599337067,129.3,0.051,61.20,1.2,?,?
1665,1457871427.0,41.173736917,-8.599336617,129.0,0.206,69.10,1.2,?,?
1666,1457871428.0,41.173736667,-8.599336517,128.5,0.154,78.70,1.2,?,?
1667,1457871429.0,41.17373775,-8.59933605,128.2,0.154,66.80,1.2,?,?
1668,1457871430.0,41.173739033,-8.5993346,127.8,0.412,62.30,1.2,?,?
1669,1457871431.0,41.173741717,-8.599330683,127.1,0.669,57.80,1.2,?,?
1670,1457871432.0,41.173745217,-8.599317983,127.3,1.235,63.00,1.2,?,?
1671,1457871433.0,41.173748383,-8.59930605,127.6,1.338,63.90,1.2,?,?
1672,1457871434.0,41.17375005,-8.599292933,128.3,1.235,68.70,1.2,?,?
1673,1457871435.0,41.173755683,-8.59928265,128.5,1.183,41.30,1.2,?,?
1674,1457871436.0,41.173760517,-8.599273967,128.8,0.926,46.60,1.2,?,?
1675,1457871437.0,41.173765067,-8.59926925,128.9,0.566,23.90,1.1,?,?
1676,1457871438.0,41.173772917,-8.599262767,128.4,0.412,14.00,1.1,?,?
1677,1457871439.0,41.173777133,-8.599261917,128.1,0.206,214.40,1.2,?,?
1678,1457871440.0,41.173762167,-8.59925525,127.8,2.932,162.70,1.2,?,?
1679,1457871441.0,41.173732183,-8.599235533,127.3,4.939,154.80,1.2,?,?
1680,1457871442.0,41.173690567,-8.59920885,126.9,6.225,155.40,1.2,?,?
1681,1457871443.0,41.173645217,-8.599177967,126.6,6.379,155.50,1.1,?,?
1682,1457871444.0,41.1735946,-8.5991427,126.7,6.894,155.50,1.1,?,?
1683,1457871445.0,41.173539783,-8.59910635,127.0,7.408,156.00,1.1,?,?
1684,1457871446.0,41.173469817,-8.599059417,127.5,9.826,154.80,1.1,?,?
1685,1457871447.0,41.173371017,-8.598996517,128.2,13.890,155.60,1.1,?,?
1686,1457871448.0,41.173239767,-8.598922433,128.8,17.697,156.80,1.1,?,?
1687,1457871449.0,41.1730888,-8.598838417,128.7,19.395,156.60,1.3,?,?
1688,1457871450.0,41.1729379,-8.598748017,129.4,19.034,156.10,1.1,?,?
1689,1457871451.0,41.172779433,-8.5986556,130.1,19.909,155.90,1.1,?,?
1690,1457871452.0,41.17261505,-8.59855565,130.8,20.269,155.60,1.1,?,?
1691,1457871453.0,41.1724518,-8.59845565,131.6,20.012,156.20,1.1,?,?
1692,1457871454.0,41.172287633,-8.598353767,132.3,20.063,156.10,1.1,?,?
1693,1457871455.0,41.172123517,-8.598252817,133.0,20.063,156.00,1.1,?,?
1694,1457871456.0,41.171959567,-8.598152667,133.6,19.960,155.80,1.1,?,?
1695,1457871457.0,41.171798917,-8.598055967,134.6,19.343,155.50,1.2,?,?
1696,1457871458.0,41.171638667,-8.597963833,135.3,18.932,156.20,1.2,?,?
1697,1457871459.0,41.171481333,-8.597873817,135.9,18.674,156.50,1.2,?,?
1698,1457871460.0,41.171326067,-8.59779105,136.3,18.469,158.80,1.2,?,?
1699,1457871461.0,41.171171633,-8.597723883,136.8,18.160,162.80,1.2,?,?
1700,1457871462.0,41.171016133,-8.597667417,137.6,17.851,166.20,1.2,?,?
1701,1457871463.0,41.170860267,-8.597621517,138.5,17.697,168.60,1.2,?,?
1702,1457871464.0,41.170707583,-8.597580483,139.3,17.285,168.60,1.5,?,?
1703,1457871465.0,41.170564833,-8.597535817,139.9,16.102,165.90,1.2,?,?
1704,1457871466.0,41.170431267,-8.597491767,140.4,14.867,164.80,1.4,?,?
1705,1457871467.0,41.17031185,-8.5974516,141.1,12.913,164.90,2.1,?,?
1706,1457871468.0,41.170210967,-8.59741765,141.7,10.700,165.50,1.2,?,?
1707,1457871469.0,41.170130317,-8.59739715,141.6,8.334,169.10,1.2,?,?
1708,1457871470.0,41.170063783,-8.597382417,142.3,6.070,173.10,1.2,?,?
1709,1457871471.0,41.170022433,-8.597381833,141.6,4.064,182.40,1.2,?,?
1710,1457871472.0,41.169991683,-8.597383367,141.9,2.418,185.70,1.2,?,?
1711,1457871473.0,41.16997055,-8.597367767,144.3,1.080,180.70,1.1,?,?
1712,1457871474.0,41.169964867,-8.597358083,145.0,0.051,129.10,1.1,?,?
1713,1457871475.0,41.1699657,-8.597351983,145.2,0.257,7.30,1.1,?,?
1714,1457871476.0,41.169966567,-8.59734805,145.2,0.051,30.40,1.1,?,?
1715,1457871477.0,41.169967383,-8.597344883,145.2,0.051,232.60,1.1,?,?
1716,1457871478.0,41.16996845,-8.597341417,145.0,0.000,105.10,1.1,?,?
1717,1457871479.0,41.169969533,-8.597338833,144.9,0.000,84.90,1.1,?,?
1718,1457871480.0,41.16997035,-8.597336533,144.8,0.000,44.30,1.1,?,?
1719,1457871481.0,41.169971617,-8.597330983,144.7,0.051,16.90,1.1,?,?
1720,1457871482.0,41.169972483,-8.597327383,144.8,0.051,176.30,1.1,?,?
1721,1457871483.0,41.169966883,-8.597327883,144.8,0.926,179.20,1.1,?,?
1722,1457871484.0,41.169948917,-8.597331317,144.9,2.521,180.40,1.1,?,?
1723,1457871485.0,41.169919267,-8.5973332,144.9,3.961,181.10,1.1,?,?
1724,1457871486.0,41.169883683,-8.5973364,144.7,4.373,182.90,1.1,?,?
1725,1457871487.0,41.16984525,-8.597341867,144.5,4.681,184.00,1.1,?,?
1726,1457871488.0,41.1697997,-8.597347583,144.1,5.505,183.00,1.1,?,?
1727,1457871489.0,41.1697476,-8.597353033,143.7,6.019,181.90,1.1,?,?
1728,1457871490.0,41.169691933,-8.597356017,143.3,6.431,180.40,1.1,?,?
1729,1457871491.0,41.169630483,-8.597357317,142.8,6.945,177.00,1.2,?,?
1730,1457871492.0,41.169565567,-8.597359017,142.1,7.408,180.40,1.4,?,?
1731,1457871493.0,41.16949225,-8.597355817,142.6,7.871,184.60,1.4,?,?
1732,1457871494.0,41.169419383,-8.597365033,142.7,8.128,187.40,1.3,?,?
1733,1457871495.0,41.1693494,-8.5973751,142.7,8.025,186.20,1.1,?,?
1734,1457871496.0,41.169277983,-8.597387583,142.9,8.025,185.00,1.1,?,?
1735,1457871497.0,41.1692054,-8.597396233,143.3,8.077,183.80,1.1,?,?
1736,1457871498.0,41.169128617,-8.597399067,144.2,8.488,183.20,1.2,?,?
1737,1457871499.0,41.169047917,-8.59740795,144.5,9.157,183.70,1.2,?,?
1738,1457871500.0,41.16896305,-8.59742315,144.7,9.672,187.60,1.2,?,?
1739,1457871501.0,41.16887375,-8.597440217,144.7,10.186,188.90,1.6,?,?
1740,1457871502.0,41.168782467,-8.597461217,144.6,10.392,190.60,1.4,?,?
1741,1457871503.0,41.1686922,-8.59748585,144.5,10.237,192.50,1.6,?,?
1742,1457871504.0,41.16860715,-8.5975124,144.4,9.569,194.70,1.7,?,?
1743,1457871505.0,41.168532217,-8.597527817,144.5,8.128,195.90,1.6,?,?
1744,1457871506.0,41.168471433,-8.597548367,144.2,6.533,197.00,4.7,?,?
1745,1457871507.0,41.168419633,-8.5975765,143.9,5.762,202.20,1.6,?,?
1746,1457871508.0,41.168374317,-8.59759145,143.6,4.887,199.70,1.6,?,?
1747,1457871509.0,41.168331783,-8.597615767,143.3,4.733,202.50,1.6,?,?
1748,1457871510.0,41.16828945,-8.597649117,143.2,5.042,209.00,1.6,?,?
1749,1457871511.0,41.168244933,-8.597677733,143.3,5.350,208.70,2.2,?,?
1750,1457871512.0,41.168203083,-8.597708367,143.2,5.196,209.40,1.6,?,?
1751,1457871513.0,41.168158867,-8.597730683,143.6,5.196,203.00,1.6,?,?
1752,1457871514.0,41.16811035,-8.59775285,144.0,5.659,196.30,1.6,?,?
1753,1457871515.0,41.168058533,-8.597771033,145.2,6.276,192.90,1.6,?,?
1754,1457871516.0,41.168001533,-8.597794117,146.1,6.996,197.00,1.4,?,?
1755,1457871517.0,41.167939017,-8.597825683,147.0,7.717,199.70,1.2,?,?
1756,1457871518.0,41.167874817,-8.597863967,147.6,7.871,204.40,1.5,?,?
1757,1457871519.0,41.167807183,-8.597901583,147.8,8.231,202.20,1.5,?,?
1758,1457871520.0,41.16773365,-8.597937,148.3,8.797,199.80,1.5,?,?
1759,1457871521.0,41.1676561,-8.59797455,149.1,9.414,200.00,1.5,?,?
1760,1457871522.0,41.167573783,-8.598012483,149.7,9.877,198.60,1.4,?,?
1761,1457871523.0,41.167489983,-8.5980456,150.2,9.826,195.90,1.4,?,?
1762,1457871524.0,41.1674088,-8.598080483,150.6,9.311,198.90,1.4,?,?
1763,1457871525.0,41.167332967,-8.59811665,151.1,8.694,201.10,1.2,?,?
1764,1457871526.0,41.1672666,-8.598155583,151.5,7.871,205.00,1.3,?,?
1765,1457871527.0,41.167205917,-8.5981839,151.1,6.945,201.90,1.3,?,?
1766,1457871528.0,41.167161617,-8.598210933,150.7,5.299,203.90,1.3,?,?
1767,1457871529.0,41.167129467,-8.598227117,150.0,3.395,196.20,1.3,?,?
1768,1457871530.0,41.167105683,-8.598230033,150.0,2.006,175.30,1.3,?,?
1769,1457871531.0,41.167093767,-8.5982281,149.6,1.132,165.20,1.2,?,?
1770,1457871532.0,41.16708325,-8.59821755,149.1,1.903,134.30,1.2,?,?
1771,1457871533.0,41.1670645,-8.598184967,149.6,4.064,126.90,1.2,?,?
1772,1457871534.0,41.167050133,-8.59814335,149.6,4.476,115.70,1.4,?,?
1773,1457871535.0,41.16703375,-8.598092317,149.9,5.196,111.20,2.8,?,?
1774,1457871536.0,41.167017817,-8.598028417,150.4,6.225,107.50,3.9,?,?
1775,1457871537.0,41.167001617,-8.597955167,150.9,6.894,106.20,1.6,?,?
1776,1457871538.0,41.166984567,-8.5978748,151.4,7.459,106.50,1.6,?,?
1777,1457871539.0,41.166969433,-8.597789367,152.0,7.665,106.50,1.6,?,?
1778,1457871540.0,41.16695575,-8.597702683,152.7,7.665,106.30,3.9,?,?
1779,1457871541.0,41.166954833,-8.597617017,154.0,7.151,103.50,1.5,?,?
1780,1457871542.0,41.166940933,-8.59753715,156.2,6.122,106.40,1.5,?,?
1781,1457871543.0,41.1669229,-8.597485967,157.4,3.755,110.60,3.0,?,?
1782,1457871544.0,41.166913483,-8.597446683,158.4,2.984,110.30,2.9,?,?
1783,1457871545.0,41.166898833,-8.597415083,158.5,2.829,112.40,2.9,?,?
1784,1457871546.0,41.166875983,-8.597384317,157.6,3.292,132.50,2.6,?,?
1785,1457871547.0,41.166824433,-8.59737075,155.4,4.476,167.50,1.2,?,?
1786,1457871548.0,41.166766267,-8.597382067,153.3,5.453,193.00,1.2,?,?
1787,1457871549.0,41.166702917,-8.597406617,152.1,6.739,198.30,1.2,?,?
1788,1457871550.0,41.1666297,-8.59743605,151.4,7.768,197.10,1.5,?,?
1789,1457871551.0,41.1665522,-8.59746815,151.0,8.488,196.90,1.5,?,?
1790,1457871552.0,41.166472617,-8.5975026,151.1,9.157,199.10,1.5,?,?
1791,1457871553.0,41.166391767,-8.597535483,151.5,9.311,198.10,2.1,?,?
1792,1457871554.0,41.166315483,-8.5975646,151.8,8.591,197.20,2.1,?,?
1793,1457871555.0,41.166247633,-8.5975944,152.2,7.614,198.90,2.1,?,?
1794,1457871556.0,41.166194483,-8.597621533,152.7,5.762,203.30,1.6,?,?
1795,1457871557.0,41.166150967,-8.597644967,153.1,4.579,205.80,5.2,?,?
1796,1457871558.0,41.1661138,-8.597672867,153.6,4.167,210.80,2.1,?,?
1797,1457871559.0,41.166085,-8.597698467,154.0,3.550,216.80,2.1,?,?
1798,1457871560.0,41.166054717,-8.597728133,154.2,4.218,220.10,2.1,?,?
1799,1457871561.0,41.16601835,-8.597765167,153.9,5.247,219.30,2.1,?,?
1800,1457871562.0,41.165986033,-8.597831767,153.2,6.636,232.50,2.1,?,?
1801,1457871563.0,41.165947667,-8.597947267,155.0,10.495,245.70,2.1,?,?
1802,1457871564.0,41.16590675,-8.598076183,155.3,12.295,247.90,2.1,?,?
1803,1457871565.0,41.165863017,-8.598210317,156.0,12.913,247.30,2.1,?,?
1804,1457871566.0,41.165816783,-8.598342717,156.1,12.552,244.40,2.1,?,?
1805,1457871567.0,41.16575645,-8.598449767,158.0,11.729,236.70,1.6,?,?
1806,1457871568.0,41.165695467,-8.598554867,158.8,11.266,230.80,2.1,?,?
1807,1457871569.0,41.165633583,-8.598607567,158.3,8.694,214.70,1.6,?,?
1808,1457871570.0,41.165577483,-8.598644483,156.5,7.151,194.20,1.5,?,?
1809,1457871571.0,41.165517733,-8.5986551,155.7,6.688,176.00,1.5,?,?
1810,1457871572.0,41.165461483,-8.598624117,155.3,6.791,147.90,1.5,?,?
1811,1457871573.0,41.165419583,-8.59856365,154.8,7.665,127.00,1.2,?,?
1812,1457871574.0,41.1654104,-8.598492617,153.9,6.894,102.30,1.2,?,?
1813,1457871575.0,41.165409483,-8.59842255,152.7,6.533,92.10,1.1,?,?
1814,1457871576.0,41.165403133,-8.59834965,152.8,6.585,96.20,1.1,?,?
1815,1457871577.0,41.165396067,-8.59827005,152.9,6.996,98.80,1.5,?,?
1816,1457871578.0,41.165389833,-8.598182683,153.4,7.305,99.50,1.1,?,?
1817,1457871579.0,41.165382133,-8.598089133,153.4,7.871,100.90,1.1,?,?
1818,1457871580.0,41.165375917,-8.597988783,153.5,8.437,99.80,1.1,?,?
1819,1457871581.0,41.165368583,-8.59788115,153.4,9.054,99.90,1.1,?,?
1820,1457871582.0,41.165356933,-8.59776475,154.0,9.672,100.80,1.1,?,?
1821,1457871583.0,41.1653424,-8.597643917,154.5,10.598,101.40,1.1,?,?
1822,1457871584.0,41.165328217,-8.597531383,153.7,10.649,99.80,1.1,?,?
1823,1457871585.0,41.16531165,-8.597412433,153.4,10.855,99.30,1.3,?,?
1824,1457871586.0,41.165293117,-8.59728295,153.6,11.163,100.60,1.3,?,?
1825,1457871587.0,41.165272383,-8.597149983,153.7,11.318,101.10,1.3,?,?
1826,1457871588.0,41.165252683,-8.59701615,154.0,11.421,100.70,1.3,?,?
1827,1457871589.0,41.165237183,-8.596880667,153.7,11.369,99.10,1.3,?,?
1828,1457871590.0,41.165216567,-8.596739883,153.2,12.038,99.90,1.4,?,?
1829,1457871591.0,41.165196317,-8.596601667,153.8,11.832,101.30,1.4,?,?
1830,1457871592.0,41.16517505,-8.596461533,154.0,12.038,101.90,1.4,?,?
1831,1457871593.0,41.165155867,-8.596328767,154.7,11.524,101.50,1.5,?,?
1832,1457871594.0,41.1651337,-8.596194133,154.8,11.524,102.60,4.0,?,?
1833,1457871595.0,41.1651194,-8.596095,155.7,9.929,102.70,2.4,?,?
1834,1457871596.0,41.16511045,-8.595992083,156.7,9.517,99.90,1.2,?,?
1835,1457871597.0,41.165096667,-8.595903833,155.3,8.848,102.00,1.2,?,?
1836,1457871598.0,41.165083883,-8.595807183,154.6,8.540,99.60,1.2,?,?
1837,1457871599.0,41.165072633,-8.595706667,155.1,8.385,99.20,1.2,?,?
1838,1457871600.0,41.16505875,-8.595602717,155.4,8.591,99.90,1.2,?,?
1839,1457871601.0,41.165045633,-8.595505317,154.7,8.797,97.90,1.4,?,?
1840,1457871602.0,41.165033983,-8.595396983,155.1,8.900,97.90,1.2,?,?
1841,1457871603.0,41.16502345,-8.595289133,155.7,9.260,97.10,1.2,?,?
1842,1457871604.0,41.16500685,-8.595174467,155.6,9.672,100.30,1.1,?,?
1843,1457871605.0,41.164990367,-8.595056467,155.1,10.032,101.70,1.1,?,?
1844,1457871606.0,41.16497275,-8.594930733,155.3,10.649,100.50,1.1,?,?
1845,1457871607.0,41.164956933,-8.5948039,155.6,11.061,100.90,1.1,?,?
1846,1457871608.0,41.164941217,-8.594671817,156.0,11.215,100.20,1.1,?,?
1847,1457871609.0,41.164924417,-8.594534517,156.8,10.958,99.60,1.1,?,?
1848,1457871610.0,41.164906383,-8.594411983,156.7,10.495,100.20,1.0,?,?
1849,1457871611.0,41.164890233,-8.5942932,156.6,10.032,99.80,1.0,?,?
1850,1457871612.0,41.1648762,-8.59418095,156.9,9.363,99.50,1.1,?,?
1851,1457871613.0,41.16486525,-8.5940847,156.9,8.334,96.40,1.1,?,?
1852,1457871614.0,41.164857017,-8.593993883,157.0,7.562,95.80,1.2,?,?
1853,1457871615.0,41.16485155,-8.593899467,157.4,7.614,92.60,1.1,?,?
1854,1457871616.0,41.164838417,-8.5938296,157.7,6.431,100.80,1.2,?,?
1855,1457871617.0,41.164821467,-8.5937554,157.4,6.276,105.80,1.3,?,?
1856,1457871618.0,41.1648061,-8.593675417,157.5,6.328,104.00,1.1,?,?
1857,1457871619.0,41.164791833,-8.5935605,158.6,7.820,100.00,1.1,?,?
1858,1457871620.0,41.164777717,-8.5934648,158.4,8.025,99.70,1.1,?,?
1859,1457871621.0,41.164763067,-8.59336135,158.7,8.334,100.70,1.1,?,?
1860,1457871622.0,41.164751167,-8.593268467,158.6,7.974,98.80,1.1,?,?
1861,1457871623.0,41.164739633,-8.593163567,158.9,8.694,97.60,1.1,?,?
1862,1457871624.0,41.16472435,-8.59305415,159.5,9.363,100.00,1.2,?,?
1863,1457871625.0,41.164709017,-8.59292805,160.4,10.186,100.90,1.2,?,?
1864,1457871626.0,41.164691433,-8.592792917,160.7,11.112,100.40,1.2,?,?
1865,1457871627.0,41.164674633,-8.592664783,160.4,11.266,99.30,1.1,?,?
1866,1457871628.0,41.164657783,-8.592526233,160.4,11.626,99.60,1.1,?,?
1867,1457871629.0,41.16463755,-8.592394083,159.7,11.524,101.70,1.1,?,?
1868,1457871630.0,41.164614467,-8.592256967,159.9,11.472,103.30,1.1,?,?
1869,1457871631.0,41.164594633,-8.592124067,160.1,11.215,101.50,1.2,?,?
1870,1457871632.0,41.164577383,-8.591997983,159.5,10.598,99.00,1.2,?,?
1871,1457871633.0,41.164565717,-8.591881517,158.6,9.877,95.40,1.2,?,?
1872,1457871634.0,41.164555067,-8.591773733,157.9,9.106,97.60,1.2,?,?
1873,1457871635.0,41.164545083,-8.59167355,157.3,8.283,98.20,1.2,?,?
1874,1457871636.0,41.164534183,-8.591578183,157.3,7.820,98.50,1.2,?,?
1875,1457871637.0,41.164518867,-8.591474067,155.8,8.643,100.40,1.2,?,?
1876,1457871638.0,41.164502483,-8.591375717,154.3,8.385,101.80,1.2,?,?
1877,1457871639.0,41.164488083,-8.591274933,153.2,8.643,99.80,1.2,?,?
1878,1457871640.0,41.164473267,-8.5911756,152.7,8.540,101.00,1.2,?,?
1879,1457871641.0,41.1644609,-8.591082833,152.4,8.231,101.30,1.2,?,?
1880,1457871642.0,41.164450667,-8.590997933,152.5,7.254,101.60,1.2,?,?
1881,1457871643.0,41.164439033,-8.590923983,152.3,6.173,102.10,1.4,?,?
1882,1457871644.0,41.164429867,-8.5908604,153.2,5.042,105.10,1.1,?,?
1883,1457871645.0,41.1644165,-8.590815,151.2,3.961,108.00,1.1,?,?
1884,1457871646.0,41.164395617,-8.5907516,151.6,5.144,119.00,1.2,?,?
1885,1457871647.0,41.1643722,-8.59069025,151.4,5.505,123.50,1.5,?,?
1886,1457871648.0,41.164339867,-8.590620167,149.5,5.916,125.10,1.3,?,?
1887,1457871649.0,41.16430885,-8.590552017,148.8,6.122,123.20,3.5,?,?
1888,1457871650.0,41.16428115,-8.590486517,148.6,6.225,119.20,2.9,?,?
1889,1457871651.0,41.1642533,-8.5904154,148.8,6.328,119.40,2.9,?,?
1890,1457871652.0,41.164219767,-8.590345533,149.1,6.739,123.60,2.9,?,?
1891,1457871653.0,41.164187367,-8.590277733,149.3,6.636,125.40,3.5,?,?
1892,1457871654.0,41.164158733,-8.59021785,149.6,6.019,126.60,4.9,?,?
1893,1457871655.0,41.164137533,-8.5901691,149.6,4.990,126.70,4.9,?,?
1894,1457871656.0,41.16412205,-8.590128433,149.6,4.013,126.00,4.9,?,?
1895,1457871657.0,41.164114533,-8.59009465,149.8,3.035,122.50,2.8,?,?
1896,1457871658.0,41.164110067,-8.590070317,150.0,2.109,121.30,2.8,?,?
1897,1457871659.0,41.164111167,-8.59005355,150.4,1.183,113.80,2.8,?,?
1898,1457871660.0,41.164109283,-8.590045633,150.4,0.514,115.00,2.8,?,?
1899,1457871661.0,41.16411125,-8.590040483,151.0,0.103,75.80,2.8,?,?
1900,1457871662.0,41.164117167,-8.590037267,151.5,0.360,1.50,2.8,?,?
1901,1457871663.0,41.1641153,-8.590031933,151.8,0.154,66.60,1.7,?,?
1902,1457871664.0,41.164116183,-8.590022,153.2,0.206,77.20,1.7,?,?
1903,1457871665.0,41.16411635,-8.590013967,154.2,0.206,78.00,1.7,?,?
1904,1457871666.0,41.164117133,-8.590007483,155.0,0.206,70.20,1.6,?,?
1905,1457871667.0,41.164119533,-8.59000125,155.6,0.154,63.00,1.6,?,?
1906,1457871668.0,41.164121967,-8.589996633,156.0,0.154,71.60,1.6,?,?
1907,1457871669.0,41.164123567,-8.589993,156.3,0.103,85.90,1.6,?,?
1908,1457871670.0,41.164125533,-8.589989933,156.7,0.103,73.40,1.6,?,?
1909,1457871671.0,41.164127083,-8.58998715,156.9,0.103,65.60,1.6,?,?
1910,1457871672.0,41.164127767,-8.58998545,157.0,0.103,65.10,1.7,?,?
1911,1457871673.0,41.164128017,-8.589983633,157.2,0.103,74.70,1.7,?,?
1912,1457871674.0,41.164128167,-8.589982667,157.3,0.051,69.80,1.7,?,?
1913,1457871675.0,41.164128783,-8.5899816,157.4,0.103,51.10,1.7,?,?
1914,1457871676.0,41.164128867,-8.589982283,157.3,0.051,7.50,3.5,?,?
1915,1457871677.0,41.164128083,-8.589983517,157.2,0.051,55.50,3.5,?,?
1916,1457871678.0,41.164127283,-8.589984883,157.0,0.000,22.10,3.5,?,?
1917,1457871679.0,41.1641264,-8.589986583,156.9,0.000,9.40,3.5,?,?
1918,1457871680.0,41.164124867,-8.5899891,156.6,0.051,228.30,3.5,?,?
1919,1457871681.0,41.164122583,-8.589992317,156.1,0.103,227.20,3.5,?,?
1920,1457871682.0,41.1641196,-8.58999545,155.5,0.103,185.90,3.5,?,?
1921,1457871683.0,41.164115017,-8.589993233,154.5,0.669,94.70,3.5,?,?
1922,1457871684.0,41.164092967,-8.589965533,153.4,3.138,115.60,3.5,?,?
1923,1457871685.0,41.1640705,-8.5899312,152.1,4.013,118.80,3.5,?,?
1924,1457871686.0,41.16403915,-8.589895233,149.7,4.321,121.40,3.5,?,?
1925,1457871687.0,41.164009867,-8.58985735,147.8,4.424,127.40,1.7,?,?
1926,1457871688.0,41.163977633,-8.58983655,146.0,4.733,156.60,1.6,?,?
1927,1457871689.0,41.163960283,-8.589812433,148.7,4.579,183.70,1.6,?,?
1928,1457871690.0,41.16392015,-8.589829617,149.0,5.556,209.00,1.6,?,?
1929,1457871691.0,41.163869317,-8.589859067,149.6,6.585,213.40,1.5,3.1,3.5
1930,1457871692.0,41.163804267,-8.58990465,149.4,7.614,212.40,1.5,3.1,3.5
1931,1457871693.0,41.163737117,-8.589952767,149.6,8.334,211.80,1.5,3.1,3.5
1932,1457871694.0,41.163669983,-8.590001133,149.9,8.334,212.10,1.5,3.1,3.5
1933,1457871695.0,41.163601433,-8.5900517,150.1,8.694,211.70,1.5,3.1,3.5
1934,1457871696.0,41.163529367,-8.590107083,150.4,9.363,211.60,1.5,3.1,3.5
1935,1457871697.0,41.163450967,-8.590167733,150.3,10.186,211.10,1.2,?,?
1936,1457871698.0,41.163362467,-8.590225317,150.5,11.112,206.50,1.1,?,?
1937,1457871699.0,41.163272017,-8.590288817,150.8,11.421,207.30,1.2,?,?
1938,1457871700.0,41.163178683,-8.590354783,151.3,11.781,209.20,1.1,?,?
1939,1457871701.0,41.16308655,-8.590428917,151.7,11.987,211.80,1.1,?,?
1940,1457871702.0,41.162997783,-8.590505517,152.0,11.781,213.60,1.2,?,?
1941,1457871703.0,41.162913767,-8.59057585,152.3,10.958,213.30,1.1,?,?
1942,1457871704.0,41.162837917,-8.590648167,152.6,10.083,216.70,1.2,?,?
1943,1457871705.0,41.162767067,-8.5907186,153.0,9.569,217.80,1.2,?,?
1944,1457871706.0,41.16270215,-8.590786367,153.1,9.003,218.20,1.2,?,?
1945,1457871707.0,41.162641867,-8.59085095,152.9,8.437,218.70,1.2,?,?
1946,1457871708.0,41.1625804,-8.59091325,153.0,8.488,217.50,1.2,?,?
1947,1457871709.0,41.16251715,-8.590977133,153.1,8.797,217.40,1.1,?,?
1948,1457871710.0,41.16245525,-8.5910443,153.3,8.848,219.50,1.1,?,?
1949,1457871711.0,41.162394267,-8.5911059,153.6,8.385,216.50,1.1,?,?
1950,1457871712.0,41.162332283,-8.591148383,153.3,7.922,204.40,1.1,?,?
1951,1457871713.0,41.16227245,-8.591175817,153.1,6.688,196.30,1.2,?,?
1952,1457871714.0,41.162226067,-8.591208633,152.8,5.402,208.60,1.2,?,?
1953,1457871715.0,41.162189967,-8.5912379,152.5,4.579,215.00,1.2,?,?
1954,1457871716.0,41.1621642,-8.5912586,151.9,3.190,213.00,1.2,?,?
1955,1457871717.0,41.162147067,-8.591270033,151.4,1.646,206.70,1.2,?,?
1956,1457871718.0,41.1621368,-8.591273933,151.3,0.566,187.90,1.5,?,?
1957,1457871719.0,41.162132167,-8.591274833,151.4,0.206,48.90,1.2,?,?
1958,1457871720.0,41.162130133,-8.591274767,151.7,0.154,35.30,1.2,?,?
1959,1457871721.0,41.162129,-8.59127375,151.9,0.051,60.10,1.2,?,?
1960,1457871722.0,41.1621278,-8.591273167,152.1,0.000,161.10,1.2,?,?
1961,1457871723.0,41.162126717,-8.591272983,152.3,0.000,219.00,1.2,?,?
1962,1457871724.0,41.16212595,-8.59127255,152.5,0.000,58.30,1.2,?,?
1963,1457871725.0,41.162125317,-8.59127225,152.6,0.000,113.80,1.2,?,?
1964,1457871726.0,41.162124933,-8.591272,152.8,0.051,3.30,1.2,?,?
1965,1457871727.0,41.16212475,-8.591271617,152.9,0.051,49.30,1.2,?,?
1966,1457871728.0,41.16212515,-8.5912714,152.9,0.000,74.10,1.1,?,?
1967,1457871729.0,41.162125967,-8.591271733,152.9,0.051,101.90,1.1,?,?
1968,1457871730.0,41.1621266,-8.591271817,152.8,0.000,245.90,1.1,?,?
1969,1457871731.0,41.16212755,-8.59127195,152.7,0.000,97.90,1.1,?,?
1970,1457871732.0,41.162124367,-8.5912716,152.7,0.566,184.80,1.1,?,?
1971,1457871733.0,41.162113083,-8.591273233,152.5,1.646,183.50,1.1,?,?
1972,1457871734.0,41.162101467,-8.591273467,151.9,1.338,174.90,1.2,?,?
1973,1457871735.0,41.162090417,-8.591274417,151.5,0.977,169.30,1.1,?,?
1974,1457871736.0,41.1620837,-8.5912716,151.3,0.720,155.70,1.3,?,?
1975,1457871737.0,41.162076467,-8.591265583,151.4,1.132,149.80,1.1,?,?
1976,1457871738.0,41.162059467,-8.5912464,151.8,2.932,141.50,1.1,?,?
1977,1457871739.0,41.162042733,-8.591212833,152.1,3.910,121.50,1.1,?,?
1978,1457871740.0,41.16204935,-8.591161267,151.9,4.887,84.10,1.1,?,?
1979,1457871741.0,41.16208305,-8.591112917,152.3,5.916,41.00,1.0,?,?
1980,1457871742.0,41.162132017,-8.5910815,152.1,6.894,25.00,1.0,?,?
1981,1457871743.0,41.162185867,-8.59104035,151.4,7.511,30.20,1.3,?,?
1982,1457871744.0,41.162245283,-8.590991783,150.5,8.283,32.50,1.3,?,?
1983,1457871745.0,41.162306433,-8.590941833,149.9,8.334,32.70,1.3,?,?
1984,1457871746.0,41.1623724,-8.59088575,149.3,9.003,32.70,1.3,?,?
1985,1457871747.0,41.162442683,-8.5908242,148.8,9.672,33.90,1.3,?,?
1986,1457871748.0,41.162519233,-8.590758017,148.2,10.495,32.30,1.3,?,?
1987,1457871749.0,41.162597217,-8.590690783,147.6,10.598,32.20,1.3,?,?
1988,1457871750.0,41.162675567,-8.590624967,147.1,10.392,32.20,1.3,?,?
1989,1457871751.0,41.162754417,-8.5905634,146.5,10.135,29.20,1.3,?,?
1990,1457871752.0,41.162837783,-8.590514817,146.2,9.929,22.60,1.3,?,?
1991,1457871753.0,41.1629205,-8.590466833,145.8,9.723,23.80,1.3,?,?
1992,1457871754.0,41.163002467,-8.590411233,145.7,9.826,29.60,1.3,?,?
1993,1457871755.0,41.163086633,-8.590349267,145.7,10.392,31.50,1.3,?,?
1994,1457871756.0,41.1631754,-8.590279883,146.4,10.958,31.90,1.3,?,?
1995,1457871757.0,41.163264867,-8.590209383,146.8,11.215,31.70,1.3,?,?
1996,1457871758.0,41.163354017,-8.590139817,145.9,11.421,31.30,1.3,?,?
1997,1457871759.0,41.163443967,-8.590067233,144.7,11.832,31.50,1.3,?,?
1998,1457871760.0,41.16353655,-8.589994533,143.6,11.987,31.50,1.0,?,?
1999,1457871761.0,41.163630467,-8.589925583,143.0,11.678,31.80,1.0,?,?
2000,1457871762.0,41.163717483,-8.589854317,142.5,11.163,32.30,1.1,?,?
2001,1457871763.0,41.163801783,-8.5897821,142.1,11.009,33.10,3.1,?,?
2002,1457871810.0,41.1638835,-8.5897129,140.8,?,?,19.0,?,?
2003,1457871811.0,41.163427367,-8.582709983,114.1,8.848,69.00,1.8,?,?
2004,1457871812.0,41.163453333,-8.582621017,111.3,7.974,75.40,1.6,?,?
2005,1457871813.0,41.163464283,-8.5825329,110.7,7.408,84.50,1.5,?,?
2006,1457871814.0,41.163462133,-8.582452717,110.9,6.894,96.00,1.2,?,?
2007,1457871815.0,41.163451067,-8.582377333,111.0,6.636,104.90,1.2,?,?
2008,1457871816.0,41.163430683,-8.582301083,110.8,6.842,115.00,1.2,?,?
2009,1457871817.0,41.163401217,-8.582232117,109.3,7.305,124.40,1.1,?,?
2010,1457871818.0,41.163358817,-8.582170617,106.2,7.357,130.70,1.3,?,?
2011,1457871819.0,41.163318567,-8.582116683,103.3,7.305,127.70,1.4,?,?
2012,1457871820.0,41.163285033,-8.5820527,101.7,7.459,119.70,2.8,?,?
2013,1457871821.0,41.16325875,-8.581979883,100.5,7.562,112.30,1.7,?,?
2014,1457871822.0,41.16323125,-8.581902983,99.2,7.511,112.20,1.2,?,?
2015,1457871823.0,41.163199083,-8.5818206,98.6,8.077,119.10,1.4,?,?
2016,1457871824.0,41.163154283,-8.581734633,98.0,9.569,127.00,1.1,?,?
2017,1457871825.0,41.163085083,-8.581649017,98.1,11.215,138.70,1.0,?,?
2018,1457871826.0,41.162995117,-8.58156905,98.5,12.758,149.00,1.2,?,?
2019,1457871827.0,41.162893183,-8.581501067,99.2,13.530,157.60,1.2,?,?
2020,1457871828.0,41.162776333,-8.58145265,99.9,14.302,166.30,1.2,?,?
2021,1457871829.0,41.162655617,-8.5814205,99.8,14.147,170.10,1.0,?,?
2022,1457871830.0,41.162529917,-8.581389567,98.8,14.713,170.70,2.3,?,?
2023,1457871831.0,41.1623916,-8.58137365,97.6,16.051,176.30,2.3,?,?
2024,1457871832.0,41.162241767,-8.581385667,96.4,17.080,184.50,2.3,?,?
2025,1457871833.0,41.16208345,-8.581420783,95.1,18.160,190.60,2.3,?,?
2026,1457871834.0,41.16192495,-8.58147065,94.0,18.263,194.20,2.3,?,?
2027,1457871835.0,41.16176755,-8.5815289,92.8,18.366,196.30,2.9,?,?
2028,1457871836.0,41.16160855,-8.581594783,91.5,18.571,196.90,2.3,?,?
2029,1457871837.0,41.16144835,-8.58166185,90.4,18.674,197.50,1.5,?,?
2030,1457871838.0,41.1612867,-8.581729267,89.6,18.777,197.80,1.5,?,?
2031,1457871839.0,41.161124333,-8.581796733,89.1,18.777,197.60,1.5,?,?
2032,1457871840.0,41.160962383,-8.581865717,88.6,18.777,197.80,2.3,?,?
2033,1457871841.0,41.160800683,-8.581934233,88.2,18.674,197.50,2.3,?,?
2034,1457871842.0,41.1606405,-8.582001583,87.8,18.469,197.50,2.3,?,?
2035,1457871843.0,41.16048275,-8.5820676,87.7,18.108,197.70,2.3,?,?
2036,1457871844.0,41.160327783,-8.582132417,87.6,17.800,197.80,2.3,?,?
2037,1457871845.0,41.160175733,-8.582196367,87.6,17.491,197.70,2.3,?,?
2038,1457871846.0,41.160022217,-8.5822586,87.6,17.800,196.90,2.3,?,?
2039,1457871847.0,41.159866833,-8.582320067,87.5,18.057,196.80,2.3,?,?
2040,1457871848.0,41.1597082,-8.5823778,88.0,18.263,197.10,1.2,?,?
2041,1457871849.0,41.159544883,-8.5824282,89.5,18.520,197.10,1.2,?,?
2042,1457871850.0,41.159381167,-8.5824847,90.6,18.726,197.00,1.2,?,?
2043,1457871851.0,41.159216967,-8.58254555,91.4,18.983,197.10,1.2,?,?
2044,1457871852.0,41.159040683,-8.582593667,96.8,19.034,197.50,1.1,?,?
2045,1457871853.0,41.15887725,-8.582660867,96.6,18.983,197.50,1.1,?,?
2046,1457871854.0,41.158715967,-8.582724483,95.8,18.932,196.70,1.1,?,?
2047,1457871855.0,41.1585521,-8.5827903,95.6,19.034,196.80,1.1,?,?
2048,1457871856.0,41.158387317,-8.582855583,95.3,19.086,196.60,1.1,?,?
2049,1457871857.0,41.1582231,-8.5829199,94.8,19.086,196.30,1.1,?,?
2050,1457871858.0,41.158056317,-8.58298235,94.3,19.292,195.40,1.1,?,?
2051,1457871859.0,41.157887617,-8.583040783,94.0,19.395,194.30,1.2,?,?
2052,1457871860.0,41.157717083,-8.583095383,93.5,19.497,193.30,1.2,?,?
2053,1457871861.0,41.157545283,-8.5831446,93.0,19.549,191.70,1.2,?,?
2054,1457871862.0,41.157372383,-8.583189417,92.5,19.549,190.60,1.2,?,?
2055,1457871863.0,41.157199583,-8.5832277,92.0,19.446,188.90,1.2,?,?
2056,1457871864.0,41.15702645,-8.58325695,91.6,19.395,186.60,1.1,?,?
2057,1457871865.0,41.156853717,-8.583282033,91.2,19.240,186.20,1.1,?,?
2058,1457871866.0,41.156683817,-8.583305817,89.9,19.240,184.60,1.1,?,?
2059,1457871867.0,41.156512133,-8.583318633,89.0,19.137,182.40,1.1,?,?
2060,1457871868.0,41.15633955,-8.58332065,88.2,19.137,179.70,1.1,?,?
2061,1457871869.0,41.156167433,-8.583313217,87.5,19.086,177.60,1.1,?,?
2062,1457871870.0,41.155994383,-8.583300583,86.9,19.395,176.10,1.1,?,?
2063,1457871871.0,41.155826217,-8.583277767,86.1,18.932,173.50,2.2,?,?
2064,1457871872.0,41.1556614,-8.5832509,85.2,18.674,171.90,1.1,?,?
2065,1457871873.0,41.1554877,-8.583225383,83.4,19.189,172.00,1.3,?,?
2066,1457871874.0,41.155317217,-8.583181367,81.4,19.343,168.30,1.3,?,?
2067,1457871875.0,41.155147067,-8.58312905,80.7,19.395,166.20,1.2,?,?
2068,1457871876.0,41.154979933,-8.58306615,79.8,19.497,164.30,1.2,?,?
2069,1457871877.0,41.15481325,-8.582995817,78.7,19.652,162.30,1.2,?,?
2070,1457871878.0,41.15464725,-8.582920067,77.3,19.703,160.40,1.2,?,?
2071,1457871879.0,41.154481717,-8.582828667,76.4,19.858,157.80,1.2,?,?
2072,1457871880.0,41.154317833,-8.582734483,75.2,20.012,155.90,1.1,?,?
2073,1457871881.0,41.154154217,-8.582631267,73.9,20.321,153.80,1.2,?,?
2074,1457871882.0,41.153991417,-8.58251805,72.8,20.423,152.10,1.2,?,?
2075,1457871883.0,41.153829833,-8.582397467,71.6,20.629,150.40,1.2,?,?
2076,1457871884.0,41.153670033,-8.58226935,70.5,20.835,148.30,1.2,?,?
2077,1457871885.0,41.15351335,-8.582131183,69.3,21.041,145.60,1.2,?,?
2078,1457871886.0,41.153359033,-8.5819847,68.1,21.298,143.80,1.2,?,?
2079,1457871887.0,41.153207133,-8.581830883,66.8,21.452,142.40,1.2,?,?
2080,1457871888.0,41.15305625,-8.581672167,65.7,21.710,140.90,1.2,?,?
2081,1457871889.0,41.152908283,-8.581503883,64.3,21.915,139.50,1.1,?,?
2082,1457871890.0,41.152760817,-8.581331767,63.2,22.070,138.80,1.1,?,?
2083,1457871891.0,41.152613617,-8.581157733,61.9,22.018,138.40,1.1,?,?
2084,1457871892.0,41.152470717,-8.580982483,60.6,21.607,137.80,1.1,?,?
2085,1457871893.0,41.152329383,-8.580811833,59.3,21.144,138.00,1.1,?,?
2086,1457871894.0,41.1521874,-8.580647383,58.1,20.835,139.00,1.1,?,?
2087,1457871895.0,41.152044783,-8.580487733,56.8,20.578,139.30,1.1,?,?
2088,1457871896.0,41.151904367,-8.580328833,55.3,20.372,139.50,1.1,?,?
2089,1457871897.0,41.151766033,-8.580171867,53.8,20.063,139.60,1.1,?,?
2090,1457871898.0,41.151627267,-8.580019883,52.7,19.806,140.80,1.1,?,?
2091,1457871899.0,41.151488817,-8.579877633,51.6,19.240,142.30,1.1,?,?
2092,1457871900.0,41.151351367,-8.579743417,50.4,18.726,144.50,1.1,?,?
2093,1457871901.0,41.1512151,-8.579620267,48.9,18.263,147.70,1.1,?,?
2094,1457871902.0,41.1510746,-8.579517117,47.3,17.903,153.20,1.2,?,?
2095,1457871903.0,41.150927467,-8.579436117,45.7,17.851,160.00,1.1,?,?
2096,1457871904.0,41.150772067,-8.579383017,43.8,18.108,167.80,1.1,?,?
2097,1457871905.0,41.150609283,-8.579362833,42.5,18.571,176.40,1.1,?,?
2098,1457871906.0,41.150440333,-8.579377167,40.6,18.880,185.40,1.1,?,?
2099,1457871907.0,41.150273617,-8.5794307,38.3,19.086,195.50,1.1,?,?
2100,1457871908.0,41.150113467,-8.5795067,37.3,19.292,205.80,1.2,?,?
2101,1457871909.0,41.149963833,-8.579639433,35.5,20.115,218.20,1.2,?,?
2102,1457871910.0,41.149832317,-8.57980365,33.8,20.629,228.40,1.2,?,?
2103,1457871911.0,41.149718217,-8.579995467,32.4,21.195,236.10,1.2,?,?
2104,1457871912.0,41.149619433,-8.580208183,32.1,21.349,240.80,1.3,?,?
2105,1457871913.0,41.14952195,-8.580422583,32.8,21.092,240.20,1.2,?,?
2106,1457871914.0,41.14941515,-8.5806101,32.8,19.652,233.10,1.2,?,?
2107,1457871915.0,41.1493,-8.580779667,32.9,18.983,227.10,1.2,?,?
2108,1457871916.0,41.149173517,-8.580940217,32.8,18.777,221.70,1.2,?,?
2109,1457871917.0,41.14904045,-8.58108205,32.5,18.469,216.60,1.2,?,?
2110,1457871918.0,41.148900283,-8.581200983,32.6,18.211,210.90,1.2,?,?
2111,1457871919.0,41.14875275,-8.58129705,32.6,18.160,204.30,1.2,?,?
2112,1457871920.0,41.1485928,-8.58137735,32.9,18.417,199.10,1.2,?,?
2113,1457871921.0,41.1484299,-8.581438767,32.5,18.726,193.90,1.2,?,?
2114,1457871922.0,41.148257833,-8.581475283,31.1,19.137,186.60,1.2,?,?
2115,1457871923.0,41.148084483,-8.581484467,30.4,19.292,179.60,1.5,3.0,3.3
2116,1457871924.0,41.147909533,-8.58146855,29.9,19.600,174.00,1.5,3.0,3.3
2117,1457871925.0,41.147736683,-8.581425483,28.9,19.806,167.00,1.5,3.0,3.3
2118,1457871926.0,41.147566433,-8.58135415,27.8,20.063,160.30,1.5,3.0,3.3
2119,1457871927.0,41.147403217,-8.581259317,26.4,20.063,153.30,1.5,3.0,3.3
2120,1457871928.0,41.1472487,-8.581138583,25.1,20.115,146.70,1.5,3.0,3.3
2121,1457871929.0,41.14710515,-8.580995233,23.7,20.115,140.40,1.5,3.0,3.3
2122,1457871930.0,41.146969683,-8.580836133,22.4,20.321,136.20,2.6,?,?
2123,1457871931.0,41.146840117,-8.58065885,23.4,20.681,132.70,4.7,1.0,4.8
2124,1457871932.0,41.146718617,-8.580492783,22.8,20.218,130.90,6.6,?,?
2125,1457871933.0,41.146617417,-8.580325667,21.8,19.086,128.00,5.3,?,?
2126,1457871934.0,41.146525,-8.580163917,21.0,17.543,126.30,5.3,?,?
2127,1457871935.0,41.146433433,-8.580001067,19.4,16.102,125.30,5.3,?,?
2128,1457871936.0,41.14638595,-8.579860833,17.9,13.530,125.00,8.2,?,?
2129,1457871937.0,41.146333033,-8.579748833,17.2,11.369,125.70,7.9,?,?
2130,1457871938.0,41.146279483,-8.579657,16.4,9.672,129.70,7.9,?,?
2131,1457871939.0,41.146221183,-8.579583667,15.5,8.900,137.80,7.9,?,?
2132,1457871940.0,41.146151983,-8.57953,14.8,9.157,152.30,7.8,?,?
2133,1457871941.0,41.146075367,-8.579488083,14.1,9.466,160.60,1.7,?,?
2134,1457871942.0,41.145994883,-8.579426767,13.8,9.672,149.50,1.1,?,?
2135,1457871943.0,41.145929033,-8.579337,14.2,9.980,133.30,1.1,?,?
2136,1457871944.0,41.145877233,-8.579241033,13.9,10.289,120.50,1.1,?,?
2137,1457871945.0,41.145839117,-8.57912665,13.9,10.752,111.30,1.1,?,?
2138,1457871946.0,41.145801567,-8.57901025,13.8,10.598,111.60,1.1,?,?
2139,1457871947.0,41.145740733,-8.57890585,13.2,10.803,127.20,1.1,?,?
2140,1457871948.0,41.14566625,-8.578808533,12.9,11.472,138.70,1.1,?,?
2141,1457871949.0,41.14558405,-8.5787162,12.9,12.089,141.60,1.1,?,?
2142,1457871950.0,41.14549835,-8.578619233,13.5,12.398,140.30,1.1,?,?
2143,1457871951.0,41.1454165,-8.5785245,14.1,11.987,140.10,1.1,?,?
2144,1457871952.0,41.1453403,-8.57843375,14.5,11.163,138.90,1.1,?,?
2145,1457871953.0,41.145265883,-8.578348133,14.9,10.649,139.80,1.0,?,?
2146,1457871954.0,41.1451956,-8.578264267,15.1,10.186,138.50,1.0,?,?
2147,1457871955.0,41.145126067,-8.578175067,15.6,9.569,137.50,1.0,?,?
2148,1457871956.0,41.145064217,-8.57810105,16.1,8.437,138.10,1.0,?,?
2149,1457871957.0,41.145007917,-8.578038233,16.0,7.511,142.50,1.0,?,?
2150,1457871958.0,41.1449429,-8.57799695,14.5,6.996,157.40,1.0,?,?
2151,1457871959.0,41.144880067,-8.57797485,13.9,7.202,174.10,1.0,?,?
2152,1457871960.0,41.144807733,-8.577974683,13.7,7.922,188.60,1.0,?,?
2153,1457871961.0,41.14473395,-8.578004167,13.6,8.746,204.80,1.0,?,?
2154,1457871962.0,41.144666217,-8.57807405,13.1,9.466,223.40,1.0,?,?
2155,1457871963.0,41.144613217,-8.578168367,13.3,10.443,241.90,1.0,?,?
2156,1457871964.0,41.1445775,-8.578287283,13.3,11.369,253.30,1.1,?,?
2157,1457871965.0,41.144542467,-8.578418233,13.5,12.089,253.00,1.1,?,?
2158,1457871966.0,41.1445066,-8.578551517,13.4,12.244,251.10,1.1,?,?
2159,1457871967.0,41.144463967,-8.578682333,13.2,12.192,246.70,1.1,?,?
2160,1457871968.0,41.144415667,-8.578810667,13.3,12.347,244.20,1.1,?,?
2161,1457871969.0,41.144363967,-8.578946017,13.1,12.604,242.20,1.1,?,?
2162,1457871970.0,41.14430735,-8.579076317,12.7,12.192,238.50,1.1,?,?
2163,1457871971.0,41.144250733,-8.579193717,12.6,11.009,237.40,1.0,?,?
2164,1457871972.0,41.144197683,-8.579300567,12.6,10.135,234.30,1.0,?,?
2165,1457871973.0,41.144146933,-8.579399833,12.6,9.723,235.70,1.5,3.0,3.3
2166,1457871974.0,41.144099917,-8.5795031,12.6,10.032,240.40,1.5,3.0,3.3
2167,1457871975.0,41.1440514,-8.579608267,12.5,10.392,238.80,1.5,3.0,3.3
2168,1457871976.0,41.143999667,-8.579714067,12.5,10.700,237.10,1.5,3.0,3.3
2169,1457871977.0,41.143948017,-8.5798221,12.4,10.803,238.70,1.5,3.0,3.3
2170,1457871978.0,41.143900917,-8.57992955,12.3,10.392,241.70,1.5,3.0,3.3
2171,1457871979.0,41.143860017,-8.580035117,12.1,9.929,244.90,1.5,3.0,3.3
2172,1457871980.0,41.14382465,-8.580141233,11.9,9.620,248.30,1.5,3.0,3.3
2173,1457871981.0,41.1437945,-8.580247767,11.8,9.569,251.50,1.5,3.0,3.3
2174,1457871982.0,41.1437686,-8.58035855,11.6,9.672,254.60,1.5,3.0,3.3
2175,1457871983.0,41.143748233,-8.580472083,11.4,9.826,258.00,1.1,?,?
2176,1457871984.0,41.1437321,-8.580588517,11.6,9.826,260.60,1.1,?,?
2177,1457871985.0,41.14372285,-8.580698467,11.4,9.569,263.10,2.3,?,?
2178,1457871986.0,41.1437186,-8.580807517,11.6,9.414,265.60,2.3,?,?
2179,1457871987.0,41.143715483,-8.580915033,11.5,8.951,267.10,2.4,?,?
2180,1457871988.0,41.14371565,-8.58101415,11.5,8.283,269.90,6.5,?,?
2181,1457871989.0,41.143717633,-8.581094017,11.8,7.357,273.50,1.5,?,?
2182,1457871990.0,41.143724267,-8.581164667,12.2,7.099,277.10,1.5,?,?
2183,1457871991.0,41.14373185,-8.581245117,13.2,6.842,278.10,3.3,?,?
2184,1457871992.0,41.143740217,-8.5813264,13.9,7.048,277.60,3.3,?,?
2185,1457871993.0,41.14373695,-8.581409783,13.3,7.099,275.40,1.6,3.2,3.6
2186,1457871994.0,41.143736483,-8.5814946,12.4,6.791,275.00,1.6,3.2,3.6
2187,1457871995.0,41.1437379,-8.581574367,11.6,6.431,276.20,2.2,?,?
2188,1457871996.0,41.14374255,-8.58165015,10.6,6.328,277.00,2.2,?,?
2189,1457871997.0,41.143748433,-8.581722067,9.9,6.070,276.00,2.2,?,?
2190,1457871998.0,41.143752883,-8.581793583,9.9,5.865,275.70,1.6,4.9,5.2
2191,1457871999.0,41.143756467,-8.581863667,10.1,5.659,275.40,1.6,4.9,5.2
2192,1457872000.0,41.143761267,-8.58192995,10.2,5.453,275.40,1.7,?,?
2193,1457872001.0,41.143764383,-8.581995683,10.2,5.350,274.80,1.5,3.0,3.3
2194,1457872002.0,41.143767033,-8.58205915,10.2,5.247,273.50,1.5,3.0,3.3
2195,1457872003.0,41.143768633,-8.582121683,10.2,5.144,272.40,1.5,3.0,3.3
2196,1457872004.0,41.143769633,-8.582185183,10.1,5.350,272.00,1.5,3.0,3.3
2197,1457872005.0,41.14376975,-8.582256833,10.1,6.225,270.60,1.5,3.0,3.3
2198,1457872006.0,41.143768483,-8.58233485,10.2,6.739,268.60,1.5,3.0,3.3
2199,1457872007.0,41.14376445,-8.582413917,10.2,6.791,265.00,1.5,3.0,3.3
2200,1457872008.0,41.143758283,-8.582494983,10.3,6.945,264.10,1.5,3.0,3.3
2201,1457872009.0,41.143753583,-8.582573883,10.3,6.688,265.80,1.5,3.0,3.3
2202,1457872010.0,41.143748383,-8.58264825,10.3,6.225,264.20,1.5,3.0,3.3
2203,1457872011.0,41.14374305,-8.582717483,10.5,5.762,262.40,1.3,?,?
2204,1457872012.0,41.143738017,-8.582786333,11.4,5.453,261.70,1.2,?,?
2205,1457872013.0,41.14373225,-8.58285085,12.2,5.144,261.50,1.2,?,?
2206,1457872014.0,41.143725633,-8.58291375,13.0,5.042,262.20,1.2,?,?
2207,1457872015.0,41.143718117,-8.582977933,13.7,5.299,261.90,1.2,?,?
2208,1457872016.0,41.143710217,-8.58304615,14.3,5.710,262.20,1.2,?,?
2209,1457872017.0,41.143701683,-8.583120433,14.4,6.379,262.30,1.2,2.0,2.3
2210,1457872018.0,41.1436929,-8.583198133,14.4,6.791,261.80,1.2,2.0,2.3
2211,1457872019.0,41.143683917,-8.5832807,14.3,7.305,262.30,1.2,2.0,2.3
2212,1457872020.0,41.1436739,-8.5833715,14.2,8.025,262.50,1.2,2.0,2.3
2213,1457872021.0,41.143663417,-8.583469533,14.1,8.591,262.80,1.2,2.0,2.3
2214,1457872022.0,41.143652183,-8.583573683,14.1,9.054,262.40,1.5,3.1,3.5
2215,1457872023.0,41.143640333,-8.5836848,14.1,9.672,262.80,1.5,3.1,3.5
2216,1457872024.0,41.143627117,-8.583805083,14.2,10.443,261.90,1.5,3.1,3.5
2217,1457872025.0,41.14361225,-8.5839356,14.1,11.472,262.30,1.5,3.1,3.5
2218,1457872026.0,41.143600967,-8.58407745,14.0,12.398,265.50,1.5,3.1,3.5
2219,1457872027.0,41.1435973,-8.584228683,14.1,13.015,270.00,1.5,3.1,3.5
2220,1457872028.0,41.143600033,-8.584385783,14.2,13.376,272.90,1.5,3.1,3.5
2221,1457872029.0,41.143606067,-8.58454545,14.3,13.478,273.60,1.5,3.1,3.5
2222,1457872030.0,41.143612233,-8.58470635,14.4,13.530,273.20,1.5,3.1,3.5
2223,1457872031.0,41.143616417,-8.5848684,14.5,13.633,271.60,1.5,3.1,3.5
2224,1457872032.0,41.143615783,-8.585031317,14.5,13.736,268.80,1.5,3.1,3.5
2225,1457872033.0,41.143608183,-8.585192483,14.4,13.633,264.60,1.5,3.1,3.5
2226,1457872034.0,41.143591617,-8.585352367,14.2,13.633,260.10,1.5,3.1,3.5
2227,1457872035.0,41.143567817,-8.5855102,13.9,13.581,257.00,1.5,3.1,3.5
2228,1457872036.0,41.143537983,-8.585672367,14.4,13.581,252.60,1.1,?,?
2229,1457872037.0,41.143498717,-8.5858252,14.3,13.633,249.50,1.2,2.0,2.3
2230,1457872038.0,41.143453467,-8.585981067,14.6,13.736,246.70,1.6,?,?
2231,1457872039.0,41.1434007,-8.586134233,14.9,13.941,243.60,1.4,?,?
2232,1457872040.0,41.143339167,-8.586281333,15.3,14.147,239.60,1.8,?,?
2233,1457872041.0,41.143269533,-8.586423083,16.0,14.250,236.00,1.8,?,?
2234,1457872042.0,41.143193783,-8.586558833,16.5,14.096,232.10,1.9,?,?
2235,1457872043.0,41.143110883,-8.58668895,16.9,14.096,228.30,1.6,?,?
2236,1457872044.0,41.143026983,-8.586813783,16.8,14.147,224.80,1.4,?,?
2237,1457872045.0,41.14293695,-8.586926717,16.5,14.199,221.90,1.0,?,?
2238,1457872046.0,41.142838867,-8.58703035,16.3,14.147,216.70,1.0,?,?
2239,1457872047.0,41.142740133,-8.587121033,15.9,14.096,213.40,1.0,?,?
2240,1457872048.0,41.14263945,-8.587202733,15.4,13.839,211.10,1.6,5.0,5.2
2241,1457872049.0,41.1425363,-8.587285033,15.6,13.324,211.80,1.5,3.1,3.5
2242,1457872050.0,41.142438033,-8.5873662,15.7,12.604,212.90,1.5,3.1,3.5
2243,1457872051.0,41.142347,-8.587441883,15.6,11.524,212.90,1.5,3.1,3.5
2244,1457872052.0,41.1422655,-8.587508333,15.5,10.135,212.50,1.5,3.1,3.5
2245,1457872053.0,41.142191333,-8.587565717,15.4,9.106,210.10,1.5,3.1,3.5
2246,1457872054.0,41.1421188,-8.587611567,15.0,8.746,204.20,1.5,3.1,3.5
2247,1457872055.0,41.142052,-8.58766455,13.7,8.540,212.80,1.5,3.1,3.5
2248,1457872056.0,41.141988017,-8.58773965,13.5,9.723,223.60,1.5,3.1,3.5
2249,1457872057.0,41.141914883,-8.5878206,13.3,11.112,219.10,1.2,2.0,2.3
2250,1457872058.0,41.14183455,-8.587904517,13.4,11.781,218.20,1.2,2.0,2.3
2251,1457872059.0,41.1417531,-8.587995417,13.0,12.141,219.90,1.2,2.0,2.3
2252,1457872060.0,41.141671417,-8.588088083,13.0,12.038,221.60,1.2,2.0,2.3
2253,1457872061.0,41.1415917,-8.588185717,12.9,12.089,224.10,1.2,2.0,2.3
2254,1457872062.0,41.141515733,-8.588285783,13.0,11.987,226.20,1.2,2.0,2.3
2255,1457872063.0,41.141440467,-8.588388033,13.1,12.141,226.70,1.2,2.0,2.3
2256,1457872064.0,41.141365983,-8.588495883,12.8,12.347,227.50,1.1,?,?
2257,1457872065.0,41.1412904,-8.588605517,12.8,12.655,227.20,1.1,?,?
2258,1457872066.0,41.141212283,-8.58871795,12.9,12.964,226.90,1.1,?,?
2259,1457872067.0,41.141132483,-8.58883145,13.1,13.170,227.20,1.5,?,?
2260,1457872068.0,41.141051467,-8.588946567,13.3,13.376,227.20,1.5,?,?
2261,1457872069.0,41.14096915,-8.589062817,13.5,13.427,226.60,1.5,?,?
2262,1457872070.0,41.14088615,-8.589179717,13.7,13.427,226.90,1.5,?,?
2263,1457872071.0,41.140804083,-8.589297967,13.8,13.478,227.50,1.2,?,?
2264,1457872072.0,41.14072175,-8.589417317,14.1,13.478,227.70,1.5,?,?
2265,1457872073.0,41.140643433,-8.589543183,14.2,13.581,230.80,1.5,?,?
2266,1457872074.0,41.14056875,-8.589673983,14.3,13.633,233.40,1.5,?,?
2267,1457872075.0,41.14050095,-8.589809067,14.3,13.581,237.40,2.1,?,?
2268,1457872076.0,41.140439817,-8.589953067,14.3,13.736,242.50,5.6,?,?
2269,1457872077.0,41.140390933,-8.59010405,13.7,13.787,246.80,1.5,?,?
2270,1457872078.0,41.14035025,-8.590257767,13.3,13.787,251.20,1.0,?,?
2271,1457872079.0,41.1403187,-8.59041565,13.2,13.684,255.10,0.9,?,?
2272,1457872080.0,41.140293067,-8.59056715,13.7,13.787,259.00,0.9,?,?
2273,1457872081.0,41.1402737,-8.59072415,14.3,13.839,261.50,0.9,?,?
2274,1457872082.0,41.140258067,-8.590886933,14.8,13.941,263.00,1.1,?,?
2275,1457872083.0,41.140242367,-8.591050667,14.9,13.941,263.20,1.1,?,?
2276,1457872084.0,41.140226083,-8.591214467,15.0,13.839,262.90,1.1,?,?
2277,1457872085.0,41.14021095,-8.59137715,15.1,13.684,263.30,1.2,2.0,2.3
2278,1457872086.0,41.140196617,-8.591539133,15.3,13.633,264.00,1.2,2.0,2.3
2279,1457872087.0,41.140183183,-8.591698933,15.4,13.478,264.20,1.2,2.0,2.3
2280,1457872088.0,41.140170833,-8.59185725,15.4,13.324,264.50,1.2,2.0,2.3
2281,1457872089.0,41.140159367,-8.5920129,15.2,13.015,264.40,1.0,?,?
2282,1457872090.0,41.140147317,-8.59216335,15.2,12.552,264.40,1.2,2.0,2.3
2283,1457872091.0,41.140135333,-8.5923111,15.3,12.450,264.40,1.2,2.0,2.3
2284,1457872092.0,41.140123617,-8.592458617,15.4,12.450,264.50,1.2,2.0,2.3
2285,1457872093.0,41.140113,-8.592606467,15.6,12.552,264.90,1.2,2.0,2.3
2286,1457872094.0,41.1401004,-8.59275495,15.4,12.655,264.10,1.2,2.0,2.3
2287,1457872095.0,41.1400888,-8.59290555,14.7,12.707,263.40,1.0,?,?
2288,1457872096.0,41.1400753,-8.5930548,14.1,12.655,263.60,1.2,?,?
2289,1457872097.0,41.140062183,-8.593204217,13.8,12.604,263.70,1.2,?,?
2290,1457872098.0,41.140048717,-8.59335475,13.7,12.707,263.30,1.2,?,?
2291,1457872099.0,41.140034883,-8.593507267,13.5,12.861,263.40,1.2,?,?
2292,1457872100.0,41.14002135,-8.59365665,13.6,12.913,263.50,1.1,?,?
2293,1457872101.0,41.1400088,-8.593806883,13.8,13.015,264.10,1.1,?,?
2294,1457872102.0,41.139995683,-8.593957083,13.9,12.810,264.00,1.1,?,?
2295,1457872103.0,41.139980567,-8.594106133,13.6,12.501,263.60,1.1,?,?
2296,1457872104.0,41.139965583,-8.594251417,13.3,12.089,263.60,1.3,2.1,2.5
2297,1457872105.0,41.13995325,-8.594395167,13.1,12.038,265.20,1.3,2.1,2.5
2298,1457872106.0,41.139947533,-8.594541867,13.4,12.192,267.20,1.0,?,?
2299,1457872107.0,41.1399463,-8.59468755,13.9,12.295,269.90,1.1,?,?
2300,1457872108.0,41.139950117,-8.594833983,14.1,12.450,273.40,1.3,2.0,2.4
2301,1457872109.0,41.1399614,-8.5949843,14.1,12.604,277.80,2.9,5.5,6.2
2302,1457872110.0,41.139980583,-8.595131667,14.2,12.552,283.30,2.9,5.5,6.2
2303,1457872111.0,41.140009633,-8.5952728,14.0,12.347,288.20,1.5,3.2,3.5
2304,1457872112.0,41.1400458,-8.595403817,14.1,11.575,292.90,1.5,3.2,3.5
2305,1457872113.0,41.140080883,-8.595517467,14.3,10.032,296.30,1.5,?,?
2306,1457872114.0,41.140115033,-8.595608883,14.4,8.077,299.20,1.5,?,?
2307,1457872115.0,41.14014845,-8.595686217,14.5,6.945,300.80,1.5,?,?
2308,1457872116.0,41.140183317,-8.5957591,14.1,6.894,301.50,1.5,?,?
2309,1457872117.0,41.140217867,-8.595834117,14.0,7.357,301.40,1.5,3.2,3.5
2310,1457872118.0,41.14025215,-8.5959152,14.4,7.665,301.30,1.5,3.2,3.5
2311,1457872119.0,41.140289783,-8.59599595,14.4,7.974,303.00,1.5,3.2,3.5
2312,1457872120.0,41.140327833,-8.5960824,14.6,8.385,301.70,1.5,3.2,3.5
2313,1457872121.0,41.14036845,-8.5961691,14.2,8.540,302.50,1.5,3.2,3.5
2314,1457872122.0,41.14040935,-8.596260233,14.4,8.797,302.40,1.4,?,?
2315,1457872123.0,41.140453,-8.596353667,15.0,9.106,302.20,1.5,3.2,3.5
2316,1457872124.0,41.140495733,-8.596449283,15.0,9.311,301.00,1.5,3.2,3.5
2317,1457872125.0,41.140538783,-8.596542983,14.8,9.157,301.10,1.5,3.2,3.5
2318,1457872126.0,41.140579783,-8.596633617,14.8,8.643,300.40,1.5,3.2,3.5
2319,1457872127.0,41.14061865,-8.596717283,14.6,7.871,300.80,1.5,3.2,3.5
2320,1457872128.0,41.140653483,-8.596790867,14.4,6.894,301.10,1.5,3.2,3.5
2321,1457872129.0,41.140684283,-8.596856,14.1,6.122,301.00,1.5,3.2,3.5
2322,1457872130.0,41.140712667,-8.596915133,13.8,5.659,301.40,1.5,3.2,3.5
2323,1457872131.0,41.140739817,-8.596971533,13.7,5.556,301.30,1.5,3.2,3.5
2324,1457872132.0,41.14076635,-8.5970266,13.7,5.505,301.50,1.5,3.2,3.5
2325,1457872133.0,41.140793217,-8.59708395,13.4,5.762,301.80,1.5,3.2,3.5
2326,1457872134.0,41.140822317,-8.597146833,13.2,6.431,301.60,1.5,3.2,3.5
2327,1457872135.0,41.140853883,-8.59721465,13.0,6.945,301.50,1.5,3.2,3.5
2328,1457872136.0,41.14088745,-8.597287067,12.8,7.357,301.70,1.5,3.2,3.5
2329,1457872137.0,41.140923717,-8.597365283,12.7,7.974,301.80,1.5,3.2,3.5
2330,1457872138.0,41.14096285,-8.597450217,12.5,8.643,301.50,2.8,5.5,6.2
2331,1457872139.0,41.14100415,-8.597540983,12.4,9.106,301.10,2.8,5.5,6.2
2332,1457872140.0,41.1410479,-8.597636683,12.3,9.620,301.20,2.8,5.5,6.2
2333,1457872141.0,41.141093583,-8.5977374,12.2,10.083,301.10,2.8,5.5,6.2
2334,1457872142.0,41.141141167,-8.597843183,12.0,10.546,300.80,2.8,5.5,6.2
2335,1457872143.0,41.1411887,-8.5979498,11.9,10.392,300.40,2.8,5.5,6.2
2336,1457872144.0,41.141232867,-8.598046817,11.8,9.106,300.70,2.8,5.5,6.2
2337,1457872145.0,41.141270583,-8.598127083,11.9,7.305,301.90,2.8,5.5,6.2
2338,1457872146.0,41.141302667,-8.598193233,11.8,6.070,303.10,2.8,5.5,6.2
2339,1457872147.0,41.1413323,-8.59825195,11.7,5.710,303.70,2.8,5.5,6.2
2340,1457872148.0,41.141360933,-8.598309767,11.7,5.762,303.50,2.8,5.5,6.2
2341,1457872149.0,41.141390633,-8.598369583,11.6,6.173,303.80,2.8,5.5,6.2
2342,1457872150.0,41.14142315,-8.598433483,11.5,6.688,304.20,2.8,5.5,6.2
2343,1457872151.0,41.1414575,-8.598501683,11.5,7.048,304.40,2.8,5.5,6.2
2344,1457872152.0,41.141492033,-8.59856935,11.4,6.945,303.60,2.8,5.5,6.2
2345,1457872153.0,41.141525367,-8.598639617,11.4,6.996,302.30,1.5,3.2,3.5
2346,1457872154.0,41.141557617,-8.598714317,11.6,7.202,300.50,1.5,3.2,3.5
2347,1457872155.0,41.141589467,-8.598789,11.5,7.254,298.50,1.5,3.2,3.5
2348,1457872156.0,41.141619583,-8.5988701,11.4,7.871,294.30,1.5,3.2,3.5
2349,1457872157.0,41.141646467,-8.59897,11.2,9.569,288.20,1.5,3.2,3.5
2350,1457872158.0,41.141681517,-8.59909095,11.6,11.575,291.30,1.5,3.2,3.5
2351,1457872159.0,41.141722917,-8.599217033,11.3,12.244,293.50,1.5,3.2,3.5
2352,1457872160.0,41.141768967,-8.599354683,11.1,13.478,293.30,1.5,3.2,3.5
2353,1457872161.0,41.141815067,-8.5995004,12.6,14.713,290.60,1.5,3.2,3.5
2354,1457872162.0,41.141859167,-8.599661183,13.1,15.073,288.50,1.5,3.2,3.5
2355,1457872163.0,41.14189995,-8.599829383,13.5,15.176,287.30,1.5,3.2,3.5
2356,1457872164.0,41.141939667,-8.600001367,13.9,15.279,286.80,1.5,3.2,3.5
2357,1457872165.0,41.14197725,-8.600180033,14.6,15.639,285.40,2.7,?,?
2358,1457872166.0,41.1420112,-8.600364767,15.5,15.793,283.50,2.7,?,?
2359,1457872167.0,41.1420384,-8.600557217,16.6,15.999,280.30,1.5,?,?
2360,1457872168.0,41.14205995,-8.6007327,15.9,15.691,276.60,1.5,?,?
2361,1457872169.0,41.142069117,-8.6009148,15.8,15.639,273.50,1.5,?,?
2362,1457872170.0,41.142072633,-8.601093917,16.0,15.433,270.70,1.5,?,?
2363,1457872171.0,41.14207105,-8.601266267,15.3,15.176,267.60,1.5,3.2,3.5
2364,1457872172.0,41.142065083,-8.6014426,15.0,14.867,264.80,1.9,?,?
2365,1457872173.0,41.142048883,-8.6016329,17.1,14.713,261.80,1.6,?,?
2366,1457872174.0,41.142028817,-8.6018146,18.2,14.507,259.70,1.6,?,?
2367,1457872175.0,41.142000783,-8.601992083,19.0,14.404,257.40,1.7,?,?
2368,1457872176.0,41.141981917,-8.6021625,18.7,14.199,258.50,1.7,?,?
2369,1457872177.0,41.14196175,-8.60233305,18.9,14.147,259.80,1.7,?,?
2370,1457872178.0,41.141941417,-8.60250325,19.0,14.199,260.60,1.7,?,?
2371,1457872179.0,41.141923667,-8.602671667,19.4,14.250,261.30,2.4,?,?
2372,1457872180.0,41.141905483,-8.602842917,19.9,14.404,260.70,1.7,?,?
2373,1457872181.0,41.1418844,-8.603014117,20.2,14.353,260.50,1.7,?,?
2374,1457872182.0,41.141863533,-8.603183983,20.5,14.302,261.50,1.7,?,?
2375,1457872183.0,41.141843667,-8.6033508,20.8,13.993,261.60,1.7,?,?
2376,1457872184.0,41.14182645,-8.6035133,20.9,13.530,261.80,1.7,?,?
2377,1457872185.0,41.141809367,-8.603671183,20.9,13.170,261.70,1.7,?,?
2378,1457872186.0,41.141792,-8.603826783,21.0,13.015,262.40,1.3,?,?
2379,1457872187.0,41.14178015,-8.6039829,21.0,13.015,266.40,1.7,?,?
2380,1457872188.0,41.141781883,-8.604135483,20.8,12.758,272.50,1.7,?,?
2381,1457872189.0,41.141788,-8.604273933,20.6,12.398,278.90,1.7,?,?
2382,1457872190.0,41.141804667,-8.604401033,20.1,10.649,282.20,1.7,?,?
2383,1457872191.0,41.14182225,-8.604489817,19.9,7.717,283.10,1.5,3.2,3.5
2384,1457872192.0,41.14183375,-8.604561833,19.7,5.916,281.70,1.5,3.2,3.5
2385,1457872193.0,41.141841733,-8.604628583,18.3,5.968,277.30,1.5,3.2,3.5
2386,1457872194.0,41.14184595,-8.604701617,17.7,6.379,273.40,1.5,3.2,3.5
2387,1457872195.0,41.141847217,-8.604782267,17.3,7.099,270.50,1.8,3.3,3.7
2388,1457872196.0,41.141845517,-8.60487115,17.0,7.768,268.80,1.8,3.3,3.7
2389,1457872197.0,41.141841317,-8.604964467,16.9,8.077,266.60,1.8,3.3,3.7
2390,1457872198.0,41.141834067,-8.605059667,16.9,8.128,264.00,1.8,3.3,3.7
2391,1457872199.0,41.141822917,-8.605153967,16.8,8.077,260.00,1.8,3.3,3.7
2392,1457872200.0,41.141806617,-8.605247667,16.8,8.180,255.80,1.8,3.3,3.7
2393,1457872201.0,41.141788333,-8.60534005,16.4,8.180,253.70,1.8,3.3,3.7
2394,1457872202.0,41.141767433,-8.605439833,16.5,8.746,255.00,1.8,3.3,3.7
2395,1457872203.0,41.141748217,-8.6055558,17.1,9.414,255.70,1.6,?,?
2396,1457872204.0,41.141727017,-8.60567415,18.0,9.723,255.40,1.6,?,?
2397,1457872205.0,41.141704433,-8.605793367,18.8,9.980,255.50,1.6,?,?
2398,1457872206.0,41.14168125,-8.605915183,19.2,10.289,255.30,1.6,?,?
2399,1457872207.0,41.141657267,-8.6060412,19.5,10.752,255.20,1.6,?,?
2400,1457872208.0,41.141628483,-8.6061679,20.0,11.009,254.30,1.6,?,?
2401,1457872209.0,41.141596,-8.606297533,20.6,11.318,252.70,1.6,?,?
2402,1457872210.0,41.141563267,-8.606430633,21.1,11.524,252.90,2.3,?,?
2403,1457872211.0,41.141530867,-8.606567583,21.2,11.626,253.10,2.3,?,?
2404,1457872212.0,41.141499817,-8.606703667,21.1,11.575,253.00,2.2,?,?
2405,1457872213.0,41.141467467,-8.606834517,21.0,11.472,251.90,1.6,?,?
2406,1457872214.0,41.141434667,-8.606964683,21.0,11.421,251.50,1.6,?,?
2407,1457872215.0,41.141401933,-8.607094067,20.9,11.369,251.20,1.6,?,?
2408,1457872216.0,41.141369517,-8.6072202,20.8,11.061,250.70,1.6,?,?
2409,1457872217.0,41.14133825,-8.60734295,20.7,10.598,251.40,1.6,?,?
2410,1457872218.0,41.1413101,-8.607461217,20.6,10.083,252.40,1.6,?,?
2411,1457872219.0,41.141286183,-8.60756975,20.3,9.106,253.40,2.2,?,?
2412,1457872220.0,41.141264717,-8.60767155,19.9,8.334,253.20,1.6,?,?
2413,1457872221.0,41.141243033,-8.607770883,19.6,8.334,253.10,1.6,?,?
2414,1457872222.0,41.14122045,-8.607874517,19.3,8.900,253.50,1.6,?,?
2415,1457872223.0,41.141196783,-8.60798275,19.0,9.517,253.40,1.6,?,?
2416,1457872224.0,41.141172067,-8.608095967,18.7,10.032,253.50,1.6,?,?
2417,1457872225.0,41.14114615,-8.60821355,18.4,10.392,253.10,1.6,?,?
2418,1457872226.0,41.141119467,-8.60833185,18.1,10.443,252.60,1.6,?,?
2419,1457872227.0,41.141093333,-8.608446683,17.8,10.083,253.00,1.6,?,?
2420,1457872228.0,41.14106905,-8.608558317,17.4,9.672,253.70,1.6,?,?
2421,1457872229.0,41.1410457,-8.60866855,17.1,9.260,253.70,2.2,?,?
2422,1457872230.0,41.141023717,-8.608774133,16.7,8.848,253.90,2.2,?,?
2423,1457872231.0,41.141002533,-8.60887585,16.4,8.437,254.10,5.8,?,?
2424,1457872232.0,41.140983117,-8.608971767,16.1,7.922,254.30,2.2,?,?
2425,1457872233.0,41.140965917,-8.6090592,15.8,7.202,255.20,2.2,?,?
2426,1457872234.0,41.14095085,-8.609137167,15.3,6.328,254.60,2.2,?,?
2427,1457872235.0,41.140938633,-8.60919855,15.1,5.042,255.10,2.2,?,?
2428,1457872236.0,41.140930067,-8.609243533,14.9,3.447,257.80,2.2,?,?
2429,1457872237.0,41.140921217,-8.609260667,16.3,1.698,260.30,2.2,?,?
2430,1457872238.0,41.140916967,-8.609268067,17.2,0.566,262.40,2.2,?,?
2431,1457872239.0,41.1409098,-8.60925375,19.2,0.103,109.80,2.2,?,?
2432,1457872240.0,41.140907067,-8.609245667,20.3,0.103,112.30,1.6,?,?
2433,1457872241.0,41.14090565,-8.609245567,20.8,0.257,246.70,1.6,?,?
2434,1457872242.0,41.140900667,-8.609259767,21.3,1.543,252.20,1.6,?,?
2435,1457872243.0,41.140895033,-8.60929215,21.6,3.087,250.70,1.6,?,?
2436,1457872244.0,41.1408885,-8.609323133,21.9,2.984,256.80,2.2,?,?
2437,1457872245.0,41.140884717,-8.609347317,22.3,2.264,266.00,2.2,?,?
2438,1457872246.0,41.140885017,-8.609351617,22.4,0.669,267.20,1.6,?,?
2439,1457872247.0,41.140887683,-8.609348533,21.9,0.257,91.10,1.6,?,?
2440,1457872248.0,41.1408896,-8.609348467,21.5,0.154,80.30,2.2,?,?
2441,1457872249.0,41.1408907,-8.6093482,21.3,0.051,59.90,2.2,?,?
2442,1457872250.0,41.14089,-8.609347417,21.3,0.103,165.60,2.1,?,?
2443,1457872251.0,41.140883817,-8.60935505,22.1,1.389,247.20,2.1,?,?
2444,1457872252.0,41.140874717,-8.609381967,22.5,2.727,250.40,1.6,?,?
2445,1457872253.0,41.140869133,-8.609411333,22.6,2.778,251.00,1.6,?,?
2446,1457872254.0,41.140865183,-8.60942785,22.6,1.338,250.00,1.6,?,?
2447,1457872255.0,41.1408657,-8.60943125,22.6,0.154,151.50,1.6,?,?
2448,1457872256.0,41.140869083,-8.609433617,22.4,0.309,85.90,2.1,?,?
2449,1457872257.0,41.140870883,-8.609436617,22.2,0.051,237.60,2.1,?,?
2450,1457872258.0,41.140865633,-8.609452167,22.7,1.749,256.30,1.6,?,?
2451,1457872259.0,41.14085635,-8.609484017,23.0,3.138,255.40,1.6,?,?
2452,1457872260.0,41.1408442,-8.609507617,25.2,3.447,262.00,1.6,?,?
2453,1457872261.0,41.140845783,-8.6095477,26.1,4.270,271.30,1.6,?,?
2454,1457872262.0,41.14084565,-8.609604217,24.6,4.990,268.70,1.8,3.3,3.7
2455,1457872263.0,41.140849733,-8.6096743,24.2,6.122,267.80,1.5,?,?
2456,1457872264.0,41.140857667,-8.609758833,23.5,7.408,272.90,1.3,?,?
2457,1457872265.0,41.140861,-8.609851733,23.6,8.077,281.80,1.4,?,?
2458,1457872266.0,41.140879183,-8.60994595,23.5,8.283,286.90,1.4,?,?
2459,1457872267.0,41.1409059,-8.610035683,23.7,7.871,293.60,1.4,?,?
2460,1457872268.0,41.140936033,-8.6101108,23.6,6.533,299.30,1.8,?,?
2461,1457872269.0,41.140957167,-8.610159533,23.6,4.579,305.00,2.8,5.5,6.1
2462,1457872270.0,41.140977867,-8.610191483,23.3,2.881,312.30,2.8,5.5,6.1
2463,1457872271.0,41.140992933,-8.610208417,23.0,1.595,315.30,2.8,5.5,6.1
2464,1457872272.0,41.141002067,-8.610214817,22.3,0.617,321.90,2.8,5.5,6.1
2465,1457872273.0,41.141007333,-8.61021705,21.8,0.206,335.80,2.8,5.5,6.1
2466,1457872274.0,41.141010717,-8.610216433,21.3,0.154,340.90,2.8,5.5,6.1
2467,1457872275.0,41.1410164,-8.610219417,20.9,0.720,320.90,2.8,5.5,6.1
2468,1457872276.0,41.1410249,-8.61022775,20.6,1.492,317.30,2.8,5.5,6.1
2469,1457872277.0,41.14104385,-8.6102495,20.2,3.292,314.70,2.8,5.5,6.1
2470,1457872278.0,41.141071233,-8.610285083,20.0,4.836,313.70,2.8,5.5,6.1
2471,1457872279.0,41.14110065,-8.6103265,19.7,5.042,311.90,2.8,5.5,6.1
2472,1457872280.0,41.14113185,-8.6103792,19.6,5.968,305.00,2.8,5.5,6.1
2473,1457872281.0,41.14116345,-8.610447033,19.5,7.151,298.90,2.8,5.5,6.1
2474,1457872282.0,41.14119385,-8.6105281,19.4,8.025,294.70,2.8,5.5,6.1
2475,1457872283.0,41.141222267,-8.610621933,19.3,8.848,290.80,2.8,5.5,6.1
2476,1457872284.0,41.141243583,-8.610721933,19.3,8.951,283.80,3.4,?,?
2477,1457872285.0,41.141258367,-8.61082785,19.2,9.260,279.20,4.9,?,?
2478,1457872303.0,41.14127035,-8.61093875,18.9,?,?,61.4,?,?
2479,1457872304.0,41.141247383,-8.612835633,17.6,7.459,181.60,12.1,0.0,12.1
2480,1457872305.0,41.14159525,-8.6131666,18.3,5.093,251.60,1.7,?,?
2481,1457872306.0,41.141606067,-8.6132688,17.7,5.299,262.00,1.7,?,?
2482,1457872307.0,41.14156055,-8.613242467,18.2,6.431,273.60,1.5,?,?
2483,1457872308.0,41.141518817,-8.613303317,18.0,5.093,245.80,1.5,?,?
2484,1457872309.0,41.141401583,-8.613374067,24.8,3.755,249.70,1.5,?,?
2485,1457872310.0,41.14139505,-8.613432717,25.6,3.807,265.40,1.5,?,?
2486,1457872311.0,41.14138815,-8.6134821,25.6,4.064,263.40,1.5,?,?
2487,1457872312.0,41.141372917,-8.613538933,26.6,4.784,252.80,1.8,?,?
2488,1457872313.0,41.141345333,-8.613626767,29.9,5.710,246.70,1.8,?,?
2489,1457872314.0,41.141325883,-8.61369815,31.6,6.070,245.70,1.3,?,?
2490,1457872315.0,41.141300217,-8.6137701,32.3,6.173,244.20,1.9,?,?
2491,1457872316.0,41.141306467,-8.613848767,27.4,6.431,237.30,1.2,?,?
2492,1457872317.0,41.141303733,-8.613923883,24.5,5.968,242.50,1.4,?,?
2493,1457872318.0,41.141289133,-8.6139859,23.9,5.659,249.10,1.4,?,?
2494,1457872319.0,41.141266833,-8.61405205,24.2,5.659,250.40,1.4,?,?
2495,1457872320.0,41.141249267,-8.61411625,24.3,5.659,249.70,1.4,?,?
2496,1457872321.0,41.141228,-8.614176533,24.2,5.505,246.60,1.4,?,?
2497,1457872322.0,41.141210583,-8.614227817,23.5,4.939,245.00,1.7,?,?
2498,1457872323.0,41.14119715,-8.614261667,23.4,2.881,237.50,1.7,?,?
2499,1457872324.0,41.141190283,-8.61427575,23.4,0.977,214.90,1.4,?,?
2500,1457872325.0,41.14118695,-8.614279717,23.3,0.360,156.60,1.7,?,?
2501,1457872326.0,41.14118645,-8.614282383,23.0,0.257,143.30,1.7,?,?
2502,1457872327.0,41.141177067,-8.6142929,22.9,1.183,225.50,1.7,?,?
2503,1457872328.0,41.141166183,-8.6143295,23.0,3.550,240.40,1.4,?,?
2504,1457872329.0,41.141151967,-8.6143745,23.2,4.476,250.60,1.4,?,?
2505,1457872330.0,41.141145583,-8.614415933,23.7,4.013,268.40,1.5,?,?
2506,1457872331.0,41.141141383,-8.61442545,24.6,2.521,292.40,1.4,?,?
2507,1457872332.0,41.1411464,-8.61446495,26.6,1.132,330.30,1.4,?,?
2508,1457872333.0,41.141151667,-8.61447525,27.9,0.463,320.40,1.5,3.3,3.6
2509,1457872334.0,41.141160717,-8.614482883,27.2,1.132,314.60,1.5,3.3,3.6
2510,1457872335.0,41.141182083,-8.614501717,26.7,2.881,328.00,1.5,3.3,3.6
2511,1457872336.0,41.141216217,-8.61451475,26.2,4.013,348.70,1.9,?,?
2512,1457872337.0,41.141257183,-8.61452025,26.1,4.579,358.90,1.9,?,?
2513,1457872338.0,41.141303333,-8.614523833,26.2,5.042,0.00,1.9,?,?
2514,1457872339.0,41.141347183,-8.614525367,26.2,4.579,1.10,2.0,?,?
2515,1457872340.0,41.14139395,-8.614525133,26.3,5.042,1.30,2.0,?,?
2516,1457872341.0,41.141443567,-8.6145251,26.5,5.350,0.50,2.0,?,?
2517,1457872342.0,41.141491217,-8.61452685,27.0,5.144,0.00,2.0,?,?
2518,1457872343.0,41.14153875,-8.614527717,27.3,5.144,359.20,2.0,?,?
2519,1457872344.0,41.141585783,-8.614528167,27.4,5.093,359.20,2.0,?,?
2520,1457872345.0,41.1416331,-8.6145292,27.6,5.144,358.80,2.0,?,?
2521,1457872346.0,41.1416812,-8.614526267,27.9,5.247,5.30,2.0,?,?
2522,1457872347.0,41.141730383,-8.614514,28.2,5.556,12.40,2.0,?,?
2523,1457872348.0,41.141783383,-8.61449645,28.5,6.173,15.30,2.0,?,?
2524,1457872349.0,41.141841417,-8.614475667,29.1,6.842,17.20,2.0,?,?
2525,1457872350.0,41.1419044,-8.61445055,30.1,7.254,16.20,1.9,?,?
2526,1457872351.0,41.14197135,-8.6144246,30.8,7.820,16.40,1.9,?,?
2527,1457872352.0,41.1420387,-8.614397417,31.5,7.614,16.90,1.9,?,?
2528,1457872353.0,41.142100083,-8.61437165,32.4,6.739,17.80,1.9,?,?
2529,1457872354.0,41.142160083,-8.614342383,32.9,6.482,19.00,1.9,?,?
2530,1457872355.0,41.14222,-8.614317833,33.3,6.688,18.00,1.3,?,?
2531,1457872356.0,41.14228015,-8.614302667,34.4,6.842,15.70,1.3,?,?
2532,1457872357.0,41.142339467,-8.614283917,34.9,6.791,14.20,1.2,?,?
2533,1457872358.0,41.142402367,-8.614261133,35.2,6.996,15.30,1.5,3.3,3.6
2534,1457872359.0,41.142466333,-8.614240417,35.5,7.048,15.90,1.5,?,?
2535,1457872360.0,41.142530817,-8.61421815,35.9,7.099,15.30,1.8,?,?
2536,1457872361.0,41.142595683,-8.614198667,36.9,6.894,13.80,1.8,?,?
2537,1457872362.0,41.142652283,-8.6141887,38.3,6.276,8.80,1.8,?,?
2538,1457872363.0,41.142707367,-8.6141689,38.9,6.122,9.00,1.5,?,?
2539,1457872364.0,41.142737567,-8.6141599,40.8,4.218,12.10,1.1,?,?
2540,1457872365.0,41.142776067,-8.614153233,42.5,4.064,350.90,0.9,?,?
2541,1457872366.0,41.142812567,-8.61417825,42.8,5.196,319.60,1.1,?,?
2542,1457872367.0,41.14285295,-8.614237767,44.8,6.791,302.50,1.1,?,?
2543,1457872368.0,41.14287025,-8.614309533,46.8,6.739,284.80,1.3,?,?
2544,1457872369.0,41.14287235,-8.6143758,47.6,6.225,278.20,1.3,?,?
2545,1457872370.0,41.142867767,-8.614436117,48.2,5.505,265.90,1.3,?,?
2546,1457872371.0,41.142870067,-8.614493383,49.1,4.836,264.50,1.4,?,?
2547,1457872372.0,41.1428742,-8.6145479,50.0,4.476,268.20,1.4,?,?
2548,1457872373.0,41.142864183,-8.6146004,50.4,4.373,262.00,1.4,?,?
2549,1457872374.0,41.142856167,-8.6146546,51.3,4.476,257.90,1.4,?,?
2550,1457872375.0,41.142840583,-8.614708417,53.6,4.681,259.50,1.5,?,?
2551,1457872376.0,41.142836017,-8.614765917,54.2,4.784,260.20,2.4,?,?
2552,1457872377.0,41.142832167,-8.61481825,54.8,4.476,264.30,2.4,?,?
2553,1457872378.0,41.142827533,-8.6148792,55.5,4.887,267.20,2.4,?,?
2554,1457872379.0,41.14281945,-8.614941783,57.2,4.527,263.70,2.4,?,?
2555,1457872380.0,41.142804867,-8.61499535,59.2,4.527,252.60,2.4,?,?
2556,1457872381.0,41.142788267,-8.615044,60.8,4.527,243.90,2.7,?,?
2557,1457872382.0,41.142783483,-8.6150971,62.1,4.579,251.30,2.7,?,?
2558,1457872383.0,41.142782133,-8.615151517,63.0,4.579,258.20,2.7,?,?
2559,1457872384.0,41.14277175,-8.615207867,63.6,4.733,260.30,2.7,?,?
2560,1457872385.0,41.1427382,-8.61525515,64.5,5.196,238.90,2.2,?,?
2561,1457872386.0,41.142687317,-8.615291733,62.6,6.019,219.50,1.5,?,?
2562,1457872387.0,41.142644033,-8.615311367,60.3,6.122,201.10,1.5,?,?
2563,1457872388.0,41.142590467,-8.61533075,59.6,6.431,191.00,1.5,?,?
2564,1457872389.0,41.142532617,-8.615342233,58.1,6.739,184.30,1.5,?,?
2565,1457872390.0,41.1424714,-8.61534345,57.8,6.894,179.00,1.5,?,?
2566,1457872391.0,41.142411,-8.6153471,56.5,7.151,177.40,1.5,?,?
2567,1457872392.0,41.14236165,-8.615372817,50.4,7.099,180.20,1.4,?,?
2568,1457872393.0,41.142307933,-8.615380683,45.5,7.099,176.80,1.5,?,?
2569,1457872394.0,41.142243817,-8.6153858,44.1,7.305,180.70,1.5,?,?
2570,1457872395.0,41.142176367,-8.6153797,42.7,7.717,180.10,1.5,?,?
2571,1457872396.0,41.14209965,-8.6153978,43.0,7.974,177.40,1.5,?,?
2572,1457872397.0,41.142030333,-8.615388217,41.3,7.974,177.20,1.5,?,?
2573,1457872398.0,41.141962883,-8.615372417,39.2,7.974,178.20,1.5,?,?
2574,1457872399.0,41.141894117,-8.615364933,37.3,7.974,179.20,1.6,?,?
2575,1457872400.0,41.141824317,-8.615360017,35.7,7.974,180.40,1.3,?,?
2576,1457872401.0,41.1417537,-8.615354617,34.5,7.922,181.50,1.5,?,?
2577,1457872402.0,41.141685183,-8.615355333,33.0,7.717,181.40,1.5,?,?
2578,1457872403.0,41.1416189,-8.615355917,31.5,7.357,181.00,1.5,?,?
2579,1457872404.0,41.14155625,-8.615357517,30.2,6.894,181.80,1.5,?,?
2580,1457872405.0,41.141495867,-8.61535735,29.0,6.636,180.30,1.5,?,?
2581,1457872406.0,41.141438217,-8.615358033,27.7,6.379,181.20,1.5,?,?
2582,1457872407.0,41.141383233,-8.61536095,26.3,6.122,182.10,1.6,?,?
2583,1457872408.0,41.1413318,-8.61536485,24.8,5.710,181.50,2.1,?,?
2584,1457872409.0,41.141283467,-8.615367217,23.4,5.350,181.20,2.1,?,?
2585,1457872410.0,41.141237633,-8.6153695,22.2,5.093,181.90,2.1,?,?
2586,1457872411.0,41.141194083,-8.615371783,21.1,4.836,181.90,2.1,?,?
2587,1457872412.0,41.14115525,-8.615373583,20.1,4.167,181.70,2.1,?,?
2588,1457872413.0,41.141123,-8.615374467,19.2,3.292,178.90,2.1,?,?
2589,1457872414.0,41.1410982,-8.615377933,18.4,2.418,183.80,2.1,?,?
2590,1457872415.0,41.1410811,-8.615380567,17.6,1.543,185.50,2.1,?,?
2591,1457872416.0,41.14107095,-8.615383033,17.0,0.823,191.40,2.2,?,?
2592,1457872417.0,41.141065717,-8.615382783,16.5,0.309,197.30,2.2,?,?
2593,1457872418.0,41.141063733,-8.61538335,16.1,0.103,249.40,2.2,?,?
2594,1457872419.0,41.14106335,-8.615383483,15.8,0.154,302.40,2.2,?,?
2595,1457872420.0,41.141063983,-8.615385283,15.4,0.206,296.90,4.8,?,?
2596,1457872421.0,41.141062667,-8.615385433,15.2,0.206,213.70,2.2,?,?
2597,1457872422.0,41.1410599,-8.615384217,15.0,0.257,186.70,2.2,?,?
2598,1457872423.0,41.141057317,-8.615382367,15.5,0.051,264.00,1.8,?,?
2599,1457872424.0,41.141053667,-8.615377767,16.7,0.051,321.60,1.8,?,?
2600,1457872425.0,41.14105085,-8.615373917,17.7,0.051,91.50,1.8,?,?
2601,1457872426.0,41.141049817,-8.615374367,18.1,0.051,136.60,3.4,?,?
2602,1457872427.0,41.141048817,-8.615374633,18.6,0.051,123.20,3.4,?,?
2603,1457872428.0,41.141047733,-8.6153731,18.9,0.154,119.80,3.4,?,?
2604,1457872429.0,41.141047233,-8.6153734,19.2,0.154,121.60,3.4,?,?
2605,1457872430.0,41.141046683,-8.615373517,19.5,0.103,119.70,1.5,?,?
2606,1457872431.0,41.14104825,-8.615374933,19.1,0.103,114.40,1.5,?,?
2607,1457872432.0,41.141050233,-8.61537735,18.6,0.000,344.30,3.4,?,?
2608,1457872433.0,41.141052,-8.615379833,18.1,0.051,259.40,3.4,?,?
2609,1457872434.0,41.14105385,-8.615382433,17.6,0.051,304.70,3.4,?,?
2610,1457872435.0,41.141055717,-8.61538515,17.0,0.103,309.30,3.4,?,?
2611,1457872436.0,41.14105755,-8.615387817,16.4,0.051,315.40,3.4,?,?
2612,1457872437.0,41.141053867,-8.61538285,17.5,0.000,110.20,2.6,?,?
2613,1457872438.0,41.14105075,-8.61537865,18.4,0.000,62.90,2.6,?,?
2614,1457872439.0,41.141046967,-8.61537555,19.0,0.412,183.20,2.8,?,?
2615,1457872440.0,41.141040317,-8.615373183,19.4,0.720,176.30,2.6,?,?
2616,1457872441.0,41.141034767,-8.615371467,19.7,0.463,171.80,2.6,?,?
2617,1457872442.0,41.141032517,-8.615370367,19.9,0.103,144.40,2.6,?,?
2618,1457872443.0,41.141032183,-8.615369133,19.9,0.103,169.40,2.6,?,?
2619,1457872444.0,41.141027933,-8.615368017,19.8,0.669,182.60,2.6,?,?
2620,1457872445.0,41.141023583,-8.615367967,19.8,0.463,173.70,2.6,?,?
2621,1457872446.0,41.14102225,-8.615367067,19.8,0.051,89.60,2.6,?,?
2622,1457872447.0,41.141021983,-8.61536645,19.8,0.051,320.80,2.6,?,?
2623,1457872448.0,41.14101995,-8.615365933,19.9,0.257,189.70,2.6,?,?
2624,1457872449.0,41.14101755,-8.615366567,19.9,0.257,178.80,2.6,?,?
2625,1457872450.0,41.14101545,-8.615367,19.7,0.257,177.50,2.6,?,?
2626,1457872451.0,41.141014567,-8.615367317,19.7,0.000,240.00,2.6,?,?
2627,1457872452.0,41.141014517,-8.615366933,19.7,0.051,329.80,2.6,?,?
2628,1457872453.0,41.1410146,-8.61536665,19.7,0.000,289.40,2.6,?,?
2629,1457872454.0,41.141013983,-8.615365983,19.6,0.154,194.60,2.6,?,?
2630,1457872455.0,41.141011667,-8.615365733,19.6,0.309,178.60,2.6,?,?
2631,1457872456.0,41.141009267,-8.6153644,19.5,0.257,162.80,2.6,?,?
2632,1457872457.0,41.141009467,-8.615364567,19.5,0.051,33.10,2.4,?,?
2633,1457872458.0,41.141010083,-8.6153646,19.4,0.051,296.40,2.4,?,?
2634,1457872459.0,41.1410101,-8.615364033,19.4,0.000,149.40,2.4,?,?
2635,1457872460.0,41.141010067,-8.615363367,19.3,0.051,262.00,1.1,?,?
2636,1457872461.0,41.141010033,-8.615363283,19.3,0.103,275.40,1.1,?,?
2637,1457872462.0,41.141009817,-8.61536235,19.2,0.051,155.80,1.1,?,?
2638,1457872463.0,41.141009467,-8.61536205,19.2,0.103,161.70,1.1,?,?
2639,1457872464.0,41.141008467,-8.61536315,19.1,0.154,204.60,1.3,?,?
2640,1457872465.0,41.141003333,-8.615362117,19.0,0.772,184.80,1.4,?,?
2641,1457872466.0,41.1409973,-8.615363667,18.9,0.669,184.60,1.4,?,?
2642,1457872467.0,41.1409936,-8.615363917,18.8,0.257,168.40,1.4,?,?
2643,1457872468.0,41.14099325,-8.6153632,18.8,0.051,32.20,2.6,?,?
2644,1457872469.0,41.140993167,-8.6153637,18.8,0.051,42.60,2.6,?,?
2645,1457872470.0,41.140993017,-8.615364317,18.8,0.051,262.30,2.6,?,?
2646,1457872471.0,41.1409929,-8.615365033,18.8,0.000,129.70,2.7,?,?
2647,1457872472.0,41.1409921,-8.615365483,18.8,0.154,191.80,1.7,?,?
2648,1457872473.0,41.1409851,-8.615365567,18.8,1.080,177.20,1.4,?,?
2649,1457872474.0,41.14097275,-8.6153655,18.6,1.543,174.00,1.4,?,?
2650,1457872475.0,41.1409618,-8.615363967,18.4,1.235,166.60,1.4,?,?
2651,1457872476.0,41.1409546,-8.615361633,18.4,0.720,161.40,1.3,?,?
2652,1457872477.0,41.140952183,-8.615358433,18.5,0.051,142.70,1.3,?,?
2653,1457872478.0,41.140950567,-8.615359317,18.7,0.051,290.10,1.3,?,?
2654,1457872479.0,41.140949783,-8.61535795,18.9,0.051,266.40,1.7,?,?
2655,1457872480.0,41.14094985,-8.61535725,19.1,0.051,324.60,1.7,?,?
2656,1457872481.0,41.140950117,-8.615356133,19.3,0.051,32.50,1.7,?,?
2657,1457872482.0,41.140949667,-8.615353817,19.5,0.206,141.80,1.7,?,?
2658,1457872483.0,41.140945483,-8.615350317,19.5,0.617,162.20,1.7,?,?
2659,1457872484.0,41.140934967,-8.61533935,19.7,1.492,151.30,1.7,?,?
2660,1457872485.0,41.140920467,-8.61532005,20.2,2.212,139.00,1.7,?,?
2661,1457872486.0,41.140913767,-8.6153073,20.6,1.029,123.10,1.7,?,?
2662,1457872487.0,41.140909533,-8.615300317,20.7,0.463,122.40,1.7,?,?
2663,1457872488.0,41.140903933,-8.615291467,20.9,0.926,129.70,1.7,?,?
2664,1457872489.0,41.1408902,-8.615271867,20.8,2.366,125.10,1.7,?,?
2665,1457872490.0,41.1408798,-8.615243567,20.7,2.881,109.80,1.7,?,?
2666,1457872491.0,41.140871817,-8.615206217,20.6,3.344,101.00,1.7,?,?
2667,1457872492.0,41.140867533,-8.6151436,21.4,3.395,91.40,1.7,?,?
2668,1457872493.0,41.140868933,-8.615099533,21.4,3.035,79.80,1.7,?,?
2669,1457872494.0,41.1408752,-8.615066517,21.5,2.161,62.40,1.4,?,?
2670,1457872495.0,41.14088265,-8.615041317,21.5,2.161,61.20,1.4,?,?
2671,1457872496.0,41.140889567,-8.61501875,21.2,2.161,61.40,1.4,?,?
2672,1457872497.0,41.140896167,-8.614996933,20.8,2.264,62.80,1.4,?,?
2673,1457872498.0,41.140906583,-8.614969517,20.9,2.624,63.30,1.4,?,?
2674,1457872499.0,41.140916433,-8.614942467,21.1,2.469,64.10,1.4,?,?
2675,1457872500.0,41.140924667,-8.614916833,21.0,2.366,66.00,1.4,?,?
2676,1457872501.0,41.140933233,-8.614891583,21.0,2.366,66.60,1.4,?,?
2677,1457872502.0,41.1409419,-8.614865283,20.9,2.366,66.90,1.4,?,?
2678,1457872503.0,41.140950467,-8.61483805,20.7,2.418,68.20,1.4,?,?
2679,1457872504.0,41.140958467,-8.61481175,20.3,2.264,66.60,1.4,?,?
2680,1457872505.0,41.14096555,-8.61479245,20.4,1.440,66.20,1.4,?,?
2681,1457872506.0,41.140971033,-8.61477895,20.6,0.926,65.00,1.3,?,?
2682,1457872507.0,41.140976267,-8.614772017,21.3,0.309,62.40,1.3,?,?
2683,1457872508.0,41.140979467,-8.6147691,21.6,0.154,60.50,1.3,?,?
2684,1457872509.0,41.140980567,-8.614768017,21.8,0.000,273.00,1.3,?,?
2685,1457872510.0,41.14098105,-8.614768233,21.8,0.051,297.20,1.4,?,?
2686,1457872511.0,41.1409806,-8.61476685,21.7,0.103,21.40,1.4,?,?
2687,1457872512.0,41.14098065,-8.6147657,21.7,0.103,23.20,1.4,?,?
2688,1457872513.0,41.1409802,-8.614765033,21.6,0.051,13.30,1.4,?,?
2689,1457872514.0,41.14097945,-8.614764883,21.5,0.051,337.40,1.4,?,?
2690,1457872515.0,41.140979383,-8.6147645,21.4,0.051,19.20,1.4,?,?
2691,1457872516.0,41.140979067,-8.61476425,21.4,0.051,6.20,1.4,?,?
2692,1457872517.0,41.140978517,-8.614763967,21.3,0.000,226.90,1.4,?,?
2693,1457872518.0,41.1409779,-8.614763867,21.2,0.000,159.10,1.4,?,?
2694,1457872519.0,41.14097775,-8.61476285,21.1,0.206,77.00,1.4,?,?
2695,1457872520.0,41.140981483,-8.614751983,21.0,1.389,66.00,1.3,?,?
2696,1457872521.0,41.140990183,-8.614730717,21.1,2.418,61.80,1.3,?,?
2697,1457872522.0,41.141000117,-8.614702867,21.0,2.932,65.00,1.4,?,?
2698,1457872523.0,41.141011367,-8.6146701,21.0,3.138,65.30,1.4,?,?
2699,1457872524.0,41.141022267,-8.614639533,21.1,2.727,65.20,1.4,?,?
2700,1457872525.0,41.141032383,-8.614611967,21.3,2.469,63.70,1.4,?,?
2701,1457872526.0,41.1410402,-8.6145873,21.2,2.161,66.90,1.4,?,?
2702,1457872527.0,41.141043533,-8.614565667,20.1,2.161,67.50,1.4,?,?
2703,1457872528.0,41.141048467,-8.6145437,19.5,2.006,68.90,1.4,?,?
2704,1457872529.0,41.14105415,-8.6145224,19.1,1.903,66.70,1.4,?,?
2705,1457872530.0,41.141059533,-8.614502133,18.7,1.903,67.20,1.4,?,?
2706,1457872531.0,41.1410658,-8.614482183,18.5,1.801,66.30,1.4,?,?
2707,1457872532.0,41.141071717,-8.614463133,18.3,1.698,66.00,1.4,?,?
2708,1457872533.0,41.14107595,-8.61444795,18.0,1.235,66.80,1.4,?,?
2709,1457872534.0,41.141083733,-8.61443485,19.0,0.823,68.40,1.4,?,?
2710,1457872535.0,41.141090567,-8.6144234,19.8,0.875,65.30,1.4,?,?
2711,1457872536.0,41.1411011,-8.61440065,20.4,2.624,65.90,1.4,?,?
2712,1457872537.0,41.141115517,-8.614366167,20.9,3.601,65.00,1.4,?,?
2713,1457872538.0,41.141132183,-8.614325483,21.3,4.013,63.60,1.4,?,?
2714,1457872539.0,41.14114945,-8.614283617,21.6,4.064,64.20,1.4,?,?
2715,1457872540.0,41.141168133,-8.61423835,21.8,4.424,63.80,1.9,?,?
2716,1457872541.0,41.141188183,-8.6141934,22.3,4.218,64.10,1.8,?,?
2717,1457872542.0,41.14120495,-8.614153483,22.6,3.550,64.50,1.2,?,?
2718,1457872543.0,41.141219383,-8.614121133,22.9,2.727,62.30,1.2,?,?
2719,1457872544.0,41.141231917,-8.614095733,23.2,2.366,60.80,1.2,?,?
2720,1457872545.0,41.14124275,-8.61407085,23.4,2.366,63.10,1.2,?,?
2721,1457872546.0,41.141252583,-8.61404595,23.8,2.366,64.60,1.2,?,?
2722,1457872547.0,41.141262633,-8.61402165,24.1,2.315,65.10,1.2,?,?
2723,1457872548.0,41.141275183,-8.613998983,24.4,2.264,60.00,1.2,?,?
2724,1457872549.0,41.14128705,-8.613979467,24.8,1.955,54.90,1.2,?,?
2725,1457872550.0,41.141295283,-8.613965383,25.1,1.338,55.50,1.4,?,?
2726,1457872551.0,41.141302717,-8.613953867,25.1,1.132,57.90,1.8,?,?
2727,1457872552.0,41.141308267,-8.61394215,24.9,1.080,66.70,1.2,?,?
2728,1457872553.0,41.141314917,-8.61392985,25.1,1.338,66.60,1.2,?,?
2729,1457872554.0,41.141324517,-8.6139103,25.7,2.212,66.40,1.2,?,?
2730,1457872555.0,41.1413327,-8.613890983,27.1,2.366,66.10,1.4,?,?
2731,1457872556.0,41.141340083,-8.613872817,29.2,2.315,67.90,1.7,?,?
2732,1457872557.0,41.141351617,-8.613852233,30.5,2.418,65.20,1.7,?,?
2733,1457872558.0,41.141366233,-8.613820967,31.6,3.344,65.10,1.3,?,?
2734,1457872559.0,41.141385067,-8.6137828,32.5,4.013,64.00,1.6,?,?
2735,1457872560.0,41.14140095,-8.613741583,32.7,4.064,64.90,1.3,?,?
2736,1457872561.0,41.141414883,-8.613704967,33.0,3.344,63.80,1.4,?,?
2737,1457872562.0,41.141420267,-8.6136811,33.4,1.698,63.40,1.3,?,?
2738,1457872563.0,41.14142305,-8.613663383,34.0,1.080,65.00,1.3,?,?
2739,1457872564.0,41.141428633,-8.613644417,34.2,1.646,69.30,1.4,?,?
2740,1457872565.0,41.141440617,-8.6136086,34.0,3.447,70.60,1.4,?,?
2741,1457872566.0,41.141451133,-8.6135684,33.8,3.755,72.20,1.4,?,?
2742,1457872567.0,41.141463767,-8.613530983,34.0,3.344,69.50,1.3,?,?
2743,1457872568.0,41.141481767,-8.6135026,33.4,2.829,56.20,1.3,?,?
2744,1457872569.0,41.1414991,-8.613480467,32.5,2.469,44.40,1.3,?,?
2745,1457872570.0,41.1414922,-8.6134461,32.4,2.521,70.50,1.2,?,?
2746,1457872571.0,41.141495417,-8.613395067,33.2,4.116,71.20,1.2,?,?
2747,1457872572.0,41.141503783,-8.61334315,33.9,4.681,70.30,1.2,?,?
2748,1457872573.0,41.141514967,-8.613292317,34.2,4.630,70.40,1.8,?,?
2749,1457872574.0,41.14152565,-8.613239517,34.1,4.681,71.10,1.5,?,?
2750,1457872575.0,41.141533067,-8.613178067,34.1,5.196,74.30,1.5,?,?
2751,1457872576.0,41.1415477,-8.61311985,34.2,5.453,71.40,1.5,?,?
2752,1457872577.0,41.141551017,-8.6130482,34.5,5.916,77.40,1.5,?,?
2753,1457872578.0,41.141575033,-8.612982933,19.0,6.533,89.50,2.5,?,?
2754,1457872604.0,41.141572717,-8.612896083,18.7,?,?,6.7,1.0,6.8
2755,1457872605.0,41.141158567,-8.610686917,16.0,5.144,145.00,4.6,?,?
2756,1457872606.0,41.14119035,-8.610706,16.1,2.984,117.50,6.5,?,?
2757,1457872607.0,41.141192517,-8.610693133,16.0,2.315,114.70,6.5,?,?
2758,1457872608.0,41.1411661,-8.610650833,15.8,0.926,121.80,1.6,?,?
2759,1457872609.0,41.14120945,-8.610635083,29.8,0.514,116.00,1.6,?,?
2760,1457872610.0,41.141193433,-8.610635,26.4,0.463,113.10,1.6,?,?
2761,1457872611.0,41.141191233,-8.610628933,26.0,0.566,114.80,1.6,?,?
2762,1457872612.0,41.141184167,-8.61062185,25.2,0.720,118.60,1.7,?,?
2763,1457872613.0,41.141179783,-8.610611,24.9,1.132,114.20,1.7,?,?
2764,1457872614.0,41.1411698,-8.61059145,24.7,2.161,120.90,1.7,?,?
2765,1457872615.0,41.141159233,-8.610564383,24.4,2.778,117.40,1.7,?,?
2766,1457872616.0,41.141151417,-8.61054235,23.6,2.212,113.30,1.7,?,?
2767,1457872617.0,41.1411412,-8.610509817,22.3,2.469,118.30,1.4,?,?
2768,1457872618.0,41.141131617,-8.610479617,20.7,2.418,121.80,1.4,?,?
2769,1457872619.0,41.14111215,-8.6104459,21.6,2.161,129.00,1.3,?,?
2770,1457872620.0,41.1411013,-8.610427433,21.7,1.543,137.80,2.5,?,?
2771,1457872621.0,41.14110285,-8.610415083,26.3,0.823,133.40,1.3,?,?
2772,1457872622.0,41.141103967,-8.610411167,28.2,0.257,168.30,2.5,?,?
2773,1457872623.0,41.141105783,-8.610402983,29.3,0.617,143.40,1.2,?,?
2774,1457872624.0,41.1411014,-8.610386167,30.0,1.749,126.00,1.2,?,?
2775,1457872625.0,41.141091017,-8.610359417,30.1,2.932,126.30,1.5,?,?
2776,1457872626.0,41.141081417,-8.610340383,31.4,2.624,131.90,2.7,?,?
2777,1457872627.0,41.141082867,-8.610328567,31.5,1.132,102.40,1.8,?,?
2778,1457872628.0,41.14105275,-8.610259267,14.7,2.521,121.90,2.3,?,?
2779,1457872629.0,41.141036017,-8.610232933,13.8,2.829,130.70,2.5,?,?
2780,1457872630.0,41.1410236,-8.610188433,12.8,3.241,123.30,1.8,?,?
2781,1457872631.0,41.141008367,-8.61013565,12.0,3.292,119.60,1.8,?,?
2782,1457872632.0,41.140993267,-8.610107867,12.4,3.292,128.90,1.3,?,?
2783,1457872633.0,41.1409754,-8.61005865,12.6,4.270,119.90,1.1,?,?
2784,1457872634.0,41.140958317,-8.610004233,13.5,5.042,113.00,1.1,?,?
2785,1457872635.0,41.1409529,-8.609948567,13.8,4.887,106.00,1.3,?,?
2786,1457872636.0,41.140951367,-8.609881967,15.7,4.784,104.50,1.1,?,?
2787,1457872637.0,41.140945267,-8.60983025,16.9,4.476,102.70,1.3,?,?
2788,1457872638.0,41.140930767,-8.609789167,17.6,4.167,106.10,1.3,?,?
2789,1457872639.0,41.140915267,-8.609761517,19.2,4.167,119.10,1.3,?,?
2790,1457872640.0,41.140898217,-8.609725067,19.5,3.653,122.40,1.4,?,?
2791,1457872641.0,41.1408829,-8.609697583,19.7,2.829,128.20,2.7,3.6,4.5
2792,1457872642.0,41.1408417,-8.609694,22.5,3.344,157.20,1.5,?,?
2793,1457872643.0,41.1408042,-8.609686467,24.4,3.961,170.10,1.2,?,?
2794,1457872644.0,41.14076865,-8.609692333,23.3,5.659,172.40,1.4,?,?
2795,1457872645.0,41.140722233,-8.6096872,21.3,5.607,167.60,1.5,?,?
2796,1457872646.0,41.140671583,-8.609667,20.6,6.482,165.50,1.7,?,?
2797,1457872647.0,41.140606683,-8.6096545,19.9,7.099,166.70,1.2,?,?
2798,1457872648.0,41.140541517,-8.609645967,18.8,7.305,166.60,1.2,?,?
2799,1457872649.0,41.14047255,-8.60962885,19.0,7.254,166.30,1.9,?,?
2800,1457872650.0,41.140406233,-8.609609767,19.3,7.048,166.60,1.2,?,?
2801,1457872651.0,41.14033855,-8.609589617,19.5,6.688,167.10,1.0,?,?
2802,1457872652.0,41.140280083,-8.609571917,19.6,6.482,165.90,1.0,?,?
2803,1457872653.0,41.140218,-8.6095534,19.7,6.482,166.50,0.9,?,?
2804,1457872654.0,41.1401497,-8.6095286,19.8,6.636,167.00,0.9,?,?
2805,1457872655.0,41.1400853,-8.609505733,19.7,6.842,166.20,0.9,?,?
2806,1457872656.0,41.1400226,-8.609486617,19.9,7.202,167.60,0.9,?,?
2807,1457872657.0,41.139933,-8.609450417,19.7,7.408,167.00,0.9,?,?
2808,1457872658.0,41.1398547,-8.609422117,19.7,7.254,166.50,0.9,?,?
2809,1457872659.0,41.139783233,-8.609397933,19.8,7.151,165.60,1.1,?,?
2810,1457872660.0,41.1397149,-8.60937815,19.3,7.202,166.40,0.9,?,?
2811,1457872661.0,41.139649617,-8.609355967,19.2,7.099,166.20,0.9,?,?
2812,1457872662.0,41.139588067,-8.609335733,18.9,6.533,165.30,0.9,?,?
2813,1457872663.0,41.139531367,-8.609319,18.5,5.865,167.80,1.0,?,?
2814,1457872664.0,41.1394903,-8.609310583,17.8,4.373,171.10,1.0,?,?
2815,1457872665.0,41.139461467,-8.6093065,17.3,2.521,178.00,1.0,?,?
2816,1457872666.0,41.139436967,-8.609300333,16.9,2.212,176.80,1.0,?,?
2817,1457872667.0,41.139415967,-8.6093009,16.3,2.006,184.50,1.0,?,?
2818,1457872668.0,41.139397333,-8.6092981,15.9,1.801,173.70,1.0,?,?
2819,1457872669.0,41.1393857,-8.609293917,15.5,1.440,177.10,1.4,?,?
2820,1457872670.0,41.139368517,-8.609283483,14.5,1.646,170.50,1.1,?,?
2821,1457872671.0,41.139352033,-8.609283117,14.0,1.389,181.80,1.4,?,?
2822,1457872672.0,41.139340833,-8.6092706,13.0,1.389,158.10,1.0,?,?
2823,1457872673.0,41.139327617,-8.6092647,12.4,1.286,187.30,1.0,?,?
2824,1457872674.0,41.1393059,-8.60925465,12.3,2.109,163.20,1.1,?,?
2825,1457872675.0,41.139277783,-8.609239617,11.2,2.264,168.60,1.0,?,?
2826,1457872676.0,41.139261717,-8.609228033,10.7,1.029,148.60,1.1,?,?
2827,1457872677.0,41.1392384,-8.6092272,11.0,2.469,189.60,1.0,?,?
2828,1457872678.0,41.139214133,-8.609226883,10.9,2.778,187.90,1.2,?,?
2829,1457872679.0,41.139182383,-8.609225833,10.5,3.292,185.10,1.2,?,?
2830,1457872680.0,41.1391487,-8.609198367,10.7,2.727,173.40,1.3,2.0,2.3
2831,1457872681.0,41.139121483,-8.609204383,11.2,2.161,201.20,1.2,?,?
2832,1457872682.0,41.1391099,-8.6092238,13.3,2.058,271.10,1.9,?,?
2833,1457872683.0,41.139117333,-8.609245883,12.9,2.469,298.60,2.0,?,?
2834,1457872684.0,41.139089133,-8.6093107,10.9,3.961,276.30,1.6,?,?
2835,1457872685.0,41.13908135,-8.60937275,10.2,4.630,272.80,1.2,?,?
2836,1457872686.0,41.139067533,-8.6094262,10.1,4.836,267.30,1.4,?,?
2837,1457872687.0,41.139056883,-8.609480767,9.3,4.630,257.90,1.4,?,?
2838,1457872688.0,41.13903735,-8.6095272,8.7,4.579,244.90,1.5,?,?
2839,1457872689.0,41.139001567,-8.609553933,8.2,4.321,226.90,1.5,?,?
2840,1457872690.0,41.138967833,-8.609589917,7.5,4.836,226.50,1.2,?,?
2841,1457872691.0,41.138933467,-8.609632833,6.9,5.556,227.40,1.2,?,?
2842,1457872692.0,41.138895483,-8.609693217,7.0,6.379,229.60,1.2,?,?
2843,1457872693.0,41.138856733,-8.609757783,6.4,7.151,231.40,1.0,?,?
2844,1457872694.0,41.138814267,-8.609838033,6.5,7.820,234.80,1.0,?,?
2845,1457872695.0,41.138774733,-8.6099178,5.9,7.974,236.50,1.0,?,?
2846,1457872696.0,41.13873755,-8.609998833,6.6,7.305,237.50,1.1,?,?
2847,1457872697.0,41.1387051,-8.610067483,6.7,6.482,237.30,1.0,?,?
2848,1457872698.0,41.13867865,-8.610129683,7.3,5.505,239.50,1.2,?,?
2849,1457872699.0,41.13864255,-8.610187783,7.0,5.402,233.00,1.0,?,?
2850,1457872700.0,41.138611167,-8.610247717,7.0,5.659,235.80,1.0,?,?
2851,1457872701.0,41.13858065,-8.610308933,7.2,5.916,236.70,1.2,?,?
2852,1457872702.0,41.13855005,-8.610371283,7.5,6.122,236.80,1.2,?,?
2853,1457872703.0,41.1385203,-8.610432317,8.0,6.122,235.80,1.2,?,?
2854,1457872704.0,41.1384888,-8.610495317,8.3,6.122,236.10,1.2,?,?
2855,1457872705.0,41.138459817,-8.6105581,8.6,6.276,237.30,1.2,?,?
2856,1457872706.0,41.138425117,-8.610622383,8.0,6.739,236.90,1.2,?,?
2857,1457872707.0,41.138389017,-8.610687117,7.3,6.945,236.20,1.2,?,?
2858,1457872708.0,41.13835305,-8.610754083,6.8,6.945,235.90,1.2,?,?
2859,1457872709.0,41.138319433,-8.610822717,6.3,6.894,238.80,1.2,?,?
2860,1457872814.0,41.137457117,-8.6143397,7.2,0.051,288.40,1.2,?,?
2861,1457872815.0,41.137463267,-8.614339767,7.1,0.000,16.10,1.2,?,?
2862,1457872816.0,41.137467183,-8.614340633,6.9,0.051,260.30,1.2,?,?
2863,1457872817.0,41.137469917,-8.614340967,6.7,0.051,103.70,1.2,?,?
2864,1457872818.0,41.1374719,-8.614341433,6.4,0.051,267.80,1.2,?,?
2865,1457872819.0,41.137473367,-8.614342,6.1,0.051,292.30,1.2,?,?
2866,1457872820.0,41.137474267,-8.614341967,5.9,0.051,276.30,1.2,?,?
2867,1457872821.0,41.13747515,-8.614341417,5.7,0.000,82.60,1.2,?,?
2868,1457872822.0,41.137475917,-8.614340033,5.6,0.051,94.50,1.2,?,?
2869,1457872823.0,41.137476433,-8.614339033,5.5,0.000,12.10,1.2,?,?
2870,1457872824.0,41.137476333,-8.6143378,5.3,0.000,219.60,1.2,?,?
2871,1457872825.0,41.1374767,-8.614337483,5.2,0.051,270.40,1.2,?,?
2872,1457872826.0,41.137477167,-8.614336483,5.2,0.051,97.60,1.2,?,?
2873,1457872827.0,41.137477883,-8.614336883,5.2,0.051,69.50,1.2,?,?
2874,1457872828.0,41.137478033,-8.614336667,5.1,0.000,199.20,1.2,?,?
2875,1457872829.0,41.13747815,-8.614336317,5.0,0.000,283.50,1.2,?,?
2876,1457872830.0,41.137478383,-8.614336483,5.0,0.000,250.40,1.2,?,?
2877,1457872831.0,41.13747855,-8.614336267,4.9,0.051,268.70,1.0,?,?
2878,1457872832.0,41.137478783,-8.614336567,4.8,0.051,278.60,1.2,?,?
2879,1457872833.0,41.137479,-8.614336583,4.8,0.051,287.70,1.0,?,?
2880,1457872834.0,41.1374785,-8.614336,4.7,0.000,148.80,1.2,?,?
2881,1457872835.0,41.137478017,-8.614335467,4.6,0.000,119.30,1.2,?,?
2882,1457872836.0,41.137477417,-8.614335133,4.4,0.051,107.80,1.0,?,?
2883,1457872837.0,41.137476733,-8.614337017,4.4,0.309,239.50,1.0,?,?
2884,1457872838.0,41.137473517,-8.61434695,4.3,1.286,238.50,1.0,?,?
2885,1457872839.0,41.137469133,-8.61436395,4.3,1.646,251.40,1.0,?,?
2886,1457872840.0,41.1374672,-8.6143871,4.3,1.595,252.80,0.9,?,?
2887,1457872841.0,41.137464067,-8.614412083,4.4,1.801,248.70,1.0,?,?
2888,1457872842.0,41.137459367,-8.614439983,4.4,2.109,251.00,1.0,?,?
2889,1457872843.0,41.1374546,-8.614471733,4.5,2.469,254.60,1.0,?,?
2890,1457872844.0,41.1374474,-8.61449995,4.5,2.521,252.70,1.0,?,?
2891,1457872845.0,41.13744115,-8.614533933,4.5,2.778,255.70,1.0,?,?
2892,1457872846.0,41.137434933,-8.61456855,4.5,2.984,257.20,1.3,2.0,2.3
2893,1457872847.0,41.1374257,-8.6145958,4.5,2.829,252.40,1.3,2.0,2.3
2894,1457872848.0,41.13741655,-8.614625683,4.6,2.932,251.30,1.3,2.0,2.3
2895,1457872849.0,41.137407783,-8.614655733,4.7,2.829,252.30,1.3,2.0,2.3
2896,1457872850.0,41.137398517,-8.614681167,5.0,2.572,250.90,1.3,2.0,2.3
2897,1457872851.0,41.137391233,-8.614703417,5.3,2.161,252.80,1.3,2.0,2.3
2898,1457872852.0,41.137386983,-8.6147271,5.4,1.955,253.80,1.0,?,?
2899,1457872853.0,41.137384017,-8.61475115,5.3,1.903,254.60,1.3,?,?
2900,1457872854.0,41.1373775,-8.614766,5.6,1.749,251.20,1.3,2.0,2.3
2901,1457872855.0,41.1373721,-8.61478265,5.8,1.595,250.60,1.3,2.0,2.3
2902,1457872856.0,41.137366983,-8.614797983,5.8,1.543,250.70,1.3,2.0,2.3
2903,1457872857.0,41.137363567,-8.614816967,5.5,1.595,255.60,1.4,?,?
2904,1457872858.0,41.137360983,-8.614834133,5.0,1.543,257.40,1.2,?,?
2905,1457872859.0,41.137355467,-8.61485165,5.6,1.183,256.00,1.2,?,?
2906,1457872860.0,41.1373518,-8.614864767,5.8,1.029,251.30,1.2,?,?
2907,1457872861.0,41.137349817,-8.61487715,5.6,0.977,262.40,1.0,?,?
2908,1457872862.0,41.13734665,-8.61487955,5.7,0.206,252.60,1.0,?,?
2909,1457872863.0,41.137345517,-8.614881917,5.8,0.051,139.80,0.9,?,?
2910,1457872864.0,41.137345133,-8.614883867,6.0,0.103,296.90,0.9,?,?
2911,1457872865.0,41.137343183,-8.614882983,6.1,0.051,315.40,0.9,?,?
2912,1457872866.0,41.137341983,-8.614883117,6.0,0.000,93.40,0.9,?,?
2913,1457872867.0,41.13733825,-8.614878383,5.8,0.051,46.30,0.9,?,?
2914,1457872868.0,41.1373365,-8.6148753,5.9,0.000,331.50,0.9,?,?
2915,1457872869.0,41.1373345,-8.614872617,6.0,0.103,165.30,0.9,?,?
2916,1457872870.0,41.137333817,-8.614866417,5.6,0.051,85.00,0.9,?,?
2917,1457872871.0,41.137332583,-8.61486385,5.5,0.000,71.50,0.9,?,?
2918,1457872872.0,41.137331217,-8.614859967,5.3,0.051,67.00,0.9,?,?
2919,1457872873.0,41.137330717,-8.614856483,5.0,0.000,41.00,0.9,?,?
2920,1457872874.0,41.137329433,-8.61485335,4.8,0.000,81.70,0.9,?,?
2921,1457872875.0,41.137329833,-8.614851983,4.5,0.000,38.60,0.9,?,?
2922,1457872876.0,41.1373315,-8.6148501,4.4,0.000,283.40,0.9,?,?
2923,1457872877.0,41.1373312,-8.614847917,4.1,0.000,208.10,1.0,?,?
2924,1457872878.0,41.137329383,-8.614844833,3.8,0.103,130.20,1.0,?,?
2925,1457872879.0,41.137326333,-8.6148392,3.7,0.000,112.20,1.0,?,?
2926,1457872880.0,41.137323967,-8.614835217,3.5,0.000,185.40,1.0,?,?
2927,1457872881.0,41.13732385,-8.61483325,3.5,0.000,323.10,1.2,?,?
2928,1457872882.0,41.1373236,-8.614832933,3.6,0.051,296.60,1.2,?,?
2929,1457872883.0,41.137322917,-8.614831417,3.7,0.051,260.40,1.1,?,?
2930,1457872884.0,41.137323533,-8.614830517,3.7,0.051,97.60,1.2,?,?
2931,1457872885.0,41.1373242,-8.614831067,3.7,0.000,32.80,1.1,?,?
2932,1457872886.0,41.137323733,-8.61483045,3.8,0.000,246.70,1.2,?,?
2933,1457872887.0,41.137322183,-8.6148292,3.7,0.000,222.20,1.1,?,?
2934,1457872888.0,41.137318467,-8.61483585,3.3,0.720,248.60,1.1,?,?
2935,1457872889.0,41.137313333,-8.614855133,3.3,2.058,249.10,1.1,?,?
2936,1457872890.0,41.137307717,-8.6148818,3.4,2.675,253.60,1.1,?,?
2937,1457872891.0,41.1373029,-8.6149106,3.4,2.264,254.60,0.9,?,?
2938,1457872892.0,41.137297333,-8.61493485,3.2,1.955,252.20,1.1,?,?
2939,1457872893.0,41.137294767,-8.614959117,3.3,1.801,256.30,0.9,?,?
2940,1457872894.0,41.13729115,-8.61497885,3.3,1.492,250.40,0.9,?,?
2941,1457872895.0,41.137288567,-8.614998417,3.4,1.440,251.70,0.9,?,?
2942,1457872896.0,41.137288033,-8.615017867,4.0,1.389,252.20,0.9,?,?
2943,1457872897.0,41.137285933,-8.615034383,4.0,1.183,254.80,1.1,?,?
2944,1457872898.0,41.137283467,-8.61504815,4.0,1.029,249.70,1.1,?,?
2945,1457872899.0,41.137282867,-8.615059667,4.0,0.720,256.80,1.1,?,?
2946,1457872900.0,41.137283417,-8.615064617,4.2,0.257,268.00,0.9,?,?
2947,1457872901.0,41.137283933,-8.615068283,4.2,0.051,245.50,0.9,?,?
2948,1457872902.0,41.137284533,-8.6150704,4.2,0.000,25.30,0.9,?,?
2949,1457872903.0,41.13728555,-8.615072,4.3,0.000,96.80,0.9,?,?
2950,1457872904.0,41.137286783,-8.615074067,4.5,0.051,81.10,0.9,?,?
2951,1457872905.0,41.137289083,-8.615076933,4.9,0.000,298.70,0.9,?,?
2952,1457872906.0,41.137291017,-8.615078333,5.3,0.000,112.50,0.9,?,?
2953,1457872907.0,41.137292417,-8.61507945,5.7,0.103,93.00,0.9,?,?
2954,1457872908.0,41.137293417,-8.615080183,6.1,0.103,90.30,0.9,?,?
2955,1457872909.0,41.137294417,-8.615080533,6.5,0.051,91.60,0.9,?,?
2956,1457872910.0,41.1372953,-8.6150819,6.7,0.051,279.60,0.9,?,?
2957,1457872911.0,41.137295883,-8.615082467,7.0,0.051,95.50,0.9,?,?
2958,1457872912.0,41.137296317,-8.6150838,7.1,0.000,290.00,0.9,?,?
2959,1457872913.0,41.13729725,-8.615085733,7.3,0.051,91.30,0.9,?,?
2960,1457872914.0,41.13729785,-8.615087317,7.4,0.051,93.40,0.9,?,?
2961,1457872915.0,41.137298167,-8.615089117,7.5,0.000,247.40,0.9,?,?
2962,1457872916.0,41.13729835,-8.615091183,7.5,0.051,268.50,0.9,?,?
2963,1457872917.0,41.137298633,-8.615092317,7.5,0.000,51.50,0.9,?,?
2964,1457872918.0,41.1372991,-8.615094183,7.7,0.206,249.30,1.0,?,?
2965,1457872919.0,41.1372981,-8.6151028,7.9,0.772,247.50,0.9,?,?
2966,1457872920.0,41.137297633,-8.615111083,8.2,0.669,255.80,0.9,?,?
2967,1457872921.0,41.137298267,-8.615116,8.3,0.463,249.80,0.9,?,?
2968,1457872922.0,41.137298983,-8.615123567,8.4,0.412,248.20,0.9,?,?
2969,1457872923.0,41.137299067,-8.615129367,8.3,0.463,257.00,0.9,?,?
2970,1457872924.0,41.137296633,-8.615128367,8.5,0.309,247.50,0.9,?,?
2971,1457872925.0,41.137294983,-8.61512855,8.6,0.051,77.80,0.9,?,?
2972,1457872926.0,41.137294133,-8.615128667,8.8,0.103,82.80,0.9,?,?
2973,1457872927.0,41.1372935,-8.6151295,8.9,0.000,114.90,0.9,?,?
2974,1457872928.0,41.137292383,-8.615130667,9.1,0.000,168.90,0.9,?,?
2975,1457872929.0,41.1372916,-8.615132083,9.3,0.000,220.90,0.9,?,?
2976,1457872930.0,41.137291033,-8.615133867,9.6,0.051,264.60,0.9,?,?
2977,1457872931.0,41.137290217,-8.61513535,9.8,0.000,96.60,0.9,?,?
2978,1457872932.0,41.13728965,-8.615136467,10.0,0.000,75.40,0.9,?,?
2979,1457872933.0,41.137288717,-8.61513795,10.2,0.051,117.50,0.9,?,?
2980,1457872934.0,41.137288617,-8.61513935,10.4,0.000,45.80,0.9,?,?
2981,1457872935.0,41.137288667,-8.615140217,10.6,0.051,48.30,0.9,?,?
2982,1457872936.0,41.13728845,-8.6151416,10.7,0.000,225.90,0.9,?,?
2983,1457872937.0,41.137288383,-8.61514195,10.9,0.051,44.10,0.9,?,?
2984,1457872938.0,41.137287767,-8.615143267,11.0,0.000,260.90,0.9,?,?
2985,1457872939.0,41.137287267,-8.615144817,11.1,0.000,302.70,0.9,?,?
2986,1457872940.0,41.137287133,-8.615146383,11.3,0.051,134.10,0.9,?,?
2987,1457872941.0,41.1372869,-8.615148917,11.4,0.103,260.30,0.9,?,?
2988,1457872942.0,41.137285667,-8.615156717,11.7,0.772,252.70,0.9,?,?
2989,1457872943.0,41.137280967,-8.61517515,11.8,1.852,252.60,0.9,?,?
2990,1457872944.0,41.137274783,-8.615200417,11.9,2.418,252.40,0.9,?,?
2991,1457872945.0,41.137268483,-8.615227783,12.1,2.521,253.60,0.9,?,?
2992,1457872946.0,41.137261583,-8.615256117,12.1,2.572,253.00,1.1,?,?
2993,1457872947.0,41.137254033,-8.615286067,12.2,2.778,251.60,1.1,?,?
2994,1457872948.0,41.137247633,-8.615317933,12.3,2.932,252.90,1.1,?,?
2995,1457872949.0,41.137240017,-8.615348333,12.1,2.932,251.70,1.1,?,?
2996,1457872950.0,41.13723055,-8.61538055,12.0,2.881,253.60,1.1,?,?
2997,1457872951.0,41.137222067,-8.615412117,11.9,2.881,253.50,1.1,?,?
2998,1457872952.0,41.13721555,-8.615443533,11.8,2.829,255.20,1.1,?,?
2999,1457872953.0,41.137211367,-8.615468617,11.8,2.315,257.00,1.1,?,?
3000,1457872954.0,41.137209183,-8.615482567,11.8,1.132,263.60,1.1,?,?
3001,1457872955.0,41.1372103,-8.615490733,11.6,0.514,255.30,0.9,?,?
3002,1457872956.0,41.137210133,-8.615495083,11.3,0.360,245.10,0.9,?,?
3003,1457872957.0,41.137210133,-8.615497333,11.2,0.103,250.70,0.9,?,?
3004,1457872958.0,41.137210633,-8.6154973,10.9,0.051,78.90,0.9,?,?
3005,1457872959.0,41.1372103,-8.6155028,10.8,0.669,250.50,1.0,?,?
3006,1457872960.0,41.137205517,-8.6155191,10.5,1.852,248.70,1.0,?,?
3007,1457872961.0,41.137200333,-8.615543383,10.6,2.521,252.50,1.4,?,?
3008,1457872962.0,41.1371938,-8.615571367,10.7,2.881,253.30,1.4,?,?
3009,1457872963.0,41.137186383,-8.615602167,11.0,3.138,253.00,1.4,?,?
3010,1457872964.0,41.137176217,-8.615637383,11.0,3.241,253.90,1.4,?,?
3011,1457872965.0,41.13716715,-8.615673417,10.9,3.292,251.30,1.4,?,?
3012,1457872966.0,41.137156267,-8.615712317,11.0,3.755,251.30,1.4,?,?
3013,1457872967.0,41.137146067,-8.615756667,11.1,4.116,252.50,1.4,?,?
3014,1457872968.0,41.1371358,-8.615803083,11.3,4.218,253.00,1.4,?,?
3015,1457872969.0,41.13711825,-8.6158482,11.0,4.218,252.10,1.1,?,?
3016,1457872970.0,41.137102883,-8.6158994,10.5,4.579,252.00,1.1,?,?
3017,1457872971.0,41.137087633,-8.615951,10.3,4.733,249.50,1.1,?,?
3018,1457872972.0,41.137072133,-8.616008033,10.1,4.990,250.90,1.1,?,?
3019,1457872973.0,41.13706105,-8.6160577,10.2,4.270,257.20,1.1,?,?
3020,1457872974.0,41.137054067,-8.6160973,10.3,3.190,260.20,0.9,?,?
3021,1457872975.0,41.137048917,-8.616122,10.4,2.058,254.70,0.9,?,?
3022,1457872976.0,41.137044617,-8.616145883,10.7,1.646,248.80,0.9,?,?
3023,1457872977.0,41.137039733,-8.616167217,10.7,1.698,253.50,0.9,?,?
3024,1457872978.0,41.13703505,-8.616184883,10.8,1.595,254.10,0.9,?,?
3025,1457872979.0,41.137031017,-8.616201633,10.7,1.389,253.50,0.9,?,?
3026,1457872980.0,41.1370281,-8.616216867,10.8,1.235,254.40,1.1,?,?
3027,1457872981.0,41.13702385,-8.616236217,10.7,1.852,251.10,1.1,?,?
3028,1457872982.0,41.1370182,-8.616263933,10.5,2.675,254.10,1.1,?,?
3029,1457872983.0,41.13701285,-8.61630025,10.4,3.344,258.30,1.1,?,?
3030,1457872984.0,41.1370041,-8.616340417,10.5,3.858,256.50,1.1,?,?
3031,1457872985.0,41.136995883,-8.61638575,10.4,4.167,258.40,1.1,?,?
3032,1457872986.0,41.13699045,-8.616431033,10.5,3.858,259.10,1.1,?,?
3033,1457872987.0,41.13698395,-8.616472383,10.4,3.653,259.40,1.1,?,?
3034,1457872988.0,41.136978783,-8.616513017,10.3,3.498,260.40,1.1,?,?
3035,1457872989.0,41.1369723,-8.616549217,10.3,3.190,258.70,1.1,?,?
3036,1457872990.0,41.1369677,-8.616585483,10.4,3.087,261.10,1.1,?,?
3037,1457872991.0,41.136964633,-8.616621717,10.1,2.881,262.60,1.1,?,?
3038,1457872992.0,41.136959817,-8.616657633,10.2,2.829,262.70,1.3,2.0,2.3
3039,1457872993.0,41.136954583,-8.616694433,10.2,2.727,262.00,1.3,2.0,2.3
3040,1457872994.0,41.136952733,-8.616731067,9.5,2.315,271.40,1.3,2.0,2.3
3041,1457872995.0,41.136949617,-8.61676855,9.1,2.264,267.30,1.3,2.0,2.3
3042,1457872996.0,41.136946983,-8.616801933,8.7,2.264,266.80,1.3,2.0,2.3
3043,1457872997.0,41.136946367,-8.6168343,8.3,2.212,272.90,1.3,2.0,2.3
3044,1457872998.0,41.1369455,-8.61686275,8.0,1.955,273.50,1.3,2.0,2.3
3045,1457872999.0,41.136940217,-8.6168768,8.4,1.698,266.80,1.3,2.0,2.3
3046,1457873000.0,41.13693995,-8.6169014,8.3,1.646,270.70,1.3,2.0,2.3
3047,1457873001.0,41.1369377,-8.61692335,8.0,1.440,268.90,1.3,2.0,2.3
3048,1457873002.0,41.13693765,-8.6169347,7.6,0.772,274.70,1.3,2.0,2.3
3049,1457873003.0,41.136941417,-8.6169426,7.5,0.309,269.10,1.3,2.0,2.3
3050,1457873004.0,41.136941917,-8.616956117,6.8,0.566,261.00,1.3,2.0,2.3
3051,1457873005.0,41.136942233,-8.61697,6.2,0.720,266.80,1.3,2.0,2.3
3052,1457873006.0,41.1369421,-8.61697735,6.1,0.566,263.90,1.3,2.0,2.3
3053,1457873007.0,41.136941217,-8.616982583,6.3,0.412,269.30,1.3,2.0,2.3
3054,1457873008.0,41.13694035,-8.616988567,6.0,0.257,267.70,1.3,2.0,2.3
3055,1457873009.0,41.136937967,-8.6169933,5.5,0.154,254.50,1.3,2.0,2.3
3056,1457873010.0,41.1369365,-8.616998083,5.3,0.154,263.10,1.3,2.0,2.3
3057,1457873011.0,41.1369349,-8.617000783,5.0,0.103,262.80,1.3,2.0,2.3
3058,1457873012.0,41.13693365,-8.617002067,5.0,0.051,290.80,1.3,2.0,2.3
3059,1457873013.0,41.136932967,-8.61700245,5.0,0.051,347.80,1.3,2.0,2.3
3060,1457873014.0,41.136931917,-8.617003383,5.0,0.154,262.50,1.3,2.0,2.3
3061,1457873015.0,41.136930883,-8.617012233,5.0,0.926,266.30,1.3,2.0,2.3
3062,1457873016.0,41.136930033,-8.617034333,4.9,2.109,266.00,1.3,2.0,2.3
3063,1457873017.0,41.136927683,-8.617061133,4.7,2.624,264.80,1.3,2.0,2.3
3064,1457873018.0,41.136925633,-8.617087917,4.6,2.624,266.00,1.3,2.0,2.3
3065,1457873019.0,41.13692425,-8.61711005,4.9,2.366,263.90,1.3,2.0,2.3
3066,1457873020.0,41.13692195,-8.61713375,4.8,2.109,263.20,1.3,2.0,2.3
3067,1457873021.0,41.136918517,-8.617152983,4.7,1.698,261.40,1.3,2.0,2.3
3068,1457873022.0,41.136917383,-8.6171715,4.6,1.492,263.60,1.3,2.0,2.3
3069,1457873023.0,41.136915217,-8.617189967,4.3,1.543,262.50,1.3,2.0,2.3
3070,1457873024.0,41.1369113,-8.617210333,3.9,1.749,256.50,1.3,2.0,2.3
3071,1457873025.0,41.136908117,-8.617239583,3.5,2.572,261.60,1.3,2.0,2.3
3072,1457873026.0,41.136916017,-8.617272317,4.1,2.881,280.90,1.3,2.0,2.3
3073,1457873027.0,41.136914817,-8.61729505,4.0,2.161,278.10,1.2,?,?
3074,1457873028.0,41.136906167,-8.617298717,4.4,0.514,249.00,1.2,?,?
3075,1457873029.0,41.1369024,-8.617293417,5.3,0.514,119.80,1.4,?,?
3076,1457873030.0,41.13690025,-8.617297367,6.0,0.463,129.00,1.3,2.0,2.3
3077,1457873031.0,41.136898383,-8.6172997,6.2,0.257,149.40,1.3,2.0,2.3
3078,1457873032.0,41.1368971,-8.617301583,6.2,0.103,160.90,1.3,2.0,2.3
3079,1457873033.0,41.136897333,-8.617303367,6.2,0.000,314.80,1.3,2.0,2.3
3080,1457873034.0,41.136897867,-8.617304717,6.5,0.051,323.60,1.3,2.0,2.3
3081,1457873035.0,41.136901367,-8.617304,7.0,0.000,353.20,1.4,?,?
3082,1457873036.0,41.13689995,-8.61730315,7.8,0.051,329.20,1.3,2.0,2.3
3083,1457873037.0,41.13690275,-8.617305667,7.8,0.103,341.70,1.3,2.0,2.3
3084,1457873038.0,41.13690325,-8.6173061,8.9,0.154,341.90,1.2,?,?
3085,1457873039.0,41.1369043,-8.617306617,9.8,0.154,337.00,1.2,?,?
3086,1457873040.0,41.136905717,-8.617307867,10.7,0.154,340.50,1.2,?,?
3087,1457873041.0,41.136908233,-8.617310267,11.3,0.309,289.00,1.2,?,?
3088,1457873042.0,41.136909017,-8.617319567,11.4,1.183,263.50,1.2,?,?
3089,1457873043.0,41.136910733,-8.617338417,11.8,2.161,263.40,1.2,?,?
3090,1457873044.0,41.13691385,-8.617360083,12.3,2.418,265.60,1.4,?,?
3091,1457873045.0,41.136914133,-8.617384467,12.4,2.572,267.50,1.4,?,?
3092,1457873046.0,41.136906,-8.617410617,11.7,2.727,262.80,1.2,?,?
3093,1457873047.0,41.136904233,-8.6174473,10.9,3.190,263.20,1.2,?,?
3094,1457873048.0,41.136900267,-8.61748485,10.5,3.498,265.50,1.2,?,?
3095,1457873049.0,41.1368984,-8.617528633,10.1,3.755,264.20,1.2,?,?
3096,1457873050.0,41.136896533,-8.6175754,9.5,4.064,265.50,1.2,?,?
3097,1457873051.0,41.136894333,-8.617624067,9.2,4.167,265.70,0.9,?,?
3098,1457873052.0,41.136894417,-8.61767885,8.4,4.939,265.80,0.9,?,?
3099,1457873053.0,41.136892083,-8.617742067,8.1,5.453,264.70,0.9,?,?
3100,1457873054.0,41.13688875,-8.617808883,7.8,5.762,264.70,0.9,?,?
3101,1457873055.0,41.136883783,-8.61787785,7.9,6.173,263.80,0.9,?,?
3102,1457873056.0,41.136879267,-8.617949183,7.8,6.173,265.30,0.9,?,?
3103,1457873057.0,41.1368782,-8.618020333,7.6,5.453,270.10,0.9,?,?
3104,1457873058.0,41.136879417,-8.618080633,7.3,3.807,274.80,1.3,2.0,2.3
3105,1457873059.0,41.136876017,-8.618124433,7.3,2.058,274.30,1.3,2.0,2.3
3106,1457873060.0,41.136873967,-8.618148817,7.1,1.029,269.80,1.3,2.0,2.3
3107,1457873061.0,41.136873017,-8.618160633,6.8,0.360,265.90,1.3,2.0,2.3
3108,1457873062.0,41.13687195,-8.618167817,6.6,0.206,264.50,1.3,2.0,2.3
3109,1457873063.0,41.13687145,-8.618176117,6.6,0.823,272.90,1.3,2.0,2.3
3110,1457873064.0,41.136870483,-8.618201317,7.0,2.624,270.80,1.3,2.0,2.3
3111,1457873065.0,41.136871983,-8.618240283,7.2,3.550,275.30,1.3,2.0,2.3
3112,1457873066.0,41.1368747,-8.618281483,7.3,3.755,277.00,1.3,2.0,2.3
3113,1457873067.0,41.136874467,-8.618330367,7.1,4.476,270.40,1.3,1.9,2.3
3114,1457873068.0,41.13687815,-8.618388917,7.2,5.144,272.20,1.3,1.9,2.3
3115,1457873069.0,41.136880883,-8.61844995,7.4,5.505,272.70,1.3,1.9,2.3
3116,1457873070.0,41.136884633,-8.618519233,7.4,6.070,273.30,1.3,1.9,2.3
3117,1457873071.0,41.13688965,-8.618592367,7.1,6.482,274.90,1.2,?,?
3118,1457873072.0,41.136897783,-8.618670233,6.8,6.945,277.10,1.3,1.9,2.3
3119,1457873073.0,41.136901717,-8.618750467,6.9,7.048,276.60,1.3,1.9,2.3
3120,1457873074.0,41.136911833,-8.618835267,7.0,7.305,279.40,1.3,1.9,2.3
3121,1457873075.0,41.136920183,-8.618921217,6.8,7.459,279.10,1.3,1.9,2.3
3122,1457873076.0,41.136930533,-8.619003933,7.1,7.048,282.10,1.3,1.9,2.3
3123,1457873077.0,41.136949033,-8.6190763,7.2,6.379,291.80,1.3,1.9,2.3
3124,1457873078.0,41.136973817,-8.619134017,7.5,5.402,304.80,1.3,1.9,2.3
3125,1457873079.0,41.137002917,-8.619167583,7.7,4.167,327.80,1.3,1.9,2.3
3126,1457873080.0,41.137030833,-8.619190217,7.8,3.601,335.20,1.3,1.9,2.3
3127,1457873081.0,41.137052767,-8.61920075,8.3,2.469,348.00,1.3,1.9,2.3
3128,1457873082.0,41.1370647,-8.61920765,8.8,0.875,357.40,1.3,1.9,2.3
3129,1457873083.0,41.137069133,-8.619213,9.4,0.257,25.10,1.3,1.9,2.3
3130,1457873084.0,41.137073633,-8.619216867,9.9,0.566,338.50,1.3,1.9,2.3
3131,1457873085.0,41.137079133,-8.619218783,10.0,0.463,336.60,1.3,1.9,2.3
3132,1457873086.0,41.137078817,-8.6192172,10.4,0.154,155.70,1.3,1.9,2.3
3133,1457873087.0,41.137079267,-8.619215667,10.6,0.051,170.20,1.3,1.9,2.3
3134,1457873088.0,41.13707925,-8.619214083,10.8,0.000,172.80,1.3,1.9,2.3
3135,1457873089.0,41.137078967,-8.619212567,11.0,0.051,328.80,1.3,1.9,2.3
3136,1457873090.0,41.1370882,-8.6192155,11.2,1.749,337.80,1.3,1.9,2.3
3137,1457873091.0,41.137109117,-8.619235633,11.2,3.807,320.80,1.3,1.9,2.3
3138,1457873092.0,41.137131617,-8.61927965,11.2,5.402,298.00,1.3,1.9,2.3
3139,1457873093.0,41.13715565,-8.619330433,10.3,5.299,291.80,1.1,?,?
3140,1457873094.0,41.13717585,-8.619390783,11.1,5.813,292.50,1.3,1.9,2.3
3141,1457873095.0,41.13719335,-8.619449583,11.8,5.505,293.80,1.3,1.9,2.3
3142,1457873096.0,41.1372127,-8.619498233,11.7,4.733,295.00,1.2,?,?
3143,1457873097.0,41.13723485,-8.61952275,12.1,3.292,326.50,1.3,1.9,2.3
3144,1457873098.0,41.137255167,-8.6195244,12.4,2.624,17.80,1.3,1.9,2.3
3145,1457873099.0,41.137272833,-8.619507783,12.1,2.778,50.40,1.3,1.9,2.3
3146,1457873100.0,41.13728305,-8.619477617,12.8,3.755,78.00,1.3,1.9,2.3
3147,1457873101.0,41.137280567,-8.619425133,13.3,5.299,99.50,1.3,1.9,2.3
3148,1457873102.0,41.137263817,-8.6193483,14.7,7.305,106.00,1.3,1.9,2.3
3149,1457873103.0,41.137241833,-8.619257967,14.8,8.694,109.30,1.3,1.9,2.3
3150,1457873104.0,41.1372204,-8.6191621,14.5,8.951,109.90,1.3,1.9,2.3
3151,1457873105.0,41.13720695,-8.619067417,14.2,8.488,109.70,1.3,1.9,2.3
3152,1457873106.0,41.137182383,-8.618975683,14.4,8.128,109.00,1.3,1.9,2.3
3153,1457873107.0,41.137161017,-8.61888925,14.6,7.459,107.30,1.3,1.9,2.3
3154,1457873108.0,41.1371403,-8.61880835,14.6,7.048,106.60,1.3,1.9,2.3
3155,1457873109.0,41.1371224,-8.61872915,14.4,6.842,104.20,1.3,1.9,2.3
3156,1457873110.0,41.137118883,-8.618651567,13.7,6.533,101.90,1.3,1.9,2.3
3157,1457873111.0,41.137101983,-8.618580733,13.8,6.122,105.80,1.3,1.9,2.3
3158,1457873112.0,41.137084467,-8.618515583,13.7,5.556,110.60,1.3,1.9,2.3
3159,1457873113.0,41.1370747,-8.618460817,13.6,4.579,112.40,1.0,?,?
3160,1457873114.0,41.137061517,-8.618417233,13.8,3.807,115.60,1.3,1.9,2.3
3161,1457873115.0,41.137047233,-8.6183811,13.6,3.241,111.60,1.3,1.9,2.3
3162,1457873116.0,41.137044583,-8.61834495,13.3,3.035,82.60,1.3,1.9,2.3
3163,1457873117.0,41.137059233,-8.618316417,13.1,3.550,36.10,1.3,1.9,2.3
3164,1457873118.0,41.137094467,-8.618299167,12.8,4.321,15.30,0.9,?,?
3165,1457873119.0,41.13712755,-8.618290117,12.6,4.013,7.90,1.3,1.9,2.3
3166,1457873120.0,41.1371554,-8.6183031,12.2,3.601,333.10,1.0,?,?
3167,1457873121.0,41.1371766,-8.6183305,11.6,3.755,295.70,1.0,?,?
3168,1457873122.0,41.137182417,-8.618365467,10.9,3.344,277.80,1.0,?,?
3169,1457873123.0,41.137185467,-8.6184007,10.3,2.932,275.70,1.0,?,?
3170,1457873124.0,41.137188867,-8.618435533,10.4,2.418,282.50,0.9,?,?
3171,1457873125.0,41.137196267,-8.6184586,10.4,1.749,298.70,1.0,?,?
3172,1457873126.0,41.137204067,-8.618480417,10.4,1.955,293.80,1.0,?,?
3173,1457873127.0,41.1372126,-8.6185083,10.2,2.829,290.80,1.0,?,?
3174,1457873128.0,41.13722085,-8.618540433,10.2,2.829,289.80,0.9,?,?
3175,1457873129.0,41.137234817,-8.618561017,10.1,2.366,317.70,0.9,?,?
3176,1457873130.0,41.137252617,-8.618568,10.0,2.264,0.40,0.9,?,?
3177,1457873131.0,41.137268483,-8.618564733,10.1,1.595,27.10,0.9,?,?
3178,1457873132.0,41.1372792,-8.618554733,10.1,0.926,46.60,0.9,?,?
3179,1457873133.0,41.1372837,-8.6185502,10.0,0.154,51.30,1.0,?,?
