,n,Session,location.seconds.Unix,location.millis,location.gpstime,location.lat,location.lon,location.alt,location.track,location.speed.M-S,location.acc,location.nsats
0,1,13700,1457880952,984,1457880954.0,41.13687024,-8.61788056,97.9,91.2,1.5,33.0,11.0
1,2,13700,1457880953,905,1457880955.0,41.13687812,-8.61782518,97.4,92.1,1.75,31.0,11.0
2,3,13700,1457880954,974,1457880956.0,41.13687564,-8.61776881,91.6,96.0,3.5,29.0,10.0
3,4,13700,1457880955,883,1457880957.0,41.13686901,-8.61772648,84.9,95.5,4.0,25.0,10.0
4,5,13700,1457880956,993,1457880958.0,41.13686679,-8.61768415,81.5,91.5,4.0,25.0,10.0
5,6,13700,1457880957,957,1457880959.0,41.13686963,-8.61763681,80.5,86.9,4.25,26.0,10.0
6,7,13700,1457880959,17,1457880960.0,41.13687259,-8.61758808,81.6,85.1,4.25,27.0,10.0
7,8,13700,1457880959,914,1457880961.0,41.13687413,-8.61753371,81.7,86.5,4.75,28.0,10.0
8,9,13700,1457880960,946,1457880962.0,41.13687583,-8.61747691,80.6,87.2,4.75,22.0,10.0
9,10,13700,1457880962,4,1457880963.0,41.13687773,-8.61741966,79.7,86.8,5.0,18.0,10.0
10,11,13700,1457880963,978,1457880965.0,41.13688714,-8.61730581,80.8,85.3,4.75,12.0,10.0
11,12,13700,1457880964,900,1457880966.0,41.13688265,-8.6172686,79.2,84.9,4.75,12.0,10.0
12,13,13700,1457880965,882,1457880967.0,41.13688732,-8.61721273,79.5,85.4,4.75,11.0,10.0
13,14,13700,1457880967,39,1457880968.0,41.1368946,-8.617144,80.2,85.0,4.75,9.0,10.0
14,15,13700,1457880969,12,1457880970.0,41.1369086,-8.61702568,80.5,86.2,4.25,8.0,10.0
15,16,13700,1457880969,920,1457880971.0,41.13691051,-8.61696585,80.4,87.9,4.25,9.0,10.0
16,17,13700,1457880970,966,1457880972.0,41.13691938,-8.61692199,80.3,85.7,4.25,10.0,10.0
17,18,13700,1457880972,16,1457880973.0,41.13690933,-8.61688163,80.5,90.8,3.75,10.0,10.0
18,19,13700,1457880973,993,1457880975.0,41.13691064,-8.61679155,81.0,88.8,3.75,10.0,10.0
19,20,13700,1457880976,8,1457880977.0,41.13691204,-8.61669772,80.9,88.0,3.75,10.0,10.0
20,21,13700,1457880976,920,1457880978.0,41.13691369,-8.61665678,81.2,87.2,3.75,10.0,10.0
21,22,13700,1457880978,1457880979,41.1369177,-8.61661878,81.3,85.4,3.5,10.0,10.0,
22,23,13700,1457880978,965,1457880980.0,41.13692602,-8.61658972,81.3,81.3,3.0,11.0,10.0
23,24,13700,1457880979,938,1457880981.0,41.13693792,-8.6165592,82.2,76.9,3.25,12.0,10.0
24,25,13700,1457880981,20,1457880982.0,41.13695003,-8.61652168,82.0,75.0,3.5,10.0,10.0
25,26,13700,1457880983,527,1457880984.0,41.13696275,-8.61642009,82.4,81.4,4.5,8.0,10.0
26,27,13700,1457880985,528,1457880986.0,41.13697431,-8.61629862,84.1,82.9,4.5,8.0,11.0
27,28,13700,1457880986,977,1457880988.0,41.13698949,-8.61618147,85.5,80.9,4.5,9.0,11.0
28,29,13700,1457880988,34,1457880989.0,41.13700081,-8.61612666,85.4,79.1,4.5,9.0,11.0
29,30,13700,1457880990,55,1457880991.0,41.13702959,-8.61601745,85.5,75.9,4.5,8.0,11.0
30,31,13700,1457880992,531,1457880993.0,41.1370567,-8.61595312,75.6,74.6,4.5,7.0,11.0
31,32,13700,1457880993,931,1457880995.0,41.13708112,-8.61588052,76.3,74.1,4.75,8.0,11.0
32,33,13700,1457880994,921,1457880996.0,41.13709545,-8.61584774,74.9,72.3,4.5,9.0,11.0
33,34,13700,1457880995,941,1457880997.0,41.1371098,-8.61581637,72.8,71.8,4.5,6.0,11.0
34,35,13700,1457880997,532,1457880998.0,41.13712272,-8.61578384,71.2,71.6,4.75,6.0,11.0
35,36,13700,1457880999,532,1457881000.0,41.13714599,-8.6157116,70.2,72.6,4.75,5.0,11.0
36,37,13700,1457881001,23,1457881002.0,41.13717092,-8.61562392,69.3,72.8,4.75,6.0,11.0
37,38,13700,1457881002,896,1457881004.0,41.13718265,-8.61553635,68.2,75.7,5.0,7.0,10.0
38,39,13700,1457881003,905,1457881005.0,41.13718373,-8.61547863,67.0,78.1,5.0,8.0,10.0
39,40,13700,1457881004,883,1457881006.0,41.13719056,-8.61541944,67.0,79.0,5.0,8.0,10.0
40,41,13700,1457881005,897,1457881007.0,41.13719901,-8.61536241,66.3,76.3,5.0,7.0,11.0
41,42,13700,1457881006,904,1457881008.0,41.13719775,-8.61529704,65.5,76.9,5.0,7.0,11.0
42,43,13700,1457881007,897,1457881009.0,41.13721992,-8.61524477,65.5,74.9,4.75,8.0,11.0
43,44,13700,1457881008,920,1457881010.0,41.13720881,-8.61519816,65.3,77.7,4.25,8.0,11.0
44,45,13700,1457881010,2,1457881011.0,41.13721682,-8.61515811,64.8,73.7,3.75,6.0,10.0
45,46,13700,1457881010,888,1457881012.0,41.13717427,-8.61507353,60.0,74.6,4.0,7.0,11.0
46,47,13700,1457881011,898,1457881013.0,41.13720266,-8.61503488,61.0,73.1,4.0,6.0,11.0
47,48,13700,1457881012,912,1457881014.0,41.13721669,-8.61500653,62.5,59.1,3.25,6.0,11.0
48,49,13700,1457881013,908,1457881015.0,41.1372344,-8.61496298,61.9,72.2,3.5,5.0,11.0
49,50,13700,1457881014,946,1457881016.0,41.13725989,-8.6149456,61.4,72.8,2.5,5.0,11.0
50,51,13700,1457881015,889,1457881017.0,41.13727434,-8.61492276,60.9,72.0,2.25,6.0,11.0
51,52,13700,1457881016,889,1457881018.0,41.1372865,-8.61490659,60.7,69.3,2.0,6.0,11.0
52,53,13700,1457881017,897,1457881019.0,41.13729375,-8.61488462,60.5,74.0,2.25,5.0,11.0
53,54,13700,1457881018,898,1457881020.0,41.13730131,-8.61486167,60.0,72.5,2.25,5.0,11.0
54,55,13700,1457881019,900,1457881021.0,41.13730741,-8.61483606,59.9,72.9,2.25,5.0,11.0
55,56,13700,1457881020,889,1457881022.0,41.13731359,-8.61480841,59.6,72.4,2.5,5.0,11.0
56,57,13700,1457881021,899,1457881023.0,41.13731996,-8.61477792,59.6,72.7,2.5,5.0,11.0
57,58,13700,1457881022,903,1457881024.0,41.13732849,-8.61473881,59.4,72.8,3.0,6.0,11.0
58,59,13700,1457881023,889,1457881025.0,41.13733794,-8.61469951,59.0,72.6,3.25,6.0,11.0
59,60,13700,1457881024,908,1457881026.0,41.13734788,-8.61466037,59.1,72.1,3.25,5.0,11.0
60,61,13700,1457881025,898,1457881027.0,41.13735711,-8.61462191,58.8,71.8,3.25,6.0,11.0
61,62,13700,1457881026,902,1457881028.0,41.13736626,-8.614583,59.1,72.2,3.25,6.0,11.0
62,63,13700,1457881027,902,1457881029.0,41.13737445,-8.61454571,60.7,72.9,3.25,4.0,11.0
63,64,13700,1457881028,889,1457881030.0,41.13738385,-8.61450986,60.8,72.0,3.25,5.0,11.0
64,65,13700,1457881029,907,1457881031.0,41.13739367,-8.61447533,60.6,71.0,3.25,6.0,11.0
65,66,13700,1457881030,890,1457881032.0,41.13740263,-8.61444206,61.7,70.9,3.0,5.0,11.0
66,67,13700,1457881031,937,1457881033.0,41.1374117,-8.61440548,60.0,71.7,3.25,5.0,11.0
67,68,13700,1457881032,903,1457881034.0,41.13742054,-8.61436851,59.7,72.6,3.25,5.0,11.0
68,69,13700,1457881033,900,1457881035.0,41.13742965,-8.6143325,59.5,72.4,3.25,5.0,11.0
69,70,13700,1457881034,944,1457881036.0,41.13743762,-8.61429624,59.8,73.1,3.25,5.0,11.0
70,71,13700,1457881035,893,1457881037.0,41.13744538,-8.61425991,59.7,72.9,3.0,5.0,11.0
71,72,13700,1457881036,899,1457881038.0,41.13745256,-8.61422801,61.0,73.8,3.0,4.0,11.0
72,73,13700,1457881037,904,1457881039.0,41.13745971,-8.61419936,62.1,73.1,3.0,4.0,11.0
73,74,13700,1457881038,900,1457881040.0,41.13746612,-8.61417686,61.3,71.6,2.25,4.0,11.0
74,75,13700,1457881039,900,1457881041.0,41.1374712,-8.6141601,62.4,70.5,1.75,3.0,11.0
75,76,13700,1457881040,894,1457881042.0,41.13747664,-8.61414009,62.7,70.2,2.0,4.0,11.0
76,77,13700,1457881041,902,1457881043.0,41.13748259,-8.61411935,63.4,70.9,2.0,4.0,11.0
77,78,13700,1457881042,904,1457881044.0,41.13748734,-8.61409976,63.1,71.8,1.75,3.0,11.0
78,79,13700,1457881043,902,1457881045.0,41.13749173,-8.61407998,63.8,73.6,1.75,4.0,11.0
79,80,13700,1457881044,901,1457881046.0,41.13749495,-8.61406057,64.4,76.4,1.75,4.0,11.0
80,81,13700,1457881045,901,1457881047.0,41.13750079,-8.6140418,64.6,69.9,1.75,4.0,11.0
81,82,13700,1457881046,891,1457881048.0,41.13751122,-8.61402425,65.7,59.8,1.75,4.0,11.0
82,83,13700,1457881047,897,1457881049.0,41.13752157,-8.61400651,66.0,56.7,1.75,4.0,11.0
83,84,13700,1457881048,905,1457881050.0,41.13752857,-8.61398815,66.4,61.5,1.75,4.0,11.0
84,85,13700,1457881049,899,1457881051.0,41.13753227,-8.61396927,66.0,71.2,1.75,4.0,11.0
85,86,13700,1457881050,891,1457881052.0,41.13753536,-8.61395048,65.3,71.4,1.75,4.0,10.0
86,87,13700,1457881051,903,1457881053.0,41.13753913,-8.61393127,64.9,70.9,1.75,4.0,11.0
87,88,13700,1457881052,896,1457881054.0,41.13754292,-8.61391075,64.7,70.6,1.75,4.0,11.0
88,89,13700,1457881053,903,1457881055.0,41.13754606,-8.61388875,64.1,73.3,1.75,4.0,11.0
89,90,13700,1457881054,899,1457881056.0,41.13754976,-8.61386654,64.4,74.6,1.75,4.0,11.0
90,91,13700,1457881056,25,1457881057.0,41.13755327,-8.61384525,64.7,75.5,1.75,4.0,11.0
91,92,13700,1457881056,925,1457881058.0,41.13755744,-8.61382414,64.1,73.7,1.75,4.0,11.0
92,93,13700,1457881057,911,1457881059.0,41.13756312,-8.61380361,64.8,71.2,1.75,4.0,11.0
93,94,13700,1457881058,891,1457881060.0,41.13756974,-8.6137837,64.1,67.9,1.75,4.0,11.0
94,95,13700,1457881059,894,1457881061.0,41.13757529,-8.61376197,63.9,70.5,1.75,4.0,11.0
95,96,13700,1457881060,892,1457881062.0,41.13758133,-8.61373944,63.6,70.5,1.75,4.0,11.0
96,97,13700,1457881061,892,1457881063.0,41.13758752,-8.61371564,63.5,73.2,1.75,4.0,11.0
97,98,13700,1457881063,530,1457881064.0,41.13759489,-8.61369137,62.9,72.6,1.75,4.0,11.0
98,99,13700,1457881065,551,1457881066.0,41.13760726,-8.61364268,62.5,74.7,1.75,4.0,11.0
99,100,13700,1457881066,996,1457881068.0,41.13761701,-8.61359505,62.4,71.5,1.75,4.0,11.0
100,101,13700,1457881068,509,1457881069.0,41.13762256,-8.61357232,62.3,69.7,1.75,4.0,11.0
101,102,13700,1457881070,532,1457881071.0,41.13763122,-8.61352602,61.6,71.8,1.75,4.0,11.0
102,103,13700,1457881072,499,1457881073.0,41.13763815,-8.61347919,61.9,73.0,1.75,4.0,10.0
103,104,13700,1457881074,487,1457881075.0,41.13764652,-8.6134329,61.1,72.8,1.75,4.0,10.0
104,105,13700,1457881075,952,1457881077.0,41.13765634,-8.61338735,61.6,73.5,1.75,5.0,10.0
105,106,13700,1457881077,480,1457881078.0,41.1376606,-8.61336477,61.1,75.1,1.75,5.0,10.0
106,107,13700,1457881079,487,1457881080.0,41.13767057,-8.613322,60.6,73.4,1.75,5.0,10.0
107,108,13700,1457881081,479,1457881082.0,41.1376778,-8.6132907,61.1,70.8,1.25,5.0,10.0
108,109,13700,1457881083,32,1457881084.0,41.13768259,-8.6132682,60.3,72.2,1.0,5.0,9.0
109,110,13700,1457881083,997,1457881085.0,41.137683,-8.61325619,59.8,77.0,1.0,5.0,9.0
110,111,13700,1457881084,913,1457881086.0,41.13768192,-8.61324165,59.4,85.0,1.25,5.0,9.0
111,112,13700,1457881086,587,1457881087.0,41.13768437,-8.61322523,59.5,83.8,1.25,5.0,9.0
112,113,13700,1457881088,479,1457881089.0,41.13769353,-8.61319255,59.5,76.0,1.25,4.0,9.0
113,114,13700,1457881090,490,1457881091.0,41.1376999,-8.61315584,60.0,76.6,1.5,4.0,10.0
114,115,13700,1457881091,974,1457881093.0,41.13770737,-8.61311836,60.2,81.0,1.5,4.0,10.0
115,116,13700,1457881092,931,1457881094.0,41.13770877,-8.61310229,60.5,88.7,1.25,4.0,10.0
116,117,13700,1457881093,904,1457881095.0,41.13770625,-8.61309004,60.4,113.4,1.25,4.0,9.0
117,118,13700,1457881095,479,1457881096.0,41.13771384,-8.6130971,60.3,4.0,9.0,,
118,119,13700,1457881097,489,1457881098.0,41.13771931,-8.61309992,59.8,4.0,9.0,,
119,120,13700,1457881098,971,1457881100.0,41.13772152,-8.61310004,59.3,5.0,9.0,,
120,121,13700,1457881100,500,1457881101.0,41.13772181,-8.61309947,59.4,5.0,9.0,,
121,122,13700,1457881102,484,1457881103.0,41.13772199,-8.6130961,59.3,6.0,9.0,,
122,123,13700,1457881104,498,1457881105.0,41.13772231,-8.61309338,59.0,7.0,9.0,,
123,124,13700,1457881106,31,1457881107.0,41.13772203,-8.61309095,58.9,8.0,9.0,,
124,125,13700,1457881107,16,1457881108.0,41.13772247,-8.6130906,58.9,8.0,9.0,,
125,126,13700,1457881107,959,1457881109.0,41.13772256,-8.61309042,58.9,7.0,9.0,,
126,127,13700,1457881109,498,1457881110.0,41.1377225,-8.61309033,58.9,7.0,9.0,,
127,128,13700,1457881111,21,1457881112.0,41.1377227,-8.6130903,58.9,8.0,9.0,,
128,129,13700,1457881111,927,1457881113.0,41.13772306,-8.61309034,58.9,8.0,10.0,,
129,130,13700,1457881113,498,1457881114.0,41.1377233,-8.61309038,59.0,8.0,10.0,,
130,131,13700,1457881115,486,1457881116.0,41.13772363,-8.61309041,59.0,7.0,9.0,,
131,132,13700,1457881116,929,1457881118.0,41.13772414,-8.61309019,58.9,6.0,9.0,,
132,133,13700,1457881118,487,1457881119.0,41.13772421,-8.61309021,59.0,5.0,9.0,,
133,134,13700,1457881120,481,1457881121.0,41.1377237,-8.61308952,58.9,5.0,10.0,,
134,135,13700,1457881122,491,1457881123.0,41.1377424,-8.61309392,59.7,4.0,10.0,,
135,136,13700,1457881123,948,1457881125.0,41.13774563,-8.61309555,59.6,4.0,9.0,,
136,137,13700,1457881125,490,1457881126.0,41.13774795,-8.61309358,59.7,4.0,9.0,,
137,138,13700,1457881127,487,1457881128.0,41.13774259,-8.61309438,59.6,4.0,10.0,,
138,139,13700,1457881129,496,1457881130.0,41.13773596,-8.61309209,59.0,4.0,10.0,,
139,140,13700,1457881130,981,1457881132.0,41.13772853,-8.61308961,58.6,4.0,10.0,,
140,141,13700,1457881132,508,1457881133.0,41.13772933,-8.61308974,58.7,3.0,10.0,,
141,142,13700,1457881134,492,1457881135.0,41.13772984,-8.61308959,58.6,4.0,9.0,,
142,143,13700,1457881136,515,1457881137.0,41.13772949,-8.61308928,58.6,4.0,9.0,,
143,144,13700,1457881138,481,1457881139.0,41.13776418,-8.61295766,58.4,64.6,7.5,4.0,9.0
144,145,13700,1457881139,970,1457881141.0,41.13783006,-8.61270663,55.1,73.1,10.0,4.0,10.0
145,146,13700,1457881141,487,1457881142.0,41.13784025,-8.61258785,53.4,80.4,8.5,10.0,10.0
146,147,13700,1457881143,482,1457881144.0,41.13785515,-8.61244309,53.9,74.3,4.5,3.0,10.0
147,148,13700,1457881145,535,1457881146.0,41.13786209,-8.61235638,54.4,72.7,3.25,4.0,11.0
148,149,13700,1457881147,523,1457881148.0,41.13787095,-8.61228142,54.8,71.9,2.5,3.0,11.0
149,150,13700,1457881148,939,1457881150.0,41.13788611,-8.61222282,56.1,77.9,2.5,4.0,11.0
150,151,13700,1457881150,478,1457881151.0,41.13789115,-8.61219652,57.1,75.0,2.25,4.0,11.0
151,152,13700,1457881152,507,1457881153.0,41.13790848,-8.61214509,57.4,62.7,2.0,4.0,11.0
152,153,13700,1457881154,490,1457881155.0,41.13791849,-8.61209957,58.2,71.8,2.0,4.0,11.0
153,154,13700,1457881155,966,1457881157.0,41.13793142,-8.61204487,58.4,73.2,2.25,3.0,11.0
154,155,13700,1457881157,491,1457881158.0,41.13793797,-8.61201193,58.6,73.9,2.5,4.0,11.0
155,156,13700,1457881159,495,1457881160.0,41.13796069,-8.61192229,58.7,70.1,3.5,4.0,11.0
156,157,13700,1457881161,493,1457881162.0,41.13798589,-8.61182665,57.9,69.9,3.75,4.0,11.0
157,158,13700,1457881163,13,1457881164.0,41.13800828,-8.61172436,57.8,71.8,4.0,4.0,11.0
158,159,13700,1457881164,536,1457881165.0,41.13801964,-8.61167041,58.6,72.9,4.0,3.0,11.0
159,160,13700,1457881166,497,1457881167.0,41.13804542,-8.61154771,58.9,74.0,4.75,4.0,11.0
160,161,13700,1457881168,498,1457881169.0,41.13806944,-8.61143504,58.8,73.0,4.5,4.0,11.0
161,162,13700,1457881170,502,1457881171.0,41.13809411,-8.61132932,59.1,72.9,4.5,4.0,11.0
162,163,13700,1457881171,978,1457881173.0,41.13811304,-8.61124419,59.2,73.4,3.5,4.0,11.0
163,164,13700,1457881173,490,1457881174.0,41.13812204,-8.6112046,58.7,73.6,3.5,4.0,11.0
164,165,13700,1457881175,490,1457881176.0,41.13814177,-8.61112983,57.8,72.4,3.25,4.0,11.0
165,166,13700,1457881177,503,1457881178.0,41.13815226,-8.61110206,57.4,71.0,0.75,4.0,11.0
166,167,13700,1457881179,500,1457881180.0,41.13815567,-8.61111138,56.7,3.0,11.0,,
167,168,13700,1457881180,940,1457881182.0,41.13815526,-8.6111115,56.9,3.0,11.0,,
168,169,13700,1457881181,940,1457881183.0,41.13815468,-8.61111015,56.9,3.0,11.0,,
169,170,13700,1457881182,910,1457881184.0,41.13815459,-8.61111045,57.2,3.0,11.0,,
170,171,13700,1457881183,925,1457881185.0,41.13815352,-8.61110907,57.6,3.0,11.0,,
171,172,13700,1457881184,931,1457881186.0,41.13815311,-8.61110791,57.7,3.0,11.0,,
172,173,13700,1457881186,94,1457881187.0,41.1381525,-8.61110757,60.4,3.0,11.0,,
173,174,13700,1457881188,487,1457881189.0,41.13815362,-8.61110587,59.0,3.0,10.0,,
174,175,13700,1457881190,486,1457881191.0,41.13815401,-8.61110554,58.9,3.0,11.0,,
175,176,13700,1457881192,500,1457881193.0,41.13815415,-8.61110533,58.8,3.0,11.0,,
176,177,13700,1457881193,978,1457881195.0,41.13815422,-8.61110499,58.9,4.0,11.0,,
177,178,13700,1457881195,510,1457881196.0,41.13815421,-8.61110484,58.9,4.0,11.0,,
178,179,13700,1457881197,516,1457881198.0,41.13815414,-8.61110462,58.8,5.0,11.0,,
179,180,13700,1457881198,930,1457881200.0,41.13815415,-8.61110454,58.6,4.0,11.0,,
180,181,13700,1457881199,984,1457881201.0,41.13815417,-8.61110454,58.5,4.0,11.0,,
181,182,13700,1457881200,980,1457881202.0,41.13815394,-8.61110472,58.4,3.0,11.0,,
182,183,13700,1457881202,503,1457881203.0,41.13815383,-8.61110481,58.4,4.0,11.0,,
183,184,13700,1457881204,499,1457881205.0,41.13815376,-8.61110486,58.4,4.0,10.0,,
184,185,13700,1457881206,500,1457881207.0,41.13815339,-8.61110517,58.3,4.0,10.0,,
185,186,13700,1457881208,521,1457881209.0,41.13815324,-8.6111053,58.2,3.0,10.0,,
186,187,13700,1457881209,956,1457881211.0,41.13815323,-8.61110529,58.2,3.0,9.0,,
187,188,13700,1457881211,86,1457881212.0,41.13815323,-8.61110528,58.2,3.0,9.0,,
188,189,13700,1457881213,486,1457881214.0,41.13815326,-8.61110526,58.2,3.0,9.0,,
189,190,13700,1457881215,512,1457881216.0,41.1381533,-8.61110523,58.2,3.0,9.0,,
190,191,13700,1457881216,999,1457881218.0,41.13815329,-8.61110519,58.2,3.0,9.0,,
191,192,13700,1457881218,515,1457881219.0,41.1381533,-8.61110516,58.2,3.0,9.0,,
192,193,13700,1457881220,505,1457881221.0,41.13815331,-8.61110515,58.2,3.0,10.0,,
193,194,13700,1457881222,527,1457881223.0,41.13815334,-8.61110513,58.2,3.0,10.0,,
194,195,13700,1457881224,491,1457881225.0,41.13815338,-8.61110512,58.2,3.0,10.0,,
195,196,13700,1457881225,973,1457881227.0,41.13815337,-8.61110513,58.2,4.0,10.0,,
196,197,13700,1457881227,530,1457881228.0,41.13815337,-8.61110514,58.2,3.0,10.0,,
197,198,13700,1457881229,493,1457881230.0,41.13815333,-8.61110514,58.2,3.0,10.0,,
198,199,13700,1457881231,50,1457881232.0,41.13815329,-8.61110513,58.2,3.0,10.0,,
199,200,13700,1457881232,37,1457881233.0,41.13815328,-8.61110513,58.2,3.0,10.0,,
200,201,13700,1457881232,994,1457881234.0,41.13815326,-8.61110514,58.2,3.0,10.0,,
201,202,13700,1457881234,1,1457881235.0,41.13815406,-8.61110235,58.2,71.0,0.25,3.0,10.0
202,203,13700,1457881234,932,1457881236.0,41.13815834,-8.61108952,57.3,71.4,0.75,3.0,10.0
203,204,13700,1457881236,488,1457881237.0,41.13816381,-8.61107176,57.4,70.6,1.25,4.0,10.0
204,205,13700,1457881238,497,1457881239.0,41.13818189,-8.61100908,57.9,69.3,2.5,4.0,10.0
205,206,13700,1457881240,493,1457881241.0,41.13820277,-8.61095054,57.6,66.1,2.5,4.0,10.0
206,207,13700,1457881241,966,1457881243.0,41.13822517,-8.61089761,57.4,62.0,2.5,4.0,9.0
207,208,13700,1457881242,944,1457881244.0,41.13823806,-8.61087438,57.0,59.1,2.5,4.0,9.0
208,209,13700,1457881243,921,1457881245.0,41.13825182,-8.61085195,57.1,56.9,2.5,4.0,10.0
209,210,13700,1457881245,491,1457881246.0,41.13826574,-8.61083008,56.8,55.1,2.5,4.0,10.0
210,211,13700,1457881247,492,1457881248.0,41.13829081,-8.61078483,55.5,56.8,2.25,4.0,10.0
211,212,13700,1457881248,948,1457881250.0,41.13830557,-8.61075664,56.1,55.9,1.0,4.0,10.0
212,213,13700,1457881250,507,1457881251.0,41.13830104,-8.61075895,56.1,4.0,10.0,,
213,214,13700,1457881252,493,1457881253.0,41.13829615,-8.61075453,55.6,4.0,10.0,,
214,215,13700,1457881253,981,1457881255.0,41.13829301,-8.61075095,55.6,5.0,10.0,,
215,216,13700,1457881255,502,1457881256.0,41.1382947,-8.61075376,55.8,6.0,10.0,,
216,217,13700,1457881257,494,1457881258.0,41.1382995,-8.61075705,55.7,7.0,10.0,,
217,218,13700,1457881259,506,1457881260.0,41.13829921,-8.61075533,54.9,8.0,10.0,,
218,219,13700,1457881261,498,1457881262.0,41.13829638,-8.61075324,54.6,6.0,10.0,,
219,220,13700,1457881262,948,1457881264.0,41.1382951,-8.61075291,54.6,6.0,9.0,,
220,221,13700,1457881264,497,1457881265.0,41.13829486,-8.61075296,54.6,6.0,9.0,,
221,222,13700,1457881266,485,1457881267.0,41.13829473,-8.61075308,54.5,7.0,9.0,,
222,223,13700,1457881268,506,1457881269.0,41.13829477,-8.61075316,54.6,8.0,9.0,,
223,224,13700,1457881269,977,1457881271.0,41.13829473,-8.61075309,54.6,9.0,9.0,,
224,225,13700,1457881271,37,1457881272.0,41.13829471,-8.61075307,54.6,9.0,9.0,,
225,226,13700,1457881273,539,1457881274.0,41.1382947,-8.6107531,54.5,7.0,9.0,,
226,227,13700,1457881275,492,1457881276.0,41.13829472,-8.61075319,54.5,7.0,9.0,,
227,228,13700,1457881277,491,1457881278.0,41.13829471,-8.61075328,54.5,7.0,10.0,,
228,229,13700,1457881278,948,1457881280.0,41.13829473,-8.61075339,54.5,7.0,10.0,,
229,230,13700,1457881279,942,1457881281.0,41.13829477,-8.61075344,54.5,7.0,10.0,,
230,231,13700,1457881280,936,1457881282.0,41.13829478,-8.61075348,54.5,7.0,10.0,,
231,232,13700,1457881282,490,1457881283.0,41.1382948,-8.6107535,54.5,7.0,10.0,,
232,233,13700,1457881284,496,1457881285.0,41.13829483,-8.61075349,54.5,8.0,10.0,,
233,234,13700,1457881285,991,1457881287.0,41.13829494,-8.61075355,54.5,9.0,10.0,,
234,235,13700,1457881287,502,1457881288.0,41.13829501,-8.61075361,54.5,9.0,10.0,,
235,236,13700,1457881289,524,1457881290.0,41.13829512,-8.61075374,54.5,9.0,11.0,,
236,237,13700,1457881290,918,1457881292.0,41.13829511,-8.61075373,54.5,10.0,10.0,,
237,238,13700,1457881292,19,1457881293.0,41.13829507,-8.61075368,54.6,11.0,10.0,,
238,239,13700,1457881293,22,1457881294.0,41.13829502,-8.61075365,54.5,11.0,10.0,,
239,240,13700,1457881294,542,1457881295.0,41.13829589,-8.6107522,54.5,55.9,0.25,10.0,10.0
240,241,13700,1457881296,495,1457881297.0,41.13830762,-8.61073132,54.2,58.8,1.0,7.0,9.0
241,242,13700,1457881298,515,1457881299.0,41.13834168,-8.61067315,54.2,55.9,2.5,5.0,9.0
242,243,13700,1457881300,496,1457881301.0,41.13836811,-8.61063102,55.5,54.8,2.25,3.0,9.0
243,244,13700,1457881301,989,1457881303.0,41.13838841,-8.610593,56.7,55.7,2.0,4.0,9.0
244,245,13700,1457881303,516,1457881304.0,41.13839397,-8.61058172,56.5,55.8,1.25,4.0,9.0
245,246,13700,1457881305,490,1457881306.0,41.13840827,-8.61055573,55.4,55.6,1.5,4.0,9.0
246,247,13700,1457881307,492,1457881308.0,41.1384222,-8.61052947,55.9,56.2,1.5,4.0,9.0
247,248,13700,1457881309,532,1457881310.0,41.13843217,-8.61051026,55.6,57.3,1.25,4.0,9.0
248,249,13700,1457881311,49,1457881312.0,41.13842534,-8.610529,54.2,4.0,9.0,,
249,250,13700,1457881312,31,1457881313.0,41.13842409,-8.61053368,53.7,4.0,9.0,,
250,251,13700,1457881313,3,1457881314.0,41.13842335,-8.61053557,53.6,4.0,9.0,,
251,252,13700,1457881314,535,1457881315.0,41.13842096,-8.61053793,52.9,4.0,9.0,,
252,253,13700,1457881316,497,1457881317.0,41.13841398,-8.61054127,52.2,5.0,9.0,,
253,254,13700,1457881318,501,1457881319.0,41.13840758,-8.61054447,51.7,5.0,9.0,,
254,255,13700,1457881320,497,1457881321.0,41.13840441,-8.61054338,51.8,5.0,9.0,,
255,256,13700,1457881321,983,1457881323.0,41.13840433,-8.61054193,51.4,6.0,9.0,,
256,257,13700,1457881323,507,1457881324.0,41.13840434,-8.61054162,51.4,6.0,9.0,,
257,258,13700,1457881325,490,1457881326.0,41.13840439,-8.61054142,51.4,6.0,9.0,,
258,259,13700,1457881327,491,1457881328.0,41.13840438,-8.6105414,51.5,6.0,9.0,,
259,260,13700,1457881329,6,1457881330.0,41.13840434,-8.61054144,51.5,6.0,9.0,,
260,261,13700,1457881330,545,1457881331.0,41.1384043,-8.61054146,51.5,7.0,9.0,,
261,262,13700,1457881332,567,1457881333.0,41.13840417,-8.61054151,51.5,9.0,9.0,,
262,263,13700,1457881334,496,1457881335.0,41.13840403,-8.61054161,51.5,10.0,9.0,,
263,264,13700,1457881336,554,1457881337.0,41.13840405,-8.61054167,51.5,9.0,9.0,,
264,265,13700,1457881337,921,1457881339.0,41.13841309,-8.61054128,51.9,7.0,9.0,,
265,266,13700,1457881339,496,1457881340.0,41.13841972,-8.61054707,53.3,6.0,8.0,,
266,267,13700,1457881341,12,1457881342.0,41.13842943,-8.61056523,55.5,5.0,9.0,,
267,268,13700,1457881342,543,1457881343.0,41.13843363,-8.61057291,56.4,5.0,9.0,,
268,269,13700,1457881344,503,1457881345.0,41.13843705,-8.61057856,57.0,4.0,9.0,,
269,270,13700,1457881346,489,1457881347.0,41.13843169,-8.61056917,56.6,4.0,9.0,,
270,271,13700,1457881348,506,1457881349.0,41.13842659,-8.61056456,56.6,4.0,9.0,,
271,272,13700,1457881349,985,1457881351.0,41.13842599,-8.61056425,56.8,4.0,9.0,,
272,273,13700,1457881351,100,1457881352.0,41.13842604,-8.61056425,56.8,4.0,9.0,,
273,274,13700,1457881353,493,1457881354.0,41.13842618,-8.61056427,56.8,4.0,9.0,,
274,275,13700,1457881355,495,1457881356.0,41.13842645,-8.61056578,57.0,4.0,9.0,,
275,276,13700,1457881357,500,1457881358.0,41.13842637,-8.61056566,56.9,4.0,9.0,,
276,277,13700,1457881358,965,1457881360.0,41.1384266,-8.6105666,57.1,10.0,10.0,,
277,278,13700,1457881360,501,1457881361.0,41.13842684,-8.61056722,57.1,10.0,10.0,,
278,279,13700,1457881362,498,1457881363.0,41.13842712,-8.61056758,57.2,10.0,10.0,,
279,280,13700,1457881364,495,1457881365.0,41.13842708,-8.61056617,57.1,10.0,10.0,,
280,281,13700,1457881365,992,1457881367.0,41.13842699,-8.61056544,57.2,10.0,10.0,,
281,282,13700,1457881367,512,1457881368.0,41.13842699,-8.61056543,57.2,9.0,10.0,,
282,283,13700,1457881369,496,1457881370.0,41.13842701,-8.61056531,57.2,10.0,10.0,,
283,284,13700,1457881371,80,1457881372.0,41.13842696,-8.61056511,57.2,10.0,10.0,,
284,285,13700,1457881372,8,1457881373.0,41.13842706,-8.61056521,57.3,10.0,10.0,,
285,286,13700,1457881373,20,1457881374.0,41.13842713,-8.61056534,57.3,10.0,10.0,,
286,287,13700,1457881374,561,1457881375.0,41.13842717,-8.6105654,57.3,10.0,10.0,,
287,288,13700,1457881376,491,1457881377.0,41.13842723,-8.61056548,57.3,11.0,10.0,,
288,289,13700,1457881378,494,1457881379.0,41.13842724,-8.61056543,57.3,11.0,10.0,,
289,290,13700,1457881380,494,1457881381.0,41.13842723,-8.61056541,57.3,11.0,10.0,,
290,291,13700,1457881382,13,1457881383.0,41.13842722,-8.6105654,57.3,11.0,10.0,,
291,292,13700,1457881383,527,1457881384.0,41.13842985,-8.61056292,57.3,57.3,0.25,12.0,10.0
292,293,13700,1457881385,495,1457881386.0,41.1384565,-8.61054104,58.2,29.7,1.25,12.0,10.0
293,294,13700,1457881387,505,1457881388.0,41.13849343,-8.61049026,58.5,46.3,2.25,11.0,10.0
294,295,13700,1457881389,493,1457881390.0,41.13851716,-8.61043832,58.8,57.4,2.0,11.0,10.0
295,296,13700,1457881390,943,1457881392.0,41.13852044,-8.61042416,57.9,10.0,10.0,,
296,297,13700,1457881392,498,1457881393.0,41.13851983,-8.61042562,57.8,10.0,10.0,,
297,298,13700,1457881394,487,1457881395.0,41.13851876,-8.61042449,57.9,11.0,10.0,,
298,299,13700,1457881396,497,1457881397.0,41.13852168,-8.61037638,50.4,67.0,0.75,11.0,10.0
299,300,13700,1457881398,30,1457881399.0,41.13852611,-8.61030152,53.1,74.0,1.5,11.0,10.0
300,301,13700,1457881399,519,1457881400.0,41.13852878,-8.61027599,54.7,74.0,1.25,11.0,10.0
301,302,13700,1457881401,502,1457881402.0,41.1385348,-8.61023937,54.2,66.6,1.0,12.0,9.0
302,303,13700,1457881403,504,1457881404.0,41.13853715,-8.61023349,56.4,66.6,0.25,13.0,9.0
303,304,13700,1457881405,66,1457881406.0,41.13854809,-8.61022287,57.9,66.6,0.75,11.0,9.0
304,305,13700,1457881406,607,1457881407.0,41.13855462,-8.61021147,58.0,63.1,0.75,11.0,9.0
305,306,13700,1457881408,487,1457881409.0,41.1385751,-8.61018063,58.3,53.7,1.0,8.0,9.0
306,307,13700,1457881410,493,1457881411.0,41.13858544,-8.61016064,58.1,7.0,10.0,,
307,308,13700,1457881412,509,1457881413.0,41.13858142,-8.61015589,57.4,6.0,11.0,,
308,309,13700,1457881414,12,1457881415.0,41.1385656,-8.61015645,55.5,7.0,11.0,,
309,310,13700,1457881415,552,1457881416.0,41.13855985,-8.61015544,54.7,8.0,11.0,,
310,311,13700,1457881417,509,1457881418.0,41.13855135,-8.61015619,53.9,8.0,10.0,,
311,312,13700,1457881419,483,1457881420.0,41.13855302,-8.61015352,53.8,46.9,0.25,7.0,10.0
312,313,13700,1457881421,498,1457881422.0,41.13857396,-8.6101225,53.9,56.7,1.5,5.0,10.0
313,314,13700,1457881422,967,1457881424.0,41.13859836,-8.61008892,53.7,62.1,1.25,5.0,11.0
314,315,13700,1457881424,484,1457881425.0,41.13860918,-8.61008522,54.0,5.0,11.0,,
315,316,13700,1457881426,517,1457881427.0,41.13862048,-8.61008005,53.9,4.0,11.0,,
316,317,13700,1457881428,510,1457881429.0,41.13862661,-8.61007903,54.2,4.0,11.0,,
317,318,13700,1457881430,31,1457881431.0,41.13862863,-8.61007891,53.7,4.0,11.0,,
318,319,13700,1457881431,116,1457881432.0,41.13862717,-8.61007835,53.4,4.0,11.0,,
319,320,13700,1457881433,492,1457881434.0,41.13861085,-8.61006962,53.2,5.0,11.0,,
320,321,13700,1457881435,496,1457881436.0,41.13860281,-8.61006587,53.1,5.0,10.0,,
321,322,13700,1457881437,510,1457881438.0,41.13860177,-8.61006503,53.2,6.0,10.0,,
322,323,13700,1457881438,977,1457881440.0,41.13860271,-8.61006508,53.3,6.0,10.0,,
323,324,13700,1457881440,510,1457881441.0,41.13860323,-8.61006519,53.3,6.0,10.0,,
324,325,13700,1457881442,562,1457881443.0,41.13860387,-8.61006531,53.3,6.0,10.0,,
325,326,13700,1457881443,972,1457881445.0,41.13860407,-8.61006534,53.3,5.0,10.0,,
326,327,13700,1457881445,32,1457881446.0,41.13860413,-8.61006535,53.3,5.0,10.0,,
327,328,13700,1457881445,939,1457881447.0,41.13860421,-8.61006539,53.3,4.0,11.0,,
328,329,13700,1457881446,937,1457881448.0,41.1386043,-8.61006546,53.3,4.0,11.0,,
329,330,13700,1457881447,942,1457881449.0,41.13860439,-8.61006553,53.3,4.0,11.0,,
330,331,13700,1457881448,936,1457881450.0,41.13860446,-8.6100656,53.3,4.0,11.0,,
331,332,13700,1457881449,939,1457881451.0,41.13860468,-8.61006577,53.4,4.0,11.0,,
332,333,13700,1457881450,929,1457881452.0,41.13860472,-8.61006581,53.4,4.0,11.0,,
333,334,13700,1457881451,931,1457881453.0,41.13860485,-8.61006586,53.4,5.0,11.0,,
334,335,13700,1457881452,942,1457881454.0,41.13860485,-8.61006583,53.4,5.0,11.0,,
335,336,13700,1457881453,936,1457881455.0,41.13860479,-8.61006577,53.4,6.0,11.0,,
336,337,13700,1457881454,980,1457881456.0,41.13860473,-8.61006573,53.4,6.0,11.0,,
337,338,13700,1457881455,936,1457881457.0,41.1386047,-8.6100657,53.4,7.0,11.0,,
338,339,13700,1457881456,943,1457881458.0,41.13860478,-8.61006572,53.4,7.0,11.0,,
339,340,13700,1457881457,946,1457881459.0,41.13860479,-8.61006574,53.4,6.0,11.0,,
340,341,13700,1457881458,974,1457881460.0,41.13860479,-8.61006576,53.4,6.0,11.0,,
341,342,13700,1457881459,940,1457881461.0,41.13860511,-8.61006603,53.4,6.0,11.0,,
342,343,13700,1457881460,942,1457881462.0,41.13860545,-8.61006628,53.5,6.0,11.0,,
343,344,13700,1457881461,930,1457881463.0,41.13860572,-8.61006646,53.5,5.0,11.0,,
344,345,13700,1457881462,948,1457881464.0,41.13860626,-8.61006686,53.5,5.0,11.0,,
345,346,13700,1457881464,41,1457881465.0,41.13860652,-8.61006706,53.5,5.0,11.0,,
346,347,13700,1457881464,941,1457881466.0,41.13860661,-8.61006711,53.5,5.0,11.0,,
347,348,13700,1457881465,930,1457881467.0,41.13860664,-8.61006708,53.5,5.0,11.0,,
348,349,13700,1457881466,934,1457881468.0,41.13860661,-8.61006704,53.5,5.0,11.0,,
349,350,13700,1457881467,951,1457881469.0,41.1386066,-8.61006703,53.5,5.0,11.0,,
350,351,13700,1457881468,939,1457881470.0,41.13860686,-8.61006721,53.6,5.0,11.0,,
351,352,13700,1457881469,933,1457881471.0,41.13860696,-8.61006731,53.6,4.0,11.0,,
352,353,13700,1457881470,941,1457881472.0,41.13860699,-8.61006738,53.6,4.0,11.0,,
353,354,13700,1457881471,936,1457881473.0,41.138607,-8.61006745,53.6,4.0,11.0,,
354,355,13700,1457881472,942,1457881474.0,41.13860702,-8.61006751,53.6,4.0,11.0,,
355,356,13700,1457881473,938,1457881475.0,41.1386071,-8.6100676,53.6,4.0,11.0,,
356,357,13700,1457881474,943,1457881476.0,41.13860719,-8.61006768,53.6,4.0,11.0,,
357,358,13700,1457881475,939,1457881477.0,41.13860723,-8.61006773,53.6,4.0,10.0,,
358,359,13700,1457881476,931,1457881478.0,41.138608,-8.61006609,53.6,62.1,0.25,4.0,10.0
359,360,13700,1457881477,939,1457881479.0,41.13861243,-8.61006199,54.3,62.1,0.5,4.0,10.0
360,361,13700,1457881478,944,1457881480.0,41.13861985,-8.61005179,54.6,53.8,0.75,9.0,10.0
361,362,13700,1457881479,938,1457881481.0,41.13863457,-8.61002868,56.2,54.8,1.75,10.0,10.0
362,363,13700,1457881480,931,1457881482.0,41.13864613,-8.61001011,56.8,56.5,1.5,10.0,10.0
363,364,13700,1457881481,998,1457881483.0,41.1386544,-8.60999223,58.1,65.8,1.25,9.0,10.0
364,365,13700,1457881483,521,1457881484.0,41.13865984,-8.6099767,57.8,73.6,1.25,10.0,10.0
365,366,13700,1457881485,494,1457881486.0,41.13866262,-8.60997065,57.5,9.0,10.0,,
366,367,13700,1457881486,971,1457881488.0,41.1386667,-8.60996833,57.6,9.0,10.0,,
367,368,13700,1457881488,483,1457881489.0,41.13866884,-8.60996693,57.8,9.0,10.0,,
368,369,13700,1457881490,484,1457881491.0,41.13867259,-8.6099637,58.2,9.0,10.0,,
369,370,13700,1457881492,491,1457881493.0,41.13867412,-8.60996222,58.0,9.0,10.0,,
370,371,13700,1457881494,6,1457881495.0,41.13867457,-8.60996527,57.6,9.0,10.0,,
371,372,13700,1457881495,532,1457881496.0,41.13867465,-8.60996694,57.5,9.0,10.0,,
372,373,13700,1457881497,486,1457881498.0,41.13867517,-8.60996913,57.5,9.0,10.0,,
373,374,13700,1457881499,501,1457881500.0,41.13867539,-8.60996986,57.5,10.0,10.0,,
374,375,13700,1457881501,22,1457881502.0,41.13867538,-8.60996997,57.5,10.0,10.0,,
375,376,13700,1457881502,550,1457881503.0,41.13867538,-8.60996997,57.5,10.0,10.0,,
376,377,13700,1457881504,506,1457881505.0,41.13867573,-8.6099702,57.5,9.0,10.0,,
377,378,13700,1457881506,501,1457881507.0,41.13867598,-8.60997026,57.5,9.0,10.0,,
378,379,13700,1457881508,505,1457881509.0,41.13867647,-8.60997032,57.6,9.0,10.0,,
379,380,13700,1457881510,43,1457881511.0,41.13867687,-8.60997035,57.6,9.0,10.0,,
380,381,13700,1457881511,111,1457881512.0,41.13867949,-8.60995971,57.3,72.3,1.0,10.0,10.0
381,382,13700,1457881512,946,1457881514.0,41.13869723,-8.60992074,58.4,60.1,1.5,4.0,10.0
382,383,13700,1457881513,935,1457881515.0,41.13870893,-8.60990087,58.1,53.2,1.75,4.0,10.0
383,384,13700,1457881514,946,1457881516.0,41.13872089,-8.60988035,58.4,51.4,1.75,4.0,10.0
384,385,13700,1457881515,945,1457881517.0,41.13873281,-8.60985951,58.4,51.9,1.75,4.0,10.0
385,386,13700,1457881516,941,1457881518.0,41.1387448,-8.60983853,58.7,54.5,1.75,4.0,10.0
386,387,13700,1457881517,938,1457881519.0,41.13875894,-8.60981613,58.5,51.0,1.75,4.0,10.0
387,388,13700,1457881518,949,1457881520.0,41.13877226,-8.60979636,58.3,50.5,1.75,3.0,10.0
388,389,13700,1457881519,943,1457881521.0,41.13878335,-8.60978022,58.0,47.8,1.5,3.0,10.0
389,390,13700,1457881520,935,1457881522.0,41.13878277,-8.60978027,58.7,3.0,10.0,,
390,391,13700,1457881521,966,1457881523.0,41.13878459,-8.60977787,58.9,3.0,10.0,,
391,392,13700,1457881522,944,1457881524.0,41.1387851,-8.60977486,58.8,3.0,10.0,,
392,393,13700,1457881523,949,1457881525.0,41.1387845,-8.60977318,59.1,3.0,10.0,,
393,394,13700,1457881524,945,1457881526.0,41.13878424,-8.60977103,59.1,3.0,10.0,,
394,395,13700,1457881525,950,1457881527.0,41.13878424,-8.60976851,58.7,3.0,10.0,,
395,396,13700,1457881527,24,1457881528.0,41.13878399,-8.60976695,58.7,3.0,9.0,,
396,397,13700,1457881527,943,1457881529.0,41.13878324,-8.60976561,58.7,3.0,9.0,,
397,398,13700,1457881528,951,1457881530.0,41.13878378,-8.60976375,58.7,47.8,0.25,3.0,9.0
398,399,13700,1457881529,943,1457881531.0,41.13878966,-8.60975208,59.0,53.1,1.0,3.0,9.0
399,400,13700,1457881530,937,1457881532.0,41.13880086,-8.6097317,58.4,52.3,1.5,3.0,9.0
400,401,13700,1457881531,951,1457881533.0,41.13882814,-8.6096862,58.6,51.6,4.0,3.0,9.0
401,402,13700,1457881532,949,1457881534.0,41.13885488,-8.60964403,59.2,50.2,4.25,3.0,9.0
402,403,13700,1457881533,956,1457881535.0,41.13888151,-8.60960381,59.7,48.7,4.0,3.0,9.0
403,404,13700,1457881534,944,1457881536.0,41.13890957,-8.60956646,60.5,46.2,4.0,4.0,9.0
404,405,13700,1457881535,940,1457881537.0,41.13893338,-8.60953192,60.5,47.6,3.75,3.0,9.0
405,406,13700,1457881536,955,1457881538.0,41.13894241,-8.60951626,60.8,50.6,1.75,4.0,9.0
406,407,13700,1457881537,946,1457881539.0,41.13894433,-8.60951012,60.8,50.6,0.75,4.0,9.0
407,408,13700,1457881538,942,1457881540.0,41.13894538,-8.60950429,61.2,50.6,0.5,4.0,9.0
408,409,13700,1457881539,944,1457881541.0,41.1389464,-8.60949804,62.2,50.6,0.5,4.0,9.0
409,410,13700,1457881540,938,1457881542.0,41.13894567,-8.60948209,61.2,87.3,1.0,4.0,9.0
410,411,13700,1457881541,944,1457881543.0,41.13894196,-8.6094605,62.2,98.5,1.25,4.0,9.0
411,412,13700,1457881542,949,1457881544.0,41.13893637,-8.60943527,62.6,106.0,1.5,4.0,9.0
412,413,13700,1457881543,957,1457881545.0,41.13893153,-8.60941924,61.9,111.7,1.0,4.0,9.0
413,414,13700,1457881544,948,1457881546.0,41.13892712,-8.60940879,62.2,120.2,0.75,5.0,9.0
414,415,13700,1457881545,949,1457881547.0,41.13892684,-8.60940452,63.0,4.0,9.0,,
415,416,13700,1457881547,4,1457881548.0,41.13892273,-8.60939696,62.9,120.2,0.75,4.0,9.0
416,417,13700,1457881547,945,1457881549.0,41.13891565,-8.60938631,63.3,131.4,1.0,5.0,9.0
417,418,13700,1457881548,945,1457881550.0,41.13890877,-8.60936121,63.0,115.6,1.5,4.0,9.0
418,419,13700,1457881549,950,1457881551.0,41.1389048,-8.60931267,63.4,99.7,3.0,4.0,10.0
419,420,13700,1457881550,938,1457881552.0,41.1389103,-8.6092715,63.1,85.0,2.75,4.0,10.0
420,421,13700,1457881551,954,1457881553.0,41.13892233,-8.60923854,63.0,68.6,2.5,4.0,10.0
421,422,13700,1457881552,953,1457881554.0,41.13893822,-8.60921436,62.5,53.6,2.25,4.0,10.0
422,423,13700,1457881554,522,1457881555.0,41.13894923,-8.60920097,62.5,47.1,1.5,4.0,10.0
423,424,13700,1457881556,498,1457881557.0,41.13896035,-8.60918699,62.8,45.7,0.5,4.0,10.0
424,425,13700,1457881558,33,1457881559.0,41.13896058,-8.60918494,63.7,4.0,10.0,,
425,426,13700,1457881559,588,1457881560.0,41.13896078,-8.60918504,64.0,4.0,10.0,,
426,427,13700,1457881561,500,1457881562.0,41.13896113,-8.6091824,64.3,3.0,10.0,,
427,428,13700,1457881563,492,1457881564.0,41.13895804,-8.60917528,64.6,3.0,10.0,,
428,429,13700,1457881565,513,1457881566.0,41.13895493,-8.60916806,64.8,3.0,10.0,,
429,430,13700,1457881566,980,1457881568.0,41.13895277,-8.60916149,64.8,4.0,10.0,,
430,431,13700,1457881567,986,1457881569.0,41.13895193,-8.6091588,64.9,5.0,10.0,,
431,432,13700,1457881568,973,1457881570.0,41.13895153,-8.60915736,64.8,5.0,10.0,,
432,433,13700,1457881570,484,1457881571.0,41.13895131,-8.60915661,64.8,5.0,10.0,,
433,434,13700,1457881572,487,1457881573.0,41.13895112,-8.60915597,64.8,5.0,9.0,,
434,435,13700,1457881574,21,1457881575.0,41.13895106,-8.60915575,64.8,4.0,9.0,,
435,436,13700,1457881575,546,1457881576.0,41.13895104,-8.6091557,64.8,4.0,9.0,,
436,437,13700,1457881577,504,1457881578.0,41.13895105,-8.60915564,64.8,5.0,9.0,,
437,438,13700,1457881579,488,1457881580.0,41.13895103,-8.60915558,64.8,6.0,9.0,,
438,439,13700,1457881581,524,1457881582.0,41.13896269,-8.60914506,65.8,35.8,0.75,6.0,9.0
439,440,13700,1457881582,985,1457881584.0,41.13900111,-8.60911663,65.9,23.0,2.0,4.0,9.0
440,441,13700,1457881584,506,1457881585.0,41.13902555,-8.60910654,66.2,18.7,2.0,4.0,9.0
441,442,13700,1457881586,520,1457881587.0,41.1390678,-8.60910153,66.5,6.5,1.75,4.0,9.0
442,443,13700,1457881588,500,1457881589.0,41.13910206,-8.60910886,65.1,353.9,1.75,4.0,9.0
443,444,13700,1457881590,47,1457881591.0,41.13913644,-8.60912333,64.2,349.3,1.75,4.0,9.0
444,445,13700,1457881591,190,1457881592.0,41.13914034,-8.60913067,63.6,4.0,10.0,,
445,446,13700,1457881593,541,1457881594.0,41.13914273,-8.60913737,62.8,3.0,10.0,,
446,447,13700,1457881595,522,1457881596.0,41.13914405,-8.60914073,62.6,3.0,10.0,,
447,448,13700,1457881597,540,1457881598.0,41.13914646,-8.60914412,61.9,4.0,10.0,,
448,449,13700,1457881598,999,1457881600.0,41.13915157,-8.60914659,62.2,4.0,10.0,,
449,450,13700,1457881600,504,1457881601.0,41.13915351,-8.60914826,61.6,4.0,10.0,,
450,451,13700,1457881602,496,1457881603.0,41.13915692,-8.60915242,61.5,4.0,11.0,,
451,452,13700,1457881604,540,1457881605.0,41.13915734,-8.60915405,61.4,5.0,11.0,,
452,453,13700,1457881606,38,1457881607.0,41.13915796,-8.6091549,61.6,5.0,11.0,,
453,454,13700,1457881607,564,1457881608.0,41.13915817,-8.6091552,61.6,5.0,11.0,,
454,455,13700,1457881609,499,1457881610.0,41.13916253,-8.60915665,61.6,349.3,0.5,5.0,11.0
455,456,13700,1457881611,117,1457881612.0,41.13918287,-8.60916374,61.4,342.4,0.75,4.0,11.0
456,457,13700,1457881613,529,1457881614.0,41.13919466,-8.60917524,63.0,4.0,11.0,,
457,458,13700,1457881614,996,1457881616.0,41.13920112,-8.60918073,63.1,4.0,11.0,,
458,459,13700,1457881616,534,1457881617.0,41.13919999,-8.60918199,62.8,4.0,11.0,,
459,460,13700,1457881618,494,1457881619.0,41.139205,-8.60918575,62.7,342.4,0.5,4.0,11.0
460,461,13700,1457881620,512,1457881621.0,41.13922639,-8.60919604,62.4,343.9,1.0,4.0,11.0
461,462,13700,1457881622,29,1457881623.0,41.13925912,-8.60920762,62.5,345.7,1.25,3.0,11.0
462,463,13700,1457881623,533,1457881624.0,41.13927016,-8.60921147,61.8,346.8,1.0,4.0,11.0
463,464,13700,1457881625,495,1457881626.0,41.13929921,-8.60922083,60.4,346.6,1.25,4.0,11.0
464,465,13700,1457881627,508,1457881628.0,41.13932689,-8.60922913,58.5,347.9,1.25,4.0,11.0
465,466,13700,1457881629,507,1457881630.0,41.1393524,-8.60923514,58.4,349.6,1.0,4.0,11.0
466,467,13700,1457881630,985,1457881632.0,41.13936204,-8.60923678,57.8,4.0,11.0,,
467,468,13700,1457881632,524,1457881633.0,41.13936406,-8.60923724,57.8,4.0,11.0,,
468,469,13700,1457881634,145,1457881635.0,41.13937068,-8.60924007,57.9,4.0,11.0,,
469,470,13700,1457881636,514,1457881637.0,41.13938225,-8.60924558,59.4,4.0,10.0,,
470,471,13700,1457881638,28,1457881639.0,41.13939853,-8.60925286,61.1,4.0,10.0,,
471,472,13700,1457881639,553,1457881640.0,41.13940485,-8.60925577,61.4,4.0,10.0,,
472,473,13700,1457881641,491,1457881642.0,41.13941156,-8.60925969,61.4,4.0,11.0,,
473,474,13700,1457881643,501,1457881644.0,41.13941717,-8.60925797,62.1,4.0,11.0,,
474,475,13700,1457881645,542,1457881646.0,41.13944318,-8.60926803,62.0,343.9,1.5,3.0,11.0
475,476,13700,1457881647,1,1457881648.0,41.13949104,-8.60928164,62.6,346.9,2.5,4.0,11.0
476,477,13700,1457881648,519,1457881649.0,41.13951392,-8.60928849,62.0,346.3,2.25,4.0,11.0
477,478,13700,1457881650,493,1457881651.0,41.13953201,-8.60928274,61.7,3.0,11.0,,
478,479,13700,1457881652,501,1457881653.0,41.13953856,-8.60927393,62.7,3.0,11.0,,
479,480,13700,1457881654,51,1457881655.0,41.13954308,-8.60926786,63.8,3.0,11.0,,
480,481,13700,1457881655,543,1457881656.0,41.13954358,-8.60926727,64.1,3.0,11.0,,
481,482,13700,1457881657,496,1457881658.0,41.1395472,-8.60926633,64.4,345.8,0.25,3.0,11.0
482,483,13700,1457881659,484,1457881660.0,41.13956608,-8.60926943,63.0,350.7,1.0,4.0,11.0
483,484,13700,1457881661,536,1457881662.0,41.13962259,-8.6092875,64.0,346.4,2.5,3.0,11.0
484,485,13700,1457881662,992,1457881664.0,41.13966661,-8.60930369,63.6,345.8,2.0,4.0,11.0
485,486,13700,1457881664,517,1457881665.0,41.13968726,-8.60931102,64.7,346.1,2.0,4.0,11.0
486,487,13700,1457881666,494,1457881667.0,41.13972201,-8.60932352,64.2,345.3,1.75,3.0,11.0
487,488,13700,1457881668,510,1457881669.0,41.1397278,-8.60933117,63.7,3.0,11.0,,
488,489,13700,1457881670,45,1457881671.0,41.1397297,-8.60933676,62.8,4.0,11.0,,
489,490,13700,1457881671,144,1457881672.0,41.13973001,-8.60933867,62.6,4.0,11.0,,
490,491,13700,1457881673,494,1457881674.0,41.13972976,-8.60934002,62.5,4.0,11.0,,
491,492,13700,1457881675,505,1457881676.0,41.13973069,-8.60934218,62.0,5.0,11.0,,
492,493,13700,1457881677,555,1457881678.0,41.13973253,-8.6093457,61.4,6.0,11.0,,
493,494,13700,1457881679,1,1457881680.0,41.13973417,-8.60934829,61.3,6.0,11.0,,
494,495,13700,1457881680,530,1457881681.0,41.13973449,-8.60934891,61.2,6.0,10.0,,
495,496,13700,1457881682,489,1457881683.0,41.13973452,-8.60934939,61.2,5.0,10.0,,
496,497,13700,1457881684,500,1457881685.0,41.1397346,-8.60934953,61.2,5.0,11.0,,
497,498,13700,1457881686,29,1457881687.0,41.13973493,-8.60934969,61.3,5.0,11.0,,
498,499,13700,1457881687,569,1457881688.0,41.13973491,-8.60934974,61.3,5.0,11.0,,
499,500,13700,1457881689,499,1457881690.0,41.13973488,-8.60934979,61.2,5.0,11.0,,
500,501,13700,1457881691,111,1457881692.0,41.1397347,-8.60934985,61.2,6.0,11.0,,
501,502,13700,1457881692,56,1457881693.0,41.13973458,-8.60934986,61.2,6.0,11.0,,
502,503,13700,1457881693,65,1457881694.0,41.13973452,-8.60934987,61.2,6.0,11.0,,
503,504,13700,1457881694,620,1457881695.0,41.13973448,-8.60934985,61.2,6.0,11.0,,
504,505,13700,1457881696,531,1457881697.0,41.13973445,-8.60934981,61.2,7.0,11.0,,
505,506,13700,1457881698,498,1457881699.0,41.13973452,-8.60934981,61.2,6.0,11.0,,
506,507,13700,1457881700,513,1457881701.0,41.13973454,-8.6093498,61.2,6.0,11.0,,
507,508,13700,1457881702,27,1457881703.0,41.13973454,-8.60934975,61.2,5.0,11.0,,
508,509,13700,1457881703,543,1457881704.0,41.13973455,-8.60934971,61.2,5.0,11.0,,
509,510,13700,1457881705,513,1457881706.0,41.13973457,-8.60934966,61.2,5.0,11.0,,
510,511,13700,1457881707,502,1457881708.0,41.13973459,-8.60934964,61.2,5.0,11.0,,
511,512,13700,1457881709,536,1457881710.0,41.13973459,-8.60934963,61.2,5.0,11.0,,
512,513,13700,1457881710,994,1457881712.0,41.13973529,-8.60934984,61.1,5.0,11.0,,
513,514,13700,1457881712,516,1457881713.0,41.13974208,-8.60935488,61.9,5.0,11.0,,
514,515,13700,1457881714,491,1457881715.0,41.13974763,-8.6093605,62.3,6.0,11.0,,
515,516,13700,1457881716,519,1457881717.0,41.13975188,-8.60936864,63.2,6.0,11.0,,
516,517,13700,1457881718,77,1457881719.0,41.1397537,-8.6093759,63.4,6.0,11.0,,
517,518,13700,1457881719,558,1457881720.0,41.1397522,-8.60937875,63.1,6.0,11.0,,
518,519,13700,1457881721,497,1457881722.0,41.13975308,-8.60938651,62.8,6.0,11.0,,
519,520,13700,1457881723,509,1457881724.0,41.13975372,-8.60938899,62.3,7.0,11.0,,
520,521,13700,1457881725,526,1457881726.0,41.13975462,-8.60938992,62.2,8.0,11.0,,
521,522,13700,1457881727,67,1457881728.0,41.1397553,-8.60939036,62.3,8.0,11.0,,
522,523,13700,1457881728,533,1457881729.0,41.13975551,-8.60939051,62.3,9.0,11.0,,
523,524,13700,1457881730,488,1457881731.0,41.13975562,-8.60939067,62.2,9.0,11.0,,
524,525,13700,1457881732,504,1457881733.0,41.13975552,-8.60939072,62.2,9.0,11.0,,
525,526,13700,1457881734,33,1457881735.0,41.13975544,-8.60939075,62.2,8.0,11.0,,
526,527,13700,1457881735,551,1457881736.0,41.13975536,-8.60939074,62.1,8.0,11.0,,
527,528,13700,1457881737,538,1457881738.0,41.13975528,-8.60939075,62.1,7.0,11.0,,
528,529,13700,1457881739,507,1457881740.0,41.13975517,-8.60939075,62.1,7.0,11.0,,
529,530,13700,1457881741,522,1457881742.0,41.13975508,-8.60939072,62.1,7.0,11.0,,
530,531,13700,1457881743,7,1457881744.0,41.13975502,-8.60939066,62.0,8.0,11.0,,
531,532,13700,1457881744,541,1457881745.0,41.13975498,-8.60939062,62.0,8.0,11.0,,
532,533,13700,1457881746,491,1457881747.0,41.13975496,-8.60939055,62.0,9.0,11.0,,
533,534,13700,1457881748,516,1457881749.0,41.13975496,-8.6093905,62.0,9.0,11.0,,
534,535,13700,1457881750,23,1457881751.0,41.13975485,-8.60939045,62.0,10.0,10.0,,
535,536,13700,1457881751,160,1457881752.0,41.13975483,-8.60939045,62.0,9.0,10.0,,
536,537,13700,1457881752,961,1457881754.0,41.13975479,-8.6093905,62.0,9.0,10.0,,
537,538,13700,1457881753,990,1457881755.0,41.13975471,-8.60939052,61.9,10.0,10.0,,
538,539,13700,1457881755,520,1457881756.0,41.13975571,-8.6093905,61.9,10.0,10.0,,
539,540,13700,1457881757,565,1457881758.0,41.13977327,-8.60939038,63.0,349.8,1.0,7.0,10.0
540,541,13700,1457881759,76,1457881760.0,41.13984905,-8.60941001,63.7,347.5,3.75,4.0,10.0
541,542,13700,1457881760,559,1457881761.0,41.13989334,-8.60942169,63.9,347.0,4.25,4.0,10.0
542,543,13700,1457881762,126,1457881763.0,41.13998752,-8.60944519,63.5,347.3,5.0,4.0,10.0
543,544,13700,1457881764,514,1457881765.0,41.14008719,-8.60945053,62.6,355.1,3.75,4.0,11.0
544,545,13700,1457881766,40,1457881767.0,41.1400989,-8.60946885,61.4,343.9,0.75,4.0,11.0
545,546,13700,1457881766,963,1457881768.0,41.14009804,-8.60946697,62.1,4.0,11.0,,
546,547,13700,1457881767,981,1457881769.0,41.14010006,-8.60946938,60.2,4.0,11.0,,
547,548,13700,1457881769,499,1457881770.0,41.14010234,-8.60946968,60.7,3.0,11.0,,
548,549,13700,1457881771,123,1457881772.0,41.14010771,-8.60947396,60.9,3.0,11.0,,
549,550,13700,1457881773,528,1457881774.0,41.14011479,-8.6094718,61.4,3.0,11.0,,
550,551,13700,1457881775,15,1457881776.0,41.1401196,-8.60947379,61.3,3.0,11.0,,
551,552,13700,1457881776,532,1457881777.0,41.14012199,-8.60947482,61.0,3.0,11.0,,
552,553,13700,1457881778,494,1457881779.0,41.14012307,-8.60947587,60.9,3.0,11.0,,
553,554,13700,1457881780,514,1457881781.0,41.14012328,-8.60947628,60.9,3.0,11.0,,
554,555,13700,1457881782,48,1457881783.0,41.14012327,-8.6094766,60.9,3.0,11.0,,
555,556,13700,1457881783,599,1457881784.0,41.14012326,-8.6094767,60.9,3.0,11.0,,
556,557,13700,1457881785,515,1457881786.0,41.14012327,-8.60947678,60.9,3.0,11.0,,
557,558,13700,1457881786,991,1457881788.0,41.14012328,-8.60947686,60.8,3.0,11.0,,
558,559,13700,1457881787,959,1457881789.0,41.14012329,-8.6094769,60.8,3.0,11.0,,
559,560,13700,1457881788,961,1457881790.0,41.14012327,-8.60947694,60.8,3.0,11.0,,
560,561,13700,1457881790,1457881791,41.14012322,-8.60947698,60.8,3.0,11.0,,,
561,562,13700,1457881790,958,1457881792.0,41.14012315,-8.60947698,60.8,3.0,11.0,,
562,563,13700,1457881791,996,1457881793.0,41.14012314,-8.60947697,60.8,3.0,11.0,,
563,564,13700,1457881793,49,1457881794.0,41.14013385,-8.6094807,60.8,345.3,2.0,3.0,11.0
564,565,13700,1457881794,16,1457881795.0,41.14015988,-8.60948893,60.3,345.6,2.5,4.0,11.0
565,566,13700,1457881794,982,1457881796.0,41.14017753,-8.60949895,59.7,345.7,2.0,4.0,11.0
566,567,13700,1457881795,960,1457881797.0,41.14019836,-8.60950548,59.4,346.3,2.25,4.0,11.0
567,568,13700,1457881796,970,1457881798.0,41.14020592,-8.60950611,59.5,344.2,1.0,3.0,11.0
568,569,13700,1457881797,988,1457881799.0,41.14021035,-8.60950645,60.8,344.2,0.25,4.0,11.0
569,570,13700,1457881798,984,1457881800.0,41.14021002,-8.60950655,60.5,3.0,11.0,,
570,571,13700,1457881799,960,1457881801.0,41.1402113,-8.60950553,60.7,3.0,11.0,,
571,572,13700,1457881800,960,1457881802.0,41.14021207,-8.60950459,60.8,3.0,10.0,,
572,573,13700,1457881801,974,1457881803.0,41.14021324,-8.60950532,60.9,3.0,11.0,,
573,574,13700,1457881802,975,1457881804.0,41.1402138,-8.60950565,60.7,3.0,11.0,,
574,575,13700,1457881803,969,1457881805.0,41.14021534,-8.60950649,60.3,3.0,11.0,,
575,576,13700,1457881804,971,1457881806.0,41.14021866,-8.6095039,60.2,3.0,11.0,,
576,577,13700,1457881806,20,1457881807.0,41.14022029,-8.60950169,60.2,3.0,11.0,,
577,578,13700,1457881806,971,1457881808.0,41.14022364,-8.60949977,60.4,3.0,10.0,,
578,579,13700,1457881807,963,1457881809.0,41.14022518,-8.60950133,60.2,3.0,10.0,,
579,580,13700,1457881808,970,1457881810.0,41.14022643,-8.60950115,60.3,3.0,10.0,,
580,581,13700,1457881810,14,1457881811.0,41.14022748,-8.60950142,60.2,3.0,10.0,,
581,582,13700,1457881810,961,1457881812.0,41.14022765,-8.60950144,60.2,3.0,10.0,,
582,583,13700,1457881811,967,1457881813.0,41.14022766,-8.60950142,60.2,3.0,9.0,,
583,584,13700,1457881812,965,1457881814.0,41.14022771,-8.60950145,60.2,3.0,10.0,,
584,585,13700,1457881813,971,1457881815.0,41.14022919,-8.60950209,60.2,344.2,0.25,3.0,11.0
585,586,13700,1457881814,969,1457881816.0,41.14023758,-8.60950558,59.9,350.1,0.75,4.0,11.0
586,587,13700,1457881815,972,1457881817.0,41.14025001,-8.6095132,60.4,338.9,1.25,4.0,11.0
587,588,13700,1457881816,971,1457881818.0,41.14026138,-8.60951902,60.2,343.1,1.25,4.0,11.0
588,589,13700,1457881817,969,1457881819.0,41.14027006,-8.60952348,60.1,340.9,1.0,3.0,11.0
589,590,13700,1457881818,961,1457881820.0,41.14027718,-8.60952691,59.7,342.0,0.75,4.0,11.0
590,591,13700,1457881819,972,1457881821.0,41.1402751,-8.60952831,60.6,4.0,11.0,,
591,592,13700,1457881820,963,1457881822.0,41.14027432,-8.60952911,61.0,3.0,11.0,,
592,593,13700,1457881821,972,1457881823.0,41.1402736,-8.60952958,61.7,3.0,11.0,,
593,594,13700,1457881823,498,1457881824.0,41.14027365,-8.60953093,62.4,3.0,11.0,,
594,595,13700,1457881824,970,1457881826.0,41.14027728,-8.60953181,62.8,3.0,11.0,,
595,596,13700,1457881826,491,1457881827.0,41.14027849,-8.60953114,62.6,3.0,10.0,,
596,597,13700,1457881828,523,1457881829.0,41.14027769,-8.60953117,63.1,342.0,0.25,4.0,11.0
597,598,13700,1457881830,77,1457881831.0,41.14029874,-8.60954006,63.2,343.1,1.0,4.0,11.0
598,599,13700,1457881831,180,1457881832.0,41.14031823,-8.60954605,62.4,346.1,1.75,4.0,11.0
599,600,13700,1457881833,500,1457881834.0,41.14037127,-8.6095666,63.0,342.6,2.5,4.0,11.0
600,601,13700,1457881835,529,1457881836.0,41.14042101,-8.60958225,62.9,345.0,2.25,4.0,11.0
601,602,13700,1457881837,64,1457881838.0,41.14044996,-8.60958927,64.6,346.6,1.0,5.0,11.0
602,603,13700,1457881838,590,1457881839.0,41.14046016,-8.60959096,64.2,346.4,1.0,4.0,11.0
603,604,13700,1457881839,997,1457881841.0,41.14047489,-8.60959559,61.9,4.0,11.0,,
604,605,13700,1457881840,960,1457881842.0,41.14048012,-8.60959661,62.0,4.0,11.0,,
605,606,13700,1457881842,495,1457881843.0,41.14048322,-8.60959782,62.0,338.9,0.25,4.0,11.0
606,607,13700,1457881844,529,1457881845.0,41.1404929,-8.60959921,64.6,4.0,12.0,,
607,608,13700,1457881846,48,1457881847.0,41.14049991,-8.60959899,64.1,4.0,11.0,,
608,609,13700,1457881847,576,1457881848.0,41.14050331,-8.60959878,64.0,4.0,11.0,,
609,610,13700,1457881849,513,1457881850.0,41.1405128,-8.60960115,62.9,338.9,0.5,4.0,11.0
610,611,13700,1457881851,139,1457881852.0,41.1405433,-8.609608,61.6,347.6,1.5,4.0,11.0
611,612,13700,1457881853,522,1457881854.0,41.14056157,-8.60961494,62.0,4.0,11.0,,
612,613,13700,1457881855,3,1457881856.0,41.14056682,-8.6096243,61.6,4.0,11.0,,
613,614,13700,1457881856,194,1457881857.0,41.14056755,-8.60962597,61.5,4.0,11.0,,
614,615,13700,1457881858,503,1457881859.0,41.14057176,-8.60962849,61.4,4.0,11.0,,
615,616,13700,1457881860,544,1457881861.0,41.14057621,-8.60962884,61.6,3.0,12.0,,
616,617,13700,1457881862,42,1457881863.0,41.14057665,-8.60962898,62.1,3.0,11.0,,
617,618,13700,1457881863,565,1457881864.0,41.14057717,-8.6096304,62.1,3.0,11.0,,
618,619,13700,1457881865,525,1457881866.0,41.14057812,-8.60963252,62.1,4.0,11.0,,
619,620,13700,1457881867,16,1457881868.0,41.14057848,-8.60963332,62.1,4.0,11.0,,
620,621,13700,1457881868,85,1457881869.0,41.14057854,-8.60963346,62.1,4.0,11.0,,
621,622,13700,1457881869,73,1457881870.0,41.14057859,-8.60963354,62.2,4.0,11.0,,
622,623,13700,1457881870,666,1457881871.0,41.14058105,-8.60963403,62.2,351.4,0.25,4.0,11.0
623,624,13700,1457881872,549,1457881873.0,41.14058999,-8.6096338,62.2,351.4,0.5,4.0,11.0
624,625,13700,1457881874,527,1457881875.0,41.14059384,-8.60963183,62.1,4.0,11.0,,
625,626,13700,1457881876,528,1457881877.0,41.1405944,-8.60962849,61.9,5.0,11.0,,
626,627,13700,1457881878,35,1457881879.0,41.14059626,-8.60962855,61.8,6.0,11.0,,
627,628,13700,1457881879,555,1457881880.0,41.14059762,-8.60962934,62.0,7.0,11.0,,
628,629,13700,1457881881,516,1457881882.0,41.14060139,-8.60963304,62.0,351.4,0.25,6.0,11.0
629,630,13700,1457881883,522,1457881884.0,41.14060322,-8.60964899,61.5,351.4,0.5,6.0,11.0
630,631,13700,1457881885,527,1457881886.0,41.1406131,-8.60965967,64.6,351.4,0.5,4.0,11.0
631,632,13700,1457881887,21,1457881888.0,41.1406257,-8.60966152,63.5,351.4,0.5,4.0,11.0
632,633,13700,1457881888,531,1457881889.0,41.14063324,-8.60966429,63.6,351.4,0.5,4.0,11.0
633,634,13700,1457881890,527,1457881891.0,41.14065033,-8.60966837,62.2,351.4,0.5,4.0,11.0
634,635,13700,1457881892,542,1457881893.0,41.14066253,-8.60967149,62.0,351.4,0.25,4.0,11.0
635,636,13700,1457881894,49,1457881895.0,41.14067179,-8.60967931,62.0,4.0,11.0,,
636,637,13700,1457881895,573,1457881896.0,41.14067506,-8.60968061,62.0,351.4,0.25,4.0,11.0
637,638,13700,1457881897,506,1457881898.0,41.14068725,-8.60969566,60.7,4.0,11.0,,
638,639,13700,1457881899,141,1457881900.0,41.14069695,-8.60970572,61.2,5.0,11.0,,
639,640,13700,1457881901,503,1457881902.0,41.14070314,-8.60970524,60.8,351.4,0.25,5.0,11.0
640,641,13700,1457881903,11,1457881904.0,41.14070809,-8.60969941,62.2,5.0,11.0,,
641,642,13700,1457881904,531,1457881905.0,41.14070895,-8.609697,62.4,5.0,11.0,,
642,643,13700,1457881906,498,1457881907.0,41.14070817,-8.60969659,63.3,5.0,9.0,,
643,644,13700,1457881908,514,1457881909.0,41.14070885,-8.6096953,63.3,5.0,10.0,,
644,645,13700,1457881910,93,1457881911.0,41.14070938,-8.60969391,63.3,5.0,10.0,,
645,646,13700,1457881911,92,1457881912.0,41.14070989,-8.60969188,63.5,6.0,10.0,,
646,647,13700,1457881913,492,1457881914.0,41.14071044,-8.60968748,64.0,7.0,10.0,,
647,648,13700,1457881915,534,1457881916.0,41.14071078,-8.60968535,64.0,8.0,10.0,,
648,649,13700,1457881917,524,1457881918.0,41.14071094,-8.60968461,63.9,10.0,10.0,,
649,650,13700,1457881919,9,1457881920.0,41.14071103,-8.60968437,63.9,12.0,10.0,,
650,651,13700,1457881920,548,1457881921.0,41.14071106,-8.60968431,63.9,12.0,10.0,,
651,652,13700,1457881922,502,1457881923.0,41.14072386,-8.60968199,65.1,351.4,0.5,13.0,10.0
652,653,13700,1457881924,527,1457881925.0,41.14080382,-8.60961662,68.4,51.3,5.25,4.0,8.0
653,654,13700,1457881925,989,1457881927.0,41.14088833,-8.60935947,68.0,74.9,10.0,4.0,10.0
654,655,13700,1457881927,11,1457881928.0,41.14092728,-8.60921003,67.6,73.7,12.75,3.0,10.0
655,656,13700,1457881927,972,1457881929.0,41.14096495,-8.60903493,67.8,73.5,15.0,3.0,9.0
656,657,13700,1457881929,497,1457881930.0,41.14099876,-8.60885204,67.6,73.5,15.75,4.0,9.0
657,658,13700,1457881931,112,1457881932.0,41.14108783,-8.6084604,66.7,73.2,17.5,4.0,8.0
658,659,13700,1457881933,512,1457881934.0,41.14117884,-8.60808957,65.3,73.2,15.75,3.0,9.0
659,660,13700,1457881934,987,1457881936.0,41.14124487,-8.60780083,65.0,72.7,11.75,4.0,9.0
660,661,13700,1457881935,980,1457881937.0,41.14126577,-8.60769001,64.6,72.8,10.0,3.0,10.0
661,662,13700,1457881936,968,1457881938.0,41.14128744,-8.60759282,64.7,72.8,8.5,3.0,10.0
662,663,13700,1457881937,981,1457881939.0,41.14130797,-8.60750824,64.8,71.8,7.75,4.0,10.0
663,664,13700,1457881938,976,1457881940.0,41.14132386,-8.60741994,65.3,72.5,7.25,4.0,10.0
664,665,13700,1457881939,978,1457881941.0,41.14134421,-8.60733411,66.1,72.3,7.5,4.0,11.0
665,666,13700,1457881940,972,1457881942.0,41.14136415,-8.60724385,66.0,71.5,8.0,4.0,11.0
666,667,13700,1457881941,979,1457881943.0,41.14138933,-8.60714557,66.3,71.2,8.75,5.0,11.0
667,668,13700,1457881942,975,1457881944.0,41.14141609,-8.60703782,65.9,71.3,9.5,5.0,11.0
668,669,13700,1457881943,976,1457881945.0,41.1414396,-8.60691474,65.9,71.5,10.5,5.0,11.0
669,670,13700,1457881944,979,1457881946.0,41.14147347,-8.60678478,66.1,72.1,11.25,5.0,11.0
670,671,13700,1457881945,970,1457881947.0,41.1415027,-8.60665629,65.7,72.8,11.25,6.0,11.0
671,672,13700,1457881946,979,1457881948.0,41.14152776,-8.60652628,65.6,73.6,11.0,6.0,11.0
672,673,13700,1457881947,981,1457881949.0,41.14155929,-8.60640244,65.7,73.7,10.5,6.0,10.0
673,674,13700,1457881948,978,1457881950.0,41.14158518,-8.60628142,65.8,73.4,10.25,6.0,10.0
674,675,13700,1457881949,984,1457881951.0,41.14160935,-8.60617078,65.2,74.0,9.75,6.0,11.0
675,676,13700,1457881950,979,1457881952.0,41.14163166,-8.60605789,65.3,74.3,10.0,5.0,11.0
676,677,13700,1457881951,983,1457881953.0,41.14165056,-8.60594144,65.8,75.2,10.0,4.0,12.0
677,678,13700,1457881952,976,1457881954.0,41.1416693,-8.60582865,65.7,75.9,10.0,4.0,12.0
678,679,13700,1457881953,985,1457881955.0,41.14169253,-8.60570906,65.2,75.7,10.25,4.0,12.0
679,680,13700,1457881954,980,1457881956.0,41.14171505,-8.60559596,65.1,75.0,10.25,4.0,12.0
680,681,13700,1457881955,986,1457881957.0,41.14174085,-8.60547849,64.9,75.4,10.25,4.0,11.0
681,682,13700,1457881956,978,1457881958.0,41.14176597,-8.60536566,64.7,74.4,10.0,4.0,11.0
682,683,13700,1457881957,977,1457881959.0,41.14178947,-8.60524888,64.5,75.3,10.25,4.0,11.0
683,684,13700,1457881958,982,1457881960.0,41.14180477,-8.60513256,63.9,78.6,10.0,4.0,11.0
684,685,13700,1457881959,976,1457881961.0,41.1418142,-8.60501167,63.8,83.0,10.0,4.0,11.0
685,686,13700,1457881960,970,1457881962.0,41.14182165,-8.60488682,64.4,85.3,10.25,4.0,10.0
686,687,13700,1457881961,981,1457881963.0,41.14182174,-8.60476648,63.9,89.0,10.25,4.0,10.0
687,688,13700,1457881962,972,1457881964.0,41.14180831,-8.60464175,63.6,93.6,10.0,4.0,10.0
688,689,13700,1457881963,998,1457881965.0,41.14179531,-8.60452862,63.3,96.9,10.0,4.0,9.0
689,690,13700,1457881964,975,1457881966.0,41.14177988,-8.60440942,63.4,100.4,10.0,4.0,9.0
690,691,13700,1457881965,993,1457881967.0,41.14177136,-8.60429453,63.1,100.9,10.0,4.0,9.0
691,692,13700,1457881967,43,1457881968.0,41.14175808,-8.60417817,63.1,99.0,10.0,4.0,10.0
692,693,13700,1457881967,978,1457881969.0,41.14174941,-8.60406063,62.9,96.0,9.75,4.0,10.0
693,694,13700,1457881968,981,1457881970.0,41.14175218,-8.60395356,62.9,90.3,9.5,4.0,10.0
694,695,13700,1457881969,978,1457881971.0,41.14175783,-8.60385164,63.1,86.8,8.5,4.0,10.0
695,696,13700,1457881970,970,1457881972.0,41.14176409,-8.60376921,63.0,84.0,7.0,4.0,9.0
696,697,13700,1457881972,24,1457881973.0,41.14177141,-8.60371258,62.8,82.2,5.25,4.0,9.0
697,698,13700,1457881972,992,1457881974.0,41.14177892,-8.60365699,62.9,81.9,5.0,4.0,9.0
698,699,13700,1457881974,539,1457881975.0,41.14180102,-8.60358327,62.9,81.6,5.75,4.0,9.0
699,700,13700,1457881976,533,1457881977.0,41.14181274,-8.60346449,63.4,81.8,4.5,4.0,9.0
700,701,13700,1457881978,531,1457881979.0,41.14182117,-8.60334539,64.0,82.4,5.75,4.0,9.0
701,702,13700,1457881980,70,1457881981.0,41.14184325,-8.60317721,64.7,81.5,7.25,4.0,9.0
702,703,13700,1457881981,653,1457881982.0,41.14185147,-8.60308114,65.0,82.1,7.75,4.0,9.0
703,704,13700,1457881983,523,1457881984.0,41.14186975,-8.60287239,65.5,82.3,8.75,4.0,9.0
704,705,13700,1457881985,551,1457881986.0,41.14189861,-8.60263993,65.4,81.2,10.25,4.0,9.0
705,706,13700,1457881987,63,1457881988.0,41.14193225,-8.60237909,64.9,81.1,11.0,4.0,9.0
706,707,13700,1457881988,628,1457881989.0,41.14194855,-8.60224642,65.2,81.1,11.0,4.0,10.0
707,708,13700,1457881990,555,1457881991.0,41.14198099,-8.60199443,65.1,78.8,11.25,5.0,10.0
708,709,13700,1457881992,608,1457881993.0,41.14201667,-8.60174903,64.5,79.6,10.5,6.0,10.0
709,710,13700,1457881994,579,1457881995.0,41.1420235,-8.60150676,64.0,83.0,10.25,4.0,10.0
710,711,13700,1457881996,37,1457881997.0,41.14204551,-8.60125552,64.2,87.1,10.25,4.0,10.0
711,712,13700,1457881997,573,1457881998.0,41.1420507,-8.60112556,64.2,88.2,10.5,4.0,10.0
712,713,13700,1457881999,537,1457882000.0,41.14204237,-8.60087171,63.9,93.2,10.75,4.0,9.0
713,714,13700,1457882001,513,1457882002.0,41.14202221,-8.60061361,64.0,95.8,10.75,4.0,9.0
714,715,13700,1457882003,581,1457882004.0,41.14199503,-8.60036147,64.0,99.9,10.75,4.0,9.0
715,716,13700,1457882004,997,1457882006.0,41.14192858,-8.60012192,64.1,105.9,10.5,4.0,9.0
716,717,13700,1457882006,531,1457882007.0,41.14190272,-8.60000173,63.8,106.9,10.25,4.0,8.0
717,718,13700,1457882008,516,1457882009.0,41.1418559,-8.5997838,62.2,107.6,9.5,4.0,9.0
718,719,13700,1457882010,536,1457882011.0,41.14181429,-8.59957879,60.7,107.1,9.0,4.0,8.0
719,720,13700,1457882012,37,1457882013.0,41.14175636,-8.59936498,61.9,108.2,9.5,4.0,8.0
720,721,13700,1457882013,549,1457882014.0,41.14173346,-8.59925055,61.5,105.3,9.5,4.0,8.0
721,722,13700,1457882014,987,1457882016.0,41.1416561,-8.59901452,62.1,113.6,11.0,4.0,8.0
722,723,13700,1457882016,502,1457882017.0,41.14161135,-8.59889137,61.9,116.3,11.25,4.0,8.0
723,724,13700,1457882018,524,1457882019.0,41.14150709,-8.59865025,62.6,120.2,11.75,3.0,8.0
724,725,13700,1457882020,74,1457882021.0,41.14139334,-8.59841281,62.9,122.5,12.0,4.0,8.0
725,726,13700,1457882021,591,1457882022.0,41.14132936,-8.59830109,63.2,123.5,11.75,4.0,8.0
726,727,13700,1457882023,539,1457882024.0,41.14122787,-8.59808271,64.1,122.2,11.0,4.0,8.0
727,728,13700,1457882025,526,1457882026.0,41.14112488,-8.59785351,64.0,120.9,11.5,4.0,8.0
728,729,13700,1457882027,550,1457882028.0,41.14098366,-8.59754473,64.4,120.8,16.0,4.0,8.0
729,730,13700,1457882029,41,1457882030.0,41.14078852,-8.59713296,64.9,121.3,21.0,4.0,8.0
730,731,13700,1457882030,559,1457882031.0,41.14068097,-8.59691012,64.8,121.4,21.75,3.0,8.0
731,732,13700,1457882032,167,1457882033.0,41.14048375,-8.59646392,65.0,121.1,21.5,3.0,9.0
732,733,13700,1457882034,567,1457882035.0,41.14029043,-8.59604669,64.2,123.1,20.5,4.0,9.0
733,734,13700,1457882036,68,1457882037.0,41.1400961,-8.59563244,64.8,121.3,20.0,3.0,9.0
734,735,13700,1457882037,26,1457882038.0,41.14000857,-8.59542061,65.2,117.9,19.75,4.0,9.0
735,736,13700,1457882038,33,1457882039.0,41.13994411,-8.59520757,65.6,113.3,19.5,4.0,9.0
736,737,13700,1457882038,993,1457882040.0,41.13991308,-8.5949971,65.4,105.1,19.0,4.0,9.0
737,738,13700,1457882040,24,1457882041.0,41.13988633,-8.59477674,65.5,100.5,18.75,4.0,9.0
738,739,13700,1457882041,520,1457882042.0,41.13990694,-8.59456269,65.2,91.0,18.0,3.0,9.0
739,740,13700,1457882043,534,1457882044.0,41.13992893,-8.59414674,65.2,84.7,17.5,3.0,9.0
740,741,13700,1457882045,41,1457882046.0,41.13995965,-8.59380035,65.1,82.7,13.5,3.0,9.0
741,742,13700,1457882046,13,1457882047.0,41.13997375,-8.59367283,64.5,83.4,11.0,3.0,9.0
742,743,13700,1457882046,988,1457882048.0,41.1399835,-8.59357378,64.9,83.9,8.5,3.0,10.0
743,744,13700,1457882047,987,1457882049.0,41.13999241,-8.5934902,65.3,84.0,7.0,3.0,10.0
744,745,13700,1457882049,9,1457882050.0,41.13999968,-8.59341209,65.6,83.6,6.5,3.0,10.0
745,746,13700,1457882050,40,1457882051.0,41.14000507,-8.59333194,65.8,83.7,6.5,3.0,10.0
746,747,13700,1457882050,986,1457882052.0,41.14001122,-8.59324342,66.0,84.0,6.75,3.0,10.0
747,748,13700,1457882051,991,1457882053.0,41.14001895,-8.59315826,66.4,83.9,7.0,3.0,10.0
748,749,13700,1457882052,979,1457882054.0,41.14002623,-8.59307583,66.7,83.7,7.0,3.0,9.0
749,750,13700,1457882053,986,1457882055.0,41.1400315,-8.59299466,67.1,84.1,6.5,3.0,9.0
750,751,13700,1457882054,992,1457882056.0,41.14003609,-8.5929136,67.3,84.1,6.5,3.0,10.0
751,752,13700,1457882056,2,1457882057.0,41.1400436,-8.59283194,67.7,83.8,6.5,3.0,10.0
752,753,13700,1457882056,990,1457882058.0,41.14004927,-8.59274716,67.8,84.0,6.5,3.0,10.0
753,754,13700,1457882057,989,1457882059.0,41.14005746,-8.59266457,67.8,83.8,6.75,3.0,10.0
754,755,13700,1457882058,996,1457882060.0,41.14006553,-8.59258034,67.8,83.1,6.75,3.0,10.0
755,756,13700,1457882059,986,1457882061.0,41.1400729,-8.59249559,68.2,83.9,7.0,3.0,10.0
756,757,13700,1457882060,984,1457882062.0,41.14008468,-8.59240213,68.0,84.1,7.25,3.0,10.0
757,758,13700,1457882061,985,1457882063.0,41.14009125,-8.59231105,68.3,84.7,7.5,3.0,10.0
758,759,13700,1457882063,1,1457882064.0,41.14009606,-8.59223373,68.6,84.3,6.5,3.0,10.0
759,760,13700,1457882063,992,1457882065.0,41.14009837,-8.5921753,68.8,83.8,4.75,3.0,10.0
760,761,13700,1457882064,988,1457882066.0,41.14009352,-8.5921262,69.4,84.3,4.0,4.0,10.0
761,762,13700,1457882066,21,1457882067.0,41.1400889,-8.59207773,70.2,84.0,4.25,3.0,10.0
762,763,13700,1457882066,992,1457882068.0,41.14009702,-8.59201808,69.9,83.5,5.0,4.0,10.0
763,764,13700,1457882067,989,1457882069.0,41.14010358,-8.59194849,70.2,83.5,5.75,3.0,10.0
764,765,13700,1457882068,997,1457882070.0,41.14011088,-8.59187364,70.6,83.3,6.25,3.0,10.0
765,766,13700,1457882069,986,1457882071.0,41.14011716,-8.5917926,70.7,83.7,6.75,4.0,10.0
766,767,13700,1457882071,17,1457882072.0,41.14012447,-8.59170144,70.7,83.4,7.5,4.0,10.0
767,768,13700,1457882071,993,1457882073.0,41.14013112,-8.59159855,70.8,83.1,8.25,3.0,10.0
768,769,13700,1457882072,990,1457882074.0,41.14013825,-8.59148613,70.8,83.9,8.75,4.0,10.0
769,770,13700,1457882073,993,1457882075.0,41.14014777,-8.59137031,71.0,84.0,9.25,4.0,10.0
770,771,13700,1457882074,993,1457882076.0,41.14015695,-8.59124967,71.2,84.5,9.75,4.0,10.0
771,772,13700,1457882075,996,1457882077.0,41.14016649,-8.59112337,71.2,84.3,10.25,4.0,10.0
772,773,13700,1457882076,987,1457882078.0,41.14017789,-8.59099692,71.3,83.7,10.5,3.0,10.0
773,774,13700,1457882077,991,1457882079.0,41.14018806,-8.59088304,71.4,83.8,10.0,3.0,10.0
774,775,13700,1457882078,982,1457882080.0,41.14019125,-8.5907839,72.1,83.8,8.5,3.0,10.0
775,776,13700,1457882080,20,1457882081.0,41.14019502,-8.59069307,72.3,84.1,7.75,3.0,10.0
776,777,13700,1457882080,978,1457882082.0,41.14020079,-8.59060291,72.6,84.6,7.25,4.0,10.0
777,778,13700,1457882081,990,1457882083.0,41.14020831,-8.5905375,68.4,83.0,6.0,3.0,10.0
778,779,13700,1457882082,982,1457882084.0,41.14021517,-8.59048378,70.5,81.2,4.75,3.0,10.0
779,780,13700,1457882083,994,1457882085.0,41.14022465,-8.59043079,71.3,81.2,4.25,4.0,10.0
780,781,13700,1457882085,515,1457882086.0,41.1402337,-8.59038661,71.8,79.0,4.25,4.0,10.0
781,782,13700,1457882087,549,1457882088.0,41.14026231,-8.59030706,71.8,74.1,4.0,3.0,10.0
782,783,13700,1457882089,536,1457882090.0,41.14028544,-8.59020915,71.6,74.8,5.0,4.0,10.0
783,784,13700,1457882091,218,1457882092.0,41.14031974,-8.59008956,71.7,72.0,5.75,3.0,10.0
784,785,13700,1457882092,126,1457882093.0,41.14034821,-8.59002914,71.5,68.4,6.25,3.0,10.0
785,786,13700,1457882093,59,1457882094.0,41.1403737,-8.58996145,70.9,67.3,6.75,3.0,10.0
786,787,13700,1457882094,588,1457882095.0,41.1404035,-8.58989003,70.8,65.3,7.0,3.0,10.0
787,788,13700,1457882096,512,1457882097.0,41.14046489,-8.58975444,71.5,60.2,6.75,3.0,10.0
788,789,13700,1457882098,151,1457882099.0,41.14053462,-8.58962957,70.9,55.8,6.25,3.0,10.0
789,790,13700,1457882100,521,1457882101.0,41.14060295,-8.58951842,70.0,52.8,6.25,4.0,10.0
790,791,13700,1457882102,23,1457882103.0,41.14066738,-8.58940486,69.8,49.7,6.25,3.0,10.0
791,792,13700,1457882103,543,1457882104.0,41.14070401,-8.58934725,69.4,48.6,6.25,3.0,9.0
792,793,13700,1457882105,536,1457882106.0,41.14078469,-8.58922914,69.9,47.2,6.75,4.0,9.0
793,794,13700,1457882107,550,1457882108.0,41.14086527,-8.58911249,69.8,46.4,6.75,3.0,9.0
794,795,13700,1457882109,71,1457882110.0,41.14095856,-8.58900718,68.5,47.4,6.5,3.0,10.0
795,796,13700,1457882110,593,1457882111.0,41.14100157,-8.5889541,68.3,46.6,6.5,3.0,10.0
796,797,13700,1457882112,13,1457882113.0,41.14108046,-8.58883997,68.2,47.2,6.5,3.0,9.0
797,798,13700,1457882113,103,1457882114.0,41.14111565,-8.58878022,69.0,48.8,6.5,3.0,9.0
798,799,13700,1457882114,7,1457882115.0,41.14115719,-8.58872448,68.6,47.0,6.5,3.0,9.0
799,800,13700,1457882115,52,1457882116.0,41.1411949,-8.58866588,68.3,46.9,6.5,3.0,9.0
800,801,13700,1457882116,559,1457882117.0,41.14123467,-8.58861167,67.6,46.7,6.75,4.0,9.0
801,802,13700,1457882118,509,1457882119.0,41.14132232,-8.58850418,67.1,46.6,6.75,3.0,9.0
802,803,13700,1457882120,559,1457882121.0,41.14140954,-8.58837535,67.0,46.6,7.25,3.0,9.0
803,804,13700,1457882122,75,1457882123.0,41.14150832,-8.58824512,66.9,46.5,7.75,3.0,10.0
804,805,13700,1457882123,592,1457882124.0,41.141556,-8.58817587,66.8,46.5,8.0,3.0,10.0
805,806,13700,1457882125,575,1457882126.0,41.14166035,-8.58803521,66.7,44.4,8.25,4.0,9.0
806,807,13700,1457882127,563,1457882128.0,41.14176795,-8.5879163,66.2,40.4,8.25,3.0,10.0
807,808,13700,1457882129,560,1457882130.0,41.14188552,-8.5877993,66.0,37.0,8.25,3.0,10.0
808,809,13700,1457882131,38,1457882132.0,41.14200966,-8.58768069,65.9,34.5,8.5,3.0,10.0
809,810,13700,1457882132,175,1457882133.0,41.14207525,-8.58762709,66.1,33.3,8.75,3.0,10.0
810,811,13700,1457882134,518,1457882135.0,41.14220067,-8.58751876,66.5,33.2,8.5,3.0,10.0
811,812,13700,1457882136,545,1457882137.0,41.14232374,-8.58741674,66.9,31.7,8.25,3.0,10.0
812,813,13700,1457882138,68,1457882139.0,41.14245011,-8.58731362,66.6,31.7,8.0,3.0,10.0
813,814,13700,1457882139,595,1457882140.0,41.14251179,-8.58726529,66.4,30.9,8.0,3.0,10.0
814,815,13700,1457882141,535,1457882142.0,41.14263191,-8.58715957,66.7,32.7,8.0,3.0,10.0
815,816,13700,1457882143,555,1457882144.0,41.14275,-8.58705549,67.3,33.5,8.0,4.0,10.0
816,817,13700,1457882145,510,1457882146.0,41.14286836,-8.58694902,67.0,35.6,8.0,3.0,10.0
817,818,13700,1457882147,63,1457882148.0,41.14297584,-8.58683088,66.5,41.4,7.75,3.0,10.0
818,819,13700,1457882148,626,1457882149.0,41.1430217,-8.58676523,66.2,44.1,7.75,3.0,10.0
819,820,13700,1457882150,522,1457882151.0,41.14310818,-8.58663022,65.6,47.6,7.75,3.0,10.0
820,821,13700,1457882152,150,1457882153.0,41.14319303,-8.58649098,65.0,51.6,7.75,4.0,10.0
821,822,13700,1457882153,83,1457882154.0,41.14323319,-8.5864188,64.5,54.4,7.75,4.0,10.0
822,823,13700,1457882154,73,1457882155.0,41.14327414,-8.58634132,64.4,55.4,8.0,4.0,10.0
823,824,13700,1457882155,601,1457882156.0,41.1433141,-8.58626328,64.4,58.0,8.0,4.0,10.0
824,825,13700,1457882157,535,1457882158.0,41.14339526,-8.58607649,64.3,61.4,8.75,3.0,10.0
825,826,13700,1457882159,541,1457882160.0,41.14346347,-8.58587527,65.0,65.9,9.25,4.0,10.0
826,827,13700,1457882160,982,1457882162.0,41.14351267,-8.58565543,64.8,72.1,9.75,3.0,10.0
827,828,13700,1457882162,165,1457882163.0,41.14353778,-8.5855334,66.7,74.5,9.75,3.0,10.0
828,829,13700,1457882164,583,1457882165.0,41.14358037,-8.58529783,65.3,78.9,10.0,4.0,10.0
829,830,13700,1457882166,526,1457882167.0,41.14359588,-8.58506126,65.1,85.1,10.0,3.0,10.0
830,831,13700,1457882168,541,1457882169.0,41.14359941,-8.58482459,65.1,90.8,10.0,3.0,10.0
831,832,13700,1457882170,63,1457882171.0,41.14358872,-8.5845933,64.7,94.1,9.75,3.0,10.0
832,833,13700,1457882171,395,1457882172.0,41.14358436,-8.58447778,64.4,92.6,9.75,3.0,10.0
833,834,13700,1457882173,535,1457882174.0,41.14358357,-8.58424348,64.2,89.4,9.5,4.0,10.0
834,835,13700,1457882175,11,1457882176.0,41.14359741,-8.58401251,64.7,85.5,9.25,4.0,10.0
835,836,13700,1457882176,18,1457882177.0,41.14360367,-8.58390087,64.6,84.7,9.25,3.0,10.0
836,837,13700,1457882177,565,1457882178.0,41.14361158,-8.58379227,64.7,84.1,9.25,3.0,10.0
837,838,13700,1457882179,63,1457882180.0,41.14363778,-8.58357074,64.9,82.9,9.0,3.0,10.0
838,839,13700,1457882180,571,1457882181.0,41.14364691,-8.58346016,64.9,82.9,9.0,3.0,10.0
839,840,13700,1457882182,535,1457882183.0,41.14366932,-8.58323962,65.3,83.0,9.0,3.0,10.0
840,841,13700,1457882183,995,1457882185.0,41.14369713,-8.58302826,66.0,82.4,8.75,3.0,10.0
841,842,13700,1457882184,993,1457882186.0,41.14370594,-8.58292382,66.2,82.4,8.5,3.0,10.0
842,843,13700,1457882185,989,1457882187.0,41.14371689,-8.5828245,66.4,82.5,8.25,3.0,10.0
843,844,13700,1457882186,998,1457882188.0,41.14372421,-8.58272939,67.1,82.9,8.25,3.0,10.0
844,845,13700,1457882188,21,1457882189.0,41.14373449,-8.58263391,67.2,82.4,8.0,3.0,10.0
845,846,13700,1457882189,3,1457882190.0,41.14374006,-8.58254706,67.2,82.8,7.75,3.0,10.0
846,847,13700,1457882190,42,1457882191.0,41.14374483,-8.58245357,67.4,84.9,7.75,3.0,10.0
847,848,13700,1457882190,992,1457882192.0,41.14375064,-8.58236467,67.2,86.6,7.75,3.0,10.0
848,849,13700,1457882192,52,1457882193.0,41.14375351,-8.58227803,67.9,89.3,8.0,3.0,9.0
849,850,13700,1457882193,62,1457882194.0,41.14375942,-8.58218158,67.3,90.3,7.75,3.0,9.0
850,851,13700,1457882194,53,1457882195.0,41.1437531,-8.58209498,67.0,92.8,7.75,3.0,10.0
851,852,13700,1457882195,51,1457882196.0,41.14375029,-8.58199953,67.1,93.3,7.75,3.0,10.0
852,853,13700,1457882196,59,1457882197.0,41.14374775,-8.58190853,67.1,93.4,7.25,3.0,9.0
853,854,13700,1457882196,998,1457882198.0,41.14374385,-8.5818223,67.1,93.4,7.25,5.0,9.0
854,855,13700,1457882198,527,1457882199.0,41.14373464,-8.58171941,67.5,95.2,7.75,3.0,8.0
855,856,13700,1457882200,50,1457882201.0,41.1437204,-8.58155117,67.7,99.0,7.5,5.0,9.0
856,857,13700,1457882201,532,1457882202.0,41.14371592,-8.58145663,68.1,96.7,7.75,5.0,10.0
857,858,13700,1457882203,549,1457882204.0,41.14370221,-8.58126868,67.7,96.2,7.5,4.0,11.0
858,859,13700,1457882205,600,1457882206.0,41.1436964,-8.58109207,66.6,92.2,7.25,5.0,11.0
859,860,13700,1457882207,33,1457882208.0,41.14370029,-8.58091491,66.7,91.5,7.0,4.0,11.0
860,861,13700,1457882208,34,1457882209.0,41.14372089,-8.58082448,66.1,88.4,7.0,4.0,9.0
861,862,13700,1457882208,998,1457882210.0,41.14372148,-8.58074119,66.6,91.3,7.0,3.0,7.0
862,863,13700,1457882210,519,1457882211.0,41.14372031,-8.58065546,67.4,85.6,7.0,3.0,8.0
863,864,13700,1457882212,35,1457882213.0,41.14373575,-8.58048437,67.8,81.2,7.0,3.0,7.0
864,865,13700,1457882213,41,1457882214.0,41.14374771,-8.58039493,68.0,79.2,7.25,3.0,7.0
865,866,13700,1457882214,37,1457882215.0,41.14376068,-8.58031781,67.5,76.6,7.25,3.0,7.0
866,867,13700,1457882214,994,1457882216.0,41.14377577,-8.5802341,67.4,76.6,7.25,4.0,7.0
867,868,13700,1457882216,20,1457882217.0,41.14378722,-8.58015878,67.1,73.0,7.25,3.0,7.0
868,869,13700,1457882217,59,1457882218.0,41.1438064,-8.58007979,66.9,70.7,7.0,3.0,6.0
869,870,13700,1457882217,999,1457882219.0,41.14382745,-8.58000018,66.8,70.7,7.0,4.0,6.0
870,871,13700,1457882218,990,1457882220.0,41.14385196,-8.5799326,66.4,67.4,6.75,4.0,9.0
871,872,13700,1457882220,81,1457882221.0,41.14388037,-8.57988951,65.9,64.9,6.25,4.0,7.0
872,873,13700,1457882221,8,1457882222.0,41.14390481,-8.5798354,65.4,62.8,6.0,3.0,10.0
873,874,13700,1457882222,537,1457882223.0,41.1439252,-8.57978525,65.9,61.0,5.0,3.0,10.0
874,875,13700,1457882224,576,1457882225.0,41.14394869,-8.57973427,65.4,57.8,2.25,3.0,10.0
875,876,13700,1457882226,518,1457882227.0,41.14396083,-8.57970989,65.7,55.5,1.75,3.0,10.0
876,877,13700,1457882228,529,1457882229.0,41.14397991,-8.57967146,66.2,57.8,2.5,3.0,9.0
877,878,13700,1457882230,83,1457882231.0,41.14400878,-8.57961227,66.4,57.2,3.5,3.0,9.0
878,879,13700,1457882231,50,1457882232.0,41.14402492,-8.57957869,66.0,53.5,3.25,3.0,9.0
879,880,13700,1457882232,28,1457882233.0,41.1440403,-8.57955246,66.0,55.7,3.0,3.0,9.0
880,881,13700,1457882233,55,1457882234.0,41.14405518,-8.57952697,65.8,55.3,3.0,3.0,8.0
881,882,13700,1457882234,73,1457882235.0,41.14406901,-8.57950098,65.9,56.5,3.0,3.0,9.0
882,883,13700,1457882235,47,1457882236.0,41.14408168,-8.57947419,66.4,56.2,3.0,3.0,8.0
883,884,13700,1457882236,56,1457882237.0,41.14409466,-8.57944447,66.7,56.0,3.0,3.0,9.0
884,885,13700,1457882237,68,1457882238.0,41.14410915,-8.57941161,66.4,56.4,3.25,3.0,10.0
885,886,13700,1457882238,74,1457882239.0,41.14412498,-8.57938011,66.4,56.4,3.25,5.0,10.0
886,887,13700,1457882239,1457882240,41.14414857,-8.57932569,66.9,56.9,4.25,4.0,10.0,
887,888,13700,1457882240,68,1457882241.0,41.14418227,-8.57925389,65.6,56.6,5.0,4.0,9.0
888,889,13700,1457882241,47,1457882242.0,41.14421324,-8.57919457,65.6,58.0,5.5,4.0,9.0
889,890,13700,1457882242,49,1457882243.0,41.14424751,-8.57915237,65.2,56.5,5.5,4.0,9.0
890,891,13700,1457882243,56,1457882244.0,41.14427509,-8.5790991,65.2,56.5,5.25,5.0,10.0
891,892,13700,1457882243,992,1457882245.0,41.14430086,-8.57904763,65.3,56.5,5.25,8.0,10.0
892,893,13700,1457882245,7,1457882246.0,41.14431083,-8.57896676,64.6,64.8,6.0,7.0,8.0
893,894,13700,1457882246,24,1457882247.0,41.14434376,-8.5789021,66.1,63.8,6.25,6.0,9.0
894,895,13700,1457882247,14,1457882248.0,41.14436812,-8.57883649,67.0,63.8,6.25,7.0,9.0
895,896,13700,1457882248,46,1457882249.0,41.14438771,-8.57877038,66.8,68.1,7.0,6.0,7.0
896,897,13700,1457882249,62,1457882250.0,41.14440968,-8.5787056,66.7,65.0,6.75,6.0,9.0
897,898,13700,1457882250,63,1457882251.0,41.14442138,-8.57862305,66.1,68.2,6.5,6.0,8.0
898,899,13700,1457882251,18,1457882252.0,41.14443882,-8.57854487,65.4,70.6,5.75,5.0,8.0
899,900,13700,1457882252,57,1457882253.0,41.14445914,-8.57848579,65.4,70.0,5.25,4.0,9.0
900,901,13700,1457882253,106,1457882254.0,41.14448099,-8.57842314,65.6,72.0,4.25,4.0,9.0
901,902,13700,1457882254,70,1457882255.0,41.14448932,-8.57838681,65.4,75.0,2.5,4.0,9.0
902,903,13700,1457882255,47,1457882256.0,41.14448165,-8.57838625,65.2,76.4,1.0,4.0,7.0
903,904,13700,1457882256,48,1457882257.0,41.14449402,-8.5783728,65.1,76.4,0.25,3.0,8.0
904,905,13700,1457882257,15,1457882258.0,41.1445056,-8.57836363,65.1,3.0,7.0,,
905,906,13700,1457882258,35,1457882259.0,41.14450897,-8.57836739,64.9,3.0,8.0,,
906,907,13700,1457882259,61,1457882260.0,41.14450953,-8.5783739,65.0,3.0,8.0,,
907,908,13700,1457882260,65,1457882261.0,41.14450909,-8.57837342,64.7,3.0,8.0,,
908,909,13700,1457882261,65,1457882262.0,41.14451151,-8.5783723,64.7,3.0,7.0,,
909,910,13700,1457882262,72,1457882263.0,41.14451179,-8.57837109,64.7,73.4,0.75,3.0,9.0
910,911,13700,1457882263,561,1457882264.0,41.14451571,-8.57834291,64.6,74.4,2.25,3.0,10.0
911,912,13700,1457882265,40,1457882266.0,41.14452461,-8.5782787,64.4,75.0,3.5,3.0,9.0
912,913,13700,1457882266,11,1457882267.0,41.1445327,-8.5782389,64.4,75.0,3.5,5.0,9.0
913,914,13700,1457882267,530,1457882268.0,41.14454785,-8.57820776,64.2,74.6,3.25,4.0,9.0
914,915,13700,1457882269,544,1457882270.0,41.14455802,-8.57813516,63.5,78.5,3.0,5.0,11.0
915,916,13700,1457882271,1,1457882272.0,41.14456611,-8.57806602,63.6,80.9,3.0,4.0,11.0
916,917,13700,1457882271,999,1457882273.0,41.14456888,-8.57802946,63.7,82.0,3.0,4.0,11.0
917,918,13700,1457882273,1457882274,41.14455822,-8.57790959,63.0,86.2,6.75,3.0,9.0,
918,919,13700,1457882274,521,1457882275.0,41.14456461,-8.57781838,62.5,81.5,8.0,3.0,9.0
919,920,13700,1457882276,30,1457882277.0,41.14461656,-8.57763048,60.8,71.0,8.75,4.0,12.0
920,921,13700,1457882277,574,1457882278.0,41.14468654,-8.57758084,59.6,45.1,8.25,4.0,11.0
921,922,13700,1457882279,612,1457882280.0,41.14485877,-8.57763822,60.7,334.1,9.0,3.0,11.0
922,923,13700,1457882281,562,1457882282.0,41.14499296,-8.57778562,61.0,318.5,9.75,3.0,11.0
923,924,13700,1457882283,523,1457882284.0,41.14513909,-8.57795177,60.7,320.1,10.75,3.0,11.0
924,925,13700,1457882285,564,1457882286.0,41.14528065,-8.5781235,60.4,318.8,10.75,3.0,11.0
925,926,13700,1457882287,60,1457882288.0,41.1454283,-8.57827606,59.7,318.7,10.5,3.0,12.0
926,927,13700,1457882288,596,1457882289.0,41.14549611,-8.5783578,59.7,318.3,10.25,3.0,11.0
927,928,13700,1457882290,530,1457882291.0,41.1455991,-8.57847844,60.1,319.0,6.75,4.0,11.0
928,929,13700,1457882292,167,1457882293.0,41.14564921,-8.5785336,60.3,319.0,3.25,3.0,12.0
929,930,13700,1457882294,19,1457882295.0,41.14568515,-8.57857603,60.1,319.4,2.75,4.0,12.0
930,931,13700,1457882295,240,1457882296.0,41.1457053,-8.57859571,60.6,320.1,2.75,3.0,12.0
931,932,13700,1457882297,555,1457882298.0,41.14574067,-8.57864023,60.5,320.1,2.75,4.0,12.0
932,933,13700,1457882299,563,1457882300.0,41.14577746,-8.57868023,60.7,320.5,2.5,3.0,12.0
933,934,13700,1457882301,109,1457882302.0,41.14579756,-8.57869929,60.6,321.1,1.5,4.0,12.0
934,935,13700,1457882302,649,1457882303.0,41.14580878,-8.57871094,60.6,321.7,1.5,4.0,12.0
935,936,13700,1457882304,621,1457882305.0,41.14583344,-8.57873317,60.9,324.5,1.5,3.0,12.0
936,937,13700,1457882306,557,1457882307.0,41.14586177,-8.57875622,59.9,328.6,1.75,3.0,12.0
937,938,13700,1457882308,38,1457882309.0,41.14589068,-8.57877874,60.1,330.4,1.75,5.0,12.0
938,939,13700,1457882309,565,1457882310.0,41.14590659,-8.5787903,60.3,333.5,1.75,4.0,12.0
939,940,13700,1457882311,561,1457882312.0,41.14593821,-8.57881045,61.0,338.2,1.75,3.0,12.0
940,941,13700,1457882313,546,1457882314.0,41.14600946,-8.57883768,61.9,344.8,4.5,4.0,12.0
941,942,13700,1457882315,615,1457882316.0,41.14615477,-8.57889494,61.7,336.2,7.0,4.0,12.0
942,943,13700,1457882317,114,1457882318.0,41.1462464,-8.5790277,62.2,306.1,7.5,3.0,11.0
943,944,13700,1457882318,622,1457882319.0,41.14626475,-8.57910833,61.9,289.7,7.75,3.0,12.0
944,945,13700,1457882320,46,1457882321.0,41.14627761,-8.57930038,61.7,278.0,8.25,3.0,12.0
945,946,13700,1457882321,34,1457882322.0,41.14630219,-8.57939377,61.0,288.0,8.25,4.0,12.0
946,947,13700,1457882322,566,1457882323.0,41.14634234,-8.57948999,61.4,297.9,8.75,3.0,12.0
947,948,13700,1457882324,574,1457882325.0,41.14645648,-8.57968809,61.6,309.6,10.5,4.0,11.0
948,949,13700,1457882326,72,1457882327.0,41.14659067,-8.57989103,63.0,311.0,11.5,4.0,11.0
949,950,13700,1457882327,604,1457882328.0,41.1466681,-8.57999386,63.7,315.6,11.75,4.0,11.0
950,951,13700,1457882329,8,1457882330.0,41.14685694,-8.58012943,65.5,335.2,12.0,4.0,10.0
951,952,13700,1457882330,13,1457882331.0,41.14696741,-8.58016025,66.6,347.3,12.0,3.0,10.0
952,953,13700,1457882331,38,1457882332.0,41.1470736,-8.58016126,64.2,358.9,12.0,3.0,9.0
953,954,13700,1457882332,222,1457882333.0,41.14718108,-8.58013454,66.4,9.3,12.0,3.0,9.0
954,955,13700,1457882334,567,1457882335.0,41.14738672,-8.58001934,68.8,24.9,12.25,3.0,11.0
955,956,13700,1457882336,608,1457882337.0,41.14758624,-8.57987736,70.6,28.6,12.5,3.0,11.0
956,957,13700,1457882338,89,1457882339.0,41.14777977,-8.57973063,72.7,29.3,12.5,3.0,11.0
957,958,13700,1457882339,613,1457882340.0,41.14787662,-8.57965667,73.4,29.6,12.5,3.0,11.0
958,959,13700,1457882341,563,1457882342.0,41.14807639,-8.5795033,74.4,30.0,13.0,3.0,12.0
959,960,13700,1457882343,558,1457882344.0,41.14829834,-8.57933002,75.7,30.0,14.5,3.0,12.0
960,961,13700,1457882345,141,1457882346.0,41.1485247,-8.57915723,76.7,28.4,14.5,3.0,12.0
961,962,13700,1457882346,654,1457882347.0,41.1486458,-8.57908824,77.3,25.3,14.5,3.0,12.0
962,963,13700,1457882348,38,1457882349.0,41.14889364,-8.57896145,78.5,21.3,14.5,4.0,12.0
963,964,13700,1457882349,107,1457882350.0,41.14902128,-8.57890725,79.0,19.4,14.75,3.0,12.0
964,965,13700,1457882350,575,1457882351.0,41.14915351,-8.57885516,79.5,17.1,15.25,3.0,11.0
965,966,13700,1457882352,152,1457882353.0,41.14943685,-8.57877604,81.1,11.4,16.0,4.0,11.0
966,967,13700,1457882353,668,1457882354.0,41.14958351,-8.57874576,82.1,8.4,16.25,3.0,11.0
967,968,13700,1457882355,20,1457882356.0,41.14986605,-8.57872366,84.1,2.6,15.5,3.0,10.0
968,969,13700,1457882356,22,1457882357.0,41.14999265,-8.57873083,84.5,359.6,14.5,3.0,10.0
969,970,13700,1457882357,139,1457882358.0,41.15011798,-8.57874134,75.6,356.3,14.0,3.0,11.0
970,971,13700,1457882359,564,1457882360.0,41.15037062,-8.57879154,83.9,351.0,14.25,3.0,11.0
971,972,13700,1457882361,25,1457882362.0,41.15062461,-8.57886815,87.9,345.9,14.5,4.0,11.0
972,973,13700,1457882362,558,1457882363.0,41.15074573,-8.57891749,89.2,343.0,14.5,3.0,12.0
973,974,13700,1457882364,573,1457882365.0,41.15099534,-8.57905897,91.2,335.1,15.25,3.0,12.0
974,975,13700,1457882366,118,1457882367.0,41.15128255,-8.57930441,93.5,326.1,19.75,3.0,12.0
975,976,13700,1457882367,641,1457882368.0,41.15144887,-8.57945127,95.0,326.1,22.0,3.0,12.0
976,977,13700,1457882369,591,1457882370.0,41.15180146,-8.5798259,98.0,320.6,25.75,3.0,12.0
977,978,13700,1457882371,570,1457882372.0,41.15217962,-8.58027982,101.5,317.6,28.75,3.0,12.0
978,979,13700,1457882373,635,1457882374.0,41.15257226,-8.58075645,104.6,317.1,30.0,3.0,12.0
979,980,13700,1457882375,83,1457882376.0,41.15299967,-8.58125592,108.5,319.0,31.75,3.0,12.0
980,981,13700,1457882376,618,1457882377.0,41.1532278,-8.58150509,111.0,320.6,32.75,3.0,12.0
981,982,13700,1457882378,555,1457882379.0,41.15372419,-8.58198647,115.1,324.8,34.5,3.0,12.0
982,983,13700,1457882380,50,1457882381.0,41.15428792,-8.58240479,119.4,332.4,36.0,3.0,12.0
983,984,13700,1457882381,184,1457882382.0,41.15458547,-8.58257191,99.9,336.1,35.5,3.0,12.0
984,985,13700,1457882382,119,1457882383.0,41.15488642,-8.58272189,111.8,339.3,35.75,3.0,12.0
985,986,13700,1457882383,655,1457882384.0,41.15519597,-8.58284952,118.6,342.0,36.25,3.0,12.0
986,987,13700,1457882385,21,1457882386.0,41.15581272,-8.58304142,125.4,348.1,35.0,4.0,12.0
987,988,13700,1457882386,62,1457882387.0,41.15611321,-8.58310088,118.5,351.0,34.0,4.0,12.0
988,989,13700,1457882387,27,1457882388.0,41.15640247,-8.58310513,124.5,357.3,32.25,4.0,12.0
989,990,13700,1457882388,16,1457882389.0,41.15669015,-8.58308719,128.3,1.9,31.75,3.0,10.0
990,991,13700,1457882389,16,1457882390.0,41.15697121,-8.58304395,130.6,5.3,31.25,3.0,10.0
991,992,13700,1457882390,85,1457882391.0,41.1572441,-8.58299014,132.6,8.3,30.5,3.0,10.0
992,993,13700,1457882391,7,1457882392.0,41.1575103,-8.58291867,134.3,11.0,30.0,3.0,11.0
993,994,13700,1457882392,27,1457882393.0,41.15776698,-8.58283191,136.0,13.3,29.75,3.0,11.0
994,995,13700,1457882393,18,1457882394.0,41.15802687,-8.5827407,137.2,15.4,29.5,3.0,11.0
995,996,13700,1457882394,8,1457882395.0,41.15827813,-8.58263501,138.0,17.3,29.25,3.0,11.0
996,997,13700,1457882395,13,1457882396.0,41.15852558,-8.58253025,132.7,17.8,28.75,3.0,11.0
997,998,13700,1457882396,41,1457882397.0,41.15876657,-8.5824307,136.1,17.8,28.5,3.0,11.0
998,999,13700,1457882397,42,1457882398.0,41.15900953,-8.58232848,138.2,17.7,28.25,3.0,11.0
999,1000,13700,1457882398,16,1457882399.0,41.15924722,-8.58222586,139.2,17.7,28.0,3.0,11.0
1000,1001,13700,1457882399,17,1457882400.0,41.15948756,-8.58212621,140.0,17.7,27.75,3.0,11.0
1001,1002,13700,1457882400,42,1457882401.0,41.1597283,-8.5820312,140.3,17.4,27.75,3.0,11.0
1002,1003,13700,1457882401,8,1457882402.0,41.15996548,-8.58193349,140.8,17.2,27.75,3.0,11.0
1003,1004,13700,1457882402,19,1457882403.0,41.16020094,-8.58183453,140.9,17.0,27.75,3.0,11.0
1004,1005,13700,1457882403,15,1457882404.0,41.16044238,-8.58174079,141.5,16.9,27.75,3.0,11.0
1005,1006,13700,1457882404,12,1457882405.0,41.16067997,-8.58164505,142.0,16.9,27.75,3.0,11.0
1006,1007,13700,1457882405,24,1457882406.0,41.16092122,-8.5815507,142.6,17.0,27.5,3.0,11.0
1007,1008,13700,1457882406,16,1457882407.0,41.16115998,-8.58145482,143.5,17.4,27.5,3.0,11.0
1008,1009,13700,1457882407,29,1457882408.0,41.16139882,-8.5813553,144.3,17.2,27.25,3.0,11.0
1009,1010,13700,1457882408,17,1457882409.0,41.16163373,-8.5812596,145.3,17.1,27.0,3.0,11.0
1010,1011,13700,1457882409,9,1457882410.0,41.16186418,-8.5811747,140.0,16.0,26.75,3.0,10.0
1011,1012,13700,1457882410,59,1457882411.0,41.16209604,-8.58111114,144.0,12.4,26.25,3.0,10.0
1012,1013,13700,1457882411,11,1457882412.0,41.16233145,-8.58107605,146.5,7.1,26.0,4.0,9.0
1013,1014,13700,1457882412,25,1457882413.0,41.16255883,-8.58106763,148.6,2.0,25.75,3.0,9.0
1014,1015,13700,1457882413,17,1457882414.0,41.16277902,-8.58109222,150.3,356.4,25.25,3.0,8.0
1015,1016,13700,1457882414,22,1457882415.0,41.16300178,-8.58114254,151.7,351.1,25.25,3.0,10.0
1016,1017,13700,1457882415,11,1457882416.0,41.16321702,-8.58121823,153.4,346.0,25.0,3.0,12.0
1017,1018,13700,1457882416,32,1457882417.0,41.163425,-8.58130864,154.9,341.6,24.75,3.0,11.0
1018,1019,13700,1457882417,16,1457882418.0,41.16362549,-8.5814173,156.6,338.2,24.25,3.0,10.0
1019,1020,13700,1457882418,17,1457882419.0,41.16382203,-8.58151692,158.9,337.2,24.25,4.0,12.0
1020,1021,13700,1457882419,537,1457882420.0,41.16402162,-8.58163487,159.3,336.5,23.75,4.0,12.0
1021,1022,13700,1457882421,615,1457882422.0,41.16439851,-8.58186433,163.2,336.4,22.75,3.0,12.0
1022,1023,13700,1457882423,556,1457882424.0,41.16477148,-8.58207842,166.6,336.1,22.5,3.0,12.0
1023,1024,13700,1457882425,566,1457882426.0,41.16513787,-8.58229162,169.7,336.3,22.25,3.0,12.0
1024,1025,13700,1457882427,10,1457882428.0,41.16550129,-8.58252595,173.0,332.8,22.5,3.0,12.0
1025,1026,13700,1457882428,34,1457882429.0,41.16567509,-8.58265953,174.4,328.9,22.0,3.0,11.0
1026,1027,13700,1457882429,40,1457882430.0,41.16583355,-8.58279367,176.0,325.5,21.0,3.0,10.0
1027,1028,13700,1457882430,83,1457882431.0,41.16598915,-8.58294653,160.5,322.4,21.25,3.0,9.0
1028,1029,13700,1457882431,35,1457882432.0,41.16613465,-8.58311178,161.9,317.8,21.0,3.0,11.0
1029,1030,13700,1457882432,80,1457882433.0,41.16626521,-8.58329114,162.6,312.2,21.0,3.0,9.0
1030,1031,13700,1457882433,76,1457882434.0,41.16638821,-8.58348034,163.2,306.6,21.0,3.0,8.0
1031,1032,13700,1457882434,72,1457882435.0,41.16649793,-8.58369428,163.8,301.8,21.75,3.0,9.0
1032,1033,13700,1457882435,70,1457882436.0,41.16658141,-8.58392037,164.3,294.9,21.0,3.0,9.0
1033,1034,13700,1457882436,40,1457882437.0,41.16664948,-8.58415454,164.9,289.4,20.75,3.0,10.0
1034,1035,13700,1457882437,67,1457882438.0,41.16670054,-8.58439091,165.0,284.6,20.75,3.0,8.0
1035,1036,13700,1457882438,20,1457882439.0,41.16673185,-8.58462338,165.4,279.9,20.75,3.0,8.0
1036,1037,13700,1457882439,11,1457882440.0,41.16676388,-8.58486602,165.9,279.9,20.75,5.0,8.0
1037,1038,13700,1457882440,27,1457882441.0,41.16677243,-8.58510931,165.8,274.4,20.5,3.0,8.0
1038,1039,13700,1457882441,35,1457882442.0,41.16678763,-8.58535545,166.2,274.5,20.25,3.0,7.0
1039,1040,13700,1457882442,58,1457882443.0,41.16680482,-8.58559151,166.2,276.2,20.25,3.0,8.0
1040,1041,13700,1457882443,20,1457882444.0,41.16682465,-8.58583123,166.4,276.2,20.25,5.0,8.0
1041,1042,13700,1457882444,67,1457882445.0,41.16687129,-8.58606548,167.9,284.5,20.0,3.0,7.0
1042,1043,13700,1457882445,90,1457882446.0,41.16692633,-8.58628804,168.3,290.1,19.75,3.0,8.0
1043,1044,13700,1457882446,72,1457882447.0,41.1669981,-8.5864983,168.6,294.8,20.0,3.0,7.0
1044,1045,13700,1457882447,20,1457882448.0,41.16708633,-8.5866983,167.5,299.8,19.25,3.0,6.0
1045,1046,13700,1457882448,12,1457882449.0,41.16717289,-8.58689795,168.0,299.8,19.25,5.0,6.0
1046,1047,13700,1457882449,15,1457882450.0,41.16729164,-8.5870704,166.5,305.9,19.0,5.0,8.0
1047,1048,13700,1457882450,73,1457882451.0,41.16740538,-8.58715918,176.3,317.9,17.25,3.0,9.0
1048,1049,13700,1457882451,12,1457882452.0,41.16752266,-8.5872801,181.6,327.5,16.0,3.0,6.0
1049,1050,13700,1457882452,14,1457882453.0,41.16765426,-8.58737378,183.8,334.6,14.75,3.0,7.0
1050,1051,13700,1457882453,544,1457882454.0,41.16776179,-8.58743095,187.0,341.3,13.5,3.0,8.0
1051,1052,13700,1457882455,31,1457882456.0,41.16797476,-8.58748157,189.6,353.1,10.75,3.0,7.0
1052,1053,13700,1457882456,52,1457882457.0,41.16806349,-8.58749021,190.0,355.9,9.5,3.0,7.0
1053,1054,13700,1457882457,60,1457882458.0,41.16813178,-8.58749121,175.6,359.0,7.75,4.0,8.0
1054,1055,13700,1457882458,136,1457882459.0,41.1681908,-8.58748189,174.3,3.1,5.5,4.0,8.0
1055,1056,13700,1457882459,25,1457882460.0,41.16822772,-8.58747005,173.9,8.7,3.5,4.0,8.0
1056,1057,13700,1457882460,71,1457882461.0,41.16824404,-8.58746148,172.8,7.5,2.25,5.0,8.0
1057,1058,13700,1457882461,38,1457882462.0,41.16826856,-8.58746192,173.1,9.6,3.25,5.0,7.0
1058,1059,13700,1457882462,14,1457882463.0,41.16830409,-8.58745135,173.3,8.1,5.0,5.0,8.0
1059,1060,13700,1457882463,542,1457882464.0,41.16836221,-8.58744334,173.5,14.5,6.75,5.0,9.0
1060,1061,13700,1457882465,74,1457882466.0,41.16849279,-8.58738453,173.5,16.2,9.25,5.0,7.0
1061,1062,13700,1457882466,69,1457882467.0,41.16858301,-8.58735096,174.3,19.4,10.75,4.0,9.0
1062,1063,13700,1457882467,70,1457882468.0,41.16868242,-8.58731829,174.8,19.3,11.5,4.0,9.0
1063,1064,13700,1457882468,69,1457882469.0,41.16878128,-8.58726727,175.0,20.1,12.5,4.0,9.0
1064,1065,13700,1457882469,45,1457882470.0,41.16889811,-8.58722776,175.5,20.5,13.25,4.0,9.0
1065,1066,13700,1457882470,77,1457882471.0,41.16901532,-8.58718067,175.6,17.6,13.25,4.0,8.0
1066,1067,13700,1457882471,64,1457882472.0,41.16913453,-8.58714107,178.4,16.2,13.0,3.0,8.0
1067,1068,13700,1457882472,64,1457882473.0,41.16925176,-8.58709453,179.8,17.1,12.75,3.0,8.0
1068,1069,13700,1457882473,64,1457882474.0,41.16935855,-8.58704786,179.2,20.1,12.75,3.0,8.0
1069,1070,13700,1457882474,71,1457882475.0,41.16946383,-8.58699508,179.0,20.8,12.25,3.0,9.0
1070,1071,13700,1457882475,78,1457882476.0,41.16957535,-8.58694698,179.8,20.4,12.0,3.0,9.0
1071,1072,13700,1457882476,26,1457882477.0,41.16967325,-8.58690191,179.8,20.5,12.0,3.0,7.0
1072,1073,13700,1457882477,62,1457882478.0,41.16976512,-8.58685018,180.1,22.8,11.75,3.0,7.0
1073,1074,13700,1457882478,51,1457882479.0,41.16986361,-8.5867955,180.1,22.8,11.75,4.0,7.0
1074,1075,13700,1457882479,43,1457882480.0,41.16996373,-8.58674667,180.9,22.3,11.75,3.0,8.0
1075,1076,13700,1457882480,62,1457882481.0,41.17006748,-8.58670039,181.9,20.6,11.75,3.0,7.0
1076,1077,13700,1457882481,9,1457882482.0,41.17016611,-8.58665123,182.1,20.6,11.75,4.0,7.0
1077,1078,13700,1457882482,28,1457882483.0,41.17024165,-8.58660969,181.5,21.4,10.0,3.0,8.0
1078,1079,13700,1457882483,559,1457882484.0,41.17032777,-8.58656523,181.8,21.7,10.25,3.0,8.0
1079,1080,13700,1457882485,70,1457882486.0,41.17050613,-8.58645807,178.3,20.9,11.75,3.0,8.0
1080,1081,13700,1457882486,74,1457882487.0,41.17061104,-8.58640945,178.1,20.6,12.25,3.0,9.0
1081,1082,13700,1457882487,82,1457882488.0,41.17071781,-8.58636325,177.6,19.6,13.0,3.0,9.0
1082,1083,13700,1457882488,82,1457882489.0,41.1708279,-8.58630828,177.9,21.3,13.25,3.0,9.0
1083,1084,13700,1457882489,58,1457882490.0,41.1709391,-8.58625618,177.1,21.0,13.25,3.0,8.0
1084,1085,13700,1457882490,578,1457882491.0,41.17105281,-8.58619609,177.9,22.2,13.5,3.0,10.0
1085,1086,13700,1457882492,84,1457882493.0,41.17127951,-8.58609287,177.8,20.8,13.0,3.0,11.0
1086,1087,13700,1457882493,81,1457882494.0,41.17138549,-8.58603684,178.1,20.9,12.25,3.0,10.0
1087,1088,13700,1457882494,69,1457882495.0,41.17148239,-8.58598513,178.5,20.6,10.5,3.0,8.0
1088,1089,13700,1457882495,66,1457882496.0,41.17155481,-8.585948,177.9,20.4,8.0,3.0,9.0
1089,1090,13700,1457882496,73,1457882497.0,41.17161154,-8.58591526,178.7,20.2,5.75,3.0,9.0
1090,1091,13700,1457882497,62,1457882498.0,41.17165155,-8.58589598,178.9,21.3,4.0,3.0,8.0
1091,1092,13700,1457882498,28,1457882499.0,41.17167502,-8.58588962,179.0,20.9,2.25,3.0,8.0
1092,1093,13700,1457882499,553,1457882500.0,41.17168928,-8.58588204,179.8,21.5,1.5,3.0,9.0
1093,1094,13700,1457882501,80,1457882502.0,41.17169903,-8.58587408,180.0,3.0,9.0,,
1094,1095,13700,1457882502,136,1457882503.0,41.17170376,-8.58587392,180.2,3.0,9.0,,
1095,1096,13700,1457882503,130,1457882504.0,41.17170403,-8.58587506,180.4,3.0,10.0,,
1096,1097,13700,1457882504,126,1457882505.0,41.17170451,-8.58587967,179.2,3.0,10.0,,
1097,1098,13700,1457882505,76,1457882506.0,41.17170634,-8.58587976,178.2,3.0,10.0,,
1098,1099,13700,1457882506,603,1457882507.0,41.17170624,-8.58588026,177.4,3.0,10.0,,
1099,1100,13700,1457882508,80,1457882509.0,41.17170767,-8.58587903,177.1,27.9,1.0,3.0,9.0
1100,1101,13700,1457882509,73,1457882510.0,41.17173621,-8.585868,177.0,19.3,3.25,3.0,10.0
1101,1102,13700,1457882510,66,1457882511.0,41.17176671,-8.58585517,177.2,22.0,4.75,3.0,9.0
1102,1103,13700,1457882511,81,1457882512.0,41.17181979,-8.58583505,178.3,21.0,5.25,3.0,9.0
1103,1104,13700,1457882512,68,1457882513.0,41.17187073,-8.58580578,178.7,21.7,6.25,3.0,9.0
1104,1105,13700,1457882513,63,1457882514.0,41.17193066,-8.58577382,179.1,22.3,7.5,3.0,7.0
1105,1106,13700,1457882514,73,1457882515.0,41.17200348,-8.5857375,178.7,21.9,9.0,3.0,8.0
1106,1107,13700,1457882515,80,1457882516.0,41.17207707,-8.58570774,176.2,21.1,9.5,3.0,10.0
1107,1108,13700,1457882516,60,1457882517.0,41.1721584,-8.58566119,176.1,23.0,10.25,3.0,8.0
1108,1109,13700,1457882517,67,1457882518.0,41.17224747,-8.58561397,175.1,19.7,11.5,4.0,9.0
1109,1110,13700,1457882518,71,1457882519.0,41.17235004,-8.58555762,175.1,20.4,12.25,4.0,10.0
1110,1111,13700,1457882519,101,1457882520.0,41.17244956,-8.58550499,175.0,20.3,12.5,4.0,10.0
1111,1112,13700,1457882520,74,1457882521.0,41.17256473,-8.58544697,176.3,20.2,13.25,3.0,9.0
1112,1113,13700,1457882521,35,1457882522.0,41.17268359,-8.58539012,176.7,20.8,13.25,3.0,6.0
1113,1114,13700,1457882522,562,1457882523.0,41.17280564,-8.58535139,177.0,20.2,13.25,3.0,10.0
1114,1115,13700,1457882524,40,1457882525.0,41.17302722,-8.58524258,176.7,21.2,12.75,3.0,8.0
1115,1116,13700,1457882525,23,1457882526.0,41.17313397,-8.58518777,176.8,21.2,12.75,5.0,8.0
1116,1117,13700,1457882526,538,1457882527.0,41.17323897,-8.58513344,177.4,21.1,12.75,3.0,11.0
1117,1118,13700,1457882528,579,1457882529.0,41.17345417,-8.58503157,176.4,17.9,12.25,3.0,9.0
1118,1119,13700,1457882530,84,1457882531.0,41.17365574,-8.58494296,176.9,17.6,11.75,4.0,10.0
1119,1120,13700,1457882531,16,1457882532.0,41.17372018,-8.58488365,176.7,24.7,10.0,4.0,8.0
1120,1121,13700,1457882532,27,1457882533.0,41.17380113,-8.58483442,176.9,24.7,10.0,6.0,8.0
1121,1122,13700,1457882533,71,1457882534.0,41.17383848,-8.5848008,176.6,18.8,6.5,4.0,10.0
1122,1123,13700,1457882534,63,1457882535.0,41.17387021,-8.58477508,176.7,20.4,3.75,4.0,8.0
1123,1124,13700,1457882535,70,1457882536.0,41.17389137,-8.5847588,176.7,17.9,2.5,4.0,8.0
1124,1125,13700,1457882536,34,1457882537.0,41.1739032,-8.58474644,177.1,23.7,1.25,4.0,7.0
1125,1126,13700,1457882537,563,1457882538.0,41.17391034,-8.58474049,177.8,23.7,0.5,4.0,9.0
1126,1127,13700,1457882539,30,1457882540.0,41.17392092,-8.58474514,177.8,23.7,0.25,4.0,9.0
1127,1128,13700,1457882540,555,1457882541.0,41.17392204,-8.58473842,182.3,5.0,12.0,,
1128,1129,13700,1457882542,683,1457882543.0,41.17392127,-8.58474102,189.6,4.0,12.0,,
1129,1130,13700,1457882544,613,1457882545.0,41.17396702,-8.58473706,193.5,5.0,3.75,4.0,12.0
1130,1131,13700,1457882546,568,1457882547.0,41.17406268,-8.58469591,193.5,21.6,5.75,3.0,10.0
1131,1132,13700,1457882548,83,1457882549.0,41.17414985,-8.58465296,195.6,19.7,2.75,3.0,8.0
1132,1133,13700,1457882549,75,1457882550.0,41.17417006,-8.58464583,197.4,19.2,1.5,3.0,8.0
1133,1134,13700,1457882550,51,1457882551.0,41.17418564,-8.58463949,197.7,24.0,1.0,3.0,7.0
1134,1135,13700,1457882551,62,1457882552.0,41.17418964,-8.58464582,198.8,24.0,0.75,3.0,7.0
1135,1136,13700,1457882552,31,1457882553.0,41.17419733,-8.58464897,198.9,24.0,0.25,3.0,7.0
1136,1137,13700,1457882553,69,1457882554.0,41.17420018,-8.58464562,198.6,24.0,0.75,3.0,9.0
1137,1138,13700,1457882554,58,1457882555.0,41.17420828,-8.58464439,198.0,24.0,0.5,3.0,7.0
1138,1139,13700,1457882555,55,1457882556.0,41.17421631,-8.58464584,198.1,3.0,7.0,,
1139,1140,13700,1457882556,82,1457882557.0,41.17422831,-8.5846463,198.9,3.0,8.0,,
1140,1141,13700,1457882557,67,1457882558.0,41.17422952,-8.58464433,198.3,3.0,7.0,,
1141,1142,13700,1457882558,75,1457882559.0,41.17423034,-8.58464474,198.6,3.0,8.0,,
1142,1143,13700,1457882559,84,1457882560.0,41.17423044,-8.58464006,198.5,3.0,8.0,,
1143,1144,13700,1457882560,73,1457882561.0,41.17423159,-8.58463535,198.5,3.0,9.0,,
1144,1145,13700,1457882561,39,1457882562.0,41.17423251,-8.58463618,198.4,3.0,7.0,,
1145,1146,13700,1457882562,52,1457882563.0,41.17423428,-8.58463873,198.8,3.0,8.0,,
1146,1147,13700,1457882563,66,1457882564.0,41.17423506,-8.58463745,198.8,3.0,7.0,,
1147,1148,13700,1457882564,73,1457882565.0,41.17423477,-8.58463707,198.9,3.0,7.0,,
1148,1149,13700,1457882565,23,1457882566.0,41.17423477,-8.58463707,198.9,4.0,7.0,,
1149,1150,13700,1457882566,55,1457882567.0,41.17423608,-8.58463621,199.0,3.0,7.0,,
1150,1151,13700,1457882567,24,1457882568.0,41.17423608,-8.58463621,199.0,4.0,7.0,,
1151,1152,13700,1457882568,27,1457882569.0,41.17423607,-8.58463597,199.0,3.0,6.0,,
1152,1153,13700,1457882569,55,1457882570.0,41.17423613,-8.58463599,199.0,3.0,7.0,,
1153,1154,13700,1457882570,63,1457882571.0,41.17423613,-8.58463598,199.0,3.0,6.0,,
1154,1155,13700,1457882571,72,1457882572.0,41.17423619,-8.58463595,199.0,3.0,8.0,,
1155,1156,13700,1457882572,78,1457882573.0,41.17423619,-8.58463589,199.0,3.0,8.0,,
1156,1157,13700,1457882573,112,1457882574.0,41.17423615,-8.58463589,199.0,3.0,7.0,,
1157,1158,13700,1457882574,63,1457882575.0,41.17423753,-8.5846351,199.1,23.2,1.25,3.0,8.0
1158,1159,13700,1457882575,80,1457882576.0,41.17425001,-8.58462636,199.5,33.8,1.5,3.0,8.0
1159,1160,13700,1457882576,33,1457882577.0,41.17426208,-8.58461568,199.5,33.8,1.5,5.0,8.0
1160,1161,13700,1457882577,16,1457882578.0,41.17427725,-8.58460486,200.2,30.6,1.75,5.0,9.0
1161,1162,13700,1457882578,545,1457882579.0,41.17429538,-8.5846,200.0,23.7,1.75,4.0,9.0
1162,1163,13700,1457882580,578,1457882581.0,41.1743493,-8.58459441,200.6,2.5,2.75,3.0,11.0
1163,1164,13700,1457882582,23,1457882583.0,41.17443807,-8.58471472,199.4,293.3,4.75,4.0,11.0
1164,1165,13700,1457882583,609,1457882584.0,41.1744409,-8.58476466,198.8,290.9,3.75,3.0,10.0
1165,1166,13700,1457882585,61,1457882586.0,41.17447943,-8.58483902,197.4,291.0,3.75,3.0,9.0
1166,1167,13700,1457882586,75,1457882587.0,41.17449251,-8.58488867,197.9,290.4,4.5,3.0,8.0
1167,1168,13700,1457882587,82,1457882588.0,41.17450094,-8.58494725,197.6,285.5,5.0,3.0,8.0
1168,1169,13700,1457882588,61,1457882589.0,41.17451696,-8.58500534,197.3,289.2,5.25,3.0,7.0
1169,1170,13700,1457882589,32,1457882590.0,41.17453279,-8.58506537,197.1,289.2,5.25,5.0,7.0
1170,1171,13700,1457882590,57,1457882591.0,41.17453752,-8.585119,197.7,291.6,6.0,3.0,6.0
1171,1172,13700,1457882591,21,1457882592.0,41.17455769,-8.58518625,197.3,291.6,6.0,5.0,6.0
1172,1173,13700,1457882592,74,1457882593.0,41.17458812,-8.58526324,196.2,292.5,7.0,3.0,8.0
1173,1174,13700,1457882593,28,1457882594.0,41.17461358,-8.5853459,195.2,294.3,7.0,3.0,8.0
1174,1175,13700,1457882594,42,1457882595.0,41.17463408,-8.58541707,194.4,291.7,6.5,3.0,7.0
1175,1176,13700,1457882595,42,1457882596.0,41.17465908,-8.58548008,194.5,289.6,5.75,3.0,6.0
1176,1177,13700,1457882596,66,1457882597.0,41.17467653,-8.58554495,194.3,289.6,5.75,5.0,6.0
1177,1178,13700,1457882597,28,1457882598.0,41.17468724,-8.58558604,195.5,293.7,5.75,3.0,8.0
1178,1179,13700,1457882598,54,1457882599.0,41.17470489,-8.58565084,198.1,290.9,5.5,3.0,8.0
1179,1180,13700,1457882599,28,1457882600.0,41.17472239,-8.58571142,197.7,290.9,5.5,4.0,8.0
1180,1181,13700,1457882600,67,1457882601.0,41.17474052,-8.58578129,197.4,289.8,5.75,3.0,7.0
1181,1182,13700,1457882601,22,1457882602.0,41.17475494,-8.58584068,196.8,290.8,5.25,3.0,7.0
1182,1183,13700,1457882602,553,1457882603.0,41.17477031,-8.5859044,196.5,289.4,5.25,3.0,6.0
1183,1184,13700,1457882604,66,1457882605.0,41.17480167,-8.58602066,196.5,289.0,5.0,3.0,7.0
1184,1185,13700,1457882605,70,1457882606.0,41.17481815,-8.58607293,196.6,287.4,4.5,3.0,8.0
1185,1186,13700,1457882606,49,1457882607.0,41.17483379,-8.58613072,197.5,291.1,4.0,3.0,8.0
1186,1187,13700,1457882607,19,1457882608.0,41.17484708,-8.58617634,197.3,291.1,4.0,4.0,8.0
1187,1188,13700,1457882608,25,1457882609.0,41.17485152,-8.58621424,198.5,292.6,3.75,4.0,9.0
1188,1189,13700,1457882609,22,1457882610.0,41.17486431,-8.58625483,198.9,292.6,3.75,5.0,9.0
1189,1190,13700,1457882610,42,1457882611.0,41.17486771,-8.58627318,198.6,288.3,2.5,4.0,9.0
1190,1191,13700,1457882611,26,1457882612.0,41.17487446,-8.58630025,199.1,288.3,2.5,5.0,9.0
1191,1192,13700,1457882612,130,1457882613.0,41.17487565,-8.58632873,199.2,289.5,2.0,5.0,8.0
1192,1193,13700,1457882613,82,1457882614.0,41.17488018,-8.58635075,199.2,296.2,2.0,5.0,9.0
1193,1194,13700,1457882614,37,1457882615.0,41.1748879,-8.58637154,199.1,296.2,2.0,7.0,9.0
1194,1195,13700,1457882615,55,1457882616.0,41.17492419,-8.58639503,198.0,329.0,3.0,5.0,7.0
1195,1196,13700,1457882616,110,1457882617.0,41.1749552,-8.58641882,195.9,327.1,3.25,5.0,8.0
1196,1197,13700,1457882617,27,1457882618.0,41.17499468,-8.5864422,194.6,332.4,4.25,5.0,9.0
1197,1198,13700,1457882618,756,1457882619.0,41.17503404,-8.58646233,193.9,334.9,4.25,5.0,9.0
1198,1199,13700,1457882620,597,1457882621.0,41.1751301,-8.58646884,194.0,351.2,4.75,7.0,10.0
1199,1200,13700,1457882622,127,1457882623.0,41.17539711,-8.5862309,194.4,23.1,10.0,7.0,10.0
1200,1201,13700,1457882623,626,1457882624.0,41.17549113,-8.58616595,194.5,23.6,9.75,7.0,10.0
1201,1202,13700,1457882625,568,1457882626.0,41.17564007,-8.58603753,192.2,23.5,8.75,6.0,11.0
1202,1203,13700,1457882627,577,1457882628.0,41.17579088,-8.58600512,190.8,10.1,7.5,6.0,11.0
1203,1204,13700,1457882629,603,1457882630.0,41.17591724,-8.58607081,190.5,345.1,7.25,6.0,11.0
1204,1205,13700,1457882631,26,1457882632.0,41.17596471,-8.58645032,188.9,290.8,12.5,4.0,10.0
1205,1206,13700,1457882632,61,1457882633.0,41.17604246,-8.58662797,188.9,288.1,14.0,3.0,9.0
1206,1207,13700,1457882633,50,1457882634.0,41.17606592,-8.58677566,188.9,287.4,14.75,3.0,6.0
1207,1208,13700,1457882634,26,1457882635.0,41.17610532,-8.586942,187.9,287.4,14.75,4.0,6.0
1208,1209,13700,1457882635,73,1457882636.0,41.17613546,-8.58711508,188.1,287.9,15.0,3.0,6.0
1209,1210,13700,1457882636,34,1457882637.0,41.17617695,-8.58728464,187.5,287.9,15.0,4.0,6.0
1210,1211,13700,1457882637,22,1457882638.0,41.17621019,-8.58742212,186.1,290.7,12.25,3.0,8.0
1211,1212,13700,1457882638,82,1457882639.0,41.17625213,-8.58754225,188.1,293.8,9.5,3.0,9.0
1212,1213,13700,1457882639,93,1457882640.0,41.17627831,-8.58763798,188.3,294.2,7.75,4.0,8.0
1213,1214,13700,1457882640,61,1457882641.0,41.17630705,-8.58769541,188.6,297.6,6.0,4.0,8.0
1214,1215,13700,1457882641,589,1457882642.0,41.17633269,-8.58775855,188.4,302.4,5.25,4.0,8.0
1215,1216,13700,1457882643,68,1457882644.0,41.17637622,-8.58779219,187.5,334.8,3.5,3.0,8.0
1216,1217,13700,1457882644,83,1457882645.0,41.1763908,-8.58777844,186.5,348.3,5.0,3.0,8.0
1217,1218,13700,1457882645,74,1457882646.0,41.1764538,-8.58778637,187.4,353.7,7.25,3.0,8.0
1218,1219,13700,1457882646,40,1457882647.0,41.17651783,-8.58779567,187.1,353.7,7.25,5.0,8.0
1219,1220,13700,1457882647,562,1457882648.0,41.17660177,-8.58781462,187.4,347.6,9.5,3.0,8.0
1220,1221,13700,1457882649,74,1457882650.0,41.1768113,-8.58786059,187.8,349.9,12.75,3.0,8.0
1221,1222,13700,1457882650,106,1457882651.0,41.17693289,-8.58788261,188.3,350.6,13.5,3.0,8.0
1222,1223,13700,1457882651,86,1457882652.0,41.17705145,-8.58790974,188.8,350.7,13.25,3.0,8.0
1223,1224,13700,1457882652,49,1457882653.0,41.17717014,-8.58793555,188.4,350.7,13.25,4.0,8.0
1224,1225,13700,1457882653,82,1457882654.0,41.17726046,-8.58794358,187.9,350.6,11.5,4.0,8.0
1225,1226,13700,1457882654,147,1457882655.0,41.17734729,-8.58797159,187.8,350.1,10.0,4.0,8.0
1226,1227,13700,1457882655,609,1457882656.0,41.17742144,-8.58797987,187.6,355.4,8.25,4.0,10.0
1227,1228,13700,1457882657,562,1457882658.0,41.17752144,-8.58805494,186.2,315.0,6.5,4.0,11.0
1228,1229,13700,1457882659,73,1457882660.0,41.17753105,-8.58824777,185.3,260.9,8.75,3.0,9.0
1229,1230,13700,1457882660,84,1457882661.0,41.17752407,-8.58836854,185.0,261.9,10.25,3.0,9.0
1230,1231,13700,1457882661,101,1457882662.0,41.17751531,-8.58851096,186.2,262.9,11.5,3.0,8.0
1231,1232,13700,1457882662,102,1457882663.0,41.17750467,-8.58866206,186.0,263.3,13.75,3.0,9.0
1232,1233,13700,1457882663,170,1457882664.0,41.17748841,-8.58883199,186.1,264.0,13.75,3.0,8.0
1233,1234,13700,1457882664,61,1457882665.0,41.17747165,-8.58901014,186.2,259.4,14.5,3.0,7.0
1234,1235,13700,1457882665,125,1457882666.0,41.1774476,-8.58917818,186.3,261.1,15.0,3.0,8.0
1235,1236,13700,1457882666,78,1457882667.0,41.17743604,-8.58936719,186.3,262.5,15.0,3.0,8.0
1236,1237,13700,1457882667,90,1457882668.0,41.17741752,-8.5895437,186.4,261.8,15.25,3.0,7.0
1237,1238,13700,1457882668,37,1457882669.0,41.17739806,-8.58972311,186.1,261.8,15.25,5.0,7.0
1238,1239,13700,1457882669,76,1457882670.0,41.17736043,-8.58989973,185.1,262.0,14.75,3.0,9.0
1239,1240,13700,1457882670,105,1457882671.0,41.177341,-8.59006616,185.1,262.3,14.25,4.0,8.0
1240,1241,13700,1457882671,88,1457882672.0,41.17732082,-8.5902272,184.5,263.4,14.0,3.0,10.0
1241,1242,13700,1457882672,107,1457882673.0,41.17731227,-8.59039292,184.2,262.6,14.0,3.0,10.0
1242,1243,13700,1457882673,93,1457882674.0,41.17729764,-8.59055073,184.6,262.5,13.5,3.0,8.0
1243,1244,13700,1457882674,98,1457882675.0,41.17728452,-8.59072093,184.4,261.7,13.25,3.0,10.0
1244,1245,13700,1457882675,92,1457882676.0,41.17724596,-8.59086569,182.9,262.0,13.25,3.0,9.0
1245,1246,13700,1457882676,75,1457882677.0,41.17723375,-8.59100875,182.4,261.8,13.0,3.0,9.0
1246,1247,13700,1457882677,93,1457882678.0,41.17721352,-8.59116243,182.1,263.0,12.75,3.0,10.0
1247,1248,13700,1457882678,100,1457882679.0,41.1771995,-8.59130668,181.8,259.2,12.75,3.0,9.0
1248,1249,13700,1457882679,32,1457882680.0,41.17718265,-8.59145426,181.7,261.6,12.75,3.0,8.0
1249,1250,13700,1457882680,112,1457882681.0,41.17717312,-8.59160764,181.5,262.9,13.0,3.0,10.0
1250,1251,13700,1457882681,39,1457882682.0,41.17715711,-8.59177139,181.4,262.6,13.25,3.0,10.0
1251,1252,13700,1457882682,578,1457882683.0,41.17713101,-8.59193439,180.4,261.4,13.25,3.0,9.0
1252,1253,13700,1457882684,41,1457882685.0,41.17709233,-8.5922483,180.1,261.5,13.5,3.0,10.0
1253,1254,13700,1457882685,42,1457882686.0,41.17708133,-8.59239658,180.9,261.5,13.5,3.0,10.0
1254,1255,13700,1457882686,563,1457882687.0,41.17706598,-8.59255933,180.3,263.0,13.75,3.0,10.0
1255,1256,13700,1457882688,77,1457882689.0,41.1770308,-8.59289652,179.5,262.4,14.0,3.0,10.0
1256,1257,13700,1457882689,91,1457882690.0,41.17701217,-8.59306036,179.2,256.5,13.75,3.0,8.0
1257,1258,13700,1457882690,76,1457882691.0,41.17698324,-8.59321969,178.9,256.5,13.75,4.0,8.0
1258,1259,13700,1457882691,26,1457882692.0,41.1769758,-8.59335032,179.7,263.9,12.0,4.0,2.0
1259,1260,13700,1457882692,34,1457882693.0,41.17696444,-8.59349119,180.0,263.9,12.0,6.0,2.0
1260,1261,13700,1457882693,32,1457882694.0,41.1770138,-8.59371571,177.2,276.9,14.75,5.0,7.0
1261,1262,13700,1457882694,38,1457882695.0,41.17702838,-8.59389294,176.7,277.1,14.75,5.0,11.0
1262,1263,13700,1457882695,74,1457882696.0,41.17704459,-8.59406091,175.9,276.0,14.75,3.0,9.0
1263,1264,13700,1457882696,95,1457882697.0,41.17706043,-8.59424969,175.6,276.1,15.0,3.0,8.0
1264,1265,13700,1457882697,49,1457882698.0,41.17707478,-8.5944283,175.6,276.1,15.0,6.0,8.0
1265,1266,13700,1457882698,571,1457882699.0,41.17702676,-8.5945929,175.2,262.7,15.25,3.0,10.0
1266,1267,13700,1457882700,51,1457882701.0,41.17698392,-8.59495915,175.0,261.5,15.25,3.0,9.0
1267,1268,13700,1457882701,27,1457882702.0,41.17696367,-8.59513798,174.7,261.5,15.25,4.0,9.0
1268,1269,13700,1457882702,570,1457882703.0,41.17695266,-8.59531025,176.4,264.6,14.75,3.0,9.0
1269,1270,13700,1457882704,564,1457882705.0,41.17695097,-8.59562821,175.2,274.9,14.25,3.0,10.0
1270,1271,13700,1457882706,86,1457882707.0,41.17700808,-8.59597207,174.2,287.8,14.75,3.0,9.0
1271,1272,13700,1457882707,138,1457882708.0,41.17705231,-8.59613522,173.5,289.9,14.75,3.0,9.0
1272,1273,13700,1457882708,73,1457882709.0,41.17709619,-8.5962949,173.2,290.0,14.75,3.0,8.0
1273,1274,13700,1457882709,85,1457882710.0,41.17714083,-8.59645471,173.4,291.4,14.75,3.0,9.0
1274,1275,13700,1457882710,615,1457882711.0,41.17718237,-8.59662334,173.5,290.9,14.5,3.0,10.0
1275,1276,13700,1457882712,42,1457882713.0,41.17727911,-8.59695788,173.4,290.9,15.0,4.0,8.0
1276,1277,13700,1457882713,89,1457882714.0,41.17732984,-8.59711788,173.7,291.5,14.5,3.0,11.0
1277,1278,13700,1457882714,609,1457882715.0,41.17737321,-8.59729259,174.2,289.4,14.0,4.0,10.0
1278,1279,13700,1457882716,590,1457882717.0,41.17746312,-8.59759646,172.7,290.7,13.5,3.0,10.0
1279,1280,13700,1457882718,99,1457882719.0,41.17754605,-8.59789096,172.5,288.3,12.75,3.0,10.0
1280,1281,13700,1457882719,93,1457882720.0,41.17758298,-8.59802287,171.9,291.3,12.0,3.0,10.0
1281,1282,13700,1457882720,85,1457882721.0,41.17762587,-8.59814971,171.5,292.3,11.0,3.0,8.0
1282,1283,13700,1457882721,116,1457882722.0,41.17765856,-8.59826525,171.5,293.2,10.0,3.0,10.0
1283,1284,13700,1457882722,120,1457882723.0,41.17769738,-8.59836129,171.7,293.7,8.5,3.0,11.0
1284,1285,13700,1457882723,69,1457882724.0,41.17772434,-8.59843357,171.1,300.0,5.75,3.0,12.0
1285,1286,13700,1457882724,591,1457882725.0,41.17775949,-8.59847429,171.3,331.7,4.5,3.0,12.0
1286,1287,13700,1457882726,580,1457882727.0,41.17781603,-8.59844303,173.0,26.0,3.5,3.0,10.0
1287,1288,13700,1457882728,96,1457882729.0,41.17790071,-8.59839584,172.7,18.2,6.5,3.0,9.0
1288,1289,13700,1457882729,103,1457882730.0,41.17796828,-8.59836793,173.5,18.5,8.0,3.0,10.0
1289,1290,13700,1457882730,101,1457882731.0,41.17804093,-8.59833601,173.5,15.9,8.75,3.0,10.0
1290,1291,13700,1457882731,132,1457882732.0,41.17811743,-8.59829681,173.9,20.4,9.5,3.0,10.0
1291,1292,13700,1457882732,88,1457882733.0,41.17819224,-8.59825478,173.8,20.6,9.5,4.0,10.0
1292,1293,13700,1457882733,86,1457882734.0,41.17828548,-8.59820618,174.4,20.2,10.5,4.0,8.0
1293,1294,13700,1457882734,620,1457882735.0,41.17836779,-8.59815223,174.0,19.5,9.75,4.0,10.0
1294,1295,13700,1457882736,56,1457882737.0,41.17852276,-8.5981038,174.5,16.1,9.0,4.0,9.0
1295,1296,13700,1457882737,43,1457882738.0,41.1785844,-8.59805459,174.5,33.4,8.0,4.0,10.0
1296,1297,13700,1457882738,43,1457882739.0,41.17864418,-8.59800252,174.5,33.4,8.0,5.0,10.0
1297,1298,13700,1457882739,34,1457882740.0,41.17863758,-8.59789555,173.8,80.7,8.0,4.0,10.0
1298,1299,13700,1457882740,110,1457882741.0,41.17864914,-8.59780249,173.3,80.7,8.0,6.0,10.0
1299,1300,13700,1457882741,50,1457882742.0,41.17862968,-8.59765578,173.9,95.4,10.75,4.0,8.0
1300,1301,13700,1457882742,89,1457882743.0,41.17861506,-8.59753317,174.4,97.3,10.25,4.0,8.0
1301,1302,13700,1457882743,42,1457882744.0,41.17860323,-8.59741112,174.4,97.3,10.25,5.0,8.0
1302,1303,13700,1457882744,58,1457882745.0,41.17858312,-8.59731978,174.6,98.0,9.0,4.0,9.0
1303,1304,13700,1457882745,582,1457882746.0,41.17856975,-8.59719939,174.6,97.2,10.0,4.0,8.0
1304,1305,13700,1457882747,41,1457882748.0,41.17854389,-8.59693669,174.0,95.9,11.0,5.0,6.0
1305,1306,13700,1457882748,52,1457882749.0,41.17852497,-8.59679272,171.5,97.1,11.75,4.0,8.0
1306,1307,13700,1457882749,578,1457882750.0,41.17851457,-8.59664606,169.0,96.0,12.25,5.0,9.0
1307,1308,13700,1457882751,648,1457882752.0,41.17849479,-8.59635581,169.4,95.5,11.75,4.0,11.0
1308,1309,13700,1457882753,49,1457882754.0,41.17849736,-8.59610503,169.6,93.4,10.25,5.0,10.0
1309,1310,13700,1457882754,45,1457882755.0,41.17849521,-8.59601243,168.9,94.9,8.75,5.0,11.0
1310,1311,13700,1457882755,44,1457882756.0,41.17849225,-8.59590698,169.5,96.2,9.0,6.0,11.0
1311,1312,13700,1457882756,46,1457882757.0,41.17848939,-8.5958,169.6,95.2,9.0,7.0,11.0
1312,1313,13700,1457882757,161,1457882758.0,41.17849218,-8.59567416,171.8,94.3,9.5,6.0,11.0
1313,1314,13700,1457882758,123,1457882759.0,41.17849398,-8.59554927,171.2,91.5,9.5,7.0,10.0
1314,1315,13700,1457882759,660,1457882760.0,41.17848066,-8.59543196,171.0,93.4,9.25,5.0,10.0
1315,1316,13700,1457882761,594,1457882762.0,41.17846993,-8.59523117,171.7,97.0,8.25,6.0,10.0
1316,1317,13700,1457882763,81,1457882764.0,41.17845772,-8.59503315,171.6,94.7,8.25,8.0,9.0
1317,1318,13700,1457882764,632,1457882765.0,41.1784591,-8.5949701,171.8,93.5,7.0,9.0,10.0
1318,1319,13700,1457882766,579,1457882767.0,41.17844192,-8.59503801,173.1,113.8,1.25,8.0,11.0
1319,1320,13700,1457882768,591,1457882769.0,41.17843883,-8.59509923,174.7,245.3,0.75,6.0,11.0
1320,1321,13700,1457882770,134,1457882771.0,41.17847648,-8.59514038,175.9,299.3,1.0,6.0,11.0
1321,1322,13700,1457882771,671,1457882772.0,41.17848076,-8.59514957,176.2,324.4,0.75,5.0,11.0
1322,1323,13700,1457882773,227,1457882774.0,41.17848159,-8.59515381,176.4,324.4,0.5,5.0,11.0
1323,1324,13700,1457882775,588,1457882776.0,41.17849667,-8.59512624,179.9,324.4,0.5,6.0,11.0
1324,1325,13700,1457882777,620,1457882778.0,41.17849245,-8.59510314,181.6,6.0,11.0,,
1325,1326,13700,1457882779,102,1457882780.0,41.17847803,-8.59510281,182.9,5.0,11.0,,
1326,1327,13700,1457882780,70,1457882781.0,41.17847781,-8.59510384,182.8,5.0,11.0,,
1327,1328,13700,1457882781,30,1457882782.0,41.17847931,-8.59510494,183.2,5.0,11.0,,
1328,1329,13700,1457882782,49,1457882783.0,41.17848093,-8.59510883,183.5,6.0,11.0,,
1329,1330,13700,1457882783,61,1457882784.0,41.17848457,-8.59511289,183.9,6.0,11.0,,
1330,1331,13700,1457882784,576,1457882785.0,41.17848659,-8.59511488,183.9,6.0,11.0,,
1331,1332,13700,1457882786,129,1457882787.0,41.17849182,-8.59511724,185.2,5.0,11.0,,
1332,1333,13700,1457882787,483,1457882788.0,41.1784932,-8.5951176,185.4,5.0,10.0,,
1333,1334,13700,1457882789,39,1457882790.0,41.17849338,-8.59511793,186.0,5.0,10.0,,
1334,1335,13700,1457882790,118,1457882791.0,41.17849335,-8.59511778,186.0,5.0,10.0,,
1335,1336,13700,1457882791,38,1457882792.0,41.17849331,-8.59511769,181.7,5.0,10.0,,
