,n,Session,gps.seconds.Unix,gps.millis,gps.gpstime,gps.lat,gps.lon,gps.alt,gps.track,gps.speed.M-S,gps.epx,gps.nsats
0,1,4604,1411812173,366,1411812176,41.1779975891113,-8.59843635559082,177.600006103516,8.0,5.0,,
1,2,4604,1411812174,417,1411812177,41.1779937744141,-8.5984468460083,173.600006103516,6.0,6.0,,
2,3,4604,1411812175,446,1411812178,41.1780166625977,-8.59846019744873,172.600006103516,4.0,6.0,,
3,4,4604,1411812176,355,1411812179,41.1780128479004,-8.59846591949463,171.300003051758,4.0,5.0,,
4,5,4604,1411812177,355,1411812180,41.1780090332031,-8.59847068786621,171.100006103516,4.0,6.0,,
5,6,4604,1411812178,357,1411812181,41.1780090332031,-8.59846687316895,171.5,4.0,6.0,,
6,7,4604,1411812179,366,1411812182,41.177978515625,-8.59844970703125,175.100006103516,5.0,6.0,,
7,8,4604,1411812180,355,1411812183,41.177978515625,-8.59844875335693,175.0,5.0,6.0,,
8,9,4604,1411812181,358,1411812184,41.1779823303223,-8.59844970703125,174.5,5.0,6.0,,
9,10,4604,1411812182,911,1411812185,41.1779823303223,-8.59845066070557,174.699996948242,5.0,6.0,,
10,11,4604,1411812183,390,1411812186,41.1779861450195,-8.5984525680542,174.300003051758,4.0,6.0,,
11,12,4604,1411812184,364,1411812187,41.177978515625,-8.59844303131104,175.100006103516,3.0,6.0,,
12,13,4604,1411812185,419,1411812188,41.1779823303223,-8.59844207763672,175.0,4.0,6.0,,
13,14,4604,1411812186,359,1411812189,41.1779823303223,-8.59844207763672,174.800003051758,4.0,5.0,,
14,15,4604,1411812187,358,1411812190,41.1779823303223,-8.5984411239624,174.800003051758,4.0,5.0,,
15,16,4604,1411812188,390,1411812191,41.1779823303223,-8.5984411239624,174.699996948242,3.0,6.0,,
16,17,4604,1411812189,364,1411812192,41.177978515625,-8.59843730926514,175.199996948242,3.0,6.0,,
17,18,4604,1411812190,884,1411812193,41.1779747009277,-8.5984354019165,175.699996948242,4.0,6.0,,
18,19,4604,1411812191,448,1411812194,41.1779708862305,-8.59843063354492,176.399993896484,4.0,6.0,,
19,20,4604,1411812192,405,1411812195,41.1779670715332,-8.59842777252197,176.899993896484,4.0,6.0,,
20,21,4604,1411812193,405,1411812196,41.1779632568359,-8.59842491149902,177.300003051758,5.0,6.0,,
21,22,4604,1411812194,947,1411812197,41.1779632568359,-8.59842395782471,177.5,5.0,6.0,,
22,23,4604,1411812195,659,1411812198,41.1779632568359,-8.59842205047607,177.800003051758,5.0,6.0,,
23,24,4604,1411812196,363,1411812199,41.1779594421387,-8.59841728210449,178.600006103516,5.0,6.0,,
24,25,4604,1411812197,361,1411812200,41.1779556274414,-8.59841156005859,179.5,5.0,6.0,,
25,26,4604,1411812198,379,1411812201,41.1779556274414,-8.59840965270996,179.800003051758,4.0,6.0,,
26,27,4604,1411812199,405,1411812202,41.1779556274414,-8.59840869903564,180.100006103516,4.0,6.0,,
27,28,4604,1411812200,416,1411812203,41.1779518127441,-8.59840679168701,180.399993896484,4.0,6.0,,
28,29,4604,1411812201,425,1411812204,41.1779518127441,-8.59840488433838,180.600006103516,3.0,6.0,,
29,30,4604,1411812202,414,1411812205,41.1779518127441,-8.59840393066406,180.800003051758,3.0,6.0,,
30,31,4604,1411812203,414,1411812206,41.1779518127441,-8.59840297698975,180.899993896484,3.0,7.0,,
31,32,4604,1411812205,19,1411812207,41.1779479980469,-8.5984001159668,181.100006103516,4.0,7.0,,
32,33,4604,1411812205,554,1411812208,41.1779479980469,-8.5984001159668,181.100006103516,4.0,7.0,,
33,34,4604,1411812206,564,1411812209,41.1779479980469,-8.59839916229248,181.100006103516,5.0,7.0,,
34,35,4604,1411812207,548,1411812210,41.1779479980469,-8.59839916229248,181.100006103516,5.0,6.0,,
35,36,4604,1411812208,553,1411812211,41.1779479980469,-8.59839916229248,181.0,5.0,7.0,,
36,37,4604,1411812209,517,1411812212,41.1779479980469,-8.59839916229248,181.0,6.0,7.0,,
37,38,4604,1411812210,439,1411812213,41.1779479980469,-8.59839916229248,181.0,6.0,6.0,,
38,39,4604,1411812211,384,1411812214,41.1779479980469,-8.59839916229248,180.899993896484,5.0,7.0,,
39,40,4604,1411812212,405,1411812215,41.1779479980469,-8.59839916229248,180.899993896484,5.0,6.0,,
40,41,4604,1411812213,940,1411812216,41.1779479980469,-8.59839916229248,180.899993896484,4.0,6.0,,
41,42,4604,1411812214,430,1411812217,41.1779479980469,-8.59839916229248,180.899993896484,4.0,6.0,,
42,43,4604,1411812215,403,1411812218,41.1779479980469,-8.59839916229248,180.899993896484,4.0,7.0,,
43,44,4604,1411812216,386,1411812219,41.1779479980469,-8.59839916229248,180.899993896484,4.0,7.0,,
44,45,4604,1411812217,360,1411812220,41.1779479980469,-8.59839916229248,181.0,4.0,6.0,,
45,46,4604,1411812218,447,1411812221,41.1779479980469,-8.59839916229248,181.0,3.0,6.0,,
46,47,4604,1411812219,404,1411812222,41.1779479980469,-8.59839916229248,180.899993896484,3.0,6.0,,
47,48,4604,1411812220,400,1411812223,41.1779479980469,-8.59839820861816,180.899993896484,3.0,7.0,,
48,49,4604,1411812221,435,1411812224,41.1779479980469,-8.59839820861816,180.899993896484,3.0,7.0,,
49,50,4604,1411812222,365,1411812225,41.1779479980469,-8.59839820861816,181.0,3.0,7.0,,
50,51,4604,1411812223,402,1411812226,41.1779479980469,-8.59839820861816,181.0,3.0,7.0,,
51,52,4604,1411812224,417,1411812227,41.1779479980469,-8.59839820861816,180.899993896484,3.0,7.0,,
52,53,4604,1411812225,405,1411812228,41.1779479980469,-8.59839820861816,180.899993896484,3.0,7.0,,
53,54,4604,1411812226,361,1411812229,41.1779479980469,-8.59839820861816,180.899993896484,3.0,7.0,,
54,55,4604,1411812227,389,1411812230,41.1779479980469,-8.59839820861816,180.899993896484,3.0,7.0,,
55,56,4604,1411812228,411,1411812231,41.1779479980469,-8.59839820861816,180.899993896484,3.0,7.0,,
56,57,4604,1411812229,932,1411812232,41.1779479980469,-8.59839820861816,180.899993896484,3.0,7.0,,
57,58,4604,1411812230,474,1411812233,41.1779479980469,-8.59839820861816,181.0,9.0,7.0,,
58,59,4604,1411812231,422,1411812234,41.1779479980469,-8.59839820861816,181.0,9.0,7.0,,
59,60,4604,1411812232,360,1411812235,41.1779479980469,-8.59839820861816,181.0,9.0,7.0,,
60,61,4604,1411812233,377,1411812236,41.1779479980469,-8.59839820861816,181.0,9.0,7.0,,
61,62,4604,1411812234,397,1411812237,41.1779479980469,-8.59839820861816,180.899993896484,9.0,7.0,,
62,63,4604,1411812235,362,1411812238,41.1779479980469,-8.59839725494385,180.899993896484,9.0,7.0,,
63,64,4604,1411812236,379,1411812239,41.1779479980469,-8.59839725494385,180.800003051758,9.0,7.0,,
64,65,4604,1411812237,430,1411812240,41.1779479980469,-8.59839725494385,180.800003051758,9.0,7.0,,
65,66,4604,1411812238,404,1411812241,41.1779479980469,-8.59839725494385,180.800003051758,9.0,7.0,,
66,67,4604,1411812239,378,1411812242,41.1779441833496,-8.5983943939209,181.100006103516,9.0,7.0,,
67,68,4604,1411812240,367,1411812243,41.1779441833496,-8.5983943939209,181.0,9.0,7.0,,
68,69,4604,1411812241,909,1411812244,41.1779441833496,-8.5983943939209,181.0,9.0,7.0,,
69,70,4604,1411812242,394,1411812245,41.1779441833496,-8.5983943939209,180.899993896484,9.0,7.0,,
70,71,4604,1411812243,435,1411812246,41.1779441833496,-8.5983943939209,180.899993896484,9.0,7.0,,
71,72,4604,1411812244,435,1411812247,41.1779441833496,-8.59839344024658,180.800003051758,9.0,6.0,,
72,73,4604,1411812245,952,1411812248,41.1779441833496,-8.59839344024658,180.800003051758,9.0,7.0,,
73,74,4604,1411812246,606,1411812249,41.1779441833496,-8.59839344024658,180.800003051758,9.0,7.0,,
74,75,4604,1411812247,553,1411812250,41.1779441833496,-8.59839344024658,180.699996948242,9.0,6.0,,
75,76,4604,1411812248,491,1411812251,41.1779441833496,-8.59839344024658,180.699996948242,9.0,7.0,,
76,77,4604,1411812249,494,1411812252,41.1779479980469,-8.59839344024658,180.699996948242,9.0,7.0,,
77,78,4604,1411812250,465,1411812253,41.1779441833496,-8.59839344024658,180.699996948242,9.0,7.0,,
78,79,4604,1411812251,441,1411812254,41.1779441833496,-8.59839344024658,180.699996948242,9.0,8.0,,
79,80,4604,1411812252,415,1411812255,41.1779479980469,-8.59839344024658,180.699996948242,9.0,8.0,,
80,81,4604,1411812253,950,1411812256,41.1779479980469,-8.59839344024658,180.699996948242,9.0,7.0,,
81,82,4604,1411812254,534,1411812257,41.1779479980469,-8.59839344024658,180.699996948242,9.0,7.0,,
82,83,4604,1411812255,597,1411812258,41.1779479980469,-8.59839344024658,180.699996948242,9.0,7.0,,
83,84,4604,1411812256,472,1411812259,41.1779441833496,-8.59839344024658,180.600006103516,9.0,8.0,,
84,85,4604,1411812257,515,1411812260,41.1779441833496,-8.59839344024658,180.600006103516,9.0,8.0,,
85,86,4604,1411812258,406,1411812261,41.1779441833496,-8.59839344024658,180.5,9.0,8.0,,
86,87,4604,1411812259,411,1411812262,41.1779441833496,-8.59839344024658,180.5,10.0,8.0,,
87,88,4604,1411812260,407,1411812263,41.1779441833496,-8.59839344024658,180.5,10.0,8.0,,
88,89,4604,1411812261,991,1411812264,41.1779441833496,-8.59839344024658,180.399993896484,10.0,8.0,,
89,90,4604,1411812262,564,1411812265,41.1779441833496,-8.59839344024658,180.399993896484,10.0,7.0,,
90,91,4604,1411812263,570,1411812266,41.1779441833496,-8.59839344024658,180.399993896484,11.0,8.0,,
91,92,4604,1411812264,525,1411812267,41.1779441833496,-8.59839344024658,180.399993896484,11.0,8.0,,
92,93,4604,1411812265,489,1411812268,41.1779441833496,-8.59839344024658,180.399993896484,11.0,8.0,,
93,94,4604,1411812266,402,1411812269,41.1779441833496,-8.59839344024658,180.300003051758,11.0,8.0,,
94,95,4604,1411812267,405,1411812270,41.1779441833496,-8.59839344024658,180.300003051758,11.0,8.0,,
95,96,4604,1411812268,402,1411812271,41.1779441833496,-8.59839344024658,180.199996948242,11.0,8.0,,
96,97,4604,1411812269,477,1411812272,41.1779441833496,-8.59839344024658,180.199996948242,11.0,8.0,,
97,98,4604,1411812270,996,1411812273,41.1779441833496,-8.59839344024658,180.199996948242,11.0,8.0,,
98,99,4604,1411812271,554,1411812274,41.1779479980469,-8.59839248657227,180.199996948242,11.0,8.0,,
99,100,4604,1411812272,535,1411812275,41.1779479980469,-8.59839248657227,180.100006103516,11.0,8.0,,
100,101,4604,1411812273,468,1411812276,41.1779479980469,-8.59839248657227,180.100006103516,11.0,8.0,,
101,102,4604,1411812274,402,1411812277,41.1779479980469,-8.59839248657227,180.100006103516,11.0,8.0,,
102,103,4604,1411812275,421,1411812278,41.1779479980469,-8.59839248657227,180.100006103516,11.0,7.0,,
103,104,4604,1411812276,369,1411812279,41.1779479980469,-8.59839248657227,180.100006103516,11.0,7.0,,
104,105,4604,1411812277,364,1411812280,41.1779479980469,-8.59839248657227,180.100006103516,10.0,7.0,,
105,106,4604,1411812278,476,1411812281,41.1779479980469,-8.59839248657227,180.100006103516,10.0,7.0,,
106,107,4604,1411812279,431,1411812282,41.1779479980469,-8.59839248657227,180.0,10.0,7.0,,
107,108,4604,1411812280,913,1411812283,41.1779479980469,-8.59839248657227,180.100006103516,10.0,7.0,,
108,109,4604,1411812281,493,1411812284,41.1779479980469,-8.59839248657227,180.0,10.0,7.0,,
109,110,4604,1411812282,453,1411812285,41.1779479980469,-8.59839248657227,180.0,10.0,7.0,,
110,111,4604,1411812283,385,1411812286,41.1779479980469,-8.59839248657227,180.0,10.0,7.0,,
111,112,4604,1411812284,405,1411812287,41.1779479980469,-8.59839248657227,180.0,10.0,7.0,,
112,113,4604,1411812285,977,1411812288,41.1779479980469,-8.59839248657227,180.0,10.0,7.0,,
113,114,4604,1411812286,608,1411812289,41.1779479980469,-8.59839248657227,180.0,10.0,7.0,,
114,115,4604,1411812287,619,1411812290,41.1779479980469,-8.59839248657227,179.899993896484,10.0,7.0,,
115,116,4604,1411812288,535,1411812291,41.1779479980469,-8.59839248657227,179.899993896484,10.0,7.0,,
116,117,4604,1411812289,511,1411812292,41.1779479980469,-8.59839248657227,179.899993896484,10.0,7.0,,
117,118,4604,1411812290,390,1411812293,41.1779479980469,-8.59839248657227,179.899993896484,10.0,7.0,,
118,119,4604,1411812291,405,1411812294,41.1779479980469,-8.59839153289795,179.899993896484,10.0,6.0,,
119,120,4604,1411812292,407,1411812295,41.1779479980469,-8.59839153289795,179.800003051758,10.0,6.0,,
120,121,4604,1411812293,912,1411812296,41.1779479980469,-8.59839153289795,179.800003051758,10.0,6.0,,
121,122,4604,1411812294,602,1411812297,41.1779479980469,-8.59839153289795,179.800003051758,9.0,6.0,,
122,123,4604,1411812295,605,1411812298,41.1779479980469,-8.59839153289795,179.800003051758,9.0,6.0,,
123,124,4604,1411812296,500,1411812299,41.1779479980469,-8.59839153289795,179.699996948242,10.0,6.0,,
124,125,4604,1411812297,477,1411812300,41.1779441833496,-8.598388671875,180.100006103516,10.0,7.0,,
125,126,4604,1411812298,411,1411812301,41.1779441833496,-8.598388671875,180.100006103516,10.0,6.0,,
126,127,4604,1411812299,380,1411812302,41.1779441833496,-8.598388671875,180.100006103516,10.0,6.0,,
127,128,4604,1411812300,388,1411812303,41.1779441833496,-8.598388671875,180.100006103516,10.0,6.0,,
128,129,4604,1411812301,947,1411812304,41.1779441833496,-8.59838771820068,180.100006103516,10.0,6.0,,
129,130,4604,1411812302,569,1411812305,41.1779441833496,-8.59838771820068,180.100006103516,10.0,6.0,,
130,131,4604,1411812303,582,1411812306,41.1779441833496,-8.59838771820068,180.100006103516,10.0,6.0,,
131,132,4604,1411812304,378,1411812307,41.1779441833496,-8.59838771820068,180.100006103516,10.0,6.0,,
132,133,4604,1411812305,437,1411812308,41.1779441833496,-8.59838771820068,180.100006103516,10.0,6.0,,
133,134,4604,1411812306,388,1411812309,41.1779441833496,-8.59838771820068,180.100006103516,10.0,6.0,,
134,135,4604,1411812307,377,1411812310,41.1779441833496,-8.59838771820068,180.100006103516,9.0,6.0,,
135,136,4604,1411812308,407,1411812311,41.1779441833496,-8.59838771820068,180.100006103516,10.0,6.0,,
136,137,4604,1411812309,447,1411812312,41.1779441833496,-8.59838771820068,180.100006103516,10.0,6.0,,
137,138,4604,1411812310,949,1411812313,41.1779441833496,-8.59838771820068,180.100006103516,10.0,7.0,,
138,139,4604,1411812311,590,1411812314,41.1779441833496,-8.59838771820068,180.100006103516,10.0,6.0,,
139,140,4604,1411812312,528,1411812315,41.1779441833496,-8.59838771820068,180.199996948242,10.0,6.0,,
140,141,4604,1411812313,495,1411812316,41.1779441833496,-8.59838771820068,180.199996948242,10.0,6.0,,
141,142,4604,1411812314,472,1411812317,41.1779441833496,-8.59838771820068,180.100006103516,10.0,6.0,,
142,143,4604,1411812315,412,1411812318,41.1779441833496,-8.59838771820068,180.100006103516,11.0,7.0,,
143,144,4604,1411812316,383,1411812319,41.1779441833496,-8.59838771820068,180.100006103516,11.0,7.0,,
144,145,4604,1411812317,906,1411812320,41.1779441833496,-8.59838771820068,180.100006103516,11.0,8.0,,
145,146,4604,1411812318,598,1411812321,41.1779441833496,-8.59838771820068,180.100006103516,11.0,8.0,,
146,147,4604,1411812319,564,1411812322,41.1779441833496,-8.59838771820068,180.100006103516,11.0,8.0,,
147,148,4604,1411812320,515,1411812323,41.1779441833496,-8.59838771820068,180.100006103516,11.0,8.0,,
148,149,4604,1411812321,423,1411812324,41.1779441833496,-8.59838676452637,180.100006103516,10.0,8.0,,
149,150,4604,1411812322,452,1411812325,41.1779441833496,-8.59838676452637,180.100006103516,10.0,8.0,,
150,151,4604,1411812323,432,1411812326,41.1779441833496,-8.59838676452637,180.100006103516,10.0,7.0,,
151,152,4604,1411812324,406,1411812327,41.1779441833496,-8.59838676452637,180.100006103516,10.0,7.0,,
152,153,4604,1411812325,944,1411812328,41.1779441833496,-8.59838676452637,180.100006103516,10.0,7.0,,
153,154,4604,1411812326,505,1411812329,41.1779441833496,-8.59838676452637,180.100006103516,9.0,7.0,,
154,155,4604,1411812327,612,1411812330,41.1779441833496,-8.59838676452637,180.100006103516,10.0,7.0,,
155,156,4604,1411812328,573,1411812331,41.1779441833496,-8.59838676452637,180.100006103516,10.0,7.0,,
156,157,4604,1411812329,551,1411812332,41.1779441833496,-8.59838676452637,180.0,10.0,7.0,,
157,158,4604,1411812330,513,1411812333,41.1779441833496,-8.59838676452637,180.0,10.0,7.0,,
158,159,4604,1411812331,407,1411812334,41.1779441833496,-8.59838676452637,180.0,10.0,7.0,,
159,160,4604,1411812332,443,1411812335,41.1779441833496,-8.59838676452637,180.0,10.0,7.0,,
160,161,4604,1411812333,998,1411812336,41.1779441833496,-8.59838676452637,180.0,11.0,7.0,,
161,162,4604,1411812334,567,1411812337,41.1779441833496,-8.59838676452637,180.0,11.0,7.0,,
162,163,4604,1411812335,539,1411812338,41.1779441833496,-8.59838676452637,180.0,11.0,6.0,,
163,164,4604,1411812336,510,1411812339,41.1779441833496,-8.59838676452637,180.0,11.0,6.0,,
164,165,4604,1411812337,479,1411812340,41.1779441833496,-8.59838676452637,180.0,11.0,7.0,,
165,166,4604,1411812338,477,1411812341,41.1779441833496,-8.59838676452637,180.100006103516,11.0,8.0,,
166,167,4604,1411812339,418,1411812342,41.1779441833496,-8.59838581085205,180.100006103516,11.0,8.0,,
167,168,4604,1411812340,433,1411812343,41.1779441833496,-8.59838581085205,180.100006103516,11.0,9.0,,
168,169,4604,1411812341,457,1411812344,41.1779441833496,-8.59838581085205,180.100006103516,10.0,9.0,,
169,170,4604,1411812342,958,1411812345,41.1779441833496,-8.59838581085205,180.199996948242,10.0,9.0,,
170,171,4604,1411812343,409,1411812346,41.1779441833496,-8.59838581085205,180.199996948242,10.0,9.0,,
171,172,4604,1411812344,953,1411812347,41.1779441833496,-8.59838581085205,180.199996948242,10.0,9.0,,
172,173,4604,1411812345,526,1411812348,41.1779441833496,-8.59838581085205,180.199996948242,10.0,9.0,,
173,174,4604,1411812346,469,1411812349,41.1779441833496,-8.59838581085205,180.199996948242,10.0,9.0,,
174,175,4604,1411812347,463,1411812350,41.1779441833496,-8.59838581085205,180.199996948242,10.0,9.0,,
175,176,4604,1411812348,426,1411812351,41.1779441833496,-8.59838581085205,180.199996948242,10.0,9.0,,
176,177,4604,1411812349,446,1411812352,41.1779441833496,-8.59838581085205,180.199996948242,10.0,9.0,,
177,178,4604,1411812350,953,1411812353,41.1779441833496,-8.59838581085205,180.100006103516,10.0,9.0,,
178,179,4604,1411812351,568,1411812354,41.1779441833496,-8.59838581085205,180.100006103516,10.0,9.0,,
179,180,4604,1411812352,579,1411812355,41.1779441833496,-8.59838581085205,180.100006103516,11.0,9.0,,
180,181,4604,1411812353,537,1411812356,41.1779441833496,-8.59838581085205,180.100006103516,11.0,9.0,,
181,182,4604,1411812354,433,1411812357,41.1779441833496,-8.59838485717773,180.100006103516,10.0,9.0,,
182,183,4604,1411812355,478,1411812358,41.1779441833496,-8.59838485717773,180.0,10.0,9.0,,
183,184,4604,1411812356,404,1411812359,41.1779441833496,-8.59838485717773,180.0,10.0,9.0,,
184,185,4604,1411812357,449,1411812360,41.1779441833496,-8.59838390350342,180.199996948242,10.0,9.0,,
185,186,4604,1411812358,409,1411812361,41.1779441833496,-8.59838390350342,180.199996948242,10.0,9.0,,
186,187,4604,1411812359,443,1411812362,41.1779441833496,-8.59838390350342,180.199996948242,9.0,9.0,,
187,188,4604,1411812360,401,1411812363,41.1779441833496,-8.59838390350342,180.199996948242,9.0,9.0,,
188,189,4604,1411812361,404,1411812364,41.1779441833496,-8.59838390350342,180.199996948242,9.0,9.0,,
189,190,4604,1411812362,934,1411812365,41.1779441833496,-8.59838390350342,180.199996948242,9.0,9.0,,
190,191,4604,1411812363,462,1411812366,41.1779441833496,-8.59838390350342,180.199996948242,9.0,8.0,,
191,192,4604,1411812364,433,1411812367,41.1779441833496,-8.59838390350342,180.100006103516,9.0,8.0,,
192,193,4604,1411812365,402,1411812368,41.1779441833496,-8.59838390350342,180.100006103516,10.0,8.0,,
193,194,4604,1411812366,916,1411812369,41.1779441833496,-8.59838390350342,180.100006103516,9.0,8.0,,
194,195,4604,1411812367,572,1411812370,41.1779403686523,-8.59838390350342,180.199996948242,9.0,8.0,,
195,196,4604,1411812368,526,1411812371,41.1779403686523,-8.5983829498291,180.199996948242,9.0,7.0,,
196,197,4604,1411812369,522,1411812372,41.1779403686523,-8.5983829498291,180.199996948242,9.0,8.0,,
197,198,4604,1411812370,504,1411812373,41.1779403686523,-8.5983829498291,180.199996948242,9.0,9.0,,
198,199,4604,1411812371,393,1411812374,41.1779403686523,-8.5983829498291,180.199996948242,9.0,9.0,,
199,200,4604,1411812372,409,1411812375,41.1779403686523,-8.5983829498291,180.199996948242,9.0,9.0,,
200,201,4604,1411812373,425,1411812376,41.1779403686523,-8.5983829498291,180.199996948242,9.0,9.0,,
201,202,4604,1411812374,963,1411812377,41.1779403686523,-8.5983829498291,180.199996948242,9.0,9.0,,
202,203,4604,1411812375,624,1411812378,41.1779403686523,-8.5983829498291,180.199996948242,9.0,9.0,,
203,204,4604,1411812376,557,1411812379,41.1779403686523,-8.5983829498291,180.199996948242,9.0,9.0,,
204,205,4604,1411812377,562,1411812380,41.1779403686523,-8.5983829498291,180.199996948242,9.0,9.0,,
205,206,4604,1411812378,480,1411812381,41.1779403686523,-8.5983829498291,180.199996948242,9.0,8.0,,
206,207,4604,1411812379,473,1411812382,41.1779403686523,-8.5983829498291,180.199996948242,9.0,8.0,,
207,208,4604,1411812380,376,1411812383,41.1779403686523,-8.5983829498291,180.199996948242,9.0,9.0,,
208,209,4604,1411812381,387,1411812384,41.1779403686523,-8.5983829498291,180.199996948242,9.0,9.0,,
209,210,4604,1411812382,382,1411812385,41.1779403686523,-8.5983829498291,180.199996948242,9.0,9.0,,
210,211,4604,1411812383,410,1411812386,41.1779403686523,-8.5983829498291,180.100006103516,9.0,9.0,,
211,212,4604,1411812384,955,1411812387,41.1779403686523,-8.5983829498291,180.199996948242,9.0,8.0,,
212,213,4604,1411812385,525,1411812388,41.1779403686523,-8.5983829498291,180.199996948242,9.0,8.0,,
213,214,4604,1411812386,417,1411812389,41.1779403686523,-8.5983829498291,180.100006103516,9.0,8.0,,
214,215,4604,1411812387,405,1411812390,41.1779403686523,-8.5983829498291,180.100006103516,9.0,8.0,,
215,216,4604,1411812388,413,1411812391,41.1779403686523,-8.5983829498291,180.199996948242,9.0,8.0,,
216,217,4604,1411812389,379,1411812392,41.1779403686523,-8.5983829498291,180.100006103516,9.0,8.0,,
217,218,4604,1411812390,449,1411812393,41.1779403686523,-8.5983829498291,180.100006103516,9.0,9.0,,
218,219,4604,1411812391,402,1411812394,41.1779403686523,-8.5983829498291,180.100006103516,9.0,9.0,,
219,220,4604,1411812392,407,1411812395,41.1779403686523,-8.5983829498291,180.100006103516,9.0,8.0,,
220,221,4604,1411812393,927,1411812396,41.1779403686523,-8.5983829498291,180.100006103516,9.0,8.0,,
221,222,4604,1411812394,370,1411812397,41.1779403686523,-8.5983829498291,180.100006103516,9.0,9.0,,
222,223,4604,1411812395,399,1411812398,41.1779403686523,-8.5983829498291,180.100006103516,9.0,8.0,,
223,224,4604,1411812396,369,1411812399,41.1779403686523,-8.5983829498291,180.100006103516,9.0,7.0,,
224,225,4604,1411812397,369,1411812400,41.1779403686523,-8.5983829498291,180.100006103516,9.0,7.0,,
225,226,4604,1411812398,375,1411812401,41.1779403686523,-8.5983829498291,180.0,9.0,7.0,,
226,227,4604,1411812399,428,1411812402,41.1779403686523,-8.59838199615479,180.0,9.0,7.0,,
227,228,4604,1411812400,377,1411812403,41.1779441833496,-8.5983829498291,180.0,9.0,8.0,,
228,229,4604,1411812401,369,1411812404,41.1779441833496,-8.59838199615479,180.0,9.0,8.0,,
229,230,4604,1411812402,371,1411812405,41.1779441833496,-8.5983829498291,180.0,9.0,8.0,,
230,231,4604,1411812403,380,1411812406,41.1779441833496,-8.5983829498291,180.0,9.0,8.0,,
231,232,4604,1411812404,415,1411812407,41.1779441833496,-8.5983829498291,180.0,9.0,8.0,,
232,233,4604,1411812405,420,1411812408,41.1779441833496,-8.5983829498291,180.0,9.0,8.0,,
233,234,4604,1411812406,903,1411812409,41.1779441833496,-8.5983829498291,180.0,9.0,8.0,,
234,235,4604,1411812407,480,1411812410,41.1779441833496,-8.5983829498291,180.0,9.0,8.0,,
235,236,4604,1411812408,426,1411812411,41.1779441833496,-8.5983829498291,179.899993896484,9.0,8.0,,
236,237,4604,1411812409,409,1411812412,41.1779441833496,-8.5983829498291,179.899993896484,9.0,8.0,,
237,238,4604,1411812410,376,1411812413,41.1779441833496,-8.5983829498291,179.899993896484,9.0,8.0,,
238,239,4604,1411812411,411,1411812414,41.1779441833496,-8.5983829498291,179.899993896484,9.0,8.0,,
239,240,4604,1411812412,406,1411812415,41.1779441833496,-8.5983829498291,179.899993896484,9.0,7.0,,
240,241,4604,1411812413,387,1411812416,41.1779441833496,-8.5983829498291,179.899993896484,9.0,7.0,,
241,242,4604,1411812414,925,1411812417,41.1779441833496,-8.5983829498291,179.899993896484,9.0,7.0,,
242,243,4604,1411812415,583,1411812418,41.1779441833496,-8.5983829498291,179.899993896484,10.0,8.0,,
243,244,4604,1411812416,516,1411812419,41.1779441833496,-8.5983829498291,179.800003051758,10.0,8.0,,
244,245,4604,1411812417,515,1411812420,41.1779441833496,-8.59838390350342,179.800003051758,11.0,8.0,,
245,246,4604,1411812418,469,1411812421,41.1779403686523,-8.59838581085205,179.699996948242,0.25,11.0,8.0,
246,247,4604,1411812419,412,1411812422,41.1779365539551,-8.598388671875,179.699996948242,0.25,11.0,8.0,
247,248,4604,1411812420,378,1411812423,41.1779365539551,-8.59838676452637,178.899993896484,0.5,11.0,8.0,
248,249,4604,1411812421,423,1411812424,41.1779289245605,-8.59839248657227,179.100006103516,0.5,11.0,8.0,
249,250,4604,1411812422,870,1411812425,41.177921295166,-8.5983943939209,179.100006103516,0.75,11.0,8.0,
250,251,4604,1411812423,455,1411812426,41.1779174804688,-8.59839630126953,178.699996948242,197.8,0.75,11.0,8.0
251,252,4604,1411812424,452,1411812427,41.177906036377,-8.59840106964111,178.800003051758,197.9,1.0,11.0,8.0
252,253,4604,1411812425,380,1411812428,41.1778793334961,-8.59839057922363,180.899993896484,194.2,1.25,10.0,8.0
253,254,4604,1411812426,372,1411812429,41.1778717041016,-8.59839248657227,181.100006103516,191.3,1.25,10.0,8.0
254,255,4604,1411812427,375,1411812430,41.1778602600098,-8.59839344024658,180.5,186.9,1.25,11.0,8.0
255,256,4604,1411812428,375,1411812431,41.1778526306152,-8.59839534759521,180.600006103516,189.4,1.0,10.0,8.0
256,257,4604,1411812429,489,1411812432,41.1778450012207,-8.59839820861816,180.899993896484,190.6,1.0,10.0,8.0
257,258,4604,1411812430,918,1411812433,41.1778450012207,-8.5984001159668,181.0,190.6,0.5,10.0,8.0
258,259,4604,1411812431,393,1411812434,41.1778373718262,-8.59840297698975,180.800003051758,190.6,0.5,10.0,8.0
259,260,4604,1411812432,957,1411812435,41.1778335571289,-8.5984058380127,180.800003051758,190.6,0.75,11.0,9.0
260,261,4604,1411812433,494,1411812436,41.1778297424316,-8.59840965270996,180.300003051758,190.6,0.75,11.0,9.0
261,262,4604,1411812434,507,1411812437,41.1778221130371,-8.59841346740723,180.199996948242,206.7,0.75,11.0,9.0
262,263,4604,1411812435,489,1411812438,41.1778144836426,-8.59841918945312,180.0,206.6,1.0,11.0,9.0
263,264,4604,1411812436,378,1411812439,41.1777954101562,-8.59843730926514,176.199996948242,204.4,2.25,11.0,9.0
264,265,4604,1411812437,453,1411812440,41.1777763366699,-8.59845447540283,176.300003051758,202.7,2.75,11.0,9.0
265,266,4604,1411812438,459,1411812441,41.1777534484863,-8.59846878051758,176.0,200.9,2.75,5.0,9.0
266,267,4604,1411812439,416,1411812442,41.1777305603027,-8.59848213195801,175.5,198.9,2.75,4.0,8.0
267,268,4604,1411812440,488,1411812443,41.1777076721191,-8.59849262237549,175.699996948242,197.4,2.75,4.0,9.0
268,269,4604,1411812441,428,1411812444,41.1776885986328,-8.59850406646729,176.0,199.6,2.5,4.0,9.0
269,270,4604,1411812442,430,1411812445,41.1776847839355,-8.59852886199951,171.699996948242,216.3,2.5,4.0,9.0
270,271,4604,1411812443,423,1411812446,41.1776885986328,-8.59855651855469,171.300003051758,240.4,2.0,4.0,9.0
271,272,4604,1411812444,954,1411812447,41.1777000427246,-8.59859657287598,170.600006103516,268.5,2.5,4.0,9.0
272,273,4604,1411812445,578,1411812448,41.1777153015137,-8.5986385345459,170.5,279.1,2.75,4.0,9.0
273,274,4604,1411812446,523,1411812449,41.1777305603027,-8.59868240356445,169.800003051758,286.1,3.0,4.0,8.0
274,275,4604,1411812447,439,1411812450,41.1777496337891,-8.59873008728027,169.899993896484,288.6,3.5,4.0,8.0
275,276,4604,1411812448,466,1411812451,41.1777687072754,-8.59877681732178,169.899993896484,290.4,3.75,4.0,8.0
276,277,4604,1411812449,406,1411812452,41.1777877807617,-8.59882831573486,169.600006103516,291.7,4.0,4.0,8.0
277,278,4604,1411812450,375,1411812453,41.1778106689453,-8.5988826751709,169.699996948242,292.2,4.25,4.0,8.0
278,279,4604,1411812451,416,1411812454,41.1778602600098,-8.59898948669434,170.0,291.9,6.5,4.0,9.0
279,280,4604,1411812452,429,1411812455,41.1778793334961,-8.59905529022217,170.600006103516,292.6,6.5,4.0,9.0
280,281,4604,1411812453,375,1411812456,41.1778984069824,-8.59911727905273,170.800003051758,292.8,6.0,4.0,9.0
281,282,4604,1411812454,421,1411812457,41.1779174804688,-8.59918308258057,170.199996948242,291.2,5.25,4.0,9.0
282,283,4604,1411812455,424,1411812458,41.1779174804688,-8.59923267364502,170.600006103516,277.2,4.25,4.0,8.0
283,284,4604,1411812456,954,1411812459,41.1779174804688,-8.59929370880127,170.199996948242,269.4,4.5,4.0,8.0
284,285,4604,1411812457,517,1411812460,41.1778907775879,-8.59935665130615,169.399993896484,253.9,4.75,4.0,8.0
285,286,4604,1411812458,533,1411812461,41.1778564453125,-8.59942054748535,169.5,243.8,5.5,4.0,8.0
286,287,4604,1411812459,507,1411812462,41.1777992248535,-8.59946727752686,169.300003051758,221.5,5.75,4.0,8.0
287,288,4604,1411812460,475,1411812463,41.177734375,-8.59948348999023,165.199996948242,210.2,6.5,5.0,9.0
288,289,4604,1411812461,407,1411812464,41.1776580810547,-8.59952449798584,164.800003051758,205.7,7.75,5.0,9.0
289,290,4604,1411812462,407,1411812465,41.1775856018066,-8.59957027435303,165.399993896484,203.7,8.5,5.0,9.0
290,291,4604,1411812463,410,1411812466,41.1774749755859,-8.59960460662842,164.300003051758,200.9,10.0,4.0,9.0
291,292,4604,1411812464,376,1411812467,41.1773834228516,-8.59965229034424,164.199996948242,200.9,10.5,4.0,9.0
292,293,4604,1411812465,376,1411812468,41.1772956848145,-8.59969997406006,164.5,200.8,11.0,4.0,9.0
293,294,4604,1411812466,380,1411812469,41.1772003173828,-8.59974575042725,164.899993896484,197.9,11.25,4.0,9.0
294,295,4604,1411812467,426,1411812470,41.1770935058594,-8.59979438781738,164.699996948242,199.1,11.5,5.0,9.0
295,296,4604,1411812468,407,1411812471,41.1769943237305,-8.59984016418457,164.5,199.3,11.25,6.0,9.0
296,297,4604,1411812469,453,1411812472,41.1769027709961,-8.59988689422607,164.100006103516,200.2,11.0,6.0,9.0
297,298,4604,1411812470,435,1411812473,41.1768188476562,-8.59994125366211,164.199996948242,202.6,10.5,6.0,9.0
298,299,4604,1411812471,987,1411812474,41.1767425537109,-8.59999179840088,164.800003051758,203.5,10.25,6.0,9.0
299,300,4604,1411812472,436,1411812475,41.1766548156738,-8.60002422332764,164.600006103516,201.7,10.25,7.0,9.0
300,301,4604,1411812473,944,1411812476,41.1765632629395,-8.60005378723145,164.600006103516,199.9,10.25,6.0,9.0
301,302,4604,1411812474,514,1411812477,41.1764984130859,-8.60011672973633,164.899993896484,201.6,10.0,6.0,8.0
302,303,4604,1411812475,460,1411812478,41.1764106750488,-8.60015869140625,164.899993896484,201.1,10.0,6.0,9.0
303,304,4604,1411812476,406,1411812479,41.1763000488281,-8.60018634796143,164.5,198.2,10.5,7.0,9.0
304,305,4604,1411812477,435,1411812480,41.1762237548828,-8.60021877288818,164.300003051758,197.3,10.0,7.0,9.0
305,306,4604,1411812478,402,1411812481,41.1761245727539,-8.6002254486084,164.199996948242,193.6,10.0,6.0,9.0
306,307,4604,1411812479,450,1411812482,41.1760520935059,-8.60026836395264,164.199996948242,193.3,9.75,7.0,10.0
307,308,4604,1411812480,413,1411812483,41.1759490966797,-8.60026836395264,165.0,187.3,9.75,5.0,10.0
308,309,4604,1411812481,404,1411812484,41.1758651733398,-8.60027313232422,164.800003051758,184.7,9.5,5.0,10.0
309,310,4604,1411812482,426,1411812485,41.1757698059082,-8.60027408599854,165.600006103516,183.4,9.5,5.0,10.0
310,311,4604,1411812483,465,1411812486,41.1756858825684,-8.60028076171875,165.899993896484,182.3,9.5,5.0,10.0
311,312,4604,1411812484,385,1411812487,41.1756057739258,-8.6002779006958,165.399993896484,176.5,10.0,4.0,11.0
312,313,4604,1411812485,416,1411812488,41.1755142211914,-8.60025024414062,165.699996948242,172.3,10.0,4.0,12.0
313,314,4604,1411812486,428,1411812489,41.1754188537598,-8.60022068023682,166.0,170.3,10.0,4.0,12.0
314,315,4604,1411812487,387,1411812490,41.175350189209,-8.60018539428711,165.199996948242,166.1,9.75,4.0,12.0
315,316,4604,1411812488,458,1411812491,41.1752586364746,-8.6001501083374,166.600006103516,161.9,9.75,3.0,12.0
316,317,4604,1411812489,461,1411812492,41.1751708984375,-8.60010433197021,167.0,157.8,9.5,4.0,12.0
317,318,4604,1411812490,464,1411812493,41.1750984191895,-8.60006046295166,167.5,157.8,9.0,4.0,12.0
318,319,4604,1411812491,444,1411812494,41.1750335693359,-8.60001373291016,168.199996948242,156.0,8.0,3.0,12.0
319,320,4604,1411812492,947,1411812495,41.174976348877,-8.59997749328613,168.899993896484,156.8,6.75,3.0,12.0
320,321,4604,1411812493,424,1411812496,41.1749229431152,-8.59994602203369,168.800003051758,156.8,6.75,5.0,12.0
321,322,4604,1411812495,6,1411812497,41.1749000549316,-8.59993076324463,168.699996948242,157.4,3.5,3.0,12.0
322,323,4604,1411812495,498,1411812498,41.1748733520508,-8.59991455078125,168.600006103516,157.4,3.5,5.0,12.0
323,324,4604,1411812496,430,1411812499,41.1748733520508,-8.59991359710693,169.5,149.9,1.25,3.0,12.0
324,325,4604,1411812497,447,1411812500,41.1748733520508,-8.5999059677124,169.800003051758,149.9,0.5,4.0,12.0
325,326,4604,1411812498,430,1411812501,41.174877166748,-8.59990406036377,170.0,149.9,0.25,4.0,12.0
326,327,4604,1411812499,436,1411812502,41.174877166748,-8.59990310668945,170.0,3.0,12.0,,
327,328,4604,1411812500,466,1411812503,41.174877166748,-8.59990406036377,170.0,3.0,12.0,,
328,329,4604,1411812501,454,1411812504,41.174877166748,-8.59990406036377,170.0,5.0,12.0,,
329,330,4604,1411812502,461,1411812505,41.174877166748,-8.59990215301514,169.800003051758,3.0,12.0,,
330,331,4604,1411812503,459,1411812506,41.174877166748,-8.59990215301514,169.800003051758,5.0,12.0,,
331,332,4604,1411812504,462,1411812507,41.1748733520508,-8.59991264343262,170.0,3.0,12.0,,
332,333,4604,1411812505,944,1411812508,41.1748733520508,-8.59991359710693,169.899993896484,3.0,12.0,,
333,334,4604,1411812506,383,1411812509,41.1748733520508,-8.59991455078125,170.0,3.0,12.0,,
334,335,4604,1411812507,419,1411812510,41.1748733520508,-8.59991931915283,169.899993896484,9.0,12.0,,
335,336,4604,1411812508,947,1411812511,41.1748733520508,-8.59992122650146,169.800003051758,9.0,12.0,,
336,337,4604,1411812509,417,1411812512,41.1748733520508,-8.59992122650146,169.800003051758,10.0,12.0,,
337,338,4604,1411812510,943,1411812513,41.1748733520508,-8.59992218017578,169.800003051758,9.0,12.0,,
338,339,4604,1411812511,407,1411812514,41.1748733520508,-8.59992218017578,169.800003051758,10.0,12.0,,
339,340,4604,1411812512,959,1411812515,41.1748733520508,-8.59992122650146,169.800003051758,9.0,11.0,,
340,341,4604,1411812513,506,1411812516,41.1748733520508,-8.59992122650146,169.800003051758,9.0,11.0,,
341,342,4604,1411812514,383,1411812517,41.1748733520508,-8.59992122650146,169.800003051758,9.0,11.0,,
342,343,4604,1411812515,409,1411812518,41.1748733520508,-8.59992122650146,169.800003051758,9.0,11.0,,
343,344,4604,1411812516,935,1411812519,41.1748733520508,-8.59992122650146,169.800003051758,9.0,12.0,,
344,345,4604,1411812517,451,1411812520,41.1748733520508,-8.59992122650146,169.800003051758,9.0,12.0,,
345,346,4604,1411812518,957,1411812521,41.1748733520508,-8.59992122650146,169.800003051758,9.0,12.0,,
346,347,4604,1411812519,420,1411812522,41.1748733520508,-8.59992122650146,169.800003051758,10.0,12.0,,
347,348,4604,1411812520,946,1411812523,41.1748733520508,-8.59992122650146,169.800003051758,9.0,11.0,,
348,349,4604,1411812521,433,1411812524,41.1748733520508,-8.59992122650146,169.800003051758,10.0,11.0,,
349,350,4604,1411812522,439,1411812525,41.1748733520508,-8.59992122650146,169.800003051758,9.0,11.0,,
350,351,4604,1411812523,462,1411812526,41.1748733520508,-8.59992122650146,169.800003051758,9.0,12.0,,
351,352,4604,1411812524,968,1411812527,41.1748733520508,-8.59992027282715,169.699996948242,149.9,0.25,9.0,12.0
352,353,4604,1411812525,461,1411812528,41.1748695373535,-8.59991836547852,169.600006103516,149.9,0.25,10.0,12.0
353,354,4604,1411812527,18,1411812529,41.1748352050781,-8.59991359710693,169.5,164.6,2.0,10.0,11.0
354,355,4604,1411812527,485,1411812530,41.1748199462891,-8.59990787506104,169.300003051758,164.6,2.0,13.0,11.0
355,356,4604,1411812529,32,1411812531,41.1747360229492,-8.59983730316162,169.600006103516,156.0,5.25,3.0,11.0
356,357,4604,1411812529,488,1411812532,41.1746864318848,-8.59980583190918,169.399993896484,156.2,6.25,4.0,11.0
357,358,4604,1411812530,409,1411812533,41.1746253967285,-8.59976291656494,169.899993896484,155.9,7.5,3.0,11.0
358,359,4604,1411812531,394,1411812534,41.1745529174805,-8.5997200012207,170.5,155.8,8.5,3.0,11.0
359,360,4604,1411812532,421,1411812535,41.1744728088379,-8.59967803955078,171.899993896484,157.4,9.5,4.0,11.0
360,361,4604,1411812533,418,1411812536,41.1743965148926,-8.59963989257812,172.0,158.1,9.25,4.0,11.0
361,362,4604,1411812534,452,1411812537,41.1743240356445,-8.5995979309082,172.0,157.9,9.25,4.0,11.0
362,363,4604,1411812535,411,1411812538,41.174243927002,-8.5995512008667,172.0,156.1,9.75,4.0,11.0
363,364,4604,1411812536,406,1411812539,41.1741523742676,-8.5994987487793,173.600006103516,156.6,10.5,3.0,11.0
364,365,4604,1411812537,385,1411812540,41.1740646362305,-8.59944152832031,174.0,157.1,10.75,3.0,11.0
365,366,4604,1411812538,420,1411812541,41.1739768981934,-8.59936332702637,174.199996948242,155.5,11.0,3.0,11.0
366,367,4604,1411812539,449,1411812542,41.173885345459,-8.59930229187012,174.199996948242,153.9,11.25,4.0,11.0
367,368,4604,1411812540,932,1411812543,41.1737937927246,-8.59924793243408,174.300003051758,155.7,11.25,4.0,11.0
368,369,4604,1411812541,512,1411812544,41.173698425293,-8.59920501708984,174.399993896484,156.9,11.25,4.0,11.0
369,370,4604,1411812542,566,1411812545,41.1736030578613,-8.59914779663086,174.5,156.5,11.5,4.0,11.0
370,371,4604,1411812543,531,1411812546,41.1735038757324,-8.59909152984619,174.199996948242,155.5,11.75,4.0,11.0
371,372,4604,1411812544,504,1411812547,41.1734046936035,-8.59903621673584,174.199996948242,156.5,12.0,4.0,11.0
372,373,4604,1411812545,384,1411812548,41.1733055114746,-8.59897804260254,174.899993896484,155.7,12.25,3.0,11.0
373,374,4604,1411812546,456,1411812549,41.1732063293457,-8.59891986846924,175.100006103516,156.4,12.25,4.0,11.0
374,375,4604,1411812547,405,1411812550,41.1731071472168,-8.59886646270752,175.699996948242,158.0,12.25,4.0,11.0
375,376,4604,1411812548,405,1411812551,41.1730079650879,-8.59880828857422,176.0,157.2,12.25,4.0,11.0
376,377,4604,1411812549,391,1411812552,41.1729049682617,-8.59874534606934,175.600006103516,156.5,12.25,4.0,11.0
377,378,4604,1411812550,400,1411812553,41.1728057861328,-8.59868335723877,175.600006103516,155.6,12.25,4.0,11.0
378,379,4604,1411812551,450,1411812554,41.1727066040039,-8.59861660003662,175.100006103516,155.5,12.25,4.0,11.0
379,380,4604,1411812552,938,1411812555,41.172607421875,-8.59855842590332,175.0,156.8,12.25,4.0,11.0
380,381,4604,1411812553,445,1411812556,41.1725044250488,-8.59850215911865,175.100006103516,155.8,12.5,4.0,11.0
381,382,4604,1411812554,448,1411812557,41.1724014282227,-8.59844493865967,176.300003051758,155.9,12.5,4.0,11.0
382,383,4604,1411812555,485,1411812558,41.1722984313965,-8.59837627410889,177.0,156.0,12.5,4.0,11.0
383,384,4604,1411812556,403,1411812559,41.172191619873,-8.59831523895264,178.199996948242,156.3,12.5,4.0,10.0
384,385,4604,1411812557,974,1411812560,41.1720848083496,-8.59825134277344,178.699996948242,155.8,12.75,4.0,10.0
385,386,4604,1411812558,637,1411812561,41.1719818115234,-8.59818172454834,179.800003051758,155.5,12.75,4.0,10.0
386,387,4604,1411812559,474,1411812562,41.171875,-8.59811592102051,180.5,154.0,13.0,4.0,10.0
387,388,4604,1411812560,460,1411812563,41.1717681884766,-8.59805011749268,181.5,155.5,12.75,4.0,10.0
388,389,4604,1411812561,468,1411812564,41.1716651916504,-8.59798717498779,182.0,155.9,12.75,4.0,10.0
389,390,4604,1411812562,455,1411812565,41.1715545654297,-8.59792804718018,182.100006103516,156.2,12.75,3.0,10.0
390,391,4604,1411812563,466,1411812566,41.1714515686035,-8.59786891937256,181.699996948242,157.0,12.75,3.0,11.0
391,392,4604,1411812564,408,1411812567,41.1713447570801,-8.59780693054199,183.600006103516,156.3,12.5,3.0,11.0
392,393,4604,1411812565,411,1411812568,41.1712455749512,-8.59774971008301,184.0,156.4,12.25,4.0,11.0
393,394,4604,1411812566,434,1411812569,41.171142578125,-8.5977029800415,184.300003051758,159.9,12.0,3.0,11.0
394,395,4604,1411812567,472,1411812570,41.1710357666016,-8.5976619720459,184.5,162.4,12.25,4.0,11.0
395,396,4604,1411812568,419,1411812571,41.1709365844727,-8.59762573242188,185.199996948242,165.3,11.75,4.0,11.0
396,397,4604,1411812569,978,1411812572,41.1708297729492,-8.59759044647217,186.399993896484,165.2,11.75,4.0,11.0
397,398,4604,1411812570,516,1411812573,41.1707305908203,-8.59754848480225,186.699996948242,163.1,11.75,4.0,11.0
398,399,4604,1411812571,451,1411812574,41.1706314086914,-8.5975284576416,187.199996948242,169.6,11.25,4.0,11.0
399,400,4604,1411812572,500,1411812575,41.1705322265625,-8.59750461578369,187.100006103516,169.5,11.0,4.0,11.0
400,401,4604,1411812573,395,1411812576,41.1704406738281,-8.59747886657715,187.5,168.4,10.75,4.0,11.0
401,402,4604,1411812574,457,1411812577,41.1703491210938,-8.59744453430176,187.899993896484,164.0,10.5,4.0,11.0
402,403,4604,1411812575,967,1411812578,41.1702575683594,-8.59740829467773,187.699996948242,163.9,10.25,4.0,11.0
403,404,4604,1411812576,634,1411812579,41.1701736450195,-8.59738922119141,186.899993896484,164.8,10.0,4.0,10.0
404,405,4604,1411812577,618,1411812580,41.1700897216797,-8.59736728668213,186.899993896484,166.0,9.5,4.0,11.0
405,406,4604,1411812578,500,1411812581,41.1700134277344,-8.59733104705811,186.199996948242,167.7,9.0,4.0,11.0
406,407,4604,1411812579,520,1411812582,41.1699485778809,-8.59732532501221,186.300003051758,173.0,8.0,4.0,11.0
407,408,4604,1411812580,405,1411812583,41.1698913574219,-8.59733867645264,185.199996948242,178.4,6.5,4.0,11.0
408,409,4604,1411812581,396,1411812584,41.1698532104492,-8.59734344482422,185.300003051758,178.4,4.75,4.0,11.0
409,410,4604,1411812582,445,1411812585,41.1698341369629,-8.59733963012695,185.800003051758,174.8,3.0,4.0,11.0
410,411,4604,1411812583,946,1411812586,41.1698303222656,-8.59733867645264,185.800003051758,166.9,1.25,4.0,11.0
411,412,4604,1411812584,604,1411812587,41.1698341369629,-8.59733963012695,185.899993896484,3.0,10.0,,
412,413,4604,1411812585,606,1411812588,41.1698341369629,-8.59733867645264,185.899993896484,166.9,0.25,4.0,10.0
413,414,4604,1411812586,547,1411812589,41.1698303222656,-8.59733581542969,185.899993896484,3.0,10.0,,
414,415,4604,1411812587,533,1411812590,41.1698303222656,-8.597336769104,185.899993896484,4.0,9.0,,
415,416,4604,1411812588,483,1411812591,41.1698112487793,-8.59733486175537,186.5,191.8,1.75,4.0,9.0
416,417,4604,1411812589,417,1411812592,41.1697769165039,-8.597336769104,186.5,187.3,3.25,4.0,9.0
417,418,4604,1411812590,407,1411812593,41.1697387695312,-8.59733963012695,186.199996948242,183.7,3.75,4.0,10.0
418,419,4604,1411812591,939,1411812594,41.1697044372559,-8.59734153747559,186.699996948242,181.5,3.5,4.0,10.0
419,420,4604,1411812592,620,1411812595,41.1696701049805,-8.59733581542969,187.399993896484,180.0,3.5,4.0,10.0
420,421,4604,1411812593,468,1411812596,41.1696395874023,-8.59733772277832,187.5,179.0,3.5,4.0,9.0
421,422,4604,1411812594,536,1411812597,41.169605255127,-8.59733963012695,187.5,177.9,3.75,4.0,9.0
422,423,4604,1411812595,463,1411812598,41.1695671081543,-8.597336769104,187.399993896484,178.0,4.0,4.0,8.0
423,424,4604,1411812596,403,1411812599,41.1695213317871,-8.59733200073242,187.600006103516,178.0,4.5,4.0,10.0
424,425,4604,1411812597,451,1411812600,41.1694793701172,-8.59733009338379,187.800003051758,179.7,4.5,4.0,10.0
425,426,4604,1411812598,457,1411812601,41.1694374084473,-8.59733581542969,190.399993896484,182.2,4.25,4.0,9.0
426,427,4604,1411812599,413,1411812602,41.1693954467773,-8.5973424911499,191.600006103516,184.2,4.25,4.0,9.0
427,428,4604,1411812600,398,1411812603,41.169361114502,-8.59734916687012,192.300003051758,185.0,4.0,4.0,8.0
428,429,4604,1411812601,462,1411812604,41.1693344116211,-8.59735584259033,192.0,185.9,3.0,4.0,8.0
429,430,4604,1411812602,433,1411812605,41.1693115234375,-8.59736061096191,192.600006103516,186.1,2.5,4.0,8.0
430,431,4604,1411812603,469,1411812606,41.1692962646484,-8.59736442565918,193.300003051758,186.6,2.25,4.0,8.0
431,432,4604,1411812604,494,1411812607,41.1692771911621,-8.59736633300781,193.399993896484,186.5,2.0,4.0,8.0
432,433,4604,1411812605,389,1411812608,41.169261932373,-8.59737205505371,192.899993896484,188.5,2.0,4.0,9.0
433,434,4604,1411812606,390,1411812609,41.1692543029785,-8.59737682342529,194.399993896484,188.0,1.25,4.0,9.0
434,435,4604,1411812607,391,1411812610,41.169246673584,-8.59738159179688,195.300003051758,184.7,1.0,4.0,9.0
435,436,4604,1411812608,953,1411812611,41.1692428588867,-8.59738540649414,196.199996948242,177.5,0.75,4.0,9.0
436,437,4604,1411812609,477,1411812612,41.1692543029785,-8.59739589691162,197.0,4.0,9.0,,
437,438,4604,1411812610,508,1411812613,41.169261932373,-8.59739971160889,197.0,4.0,9.0,,
438,439,4604,1411812611,519,1411812614,41.1692657470703,-8.59740257263184,196.899993896484,4.0,9.0,,
439,440,4604,1411812612,984,1411812615,41.1692657470703,-8.59740543365479,197.300003051758,4.0,9.0,,
440,441,4604,1411812613,409,1411812616,41.1692657470703,-8.5974063873291,197.699996948242,3.0,9.0,,
441,442,4604,1411812614,933,1411812617,41.1692695617676,-8.59740734100342,197.600006103516,4.0,9.0,,
442,443,4604,1411812615,568,1411812618,41.1692695617676,-8.59740829467773,197.899993896484,4.0,9.0,,
443,444,4604,1411812616,430,1411812619,41.1692695617676,-8.59740829467773,197.699996948242,4.0,9.0,,
444,445,4604,1411812617,456,1411812620,41.1692657470703,-8.59740924835205,197.699996948242,4.0,9.0,,
445,446,4604,1411812618,449,1411812621,41.1692657470703,-8.59740924835205,197.699996948242,3.0,9.0,,
446,447,4604,1411812619,490,1411812622,41.1692657470703,-8.59740734100342,198.199996948242,3.0,9.0,,
447,448,4604,1411812620,476,1411812623,41.169261932373,-8.59740734100342,198.199996948242,3.0,9.0,,
448,449,4604,1411812621,969,1411812624,41.169261932373,-8.5974063873291,198.199996948242,3.0,9.0,,
449,450,4604,1411812622,468,1411812625,41.169261932373,-8.5974063873291,198.199996948242,3.0,9.0,,
450,451,4604,1411812623,998,1411812626,41.169261932373,-8.5974063873291,198.199996948242,3.0,9.0,,
451,452,4604,1411812624,485,1411812627,41.169261932373,-8.5974063873291,198.199996948242,3.0,9.0,,
452,453,4604,1411812625,505,1411812628,41.169261932373,-8.5974063873291,198.199996948242,3.0,8.0,,
453,454,4604,1411812626,402,1411812629,41.169261932373,-8.5974063873291,198.199996948242,3.0,8.0,,
454,455,4604,1411812627,434,1411812630,41.169261932373,-8.5974063873291,198.199996948242,3.0,8.0,,
455,456,4604,1411812629,9,1411812631,41.169261932373,-8.5974063873291,198.199996948242,4.0,7.0,,
456,457,4604,1411812629,663,1411812632,41.169261932373,-8.5974063873291,198.199996948242,4.0,7.0,,
457,458,4604,1411812630,530,1411812633,41.169261932373,-8.5974063873291,198.199996948242,4.0,7.0,,
458,459,4604,1411812631,528,1411812634,41.169261932373,-8.5974063873291,198.199996948242,10.0,7.0,,
459,460,4604,1411812632,505,1411812635,41.169261932373,-8.5974063873291,198.199996948242,10.0,7.0,,
460,461,4604,1411812633,439,1411812636,41.169261932373,-8.5974063873291,198.199996948242,10.0,7.0,,
461,462,4604,1411812634,459,1411812637,41.169261932373,-8.5974063873291,198.199996948242,10.0,8.0,,
462,463,4604,1411812635,458,1411812638,41.169261932373,-8.5974063873291,198.199996948242,10.0,9.0,,
463,464,4604,1411812637,10,1411812639,41.169261932373,-8.5974063873291,198.199996948242,11.0,9.0,,
464,465,4604,1411812637,656,1411812640,41.169261932373,-8.5974063873291,198.199996948242,11.0,9.0,,
465,466,4604,1411812638,651,1411812641,41.169261932373,-8.5974063873291,198.199996948242,11.0,9.0,,
466,467,4604,1411812639,581,1411812642,41.169261932373,-8.5974063873291,198.199996948242,11.0,9.0,,
467,468,4604,1411812640,538,1411812643,41.169261932373,-8.5974063873291,198.199996948242,10.0,9.0,,
468,469,4604,1411812641,442,1411812644,41.169261932373,-8.5974063873291,198.199996948242,10.0,9.0,,
469,470,4604,1411812642,456,1411812645,41.169261932373,-8.5974063873291,198.199996948242,10.0,9.0,,
470,471,4604,1411812643,453,1411812646,41.169261932373,-8.5974063873291,198.199996948242,10.0,9.0,,
471,472,4604,1411812644,956,1411812647,41.169261932373,-8.5974063873291,198.199996948242,10.0,9.0,,
472,473,4604,1411812645,453,1411812648,41.169261932373,-8.5974063873291,198.199996948242,10.0,9.0,,
473,474,4604,1411812646,964,1411812649,41.169261932373,-8.5974063873291,198.199996948242,10.0,9.0,,
474,475,4604,1411812647,531,1411812650,41.169261932373,-8.5974063873291,198.100006103516,11.0,10.0,,
475,476,4604,1411812648,535,1411812651,41.169261932373,-8.5974063873291,198.100006103516,11.0,10.0,,
476,477,4604,1411812649,454,1411812652,41.169261932373,-8.5974063873291,198.100006103516,11.0,10.0,,
477,478,4604,1411812650,437,1411812653,41.169261932373,-8.5974063873291,198.100006103516,11.0,10.0,,
478,479,4604,1411812651,443,1411812654,41.169261932373,-8.5974063873291,198.100006103516,11.0,10.0,,
479,480,4604,1411812652,973,1411812655,41.169261932373,-8.5974063873291,198.100006103516,11.0,10.0,,
480,481,4604,1411812653,684,1411812656,41.169261932373,-8.5974063873291,198.100006103516,11.0,10.0,,
481,482,4604,1411812654,443,1411812657,41.169261932373,-8.5974063873291,198.100006103516,11.0,10.0,,
482,483,4604,1411812655,392,1411812658,41.169261932373,-8.5974063873291,198.100006103516,11.0,9.0,,
483,484,4604,1411812656,393,1411812659,41.169261932373,-8.5974063873291,198.100006103516,11.0,10.0,,
484,485,4604,1411812657,460,1411812660,41.169261932373,-8.5974063873291,198.100006103516,10.0,9.0,,
485,486,4604,1411812658,454,1411812661,41.169261932373,-8.5974063873291,198.100006103516,10.0,9.0,,
486,487,4604,1411812659,391,1411812662,41.169261932373,-8.5974063873291,198.100006103516,10.0,9.0,,
487,488,4604,1411812660,393,1411812663,41.169261932373,-8.5974063873291,198.100006103516,9.0,9.0,,
488,489,4604,1411812661,454,1411812664,41.169261932373,-8.59740543365479,198.399993896484,9.0,9.0,,
489,490,4604,1411812662,453,1411812665,41.1692581176758,-8.59740543365479,198.399993896484,9.0,9.0,,
490,491,4604,1411812663,458,1411812666,41.1692581176758,-8.59740543365479,198.399993896484,9.0,9.0,,
491,492,4604,1411812664,461,1411812667,41.1692581176758,-8.59740543365479,198.399993896484,9.0,9.0,,
492,493,4604,1411812665,411,1411812668,41.1692581176758,-8.59740543365479,198.399993896484,9.0,10.0,,
493,494,4604,1411812666,402,1411812669,41.1692581176758,-8.59740543365479,198.399993896484,9.0,9.0,,
494,495,4604,1411812667,422,1411812670,41.1692581176758,-8.59740543365479,198.399993896484,9.0,9.0,,
495,496,4604,1411812668,981,1411812671,41.1692581176758,-8.59740543365479,198.399993896484,9.0,9.0,,
496,497,4604,1411812669,587,1411812672,41.1692581176758,-8.59740543365479,198.5,9.0,9.0,,
497,498,4604,1411812670,600,1411812673,41.1692581176758,-8.59740543365479,198.5,9.0,9.0,,
498,499,4604,1411812671,578,1411812674,41.1692581176758,-8.59740543365479,198.5,9.0,10.0,,
499,500,4604,1411812672,547,1411812675,41.1692581176758,-8.59740543365479,198.5,10.0,9.0,,
500,501,4604,1411812673,537,1411812676,41.1692581176758,-8.59740543365479,198.5,10.0,8.0,,
501,502,4604,1411812674,460,1411812677,41.1692581176758,-8.59740543365479,198.5,10.0,8.0,,
502,503,4604,1411812675,431,1411812678,41.1692581176758,-8.59740543365479,198.5,10.0,9.0,,
503,504,4604,1411812677,4,1411812679,41.1692581176758,-8.59740543365479,198.5,10.0,9.0,,
504,505,4604,1411812677,667,1411812680,41.1692581176758,-8.59740543365479,198.5,10.0,9.0,,
505,506,4604,1411812678,643,1411812681,41.1692581176758,-8.59740543365479,198.5,10.0,9.0,,
506,507,4604,1411812679,574,1411812682,41.1692581176758,-8.59740543365479,198.5,9.0,9.0,,
507,508,4604,1411812680,458,1411812683,41.1692581176758,-8.59740543365479,198.5,9.0,9.0,,
508,509,4604,1411812681,457,1411812684,41.1692581176758,-8.59740543365479,198.5,9.0,8.0,,
509,510,4604,1411812682,434,1411812685,41.1692581176758,-8.59740543365479,198.5,9.0,8.0,,
510,511,4604,1411812683,466,1411812686,41.1692581176758,-8.59740543365479,198.5,9.0,9.0,,
511,512,4604,1411812684,459,1411812687,41.1692581176758,-8.59740543365479,198.5,9.0,9.0,,
512,513,4604,1411812685,972,1411812688,41.1692581176758,-8.59740543365479,198.5,9.0,9.0,,
513,514,4604,1411812686,638,1411812689,41.1692581176758,-8.59740543365479,198.5,9.0,10.0,,
514,515,4604,1411812687,607,1411812690,41.1692581176758,-8.59740543365479,198.5,9.0,10.0,,
515,516,4604,1411812688,536,1411812691,41.1692581176758,-8.59740543365479,198.5,9.0,10.0,,
516,517,4604,1411812689,506,1411812692,41.1692581176758,-8.59740543365479,198.5,9.0,10.0,,
517,518,4604,1411812690,445,1411812693,41.1692581176758,-8.59740543365479,198.5,9.0,10.0,,
518,519,4604,1411812691,412,1411812694,41.1692581176758,-8.59740543365479,198.5,9.0,10.0,,
519,520,4604,1411812692,931,1411812695,41.1692581176758,-8.59740543365479,198.5,9.0,10.0,,
520,521,4604,1411812693,632,1411812696,41.1692581176758,-8.59740543365479,198.5,9.0,10.0,,
521,522,4604,1411812694,579,1411812697,41.1692581176758,-8.59740543365479,198.5,9.0,10.0,,
522,523,4604,1411812695,608,1411812698,41.1692581176758,-8.59740543365479,198.5,9.0,10.0,,
523,524,4604,1411812696,552,1411812699,41.1692581176758,-8.59740543365479,198.5,10.0,10.0,,
524,525,4604,1411812697,546,1411812700,41.1692581176758,-8.59740543365479,198.5,10.0,10.0,,
525,526,4604,1411812698,444,1411812701,41.1692581176758,-8.59740543365479,198.5,10.0,10.0,,
526,527,4604,1411812699,449,1411812702,41.1692581176758,-8.59740543365479,198.5,10.0,10.0,,
527,528,4604,1411812700,447,1411812703,41.1692581176758,-8.59740543365479,198.5,10.0,10.0,,
528,529,4604,1411812702,15,1411812704,41.1692581176758,-8.59740543365479,198.5,9.0,10.0,,
529,530,4604,1411812702,655,1411812705,41.1692581176758,-8.59740543365479,198.5,10.0,10.0,,
530,531,4604,1411812703,568,1411812706,41.1692581176758,-8.59740543365479,198.5,10.0,10.0,,
531,532,4604,1411812704,589,1411812707,41.1692581176758,-8.59740543365479,198.5,10.0,11.0,,
532,533,4604,1411812705,478,1411812708,41.1692581176758,-8.59740543365479,198.5,10.0,10.0,,
533,534,4604,1411812706,438,1411812709,41.1692581176758,-8.59740543365479,198.5,10.0,10.0,,
534,535,4604,1411812707,462,1411812710,41.1692581176758,-8.59740543365479,198.5,10.0,10.0,,
535,536,4604,1411812708,502,1411812711,41.1692581176758,-8.59740543365479,198.5,9.0,10.0,,
536,537,4604,1411812709,995,1411812712,41.1692581176758,-8.59740543365479,198.5,9.0,10.0,,
537,538,4604,1411812710,558,1411812713,41.1692581176758,-8.59740543365479,198.5,9.0,10.0,,
538,539,4604,1411812711,608,1411812714,41.1692581176758,-8.59740543365479,198.5,9.0,10.0,,
539,540,4604,1411812712,459,1411812715,41.1692581176758,-8.59740543365479,198.5,9.0,11.0,,
540,541,4604,1411812713,963,1411812716,41.1692581176758,-8.59740447998047,198.5,9.0,11.0,,
541,542,4604,1411812714,467,1411812717,41.1692581176758,-8.59740447998047,198.5,9.0,11.0,,
542,543,4604,1411812715,455,1411812718,41.1692581176758,-8.59740447998047,198.5,9.0,11.0,,
543,544,4604,1411812716,415,1411812719,41.1692581176758,-8.59740447998047,198.5,9.0,10.0,,
544,545,4604,1411812717,974,1411812720,41.1692581176758,-8.59740447998047,198.5,9.0,10.0,,
545,546,4604,1411812718,671,1411812721,41.1692581176758,-8.59740447998047,198.5,9.0,10.0,,
546,547,4604,1411812719,599,1411812722,41.1692581176758,-8.59740447998047,198.5,9.0,10.0,,
547,548,4604,1411812720,578,1411812723,41.1692581176758,-8.59740447998047,198.800003051758,9.0,10.0,,
548,549,4604,1411812721,511,1411812724,41.1692581176758,-8.59740352630615,198.800003051758,9.0,10.0,,
549,550,4604,1411812722,464,1411812725,41.1692581176758,-8.59740352630615,198.800003051758,9.0,10.0,,
550,551,4604,1411812723,414,1411812726,41.1692581176758,-8.59740352630615,198.800003051758,9.0,9.0,,
551,552,4604,1411812724,418,1411812727,41.1692581176758,-8.59740352630615,198.699996948242,9.0,9.0,,
552,553,4604,1411812726,2,1411812728,41.1692581176758,-8.59740352630615,198.699996948242,9.0,9.0,,
553,554,4604,1411812726,611,1411812729,41.1692581176758,-8.59740352630615,198.699996948242,9.0,9.0,,
554,555,4604,1411812727,603,1411812730,41.1692581176758,-8.59740352630615,198.699996948242,9.0,9.0,,
555,556,4604,1411812728,555,1411812731,41.1692581176758,-8.59740352630615,198.699996948242,9.0,9.0,,
556,557,4604,1411812729,531,1411812732,41.1692581176758,-8.59740352630615,198.699996948242,9.0,9.0,,
557,558,4604,1411812730,408,1411812733,41.1692581176758,-8.59740352630615,198.699996948242,9.0,10.0,,
558,559,4604,1411812731,458,1411812734,41.1692581176758,-8.59740352630615,198.699996948242,9.0,10.0,,
559,560,4604,1411812732,434,1411812735,41.1692581176758,-8.59740352630615,198.800003051758,9.0,10.0,,
560,561,4604,1411812733,997,1411812736,41.1692581176758,-8.59740352630615,198.800003051758,9.0,10.0,,
561,562,4604,1411812734,618,1411812737,41.1692581176758,-8.59740352630615,198.800003051758,9.0,10.0,,
562,563,4604,1411812735,622,1411812738,41.1692581176758,-8.59740352630615,198.800003051758,9.0,10.0,,
563,564,4604,1411812736,589,1411812739,41.1692581176758,-8.59740352630615,198.800003051758,9.0,10.0,,
564,565,4604,1411812737,525,1411812740,41.1692581176758,-8.59740352630615,198.800003051758,9.0,10.0,,
565,566,4604,1411812738,459,1411812741,41.1692581176758,-8.59740352630615,198.800003051758,9.0,10.0,,
566,567,4604,1411812739,446,1411812742,41.1692581176758,-8.59740352630615,198.800003051758,9.0,10.0,,
567,568,4604,1411812740,442,1411812743,41.1692581176758,-8.59740352630615,198.800003051758,9.0,10.0,,
568,569,4604,1411812741,458,1411812744,41.1692581176758,-8.59740352630615,198.800003051758,9.0,10.0,,
569,570,4604,1411812742,998,1411812745,41.1692581176758,-8.59740352630615,198.800003051758,9.0,10.0,,
570,571,4604,1411812743,608,1411812746,41.1692581176758,-8.59740352630615,198.800003051758,9.0,10.0,,
571,572,4604,1411812744,599,1411812747,41.1692581176758,-8.59740352630615,198.800003051758,9.0,10.0,,
572,573,4604,1411812745,514,1411812748,41.1692581176758,-8.59740352630615,198.800003051758,9.0,10.0,,
573,574,4604,1411812746,436,1411812749,41.1692581176758,-8.59740352630615,198.800003051758,9.0,10.0,,
574,575,4604,1411812747,412,1411812750,41.1692581176758,-8.59740352630615,198.800003051758,9.0,10.0,,
575,576,4604,1411812748,485,1411812751,41.1692581176758,-8.59740352630615,198.800003051758,9.0,10.0,,
576,577,4604,1411812750,15,1411812752,41.1692581176758,-8.59740352630615,198.800003051758,9.0,10.0,,
577,578,4604,1411812750,406,1411812753,41.1692581176758,-8.59740352630615,198.800003051758,9.0,9.0,,
578,579,4604,1411812751,462,1411812754,41.1692581176758,-8.59740352630615,198.800003051758,9.0,9.0,,
579,580,4604,1411812752,453,1411812755,41.1692581176758,-8.59740352630615,198.800003051758,9.0,9.0,,
580,581,4604,1411812753,433,1411812756,41.1692581176758,-8.59740352630615,198.800003051758,9.0,9.0,,
581,582,4604,1411812754,470,1411812757,41.1692581176758,-8.59740352630615,198.800003051758,9.0,9.0,,
582,583,4604,1411812755,454,1411812758,41.1692581176758,-8.59740352630615,198.800003051758,9.0,9.0,,
583,584,4604,1411812756,440,1411812759,41.1692581176758,-8.59740352630615,198.800003051758,9.0,9.0,,
584,585,4604,1411812757,991,1411812760,41.1692581176758,-8.59740352630615,198.800003051758,9.0,9.0,,
585,586,4604,1411812758,592,1411812761,41.1692581176758,-8.59740352630615,198.800003051758,9.0,9.0,,
586,587,4604,1411812759,577,1411812762,41.1692581176758,-8.59740352630615,198.800003051758,9.0,9.0,,
587,588,4604,1411812760,518,1411812763,41.1692581176758,-8.59740352630615,198.800003051758,9.0,9.0,,
588,589,4604,1411812761,486,1411812764,41.1692581176758,-8.59740352630615,198.800003051758,9.0,9.0,,
589,590,4604,1411812762,467,1411812765,41.1692581176758,-8.59740352630615,198.800003051758,9.0,9.0,,
590,591,4604,1411812763,454,1411812766,41.1692581176758,-8.59740352630615,198.800003051758,9.0,9.0,,
591,592,4604,1411812764,441,1411812767,41.1692581176758,-8.59740352630615,198.800003051758,9.0,9.0,,
592,593,4604,1411812766,29,1411812768,41.1692581176758,-8.59740352630615,198.800003051758,9.0,8.0,,
593,594,4604,1411812766,606,1411812769,41.1692581176758,-8.59740352630615,198.800003051758,9.0,8.0,,
594,595,4604,1411812767,584,1411812770,41.1692581176758,-8.59740352630615,198.800003051758,9.0,8.0,,
595,596,4604,1411812768,615,1411812771,41.1692581176758,-8.59740352630615,198.800003051758,9.0,8.0,,
596,597,4604,1411812769,535,1411812772,41.1692581176758,-8.59740352630615,198.800003051758,9.0,8.0,,
597,598,4604,1411812770,512,1411812773,41.1692581176758,-8.59740352630615,198.800003051758,9.0,8.0,,
598,599,4604,1411812771,459,1411812774,41.1692581176758,-8.59740352630615,198.800003051758,9.0,7.0,,
599,600,4604,1411812772,434,1411812775,41.1692543029785,-8.59740352630615,198.800003051758,9.0,7.0,,
600,601,4604,1411812773,952,1411812776,41.1692543029785,-8.59740352630615,198.899993896484,9.0,7.0,,
601,602,4604,1411812774,666,1411812777,41.1692543029785,-8.59740352630615,198.899993896484,9.0,8.0,,
602,603,4604,1411812775,559,1411812778,41.1692543029785,-8.59740257263184,198.899993896484,9.0,8.0,,
603,604,4604,1411812776,591,1411812779,41.1692543029785,-8.59740257263184,198.899993896484,9.0,8.0,,
604,605,4604,1411812777,505,1411812780,41.1692543029785,-8.59740257263184,198.899993896484,9.0,8.0,,
605,606,4604,1411812778,507,1411812781,41.1692543029785,-8.59740257263184,198.899993896484,9.0,8.0,,
606,607,4604,1411812779,423,1411812782,41.1692543029785,-8.59740257263184,198.899993896484,9.0,8.0,,
607,608,4604,1411812780,417,1411812783,41.1692543029785,-8.59740161895752,199.100006103516,9.0,8.0,,
608,609,4604,1411812781,465,1411812784,41.1692543029785,-8.59740161895752,199.100006103516,9.0,8.0,,
609,610,4604,1411812782,961,1411812785,41.1692543029785,-8.5974006652832,199.199996948242,9.0,8.0,,
610,611,4604,1411812783,652,1411812786,41.1692543029785,-8.5974006652832,199.199996948242,9.0,8.0,,
611,612,4604,1411812784,593,1411812787,41.1692543029785,-8.5974006652832,199.199996948242,9.0,8.0,,
612,613,4604,1411812785,552,1411812788,41.1692543029785,-8.5974006652832,199.199996948242,9.0,8.0,,
613,614,4604,1411812786,462,1411812789,41.1692543029785,-8.5974006652832,199.199996948242,9.0,8.0,,
614,615,4604,1411812787,423,1411812790,41.1692543029785,-8.5974006652832,199.199996948242,9.0,8.0,,
615,616,4604,1411812788,457,1411812791,41.1692543029785,-8.5974006652832,199.199996948242,9.0,8.0,,
616,617,4604,1411812790,3,1411812792,41.1692543029785,-8.5974006652832,199.199996948242,9.0,8.0,,
617,618,4604,1411812790,605,1411812793,41.1692543029785,-8.5974006652832,199.199996948242,9.0,8.0,,
618,619,4604,1411812791,652,1411812794,41.1692543029785,-8.5974006652832,199.300003051758,9.0,8.0,,
619,620,4604,1411812792,567,1411812795,41.1692543029785,-8.5974006652832,199.300003051758,9.0,8.0,,
620,621,4604,1411812793,539,1411812796,41.1692543029785,-8.5974006652832,199.300003051758,9.0,8.0,,
621,622,4604,1411812794,502,1411812797,41.1692543029785,-8.5974006652832,199.300003051758,9.0,8.0,,
622,623,4604,1411812795,497,1411812798,41.1692543029785,-8.59739971160889,199.300003051758,9.0,8.0,,
623,624,4604,1411812796,433,1411812799,41.1692543029785,-8.59739971160889,199.300003051758,9.0,8.0,,
624,625,4604,1411812798,5,1411812800,41.1692543029785,-8.59739971160889,199.300003051758,9.0,8.0,,
625,626,4604,1411812798,651,1411812801,41.1692543029785,-8.59739971160889,199.300003051758,3.0,8.0,,
626,627,4604,1411812799,656,1411812802,41.1692543029785,-8.59739971160889,199.300003051758,3.0,8.0,,
627,628,4604,1411812800,547,1411812803,41.1692543029785,-8.59739971160889,199.300003051758,3.0,8.0,,
628,629,4604,1411812801,510,1411812804,41.1692543029785,-8.59739971160889,199.300003051758,3.0,8.0,,
629,630,4604,1411812802,521,1411812805,41.1692543029785,-8.59739971160889,199.300003051758,3.0,8.0,,
630,631,4604,1411812803,420,1411812806,41.1692543029785,-8.59739971160889,199.300003051758,3.0,8.0,,
631,632,4604,1411812804,450,1411812807,41.1692543029785,-8.59739971160889,199.300003051758,3.0,8.0,,
632,633,4604,1411812805,995,1411812808,41.1692543029785,-8.59739971160889,199.300003051758,3.0,8.0,,
633,634,4604,1411812806,549,1411812809,41.1692543029785,-8.5974006652832,199.300003051758,3.0,8.0,,
634,635,4604,1411812807,601,1411812810,41.1692543029785,-8.5974006652832,199.300003051758,3.0,8.0,,
635,636,4604,1411812808,601,1411812811,41.1692543029785,-8.5974006652832,199.300003051758,3.0,8.0,,
636,637,4604,1411812809,446,1411812812,41.1692543029785,-8.5974006652832,199.300003051758,3.0,8.0,,
637,638,4604,1411812810,512,1411812813,41.1692543029785,-8.5974006652832,199.300003051758,3.0,8.0,,
638,639,4604,1411812811,452,1411812814,41.1692543029785,-8.5974006652832,199.300003051758,3.0,8.0,,
639,640,4604,1411812812,496,1411812815,41.1692543029785,-8.5974006652832,199.300003051758,3.0,8.0,,
640,641,4604,1411812813,502,1411812816,41.1692543029785,-8.5974006652832,199.300003051758,3.0,8.0,,
641,642,4604,1411812814,577,1411812817,41.1692543029785,-8.5974006652832,199.300003051758,3.0,8.0,,
642,643,4604,1411812815,628,1411812818,41.1692543029785,-8.5974006652832,199.300003051758,3.0,8.0,,
643,644,4604,1411812816,585,1411812819,41.1692543029785,-8.59739971160889,199.300003051758,3.0,9.0,,
644,645,4604,1411812817,549,1411812820,41.1692543029785,-8.59739971160889,199.300003051758,3.0,9.0,,
645,646,4604,1411812818,508,1411812821,41.1692543029785,-8.59739971160889,199.300003051758,3.0,9.0,,
646,647,4604,1411812819,488,1411812822,41.1692543029785,-8.59739971160889,199.300003051758,3.0,9.0,,
647,648,4604,1411812820,431,1411812823,41.1692543029785,-8.59739971160889,199.399993896484,3.0,9.0,,
648,649,4604,1411812821,968,1411812824,41.1692543029785,-8.59739971160889,199.399993896484,3.0,9.0,,
649,650,4604,1411812822,449,1411812825,41.1692543029785,-8.59739971160889,199.399993896484,3.0,9.0,,
650,651,4604,1411812823,978,1411812826,41.1692504882812,-8.59739971160889,199.399993896484,3.0,9.0,,
651,652,4604,1411812824,577,1411812827,41.1692504882812,-8.59739971160889,199.399993896484,3.0,9.0,,
652,653,4604,1411812825,522,1411812828,41.1692504882812,-8.59739971160889,199.399993896484,3.0,9.0,,
653,654,4604,1411812826,440,1411812829,41.1692504882812,-8.59739875793457,199.399993896484,3.0,9.0,,
654,655,4604,1411812827,465,1411812830,41.1692504882812,-8.59739875793457,199.5,3.0,9.0,,
655,656,4604,1411812828,456,1411812831,41.1692504882812,-8.59739875793457,199.5,3.0,9.0,,
656,657,4604,1411812829,453,1411812832,41.1692504882812,-8.59739875793457,199.5,3.0,9.0,,
657,658,4604,1411812830,473,1411812833,41.1692504882812,-8.59739875793457,199.5,3.0,9.0,,
658,659,4604,1411812831,992,1411812834,41.1692504882812,-8.59739875793457,199.5,3.0,9.0,,
659,660,4604,1411812832,661,1411812835,41.1692504882812,-8.59739875793457,199.5,3.0,9.0,,
660,661,4604,1411812833,572,1411812836,41.1692504882812,-8.59739875793457,199.5,3.0,9.0,,
661,662,4604,1411812834,508,1411812837,41.1692504882812,-8.59739875793457,199.5,3.0,9.0,,
662,663,4604,1411812835,471,1411812838,41.1692504882812,-8.59739875793457,199.5,3.0,9.0,,
663,664,4604,1411812836,418,1411812839,41.1692504882812,-8.59739875793457,199.5,3.0,9.0,,
664,665,4604,1411812837,948,1411812840,41.1692504882812,-8.59739875793457,199.5,3.0,9.0,,
665,666,4604,1411812838,705,1411812841,41.1692504882812,-8.59739875793457,199.5,3.0,10.0,,
666,667,4604,1411812839,587,1411812842,41.1692504882812,-8.59739875793457,199.5,3.0,10.0,,
667,668,4604,1411812840,581,1411812843,41.1692504882812,-8.59739875793457,199.5,3.0,10.0,,
668,669,4604,1411812841,498,1411812844,41.1692504882812,-8.59739875793457,199.5,3.0,10.0,,
669,670,4604,1411812842,527,1411812845,41.1692504882812,-8.59739875793457,199.5,3.0,10.0,,
670,671,4604,1411812843,410,1411812846,41.1692504882812,-8.59739875793457,199.5,3.0,10.0,,
671,672,4604,1411812844,479,1411812847,41.1692504882812,-8.59739875793457,199.5,3.0,10.0,,
672,673,4604,1411812845,487,1411812848,41.1692504882812,-8.59739875793457,199.5,3.0,10.0,,
673,674,4604,1411812846,587,1411812849,41.1692504882812,-8.59739875793457,199.600006103516,3.0,10.0,,
674,675,4604,1411812847,653,1411812850,41.1692504882812,-8.59739875793457,199.600006103516,3.0,10.0,,
675,676,4604,1411812848,607,1411812851,41.1692504882812,-8.59739875793457,199.600006103516,3.0,10.0,,
676,677,4604,1411812849,482,1411812852,41.1692504882812,-8.59739875793457,199.600006103516,3.0,10.0,,
677,678,4604,1411812850,475,1411812853,41.1692504882812,-8.59739875793457,199.600006103516,3.0,10.0,,
678,679,4604,1411812851,414,1411812854,41.1692504882812,-8.59739875793457,199.600006103516,3.0,10.0,,
679,680,4604,1411812852,484,1411812855,41.1692504882812,-8.59739875793457,199.600006103516,3.0,10.0,,
680,681,4604,1411812853,998,1411812856,41.1692504882812,-8.59739875793457,199.600006103516,3.0,10.0,,
681,682,4604,1411812854,607,1411812857,41.1692504882812,-8.59739875793457,199.600006103516,3.0,10.0,,
682,683,4604,1411812855,637,1411812858,41.1692504882812,-8.59739875793457,199.600006103516,3.0,10.0,,
683,684,4604,1411812856,591,1411812859,41.1692504882812,-8.59739875793457,199.600006103516,3.0,9.0,,
684,685,4604,1411812857,454,1411812860,41.1692504882812,-8.59739875793457,199.600006103516,3.0,9.0,,
685,686,4604,1411812858,484,1411812861,41.1692504882812,-8.59739875793457,199.600006103516,3.0,9.0,,
686,687,4604,1411812859,455,1411812862,41.1692504882812,-8.59739875793457,199.600006103516,9.0,9.0,,
687,688,4604,1411812860,448,1411812863,41.1692504882812,-8.59739875793457,199.600006103516,9.0,9.0,,
688,689,4604,1411812861,473,1411812864,41.1692504882812,-8.59739875793457,199.600006103516,9.0,9.0,,
689,690,4604,1411812862,454,1411812865,41.1692504882812,-8.59739875793457,199.600006103516,9.0,9.0,,
690,691,4604,1411812863,465,1411812866,41.1692504882812,-8.59739875793457,199.600006103516,9.0,9.0,,
691,692,4604,1411812865,41,1411812867,41.1692504882812,-8.59739875793457,199.600006103516,9.0,9.0,,
692,693,4604,1411812865,554,1411812868,41.1692504882812,-8.59739875793457,199.600006103516,9.0,9.0,,
693,694,4604,1411812866,525,1411812869,41.1692504882812,-8.59739780426025,199.600006103516,9.0,9.0,,
694,695,4604,1411812867,467,1411812870,41.1692504882812,-8.59739780426025,199.600006103516,9.0,9.0,,
695,696,4604,1411812868,464,1411812871,41.1692504882812,-8.59739780426025,199.600006103516,9.0,9.0,,
696,697,4604,1411812869,505,1411812872,41.1692504882812,-8.59739780426025,199.600006103516,9.0,9.0,,
697,698,4604,1411812871,5,1411812873,41.1692504882812,-8.59739780426025,199.600006103516,9.0,8.0,,
698,699,4604,1411812871,638,1411812874,41.1692504882812,-8.59739780426025,199.600006103516,9.0,8.0,,
699,700,4604,1411812872,578,1411812875,41.1692504882812,-8.59739780426025,199.600006103516,9.0,8.0,,
700,701,4604,1411812873,558,1411812876,41.1692504882812,-8.59739780426025,199.699996948242,9.0,8.0,,
701,702,4604,1411812874,534,1411812877,41.1692504882812,-8.59739780426025,199.699996948242,9.0,8.0,,
702,703,4604,1411812875,505,1411812878,41.1692504882812,-8.59739780426025,199.699996948242,9.0,9.0,,
703,704,4604,1411812876,451,1411812879,41.1692504882812,-8.59739780426025,199.699996948242,9.0,9.0,,
704,705,4604,1411812877,466,1411812880,41.1692504882812,-8.59739780426025,199.699996948242,9.0,9.0,,
705,706,4604,1411812879,9,1411812881,41.1692504882812,-8.59739780426025,199.699996948242,9.0,9.0,,
706,707,4604,1411812879,648,1411812882,41.1692504882812,-8.59739780426025,199.699996948242,9.0,9.0,,
707,708,4604,1411812880,582,1411812883,41.1692504882812,-8.59739780426025,199.699996948242,9.0,8.0,,
708,709,4604,1411812881,536,1411812884,41.1692504882812,-8.59739780426025,199.699996948242,9.0,8.0,,
709,710,4604,1411812882,519,1411812885,41.1692504882812,-8.59739780426025,199.699996948242,9.0,8.0,,
710,711,4604,1411812883,436,1411812886,41.1692504882812,-8.59739780426025,199.699996948242,9.0,8.0,,
711,712,4604,1411812884,467,1411812887,41.1692504882812,-8.59739780426025,199.699996948242,9.0,9.0,,
712,713,4604,1411812885,457,1411812888,41.1692504882812,-8.59739780426025,199.699996948242,9.0,9.0,,
713,714,4604,1411812887,2,1411812889,41.1692504882812,-8.59739780426025,199.699996948242,9.0,9.0,,
714,715,4604,1411812887,673,1411812890,41.1692504882812,-8.59739780426025,199.699996948242,9.0,9.0,,
715,716,4604,1411812888,623,1411812891,41.1692504882812,-8.59739780426025,199.699996948242,9.0,9.0,,
716,717,4604,1411812889,533,1411812892,41.1692504882812,-8.59739780426025,199.699996948242,9.0,9.0,,
717,718,4604,1411812890,530,1411812893,41.1692504882812,-8.59739780426025,199.699996948242,9.0,9.0,,
718,719,4604,1411812891,468,1411812894,41.1692504882812,-8.59739780426025,199.699996948242,9.0,9.0,,
719,720,4604,1411812892,453,1411812895,41.1692504882812,-8.59739780426025,199.699996948242,9.0,9.0,,
720,721,4604,1411812893,458,1411812896,41.1692504882812,-8.59739780426025,199.699996948242,9.0,9.0,,
721,722,4604,1411812894,431,1411812897,41.1692504882812,-8.59739780426025,199.699996948242,9.0,9.0,,
722,723,4604,1411812895,956,1411812898,41.1692504882812,-8.59739780426025,199.800003051758,9.0,9.0,,
723,724,4604,1411812896,610,1411812899,41.1692504882812,-8.59739780426025,199.800003051758,9.0,9.0,,
724,725,4604,1411812897,540,1411812900,41.1692504882812,-8.59739780426025,199.800003051758,9.0,9.0,,
725,726,4604,1411812898,568,1411812901,41.1692504882812,-8.59739780426025,199.800003051758,9.0,9.0,,
726,727,4604,1411812899,462,1411812902,41.1692504882812,-8.59739780426025,199.800003051758,9.0,9.0,,
727,728,4604,1411812900,462,1411812903,41.1692504882812,-8.59739685058594,200.0,9.0,9.0,,
728,729,4604,1411812901,420,1411812904,41.1692504882812,-8.59739685058594,200.0,9.0,9.0,,
729,730,4604,1411812902,467,1411812905,41.169246673584,-8.59739685058594,200.0,9.0,9.0,,
730,731,4604,1411812903,457,1411812906,41.169246673584,-8.59739685058594,200.0,9.0,8.0,,
731,732,4604,1411812904,466,1411812907,41.169246673584,-8.59739685058594,200.0,9.0,8.0,,
732,733,4604,1411812906,20,1411812908,41.169246673584,-8.59739685058594,200.0,9.0,7.0,,
733,734,4604,1411812906,524,1411812909,41.169246673584,-8.59739685058594,200.0,9.0,7.0,,
734,735,4604,1411812907,449,1411812910,41.169246673584,-8.59739685058594,200.0,9.0,7.0,,
735,736,4604,1411812908,415,1411812911,41.169246673584,-8.59739589691162,200.0,9.0,8.0,,
736,737,4604,1411812909,460,1411812912,41.169246673584,-8.59739589691162,200.0,9.0,8.0,,
737,738,4604,1411812910,957,1411812913,41.169246673584,-8.59739589691162,200.0,9.0,8.0,,
738,739,4604,1411812911,652,1411812914,41.169246673584,-8.59739589691162,200.0,9.0,8.0,,
739,740,4604,1411812912,673,1411812915,41.169246673584,-8.59739589691162,200.0,9.0,8.0,,
740,741,4604,1411812913,543,1411812916,41.169246673584,-8.59739589691162,200.100006103516,9.0,8.0,,
741,742,4604,1411812914,503,1411812917,41.169246673584,-8.59739589691162,200.100006103516,9.0,8.0,,
742,743,4604,1411812915,517,1411812918,41.169246673584,-8.59739589691162,200.100006103516,9.0,8.0,,
743,744,4604,1411812916,459,1411812919,41.169246673584,-8.59739589691162,200.100006103516,9.0,8.0,,
744,745,4604,1411812917,503,1411812920,41.169246673584,-8.59739589691162,200.100006103516,9.0,8.0,,
745,746,4604,1411812919,30,1411812921,41.169246673584,-8.59739589691162,200.100006103516,9.0,8.0,,
746,747,4604,1411812919,666,1411812922,41.169246673584,-8.59739589691162,200.100006103516,9.0,8.0,,
747,748,4604,1411812920,574,1411812923,41.169246673584,-8.59739589691162,200.100006103516,9.0,8.0,,
748,749,4604,1411812921,538,1411812924,41.169246673584,-8.59739589691162,200.100006103516,9.0,8.0,,
749,750,4604,1411812922,478,1411812925,41.169246673584,-8.59739589691162,200.100006103516,9.0,8.0,,
750,751,4604,1411812923,459,1411812926,41.169246673584,-8.59739589691162,200.100006103516,9.0,8.0,,
751,752,4604,1411812924,462,1411812927,41.169246673584,-8.59739589691162,200.100006103516,9.0,8.0,,
752,753,4604,1411812925,431,1411812928,41.169246673584,-8.59739589691162,200.100006103516,3.0,8.0,,
753,754,4604,1411812927,1,1411812929,41.169246673584,-8.59739589691162,200.100006103516,3.0,8.0,,
754,755,4604,1411812927,654,1411812930,41.169246673584,-8.59739589691162,200.100006103516,3.0,8.0,,
755,756,4604,1411812928,608,1411812931,41.169246673584,-8.59739589691162,200.100006103516,3.0,8.0,,
756,757,4604,1411812929,560,1411812932,41.169246673584,-8.5973949432373,200.100006103516,3.0,8.0,,
757,758,4604,1411812930,562,1411812933,41.169246673584,-8.5973949432373,200.100006103516,3.0,8.0,,
758,759,4604,1411812931,554,1411812934,41.169246673584,-8.5973949432373,200.100006103516,3.0,8.0,,
759,760,4604,1411812932,490,1411812935,41.169246673584,-8.5973949432373,200.199996948242,3.0,7.0,,
760,761,4604,1411812933,475,1411812936,41.169246673584,-8.5973949432373,200.199996948242,3.0,7.0,,
761,762,4604,1411812934,969,1411812937,41.169246673584,-8.5973949432373,200.199996948242,3.0,7.0,,
762,763,4604,1411812935,658,1411812938,41.169246673584,-8.5973949432373,200.199996948242,3.0,7.0,,
763,764,4604,1411812936,646,1411812939,41.169246673584,-8.5973949432373,200.199996948242,3.0,7.0,,
764,765,4604,1411812937,560,1411812940,41.169246673584,-8.5973949432373,200.199996948242,3.0,8.0,,
765,766,4604,1411812938,567,1411812941,41.169246673584,-8.5973949432373,200.199996948242,3.0,8.0,,
766,767,4604,1411812939,449,1411812942,41.169246673584,-8.5973949432373,200.199996948242,3.0,8.0,,
767,768,4604,1411812940,492,1411812943,41.169246673584,-8.5973949432373,200.199996948242,3.0,7.0,,
768,769,4604,1411812941,433,1411812944,41.169246673584,-8.5973949432373,200.199996948242,3.0,7.0,,
769,770,4604,1411812942,977,1411812945,41.169246673584,-8.5973949432373,200.199996948242,3.0,7.0,,
770,771,4604,1411812943,675,1411812946,41.169246673584,-8.5973949432373,200.199996948242,3.0,8.0,,
771,772,4604,1411812944,647,1411812947,41.169246673584,-8.5973949432373,200.199996948242,3.0,8.0,,
772,773,4604,1411812945,551,1411812948,41.169246673584,-8.5973949432373,200.199996948242,3.0,8.0,,
773,774,4604,1411812946,554,1411812949,41.169246673584,-8.5973949432373,200.199996948242,3.0,8.0,,
774,775,4604,1411812947,529,1411812950,41.169246673584,-8.5973949432373,200.199996948242,3.0,8.0,,
775,776,4604,1411812948,447,1411812951,41.169246673584,-8.5973949432373,200.199996948242,3.0,8.0,,
776,777,4604,1411812949,506,1411812952,41.169246673584,-8.5973949432373,200.199996948242,3.0,8.0,,
777,778,4604,1411812950,951,1411812953,41.169246673584,-8.5973949432373,200.199996948242,3.0,8.0,,
778,779,4604,1411812951,618,1411812954,41.169246673584,-8.5973949432373,200.199996948242,3.0,8.0,,
779,780,4604,1411812952,628,1411812955,41.169246673584,-8.5973949432373,200.199996948242,3.0,8.0,,
780,781,4604,1411812953,552,1411812956,41.169246673584,-8.5973949432373,200.199996948242,3.0,8.0,,
781,782,4604,1411812954,527,1411812957,41.169246673584,-8.5973949432373,200.199996948242,3.0,8.0,,
782,783,4604,1411812955,506,1411812958,41.169246673584,-8.5973949432373,200.199996948242,3.0,8.0,,
783,784,4604,1411812956,424,1411812959,41.169246673584,-8.5973949432373,200.199996948242,3.0,8.0,,
784,785,4604,1411812957,485,1411812960,41.169246673584,-8.5973949432373,200.199996948242,3.0,8.0,,
785,786,4604,1411812959,7,1411812961,41.169246673584,-8.5973949432373,200.199996948242,3.0,8.0,,
786,787,4604,1411812959,632,1411812962,41.169246673584,-8.5973949432373,200.199996948242,3.0,8.0,,
787,788,4604,1411812960,619,1411812963,41.169246673584,-8.5973949432373,200.300003051758,3.0,8.0,,
788,789,4604,1411812961,561,1411812964,41.169246673584,-8.5973949432373,200.300003051758,3.0,8.0,,
789,790,4604,1411812962,558,1411812965,41.169246673584,-8.5973949432373,200.300003051758,3.0,8.0,,
790,791,4604,1411812963,509,1411812966,41.169246673584,-8.5973949432373,200.300003051758,3.0,8.0,,
791,792,4604,1411812964,511,1411812967,41.169246673584,-8.5973949432373,200.300003051758,3.0,8.0,,
792,793,4604,1411812965,467,1411812968,41.169246673584,-8.5973949432373,200.300003051758,3.0,8.0,,
793,794,4604,1411812966,428,1411812969,41.169246673584,-8.5973949432373,200.300003051758,4.0,8.0,,
794,795,4604,1411812967,995,1411812970,41.169246673584,-8.5973949432373,200.300003051758,3.0,8.0,,
795,796,4604,1411812968,655,1411812971,41.169246673584,-8.5973949432373,200.300003051758,4.0,8.0,,
796,797,4604,1411812969,579,1411812972,41.169246673584,-8.5973949432373,200.300003051758,4.0,9.0,,
797,798,4604,1411812970,573,1411812973,41.169246673584,-8.5973949432373,200.300003051758,4.0,9.0,,
798,799,4604,1411812971,452,1411812974,41.169246673584,-8.5973949432373,200.300003051758,5.0,8.0,,
799,800,4604,1411812972,504,1411812975,41.169246673584,-8.5973949432373,200.300003051758,5.0,8.0,,
800,801,4604,1411812973,485,1411812976,41.169246673584,-8.5973949432373,200.300003051758,5.0,8.0,,
801,802,4604,1411812974,496,1411812977,41.169246673584,-8.5973949432373,200.300003051758,6.0,8.0,,
802,803,4604,1411812975,687,1411812978,41.169246673584,-8.5973949432373,200.300003051758,6.0,9.0,,
803,804,4604,1411812976,656,1411812979,41.169246673584,-8.5973949432373,200.300003051758,6.0,10.0,,
804,805,4604,1411812977,637,1411812980,41.169246673584,-8.5973949432373,200.300003051758,6.0,10.0,,
805,806,4604,1411812978,562,1411812981,41.169246673584,-8.5973949432373,200.300003051758,7.0,10.0,,
806,807,4604,1411812979,548,1411812982,41.169246673584,-8.5973949432373,200.300003051758,7.0,10.0,,
807,808,4604,1411812980,462,1411812983,41.169246673584,-8.5973949432373,200.300003051758,7.0,10.0,,
808,809,4604,1411812981,477,1411812984,41.169246673584,-8.5973949432373,200.300003051758,5.0,9.0,,
809,810,4604,1411812982,506,1411812985,41.169246673584,-8.5973949432373,200.300003051758,5.0,8.0,,
810,811,4604,1411812983,667,1411812986,41.169246673584,-8.5973949432373,200.300003051758,4.0,8.0,,
811,812,4604,1411812984,641,1411812987,41.169246673584,-8.5973949432373,200.300003051758,4.0,8.0,,
812,813,4604,1411812985,570,1411812988,41.169246673584,-8.5973949432373,200.300003051758,4.0,8.0,,
813,814,4604,1411812986,529,1411812989,41.169246673584,-8.5973949432373,200.300003051758,4.0,8.0,,
814,815,4604,1411812987,493,1411812990,41.169246673584,-8.5973949432373,200.300003051758,3.0,8.0,,
815,816,4604,1411812988,418,1411812991,41.169246673584,-8.5973949432373,200.300003051758,3.0,8.0,,
816,817,4604,1411812989,462,1411812992,41.169246673584,-8.5973949432373,200.300003051758,4.0,8.0,,
817,818,4604,1411812990,514,1411812993,41.169246673584,-8.5973949432373,200.300003051758,4.0,8.0,,
818,819,4604,1411812991,588,1411812994,41.169246673584,-8.5973949432373,200.300003051758,3.0,9.0,,
819,820,4604,1411812992,667,1411812995,41.169246673584,-8.5973949432373,200.300003051758,3.0,9.0,,
820,821,4604,1411812993,583,1411812996,41.169246673584,-8.5973949432373,200.300003051758,3.0,9.0,,
821,822,4604,1411812994,597,1411812997,41.169246673584,-8.5973949432373,200.300003051758,3.0,9.0,,
822,823,4604,1411812995,574,1411812998,41.169246673584,-8.5973949432373,200.300003051758,3.0,9.0,,
823,824,4604,1411812996,457,1411812999,41.169246673584,-8.5973949432373,200.300003051758,3.0,9.0,,
824,825,4604,1411812997,478,1411813000,41.169246673584,-8.5973949432373,200.300003051758,3.0,9.0,,
825,826,4604,1411812998,454,1411813001,41.169246673584,-8.5973949432373,200.300003051758,3.0,9.0,,
826,827,4604,1411812999,565,1411813002,41.169246673584,-8.5973949432373,200.300003051758,3.0,9.0,,
827,828,4604,1411813000,616,1411813003,41.169246673584,-8.5973949432373,200.300003051758,3.0,9.0,,
828,829,4604,1411813001,612,1411813004,41.169246673584,-8.5973949432373,200.300003051758,3.0,9.0,,
829,830,4604,1411813002,533,1411813005,41.169246673584,-8.5973949432373,200.300003051758,3.0,9.0,,
830,831,4604,1411813003,527,1411813006,41.169246673584,-8.5973949432373,200.300003051758,3.0,9.0,,
831,832,4604,1411813004,502,1411813007,41.169246673584,-8.5973949432373,200.300003051758,3.0,9.0,,
832,833,4604,1411813005,530,1411813008,41.169246673584,-8.5973949432373,200.300003051758,4.0,9.0,,
833,834,4604,1411813006,454,1411813009,41.169246673584,-8.5973949432373,200.300003051758,4.0,9.0,,
834,835,4604,1411813007,533,1411813010,41.169246673584,-8.5973949432373,200.300003051758,4.0,9.0,,
835,836,4604,1411813008,651,1411813011,41.169246673584,-8.5973949432373,200.300003051758,4.0,9.0,,
836,837,4604,1411813009,640,1411813012,41.169246673584,-8.5973949432373,200.300003051758,4.0,9.0,,
837,838,4604,1411813010,532,1411813013,41.169246673584,-8.5973949432373,200.300003051758,5.0,9.0,,
838,839,4604,1411813011,536,1411813014,41.169246673584,-8.5973949432373,200.300003051758,5.0,9.0,,
839,840,4604,1411813012,500,1411813015,41.169246673584,-8.5973949432373,200.300003051758,5.0,9.0,,
840,841,4604,1411813013,503,1411813016,41.169246673584,-8.5973949432373,200.300003051758,5.0,9.0,,
841,842,4604,1411813014,503,1411813017,41.169246673584,-8.5973949432373,200.300003051758,6.0,9.0,,
842,843,4604,1411813015,562,1411813018,41.169246673584,-8.5973949432373,200.300003051758,6.0,9.0,,
843,844,4604,1411813016,433,1411813019,41.169246673584,-8.5973949432373,200.300003051758,6.0,10.0,,
844,845,4604,1411813017,991,1411813020,41.169246673584,-8.5973949432373,200.300003051758,7.0,10.0,,
845,846,4604,1411813018,511,1411813021,41.169246673584,-8.5973949432373,200.300003051758,7.0,9.0,,
846,847,4604,1411813019,498,1411813022,41.169246673584,-8.5973949432373,200.199996948242,8.0,10.0,,
847,848,4604,1411813020,461,1411813023,41.1692428588867,-8.5973949432373,201.0,8.0,10.0,,
848,849,4604,1411813021,454,1411813024,41.1692428588867,-8.59739398956299,201.199996948242,7.0,10.0,,
849,850,4604,1411813022,487,1411813025,41.1692428588867,-8.59739398956299,201.199996948242,7.0,10.0,,
850,851,4604,1411813024,2,1411813026,41.1692390441895,-8.59739303588867,201.0,6.0,10.0,,
851,852,4604,1411813024,631,1411813027,41.1692390441895,-8.59739303588867,201.0,5.0,10.0,,
852,853,4604,1411813025,670,1411813028,41.1692390441895,-8.5973949432373,198.699996948242,177.5,0.25,4.0,10.0
853,854,4604,1411813026,582,1411813029,41.1692390441895,-8.59739589691162,198.300003051758,177.5,0.25,4.0,10.0
854,855,4604,1411813027,498,1411813030,41.1692276000977,-8.5973949432373,196.800003051758,170.6,1.25,4.0,10.0
855,856,4604,1411813028,495,1411813031,41.1692161560059,-8.59739303588867,198.0,171.9,1.5,4.0,10.0
856,857,4604,1411813029,432,1411813032,41.1692047119141,-8.59739303588867,197.800003051758,173.6,1.25,4.0,10.0
857,858,4604,1411813030,444,1411813033,41.1691970825195,-8.59739208221436,198.5,176.3,1.0,4.0,10.0
858,859,4604,1411813032,22,1411813034,41.1691970825195,-8.59739208221436,198.800003051758,3.0,10.0,,
859,860,4604,1411813032,562,1411813035,41.1691970825195,-8.59739017486572,199.300003051758,3.0,10.0,,
860,861,4604,1411813033,580,1411813036,41.1691970825195,-8.59738731384277,199.800003051758,3.0,10.0,,
861,862,4604,1411813034,602,1411813037,41.1691932678223,-8.59738636016846,199.800003051758,4.0,10.0,,
862,863,4604,1411813035,485,1411813038,41.169189453125,-8.59738445281982,199.699996948242,176.3,0.5,4.0,10.0
863,864,4604,1411813036,431,1411813039,41.1691741943359,-8.59738540649414,199.199996948242,182.4,1.0,4.0,10.0
864,865,4604,1411813037,499,1411813040,41.1691398620605,-8.59739017486572,199.300003051758,186.2,3.0,4.0,10.0
865,866,4604,1411813038,477,1411813041,41.1691055297852,-8.59739875793457,199.0,189.6,3.75,4.0,10.0
866,867,4604,1411813039,989,1411813042,41.1690559387207,-8.59740352630615,199.300003051758,187.3,4.75,4.0,10.0
867,868,4604,1411813040,525,1411813043,41.1690063476562,-8.59740543365479,198.399993896484,184.4,5.5,4.0,10.0
868,869,4604,1411813041,585,1411813044,41.1689338684082,-8.5974006652832,197.699996948242,185.4,6.25,4.0,10.0
869,870,4604,1411813042,530,1411813045,41.1688766479492,-8.59741020202637,198.199996948242,186.4,6.5,4.0,10.0
870,871,4604,1411813043,558,1411813046,41.1688117980957,-8.59742259979248,197.699996948242,187.1,7.0,4.0,10.0
871,872,4604,1411813044,478,1411813047,41.1687393188477,-8.59741687774658,198.300003051758,182.0,7.75,4.0,10.0
872,873,4604,1411813045,434,1411813048,41.1686668395996,-8.5974235534668,198.600006103516,184.0,8.0,4.0,10.0
873,874,4604,1411813046,453,1411813049,41.1685829162598,-8.59742546081543,199.0,183.4,8.5,4.0,10.0
874,875,4604,1411813047,501,1411813050,41.1684989929199,-8.59743976593018,198.899993896484,185.0,8.75,5.0,10.0
875,876,4604,1411813048,579,1411813051,41.1684188842773,-8.59744834899902,198.800003051758,185.0,8.75,8.0,10.0
876,877,4604,1411813049,607,1411813052,41.1683731079102,-8.59753894805908,198.0,199.0,8.25,5.0,10.0
877,878,4604,1411813050,535,1411813053,41.1683006286621,-8.59757423400879,197.899993896484,199.3,8.25,5.0,10.0
878,879,4604,1411813051,508,1411813054,41.1682319641113,-8.59761428833008,197.800003051758,200.4,8.25,6.0,10.0
879,880,4604,1411813052,502,1411813055,41.1681594848633,-8.5976619720459,197.800003051758,201.9,8.5,6.0,10.0
880,881,4604,1411813053,427,1411813056,41.1680755615234,-8.59768104553223,197.699996948242,195.7,8.5,5.0,10.0
881,882,4604,1411813054,473,1411813057,41.1680145263672,-8.5977144241333,197.699996948242,192.6,8.25,4.0,11.0
882,883,4604,1411813055,622,1411813058,41.1679534912109,-8.59775829315186,197.600006103516,195.8,8.25,4.0,11.0
883,884,4604,1411813056,442,1411813059,41.1678733825684,-8.59779357910156,197.800003051758,197.0,8.5,5.0,11.0
884,885,4604,1411813057,558,1411813060,41.167797088623,-8.59783458709717,197.899993896484,198.2,8.75,6.0,11.0
885,886,4604,1411813058,632,1411813061,41.1677131652832,-8.59787273406982,198.300003051758,198.2,9.0,7.0,11.0
886,887,4604,1411813059,587,1411813062,41.1676483154297,-8.59793090820312,198.399993896484,198.6,9.0,5.0,11.0
887,888,4604,1411813060,540,1411813063,41.1675720214844,-8.59798526763916,198.100006103516,198.7,9.25,4.0,11.0
888,889,4604,1411813061,427,1411813064,41.1674880981445,-8.59803199768066,198.0,200.1,9.25,4.0,11.0
889,890,4604,1411813062,508,1411813065,41.1674118041992,-8.59807395935059,198.300003051758,200.5,9.25,4.0,11.0
890,891,4604,1411813063,503,1411813066,41.1673393249512,-8.59810352325439,198.300003051758,199.9,9.0,4.0,11.0
891,892,4604,1411813064,481,1411813067,41.1672706604004,-8.59814262390137,198.399993896484,200.2,8.25,4.0,11.0
892,893,4604,1411813065,485,1411813068,41.1672058105469,-8.59817695617676,198.100006103516,201.2,8.0,5.0,11.0
893,894,4604,1411813067,5,1411813069,41.1671409606934,-8.59819221496582,198.100006103516,197.7,7.25,4.0,10.0
894,895,4604,1411813067,508,1411813070,41.167106628418,-8.59823799133301,201.0,202.9,5.25,4.0,8.0
895,896,4604,1411813068,440,1411813071,41.1670875549316,-8.59826469421387,199.699996948242,199.5,3.5,4.0,9.0
896,897,4604,1411813069,508,1411813072,41.167064666748,-8.59826946258545,200.100006103516,203.2,2.0,4.0,10.0
897,898,4604,1411813070,562,1411813073,41.167064666748,-8.59827709197998,200.699996948242,210.9,1.0,4.0,10.0
898,899,4604,1411813071,624,1411813074,41.167064666748,-8.59827709197998,201.100006103516,210.9,0.5,4.0,10.0
899,900,4604,1411813072,658,1411813075,41.1670608520508,-8.59827899932861,201.5,210.9,0.25,4.0,10.0
900,901,4604,1411813073,561,1411813076,41.1670532226562,-8.59826946258545,201.0,148.0,1.0,4.0,10.0
901,902,4604,1411813074,588,1411813077,41.1670227050781,-8.59823417663574,201.699996948242,143.1,2.5,4.0,10.0
902,903,4604,1411813075,486,1411813078,41.1670074462891,-8.59819793701172,201.199996948242,130.4,3.25,4.0,10.0
903,904,4604,1411813076,429,1411813079,41.1669960021973,-8.59814643859863,201.800003051758,115.4,3.5,4.0,10.0
904,905,4604,1411813077,479,1411813080,41.1669731140137,-8.59809875488281,202.300003051758,116.0,4.0,4.0,9.0
905,906,4604,1411813078,619,1411813081,41.1669540405273,-8.59804534912109,202.100006103516,115.6,4.5,4.0,9.0
906,907,4604,1411813079,605,1411813082,41.1669273376465,-8.59798526763916,202.399993896484,116.4,5.0,5.0,9.0
907,908,4604,1411813080,492,1411813083,41.1668930053711,-8.59789562225342,202.300003051758,116.3,6.25,5.0,9.0
908,909,4604,1411813081,431,1411813084,41.166862487793,-8.59781169891357,202.5,115.0,6.75,6.0,9.0
909,910,4604,1411813082,484,1411813085,41.1668434143066,-8.59774398803711,202.0,113.8,6.5,7.0,10.0
910,911,4604,1411813083,500,1411813086,41.1668167114258,-8.59767532348633,201.699996948242,113.8,6.25,8.0,10.0
911,912,4604,1411813084,430,1411813087,41.1667976379395,-8.59759140014648,200.0,112.5,6.0,6.0,9.0
912,913,4604,1411813085,471,1411813088,41.1668090820312,-8.59750175476074,199.600006103516,112.0,5.5,4.0,9.0
913,914,4604,1411813086,485,1411813089,41.1667785644531,-8.59745502471924,200.0,121.1,4.75,4.0,10.0
914,915,4604,1411813087,627,1411813090,41.1667709350586,-8.5974006652832,200.199996948242,120.2,4.5,4.0,10.0
915,916,4604,1411813088,441,1411813091,41.1667518615723,-8.59739017486572,200.800003051758,135.6,3.25,10.0,10.0
916,917,4604,1411813089,449,1411813092,41.1667327880859,-8.59739685058594,199.600006103516,164.3,3.0,10.0,10.0
917,918,4604,1411813090,432,1411813093,41.1666946411133,-8.5974063873291,199.399993896484,180.4,3.75,10.0,10.0
918,919,4604,1411813091,509,1411813094,41.1666526794434,-8.59741115570068,200.300003051758,186.6,4.5,10.0,10.0
919,920,4604,1411813092,432,1411813095,41.1666107177734,-8.59742164611816,200.300003051758,189.3,5.0,10.0,9.0
920,921,4604,1411813093,471,1411813096,41.1665649414062,-8.59743309020996,200.5,191.5,5.25,10.0,9.0
921,922,4604,1411813094,522,1411813097,41.1665153503418,-8.59745121002197,200.699996948242,194.9,5.5,10.0,9.0
922,923,4604,1411813095,434,1411813098,41.1664657592773,-8.59747219085693,200.5,196.5,5.5,10.0,10.0
923,924,4604,1411813096,441,1411813099,41.1664199829102,-8.59749603271484,200.600006103516,197.8,5.5,11.0,10.0
924,925,4604,1411813097,430,1411813100,41.1663360595703,-8.5974178314209,200.800003051758,175.6,6.25,11.0,10.0
925,926,4604,1411813098,496,1411813101,41.1662712097168,-8.59741115570068,200.899993896484,175.8,6.5,11.0,9.0
926,927,4604,1411813099,464,1411813102,41.1662254333496,-8.59742832183838,200.899993896484,179.0,6.25,11.0,10.0
927,928,4604,1411813100,452,1411813103,41.1661911010742,-8.5974760055542,200.800003051758,190.5,5.75,10.0,10.0
928,929,4604,1411813101,499,1411813104,41.1661338806152,-8.5974702835083,200.899993896484,189.1,5.5,11.0,9.0
929,930,4604,1411813102,432,1411813105,41.1660842895508,-8.59747314453125,200.800003051758,187.8,5.25,11.0,9.0
930,931,4604,1411813103,480,1411813106,41.1660499572754,-8.59748554229736,200.899993896484,187.9,5.0,12.0,9.0
931,932,4604,1411813104,502,1411813107,41.1660270690918,-8.59752082824707,200.899993896484,193.7,4.5,12.0,9.0
932,933,4604,1411813105,449,1411813108,41.1659927368164,-8.5975513458252,201.0,199.2,4.25,12.0,8.0
933,934,4604,1411813106,436,1411813109,41.1659927368164,-8.59757995605469,201.800003051758,207.7,3.5,12.0,7.0
934,935,4604,1411813107,501,1411813110,41.1659889221191,-8.59763240814209,202.199996948242,220.7,3.0,11.0,8.0
935,936,4604,1411813108,553,1411813111,41.1659774780273,-8.59770584106445,202.800003051758,240.3,3.75,11.0,8.0
936,937,4604,1411813109,488,1411813112,41.1659660339355,-8.59777641296387,204.199996948242,240.6,4.5,10.0,8.0
937,938,4604,1411813110,511,1411813113,41.1659698486328,-8.59787273406982,203.800003051758,249.3,5.25,10.0,7.0
938,939,4604,1411813111,657,1411813114,41.1659507751465,-8.59794044494629,204.800003051758,248.0,5.5,10.0,7.0
939,940,4604,1411813112,650,1411813115,41.1659355163574,-8.59800148010254,204.0,249.2,5.5,11.0,7.0
940,941,4604,1411813113,668,1411813116,41.1659202575684,-8.59807205200195,204.100006103516,250.8,5.5,11.0,6.0
941,942,4604,1411813114,548,1411813117,41.1659049987793,-8.59812259674072,203.300003051758,250.3,5.25,11.0,6.0
942,943,4604,1411813115,479,1411813118,41.1659049987793,-8.59817695617676,203.0,257.3,5.0,11.0,8.0
943,944,4604,1411813116,434,1411813119,41.1658935546875,-8.59821510314941,203.399993896484,253.8,4.5,11.0,8.0
944,945,4604,1411813117,503,1411813120,41.1658515930176,-8.59825038909912,205.100006103516,240.5,4.5,10.0,8.0
945,946,4604,1411813118,649,1411813121,41.1658248901367,-8.59832286834717,204.899993896484,242.4,5.25,10.0,8.0
946,947,4604,1411813119,475,1411813122,41.1657600402832,-8.5983943939209,203.899993896484,238.2,6.75,10.0,8.0
947,948,4604,1411813120,432,1411813123,41.165714263916,-8.59846305847168,203.800003051758,236.3,6.75,11.0,8.0
948,949,4604,1411813121,959,1411813124,41.1656646728516,-8.59853458404541,203.600006103516,232.1,7.25,11.0,9.0
949,950,4604,1411813122,549,1411813125,41.1656112670898,-8.59857940673828,203.399993896484,216.3,6.75,11.0,8.0
950,951,4604,1411813123,549,1411813126,41.1655654907227,-8.59860706329346,203.600006103516,208.2,6.0,10.0,9.0
951,952,4604,1411813124,485,1411813127,41.1655235290527,-8.59863090515137,204.399993896484,197.9,4.75,10.0,9.0
952,953,4604,1411813125,454,1411813128,41.1655006408691,-8.59864521026611,205.100006103516,194.1,3.25,10.0,9.0
953,954,4604,1411813126,551,1411813129,41.1654815673828,-8.59865379333496,205.600006103516,190.0,2.0,10.0,9.0
954,955,4604,1411813127,489,1411813130,41.1654663085938,-8.59865093231201,205.600006103516,178.3,1.75,10.0,9.0
955,956,4604,1411813128,617,1411813131,41.1654510498047,-8.5986499786377,205.399993896484,157.3,3.0,9.0,9.0
956,957,4604,1411813129,654,1411813132,41.1654243469238,-8.59861373901367,205.300003051758,136.5,3.75,9.0,9.0
957,958,4604,1411813130,567,1411813133,41.1654243469238,-8.59856224060059,203.399993896484,114.2,4.25,9.0,9.0
958,959,4604,1411813131,551,1411813134,41.165412902832,-8.59851551055908,203.199996948242,108.5,3.75,10.0,9.0
959,960,4604,1411813132,524,1411813135,41.1654052734375,-8.598464012146,203.600006103516,104.6,4.0,10.0,9.0
960,961,4604,1411813133,516,1411813136,41.1654014587402,-8.59841346740723,203.5,100.9,4.25,10.0,9.0
961,962,4604,1411813134,963,1411813137,41.165397644043,-8.59835910797119,204.100006103516,98.1,4.5,9.0,9.0
962,963,4604,1411813135,695,1411813138,41.1653900146484,-8.59830474853516,204.600006103516,99.0,4.5,9.0,9.0
963,964,4604,1411813136,625,1411813139,41.1653823852539,-8.59825038909912,205.5,98.9,4.5,9.0,9.0
964,965,4604,1411813137,626,1411813140,41.1653747558594,-8.59819412231445,208.199996948242,100.0,4.5,9.0,9.0
965,966,4604,1411813138,586,1411813141,41.1653671264648,-8.5981388092041,207.600006103516,100.0,4.5,4.0,9.0
966,967,4604,1411813139,472,1411813142,41.1653633117676,-8.59808444976807,208.0,97.9,4.5,4.0,9.0
967,968,4604,1411813140,474,1411813143,41.165355682373,-8.5980281829834,207.800003051758,98.5,4.5,4.0,9.0
968,969,4604,1411813141,507,1411813144,41.1653518676758,-8.59797477722168,205.899993896484,98.7,4.5,4.0,9.0
969,970,4604,1411813142,537,1411813145,41.1653442382812,-8.59792041778564,206.5,100.8,4.5,4.0,9.0
970,971,4604,1411813143,501,1411813146,41.165340423584,-8.59786701202393,204.100006103516,99.9,4.5,4.0,9.0
971,972,4604,1411813145,15,1411813147,41.1653327941895,-8.59781455993652,203.399993896484,100.8,4.5,4.0,9.0
972,973,4604,1411813145,622,1411813148,41.1653251647949,-8.59776401519775,203.699996948242,101.5,4.5,4.0,9.0
973,974,4604,1411813146,603,1411813149,41.1653175354004,-8.5977144241333,206.100006103516,101.2,4.25,4.0,9.0
974,975,4604,1411813147,515,1411813150,41.1653099060059,-8.59766292572021,207.100006103516,100.4,4.25,4.0,9.0
975,976,4604,1411813148,503,1411813151,41.1653060913086,-8.59761047363281,207.5,100.1,4.25,3.0,9.0
976,977,4604,1411813149,504,1411813152,41.1652984619141,-8.59755706787109,207.0,100.2,4.25,3.0,9.0
977,978,4604,1411813150,529,1411813153,41.1652908325195,-8.59750175476074,206.800003051758,100.3,4.5,4.0,9.0
978,979,4604,1411813151,482,1411813154,41.165283203125,-8.59744453430176,206.899993896484,99.8,4.5,4.0,9.0
979,980,4604,1411813152,496,1411813155,41.1652755737305,-8.59738159179688,207.0,100.1,5.0,4.0,9.0
980,981,4604,1411813153,613,1411813156,41.1652641296387,-8.5973072052002,207.0,100.1,5.25,4.0,9.0
981,982,4604,1411813154,485,1411813157,41.1652565002441,-8.59724521636963,206.800003051758,99.6,5.25,3.0,9.0
982,983,4604,1411813155,446,1411813158,41.1652450561523,-8.59717559814453,207.100006103516,99.7,5.25,4.0,9.0
983,984,4604,1411813156,437,1411813159,41.1652374267578,-8.59711360931396,209.199996948242,99.2,5.0,3.0,9.0
984,985,4604,1411813158,37,1411813160,41.1652297973633,-8.59705257415771,208.899993896484,99.8,4.75,4.0,9.0
985,986,4604,1411813158,483,1411813161,41.1652221679688,-8.59699153900146,208.399993896484,98.5,5.0,4.0,9.0
986,987,4604,1411813160,50,1411813162,41.1652183532715,-8.59693336486816,207.600006103516,98.8,4.75,4.0,9.0
987,988,4604,1411813160,651,1411813163,41.165210723877,-8.59687614440918,207.600006103516,98.4,5.0,4.0,10.0
988,989,4604,1411813161,603,1411813164,41.1652030944824,-8.59681987762451,206.800003051758,100.5,5.0,4.0,10.0
989,990,4604,1411813162,617,1411813165,41.1651992797852,-8.59675312042236,208.100006103516,98.3,5.25,4.0,10.0
990,991,4604,1411813163,508,1411813166,41.1651916503906,-8.59669494628906,207.800003051758,98.5,5.5,4.0,10.0
991,992,4604,1411813164,577,1411813167,41.1651802062988,-8.5966272354126,207.699996948242,100.4,5.25,4.0,10.0
992,993,4604,1411813165,484,1411813168,41.1651725769043,-8.59657001495361,206.899993896484,102.7,5.0,4.0,10.0
993,994,4604,1411813166,480,1411813169,41.1651649475098,-8.59650707244873,206.199996948242,101.3,5.0,4.0,10.0
994,995,4604,1411813167,673,1411813170,41.1651573181152,-8.5964412689209,206.600006103516,97.5,5.25,4.0,10.0
995,996,4604,1411813168,697,1411813171,41.1651496887207,-8.59637355804443,206.5,97.8,5.5,5.0,10.0
996,997,4604,1411813169,641,1411813172,41.1651458740234,-8.59629249572754,207.0,93.9,6.0,4.0,10.0
997,998,4604,1411813170,574,1411813173,41.1651306152344,-8.59623050689697,206.600006103516,99.9,6.0,4.0,10.0
998,999,4604,1411813171,553,1411813174,41.165111541748,-8.59616661071777,206.300003051758,103.2,6.25,4.0,10.0
999,1000,4604,1411813172,486,1411813175,41.1650886535645,-8.59608459472656,206.699996948242,100.8,6.75,4.0,11.0
1000,1001,4604,1411813173,537,1411813176,41.1650810241699,-8.59600639343262,206.100006103516,100.3,6.75,4.0,11.0
1001,1002,4604,1411813174,504,1411813177,41.1650810241699,-8.59591770172119,205.800003051758,100.1,7.25,4.0,10.0
1002,1003,4604,1411813175,677,1411813178,41.1650733947754,-8.59583282470703,206.100006103516,99.9,7.25,4.0,10.0
1003,1004,4604,1411813176,676,1411813179,41.1650581359863,-8.59574317932129,205.800003051758,99.7,7.25,4.0,11.0
1004,1005,4604,1411813177,631,1411813180,41.1650466918945,-8.59564590454102,206.199996948242,100.2,7.75,4.0,11.0
1005,1006,4604,1411813178,598,1411813181,41.1650314331055,-8.59555053710938,205.800003051758,99.7,8.0,3.0,11.0
1006,1007,4604,1411813179,516,1411813182,41.1650199890137,-8.59545803070068,206.199996948242,99.7,8.0,5.0,11.0
1007,1008,4604,1411813180,529,1411813183,41.1650009155273,-8.59536552429199,206.100006103516,99.2,7.5,4.0,11.0
1008,1009,4604,1411813181,473,1411813184,41.1649894714355,-8.5952844619751,205.699996948242,98.8,6.5,4.0,11.0
1009,1010,4604,1411813182,486,1411813185,41.1649856567383,-8.59519672393799,205.600006103516,98.3,6.75,4.0,11.0
1010,1011,4604,1411813184,56,1411813186,41.1649703979492,-8.59511756896973,205.699996948242,102.1,6.75,4.0,11.0
1011,1012,4604,1411813184,506,1411813187,41.1649513244629,-8.59504985809326,205.300003051758,109.1,6.0,4.0,11.0
1012,1013,4604,1411813185,621,1411813188,41.1649360656738,-8.5949764251709,205.199996948242,109.0,6.0,4.0,11.0
1013,1014,4604,1411813186,544,1411813189,41.1649169921875,-8.5949182510376,205.399993896484,111.3,5.5,4.0,11.0
1014,1015,4604,1411813187,510,1411813190,41.1649055480957,-8.59487628936768,205.300003051758,109.0,4.25,4.0,11.0
1015,1016,4604,1411813188,491,1411813191,41.1648979187012,-8.59483623504639,205.399993896484,109.6,3.5,4.0,11.0
1016,1017,4604,1411813189,483,1411813192,41.1649017333984,-8.59481143951416,205.5,98.8,2.25,4.0,11.0
1017,1018,4604,1411813190,483,1411813193,41.1649017333984,-8.59479331970215,205.600006103516,97.0,1.5,4.0,11.0
1018,1019,4604,1411813191,446,1411813194,41.1649017333984,-8.59478282928467,205.600006103516,97.0,0.75,4.0,11.0
1019,1020,4604,1411813192,545,1411813195,41.1649017333984,-8.59478855133057,205.0,97.0,0.25,4.0,11.0
1020,1021,4604,1411813193,446,1411813196,41.164909362793,-8.59478378295898,205.699996948242,3.0,11.0,,
1021,1022,4604,1411813194,506,1411813197,41.1649131774902,-8.5947847366333,205.699996948242,3.0,11.0,,
1022,1023,4604,1411813195,478,1411813198,41.1649169921875,-8.5947847366333,205.300003051758,3.0,11.0,,
1023,1024,4604,1411813196,481,1411813199,41.1649169921875,-8.59478282928467,205.5,3.0,11.0,,
1024,1025,4604,1411813197,480,1411813200,41.1649169921875,-8.59477710723877,205.800003051758,3.0,11.0,,
1025,1026,4604,1411813199,40,1411813201,41.1649169921875,-8.59477424621582,206.199996948242,3.0,11.0,,
1026,1027,4604,1411813199,529,1411813202,41.1649131774902,-8.59477043151855,206.0,3.0,10.0,,
1027,1028,4604,1411813200,539,1411813203,41.1649131774902,-8.59476852416992,206.300003051758,3.0,10.0,,
1028,1029,4604,1411813201,504,1411813204,41.1649131774902,-8.59476757049561,206.5,3.0,10.0,,
1029,1030,4604,1411813202,528,1411813205,41.1649131774902,-8.59476661682129,206.600006103516,3.0,10.0,,
1030,1031,4604,1411813203,508,1411813206,41.1649131774902,-8.59476470947266,206.800003051758,3.0,10.0,,
1031,1032,4604,1411813205,27,1411813207,41.1649131774902,-8.59476375579834,207.0,3.0,10.0,,
1032,1033,4604,1411813205,453,1411813208,41.1649131774902,-8.59476375579834,207.0,3.0,10.0,,
1033,1034,4604,1411813206,521,1411813209,41.1649131774902,-8.59476375579834,207.0,3.0,10.0,,
1034,1035,4604,1411813207,594,1411813210,41.1649169921875,-8.59476375579834,207.100006103516,3.0,10.0,,
1035,1036,4604,1411813208,713,1411813211,41.1649169921875,-8.59476470947266,207.199996948242,9.0,10.0,,
1036,1037,4604,1411813209,656,1411813212,41.1649169921875,-8.59476470947266,207.199996948242,9.0,10.0,,
1037,1038,4604,1411813210,577,1411813213,41.1649169921875,-8.59476470947266,207.300003051758,9.0,10.0,,
1038,1039,4604,1411813211,531,1411813214,41.1649208068848,-8.59476470947266,207.300003051758,9.0,10.0,,
1039,1040,4604,1411813212,522,1411813215,41.1649208068848,-8.59476470947266,207.399993896484,9.0,9.0,,
1040,1041,4604,1411813213,468,1411813216,41.1649208068848,-8.59476470947266,207.399993896484,9.0,9.0,,
1041,1042,4604,1411813214,552,1411813217,41.1649208068848,-8.59476470947266,207.399993896484,9.0,10.0,,
1042,1043,4604,1411813215,660,1411813218,41.1649208068848,-8.59476566314697,207.399993896484,9.0,10.0,,
1043,1044,4604,1411813216,645,1411813219,41.1649208068848,-8.59476566314697,207.399993896484,9.0,10.0,,
1044,1045,4604,1411813217,631,1411813220,41.1649208068848,-8.59476566314697,207.399993896484,9.0,10.0,,
1045,1046,4604,1411813218,576,1411813221,41.1649208068848,-8.59476566314697,207.5,9.0,10.0,,
1046,1047,4604,1411813219,483,1411813222,41.1649208068848,-8.59476566314697,207.5,9.0,10.0,,
1047,1048,4604,1411813220,469,1411813223,41.1649208068848,-8.59476566314697,207.5,9.0,10.0,,
1048,1049,4604,1411813221,488,1411813224,41.1649208068848,-8.59476566314697,207.5,9.0,10.0,,
1049,1050,4604,1411813222,512,1411813225,41.1649208068848,-8.59476566314697,207.5,9.0,10.0,,
1050,1051,4604,1411813223,661,1411813226,41.1649208068848,-8.59476566314697,207.5,9.0,10.0,,
1051,1052,4604,1411813224,488,1411813227,41.1649208068848,-8.59476566314697,207.5,9.0,10.0,,
1052,1053,4604,1411813225,444,1411813228,41.1649208068848,-8.59476470947266,207.399993896484,9.0,10.0,,
1053,1054,4604,1411813226,455,1411813229,41.1649208068848,-8.59476470947266,207.399993896484,9.0,10.0,,
1054,1055,4604,1411813227,503,1411813230,41.1649208068848,-8.59476470947266,207.399993896484,9.0,10.0,,
1055,1056,4604,1411813228,468,1411813231,41.1649208068848,-8.59476470947266,207.399993896484,9.0,10.0,,
1056,1057,4604,1411813229,467,1411813232,41.1649208068848,-8.59476470947266,207.399993896484,9.0,10.0,,
1057,1058,4604,1411813230,519,1411813233,41.1649208068848,-8.59476470947266,207.399993896484,9.0,10.0,,
1058,1059,4604,1411813231,549,1411813234,41.1649208068848,-8.59476470947266,207.300003051758,9.0,10.0,,
1059,1060,4604,1411813232,478,1411813235,41.1649208068848,-8.59476470947266,207.300003051758,9.0,10.0,,
1060,1061,4604,1411813233,495,1411813236,41.1649208068848,-8.59476470947266,207.300003051758,9.0,10.0,,
1061,1062,4604,1411813234,614,1411813237,41.1649208068848,-8.59476470947266,207.300003051758,9.0,10.0,,
1062,1063,4604,1411813235,504,1411813238,41.1649208068848,-8.59476470947266,207.300003051758,9.0,9.0,,
1063,1064,4604,1411813236,485,1411813239,41.1649208068848,-8.59476470947266,207.300003051758,9.0,9.0,,
1064,1065,4604,1411813237,476,1411813240,41.1649208068848,-8.59476470947266,207.300003051758,9.0,9.0,,
1065,1066,4604,1411813238,498,1411813241,41.1649208068848,-8.59476470947266,207.300003051758,9.0,9.0,,
1066,1067,4604,1411813239,663,1411813242,41.1649208068848,-8.59476470947266,207.300003051758,9.0,9.0,,
1067,1068,4604,1411813240,674,1411813243,41.1649208068848,-8.59476470947266,207.300003051758,9.0,9.0,,
1068,1069,4604,1411813241,655,1411813244,41.1649208068848,-8.59476470947266,207.399993896484,9.0,9.0,,
1069,1070,4604,1411813242,577,1411813245,41.1649208068848,-8.59476470947266,207.300003051758,9.0,9.0,,
1070,1071,4604,1411813243,579,1411813246,41.1649208068848,-8.59476470947266,207.399993896484,9.0,9.0,,
1071,1072,4604,1411813244,527,1411813247,41.1649208068848,-8.59476470947266,207.399993896484,9.0,9.0,,
1072,1073,4604,1411813245,497,1411813248,41.1649208068848,-8.59476470947266,207.399993896484,9.0,9.0,,
1073,1074,4604,1411813246,467,1411813249,41.1649208068848,-8.59476470947266,207.399993896484,9.0,9.0,,
1074,1075,4604,1411813247,562,1411813250,41.1649208068848,-8.59476470947266,207.399993896484,9.0,9.0,,
1075,1076,4604,1411813248,689,1411813251,41.1649208068848,-8.59476470947266,207.399993896484,9.0,9.0,,
1076,1077,4604,1411813249,641,1411813252,41.1649208068848,-8.59476470947266,207.399993896484,9.0,9.0,,
1077,1078,4604,1411813250,564,1411813253,41.1649208068848,-8.59476470947266,207.300003051758,9.0,9.0,,
1078,1079,4604,1411813251,532,1411813254,41.1649208068848,-8.59476470947266,207.300003051758,9.0,9.0,,
1079,1080,4604,1411813252,525,1411813255,41.1649208068848,-8.59476470947266,207.300003051758,9.0,9.0,,
1080,1081,4604,1411813253,474,1411813256,41.1649208068848,-8.59476470947266,207.300003051758,9.0,9.0,,
1081,1082,4604,1411813254,528,1411813257,41.1649208068848,-8.59476470947266,207.300003051758,9.0,9.0,,
1082,1083,4604,1411813255,617,1411813258,41.1649208068848,-8.59476184844971,207.300003051758,97.0,0.25,9.0,9.0
1083,1084,4604,1411813256,654,1411813259,41.1649169921875,-8.5947380065918,207.0,86.3,1.75,9.0,9.0
1084,1085,4604,1411813257,676,1411813260,41.1649131774902,-8.59470367431641,206.800003051758,87.7,2.75,9.0,10.0
1085,1086,4604,1411813258,625,1411813261,41.164909362793,-8.59465980529785,206.699996948242,88.6,3.5,9.0,10.0
1086,1087,4604,1411813259,536,1411813262,41.164909362793,-8.59461402893066,206.399993896484,88.6,4.0,9.0,10.0
1087,1088,4604,1411813260,559,1411813263,41.1649017333984,-8.59456253051758,206.199996948242,100.6,4.25,9.0,10.0
1088,1089,4604,1411813261,511,1411813264,41.1648941040039,-8.59450817108154,206.5,97.2,4.5,9.0,10.0
1089,1090,4604,1411813262,511,1411813265,41.1648864746094,-8.59444618225098,207.199996948242,100.0,5.0,9.0,9.0
1090,1091,4604,1411813263,644,1411813266,41.1648712158203,-8.59436416625977,207.800003051758,99.6,6.0,9.0,9.0
1091,1092,4604,1411813264,714,1411813267,41.1648597717285,-8.59429264068604,207.199996948242,101.2,6.5,10.0,9.0
1092,1093,4604,1411813265,644,1411813268,41.1648445129395,-8.59419536590576,208.0,100.6,7.5,9.0,8.0
1093,1094,4604,1411813266,615,1411813269,41.1648368835449,-8.59409618377686,207.699996948242,99.7,8.25,10.0,8.0
1094,1095,4604,1411813267,520,1411813270,41.1648139953613,-8.59399795532227,207.899993896484,100.6,8.5,10.0,9.0
1095,1096,4604,1411813268,534,1411813271,41.1647987365723,-8.59389972686768,207.899993896484,99.2,8.75,10.0,9.0
1096,1097,4604,1411813269,506,1411813272,41.1647872924805,-8.5938081741333,208.199996948242,102.1,8.0,10.0,9.0
1097,1098,4604,1411813270,456,1411813273,41.1647720336914,-8.59371852874756,208.100006103516,99.9,7.75,10.0,9.0
1098,1099,4604,1411813271,575,1411813274,41.1647644042969,-8.59362888336182,208.199996948242,100.4,7.0,10.0,9.0
1099,1100,4604,1411813272,705,1411813275,41.1647605895996,-8.59356594085693,207.800003051758,99.7,5.75,9.0,9.0
1100,1101,4604,1411813273,700,1411813276,41.1647491455078,-8.59350490570068,208.0,100.8,5.25,10.0,10.0
1101,1102,4604,1411813274,658,1411813277,41.1647644042969,-8.59347343444824,208.100006103516,69.7,4.0,10.0,10.0
1102,1103,4604,1411813275,606,1411813278,41.1647796630859,-8.59344100952148,208.699996948242,56.0,3.0,9.0,10.0
1103,1104,4604,1411813276,540,1411813279,41.1647987365723,-8.59341907501221,208.899993896484,50.6,2.75,10.0,10.0
1104,1105,4604,1411813277,513,1411813280,41.1648216247559,-8.59341144561768,207.699996948242,34.5,2.5,10.0,10.0
1105,1106,4604,1411813278,515,1411813281,41.1648292541504,-8.59342193603516,207.399993896484,16.3,1.5,10.0,10.0
1106,1107,4604,1411813279,652,1411813282,41.164852142334,-8.5934476852417,207.199996948242,347.7,1.75,10.0,10.0
1107,1108,4604,1411813280,679,1411813283,41.1648712158203,-8.59353256225586,207.0,303.1,3.0,10.0,11.0
1108,1109,4604,1411813281,655,1411813284,41.1648864746094,-8.59364223480225,206.800003051758,288.3,5.0,10.0,11.0
1109,1110,4604,1411813282,561,1411813285,41.1648979187012,-8.59375286102295,206.5,281.0,6.5,10.0,11.0
1110,1111,4604,1411813283,617,1411813286,41.1649055480957,-8.59383392333984,207.100006103516,281.6,6.25,10.0,11.0
1111,1112,4604,1411813284,536,1411813287,41.1649131774902,-8.59393978118896,205.800003051758,279.6,6.75,10.0,11.0
1112,1113,4604,1411813285,464,1411813288,41.1649208068848,-8.59402275085449,206.800003051758,280.5,7.0,9.0,11.0
1113,1114,4604,1411813286,494,1411813289,41.1649360656738,-8.59412384033203,206.699996948242,280.4,7.5,4.0,10.0
1114,1115,4604,1411813287,550,1411813290,41.1649475097656,-8.59422206878662,206.699996948242,280.1,8.0,4.0,10.0
1115,1116,4604,1411813288,680,1411813291,41.1649513244629,-8.59433460235596,208.5,280.2,8.25,4.0,10.0
1116,1117,4604,1411813289,706,1411813292,41.1649703979492,-8.59444141387939,208.800003051758,281.9,8.75,4.0,10.0
1117,1118,4604,1411813290,596,1411813293,41.1649856567383,-8.59454822540283,208.5,280.6,8.75,4.0,10.0
1118,1119,4604,1411813291,626,1411813294,41.1650009155273,-8.59465312957764,208.5,280.5,8.75,4.0,10.0
1119,1120,4604,1411813292,538,1411813295,41.1650047302246,-8.59476280212402,209.300003051758,276.7,9.0,4.0,10.0
1120,1121,4604,1411813293,457,1411813296,41.1650199890137,-8.59487533569336,209.0,280.1,9.0,4.0,10.0
1121,1122,4604,1411813294,514,1411813297,41.1650276184082,-8.59498119354248,208.899993896484,279.4,8.75,4.0,10.0
1122,1123,4604,1411813295,554,1411813298,41.1650390625,-8.59507942199707,209.699996948242,276.8,8.25,4.0,11.0
1123,1124,4604,1411813296,705,1411813299,41.1650466918945,-8.59517192840576,209.800003051758,278.6,8.0,4.0,11.0
1124,1125,4604,1411813297,683,1411813300,41.1650619506836,-8.59526824951172,210.899993896484,280.8,8.0,4.0,11.0
1125,1126,4604,1411813298,597,1411813301,41.1650810241699,-8.59535694122314,211.5,280.8,7.75,4.0,11.0
1126,1127,4604,1411813299,514,1411813302,41.1650924682617,-8.59545421600342,211.5,280.1,7.5,4.0,10.0
1127,1128,4604,1411813300,571,1411813303,41.1651039123535,-8.59553813934326,212.300003051758,279.4,7.0,4.0,10.0
1128,1129,4604,1411813301,441,1411813304,41.1651077270508,-8.59558486938477,212.399993896484,275.7,5.0,4.0,10.0
1129,1130,4604,1411813302,465,1411813305,41.1651000976562,-8.59563541412354,213.199996948242,262.0,4.25,4.0,9.0
1130,1131,4604,1411813303,548,1411813306,41.1650657653809,-8.59564781188965,213.399993896484,216.0,3.5,4.0,9.0
1131,1132,4604,1411813304,526,1411813307,41.1650428771973,-8.59565258026123,213.699996948242,198.2,2.5,4.0,10.0
1132,1133,4604,1411813305,678,1411813308,41.1650352478027,-8.59563636779785,212.399993896484,166.0,1.5,4.0,10.0
1133,1134,4604,1411813306,630,1411813309,41.1650161743164,-8.59560585021973,212.300003051758,138.4,2.75,4.0,10.0
1134,1135,4604,1411813307,605,1411813310,41.1650085449219,-8.59556484222412,211.199996948242,117.9,3.25,4.0,10.0
1135,1136,4604,1411813308,534,1411813311,41.1649971008301,-8.59552574157715,211.0,113.1,3.5,4.0,10.0
1136,1137,4604,1411813309,560,1411813312,41.1649932861328,-8.59548377990723,211.100006103516,105.9,4.0,4.0,10.0
1137,1138,4604,1411813310,532,1411813313,41.1649856567383,-8.59541988372803,210.800003051758,101.8,5.0,4.0,10.0
1138,1139,4604,1411813311,562,1411813314,41.1649780273438,-8.59534931182861,212.399993896484,100.2,5.25,4.0,10.0
1139,1140,4604,1411813312,703,1411813315,41.1649589538574,-8.59526348114014,212.699996948242,104.9,6.0,4.0,10.0
1140,1141,4604,1411813313,712,1411813316,41.1649475097656,-8.59519195556641,213.899993896484,99.3,6.0,4.0,10.0
1141,1142,4604,1411813314,640,1411813317,41.1649398803711,-8.5951099395752,213.399993896484,100.4,6.75,4.0,10.0
1142,1143,4604,1411813315,603,1411813318,41.1649322509766,-8.59502792358398,213.300003051758,100.1,6.75,5.0,10.0
1143,1144,4604,1411813316,551,1411813319,41.1649208068848,-8.59493446350098,213.300003051758,100.4,7.5,4.0,10.0
1144,1145,4604,1411813317,551,1411813320,41.1649055480957,-8.59483242034912,213.300003051758,105.9,8.25,4.0,10.0
1145,1146,4604,1411813318,507,1411813321,41.1648826599121,-8.59473133087158,212.600006103516,100.4,8.75,3.0,10.0
1146,1147,4604,1411813319,494,1411813322,41.1648712158203,-8.59462070465088,212.600006103516,99.7,9.0,3.0,9.0
1147,1148,4604,1411813320,717,1411813323,41.1648635864258,-8.59452152252197,212.800003051758,99.3,9.0,4.0,9.0
1148,1149,4604,1411813321,714,1411813324,41.164852142334,-8.59440803527832,212.5,102.9,9.5,4.0,9.0
1149,1150,4604,1411813322,627,1411813325,41.1648368835449,-8.59428405761719,212.100006103516,101.8,9.75,4.0,10.0
1150,1151,4604,1411813323,609,1411813326,41.1648216247559,-8.5941743850708,211.199996948242,100.8,9.75,4.0,10.0
1151,1152,4604,1411813324,557,1411813327,41.1648063659668,-8.5940580368042,211.100006103516,101.0,9.75,3.0,10.0
1152,1153,4604,1411813325,483,1411813328,41.1647987365723,-8.59394645690918,211.100006103516,99.2,9.5,4.0,10.0
1153,1154,4604,1411813326,495,1411813329,41.1647834777832,-8.59383296966553,210.600006103516,100.4,9.5,3.0,10.0
1154,1155,4604,1411813327,529,1411813330,41.1647720336914,-8.59371376037598,210.5,100.3,9.75,4.0,10.0
1155,1156,4604,1411813328,640,1411813331,41.1647567749023,-8.59359264373779,210.899993896484,100.0,9.75,3.0,10.0
1156,1157,4604,1411813329,666,1411813332,41.1647453308105,-8.59347534179688,210.699996948242,100.0,9.75,4.0,10.0
1157,1158,4604,1411813330,604,1411813333,41.1647338867188,-8.59336471557617,209.899993896484,99.7,9.75,3.0,10.0
1158,1159,4604,1411813331,603,1411813334,41.1647186279297,-8.59325122833252,210.600006103516,100.6,9.75,4.0,10.0
1159,1160,4604,1411813332,604,1411813335,41.1647071838379,-8.59313583374023,208.899993896484,99.6,9.75,3.0,10.0
1160,1161,4604,1411813333,498,1411813336,41.1646881103516,-8.59301376342773,209.600006103516,98.6,9.75,3.0,10.0
1161,1162,4604,1411813334,515,1411813337,41.1646690368652,-8.5928955078125,210.100006103516,99.8,9.75,3.0,10.0
1162,1163,4604,1411813335,530,1411813338,41.1646537780762,-8.59278106689453,210.300003051758,101.0,9.75,4.0,10.0
1163,1164,4604,1411813336,536,1411813339,41.1646347045898,-8.59266567230225,210.199996948242,101.8,10.0,4.0,10.0
1164,1165,4604,1411813337,706,1411813340,41.164623260498,-8.59255123138428,208.899993896484,100.0,10.0,3.0,10.0
1165,1166,4604,1411813338,728,1411813341,41.164608001709,-8.59243488311768,208.800003051758,100.0,10.0,4.0,10.0
1166,1167,4604,1411813339,641,1411813342,41.1645889282227,-8.59231376647949,208.899993896484,100.1,10.25,4.0,10.0
1167,1168,4604,1411813340,570,1411813343,41.1645698547363,-8.59219074249268,208.300003051758,100.3,10.25,3.0,10.0
1168,1169,4604,1411813341,516,1411813344,41.1645469665527,-8.59207344055176,208.199996948242,100.2,10.0,3.0,10.0
1169,1170,4604,1411813342,496,1411813345,41.1645278930664,-8.59195899963379,208.5,100.5,10.0,3.0,10.0
1170,1171,4604,1411813343,512,1411813346,41.1645126342773,-8.59184551239014,208.699996948242,100.6,9.75,4.0,10.0
1171,1172,4604,1411813344,511,1411813347,41.1644973754883,-8.5917387008667,208.100006103516,99.7,9.75,3.0,10.0
1172,1173,4604,1411813345,511,1411813348,41.164478302002,-8.5916223526001,208.399993896484,103.5,9.5,4.0,10.0
1173,1174,4604,1411813346,465,1411813349,41.1644592285156,-8.59151268005371,208.100006103516,101.9,9.5,3.0,10.0
1174,1175,4604,1411813347,457,1411813350,41.1644477844238,-8.59140682220459,208.100006103516,100.4,9.25,4.0,10.0
1175,1176,4604,1411813348,486,1411813351,41.164436340332,-8.59130573272705,208.199996948242,99.6,9.0,4.0,10.0
1176,1177,4604,1411813349,566,1411813352,41.1644287109375,-8.59120750427246,207.899993896484,98.2,8.5,5.0,10.0
1177,1178,4604,1411813350,523,1411813353,41.1644172668457,-8.59110736846924,207.899993896484,98.5,8.5,5.0,10.0
1178,1179,4604,1411813351,505,1411813354,41.1644096374512,-8.59100818634033,208.100006103516,98.9,8.25,5.0,10.0
1179,1180,4604,1411813352,632,1411813355,41.1643829345703,-8.59091567993164,208.0,101.6,8.25,5.0,11.0
1180,1181,4604,1411813353,649,1411813356,41.164363861084,-8.59085083007812,207.100006103516,104.9,7.0,4.0,11.0
1181,1182,4604,1411813354,611,1411813357,41.1643447875977,-8.59076690673828,206.800003051758,108.3,7.0,4.0,11.0
1182,1183,4604,1411813355,604,1411813358,41.1643295288086,-8.59069919586182,206.699996948242,114.4,6.25,4.0,10.0
1183,1184,4604,1411813356,479,1411813359,41.1643104553223,-8.59066963195801,206.5,117.5,4.75,4.0,10.0
1184,1185,4604,1411813357,507,1411813360,41.1642951965332,-8.59062099456787,206.399993896484,118.8,4.75,4.0,10.0
1185,1186,4604,1411813358,502,1411813361,41.1642761230469,-8.59056758880615,206.300003051758,119.0,4.5,4.0,10.0
1186,1187,4604,1411813359,548,1411813362,41.1642532348633,-8.5905179977417,206.300003051758,119.0,4.5,4.0,8.0
1187,1188,4604,1411813360,540,1411813363,41.1642303466797,-8.59046745300293,206.100006103516,119.1,4.75,5.0,8.0
1188,1189,4604,1411813361,448,1411813364,41.1642189025879,-8.59040927886963,206.399993896484,115.0,4.75,5.0,8.0
1189,1190,4604,1411813362,479,1411813365,41.1642074584961,-8.59036350250244,206.399993896484,113.2,4.75,5.0,9.0
1190,1191,4604,1411813363,494,1411813366,41.1641731262207,-8.59031391143799,206.399993896484,120.0,5.0,5.0,10.0
1191,1192,4604,1411813364,502,1411813367,41.1641502380371,-8.59025955200195,206.600006103516,118.6,5.0,4.0,10.0
1192,1193,4604,1411813365,586,1411813368,41.1641273498535,-8.59021472930908,206.100006103516,118.5,4.75,5.0,9.0
1193,1194,4604,1411813366,462,1411813369,41.1641311645508,-8.59015560150146,205.899993896484,111.3,4.75,5.0,11.0
1194,1195,4604,1411813367,505,1411813370,41.1640968322754,-8.5901050567627,205.800003051758,115.3,4.75,5.0,10.0
1195,1196,4604,1411813368,656,1411813371,41.1640815734863,-8.59005546569824,205.699996948242,114.3,4.75,5.0,10.0
1196,1197,4604,1411813369,667,1411813372,41.1640510559082,-8.58999919891357,205.300003051758,117.2,5.25,5.0,11.0
1197,1198,4604,1411813370,505,1411813373,41.1640129089355,-8.58995246887207,205.100006103516,119.9,5.5,6.0,10.0
1198,1199,4604,1411813371,620,1411813374,41.1640281677246,-8.58987426757812,204.199996948242,116.7,5.5,4.0,10.0
1199,1200,4604,1411813372,554,1411813375,41.1640014648438,-8.58982372283936,204.0,122.2,5.0,3.0,10.0
1200,1201,4604,1411813373,540,1411813376,41.1639518737793,-8.5897970199585,203.899993896484,144.8,4.75,4.0,10.0
1201,1202,4604,1411813374,479,1411813377,41.1639099121094,-8.5897912979126,203.5,166.5,3.25,3.0,10.0
1202,1203,4604,1411813375,477,1411813378,41.1638984680176,-8.58979415893555,203.399993896484,181.9,1.5,3.0,11.0
1203,1204,4604,1411813376,600,1411813379,41.1638832092285,-8.58980178833008,202.800003051758,194.4,1.5,4.0,11.0
1204,1205,4604,1411813377,741,1411813380,41.1638603210449,-8.58982276916504,202.199996948242,210.5,2.75,4.0,11.0
1205,1206,4604,1411813378,669,1411813381,41.1638259887695,-8.58985710144043,202.5,215.1,4.0,4.0,10.0
1206,1207,4604,1411813379,596,1411813382,41.1637840270996,-8.5898904800415,202.399993896484,213.1,5.0,4.0,10.0
1207,1208,4604,1411813380,457,1411813383,41.1637420654297,-8.58992671966553,202.300003051758,212.2,5.25,4.0,10.0
1208,1209,4604,1411813381,457,1411813384,41.1636962890625,-8.5899658203125,202.0,211.5,6.0,4.0,10.0
1209,1210,4604,1411813382,452,1411813385,41.1636428833008,-8.59000778198242,201.899993896484,209.4,6.5,4.0,10.0
1210,1211,4604,1411813383,514,1411813386,41.1635856628418,-8.59005165100098,201.899993896484,209.2,7.0,4.0,11.0
1211,1212,4604,1411813384,586,1411813387,41.1635284423828,-8.59010124206543,202.100006103516,209.4,7.5,5.0,11.0
1212,1213,4604,1411813385,656,1411813388,41.163459777832,-8.59014320373535,201.300003051758,208.7,7.75,5.0,11.0
1213,1214,4604,1411813386,708,1411813389,41.1634063720703,-8.59020137786865,201.600006103516,212.4,7.5,5.0,11.0
1214,1215,4604,1411813387,607,1411813390,41.1633491516113,-8.59024238586426,201.5,211.9,7.5,5.0,11.0
1215,1216,4604,1411813388,592,1411813391,41.1632957458496,-8.59030055999756,201.600006103516,213.7,7.5,5.0,11.0
1216,1217,4604,1411813389,550,1411813392,41.1632499694824,-8.59036064147949,201.899993896484,215.2,7.25,5.0,11.0
1217,1218,4604,1411813390,542,1411813393,41.1631851196289,-8.59040260314941,201.699996948242,213.1,7.0,4.0,11.0
1218,1219,4604,1411813391,515,1411813394,41.1631317138672,-8.59044933319092,201.699996948242,212.0,6.75,4.0,11.0
1219,1220,4604,1411813392,642,1411813395,41.1631011962891,-8.59049892425537,202.699996948242,212.3,6.5,4.0,11.0
1220,1221,4604,1411813393,709,1411813396,41.1630477905273,-8.59053230285645,202.899993896484,212.6,6.25,5.0,11.0
1221,1222,4604,1411813394,700,1411813397,41.1629981994629,-8.59056758880615,203.0,211.9,6.25,5.0,11.0
1222,1223,4604,1411813395,655,1411813398,41.1629447937012,-8.59060382843018,202.899993896484,213.0,6.5,4.0,11.0
1223,1224,4604,1411813396,612,1411813399,41.1628875732422,-8.59064674377441,202.300003051758,209.5,7.0,5.0,11.0
1224,1225,4604,1411813397,505,1411813400,41.1628379821777,-8.59068202972412,203.0,207.1,7.25,5.0,11.0
1225,1226,4604,1411813398,535,1411813401,41.1627807617188,-8.59072303771973,203.300003051758,210.0,7.25,5.0,11.0
1226,1227,4604,1411813399,465,1411813402,41.162727355957,-8.59078216552734,203.199996948242,215.4,7.5,5.0,10.0
1227,1228,4604,1411813400,611,1411813403,41.162670135498,-8.59085083007812,203.0,219.3,8.0,4.0,10.0
1228,1229,4604,1411813401,693,1411813404,41.1626014709473,-8.59089279174805,203.300003051758,218.0,8.25,4.0,10.0
1229,1230,4604,1411813402,647,1411813405,41.162540435791,-8.5909423828125,203.800003051758,218.6,8.25,3.0,10.0
1230,1231,4604,1411813403,661,1411813406,41.1624794006348,-8.59100437164307,204.800003051758,216.0,8.25,4.0,10.0
1231,1232,4604,1411813404,575,1411813407,41.1624069213867,-8.59106349945068,206.199996948242,217.0,8.75,4.0,10.0
1232,1233,4604,1411813405,513,1411813408,41.1623306274414,-8.59113311767578,206.699996948242,216.8,9.25,4.0,10.0
1233,1234,4604,1411813406,451,1411813409,41.1622619628906,-8.59119606018066,207.0,215.1,9.5,4.0,10.0
1234,1235,4604,1411813407,459,1411813410,41.1621856689453,-8.59126091003418,207.199996948242,212.9,10.0,4.0,10.0
1235,1236,4604,1411813408,587,1411813411,41.162109375,-8.59132385253906,207.899993896484,211.2,10.25,5.0,10.0
1236,1237,4604,1411813409,661,1411813412,41.1620292663574,-8.59136772155762,207.300003051758,209.0,10.0,5.0,10.0
1237,1238,4604,1411813410,595,1411813413,41.1619491577148,-8.59142971038818,207.899993896484,209.6,9.75,5.0,10.0
1238,1239,4604,1411813411,589,1411813414,41.1618881225586,-8.59147834777832,208.300003051758,206.7,9.0,5.0,10.0
1239,1240,4604,1411813412,532,1411813415,41.1618232727051,-8.59152984619141,208.5,203.2,8.75,5.0,10.0
1240,1241,4604,1411813413,499,1411813416,41.1618041992188,-8.59161758422852,208.600006103516,208.9,7.75,5.0,10.0
1241,1242,4604,1411813414,451,1411813417,41.161735534668,-8.59165382385254,208.300003051758,207.5,7.75,4.0,10.0
1242,1243,4604,1411813415,511,1411813418,41.1616859436035,-8.59169292449951,208.5,208.2,7.25,5.0,10.0
1243,1244,4604,1411813416,558,1411813419,41.1616439819336,-8.59172630310059,207.899993896484,214.7,6.75,5.0,10.0
1244,1245,4604,1411813417,761,1411813420,41.1615905761719,-8.59179306030273,207.399993896484,225.7,7.25,5.0,10.0
1245,1246,4604,1411813418,703,1411813421,41.1615600585938,-8.59184265136719,207.300003051758,233.0,6.0,6.0,10.0
1246,1247,4604,1411813419,563,1411813422,41.1615295410156,-8.59188747406006,207.899993896484,235.8,5.75,6.0,10.0
1247,1248,4604,1411813420,626,1411813423,41.1614418029785,-8.59196472167969,207.800003051758,227.0,8.0,7.0,10.0
1248,1249,4604,1411813421,549,1411813424,41.1613693237305,-8.59201240539551,208.399993896484,216.2,7.75,6.0,10.0
1249,1250,4604,1411813422,499,1411813425,41.1613006591797,-8.5920581817627,207.899993896484,213.9,7.25,5.0,10.0
1250,1251,4604,1411813423,508,1411813426,41.1612510681152,-8.59210872650146,207.199996948242,213.2,6.25,5.0,10.0
1251,1252,4604,1411813424,483,1411813427,41.1611938476562,-8.59213256835938,207.300003051758,212.5,5.5,5.0,10.0
1252,1253,4604,1411813425,532,1411813428,41.1611518859863,-8.59215831756592,207.399993896484,212.3,5.0,5.0,10.0
1253,1254,4604,1411813426,451,1411813429,41.1611175537109,-8.59214878082275,206.699996948242,204.5,4.25,5.0,10.0
1254,1255,4604,1411813427,562,1411813430,41.1611099243164,-8.59216976165771,207.199996948242,209.5,2.5,4.0,10.0
1255,1256,4604,1411813428,605,1411813431,41.1610832214355,-8.59216022491455,207.699996948242,209.7,2.25,4.0,10.0
1256,1257,4604,1411813429,589,1411813432,41.1610794067383,-8.59218502044678,207.100006103516,209.6,2.0,4.0,10.0
1257,1258,4604,1411813430,554,1411813433,41.1610679626465,-8.59219169616699,206.5,211.3,1.5,4.0,10.0
1258,1259,4604,1411813431,476,1411813434,41.1610641479492,-8.59219074249268,206.100006103516,204.9,1.0,5.0,10.0
1259,1260,4604,1411813432,559,1411813435,41.1610641479492,-8.59219646453857,206.100006103516,204.9,0.75,5.0,10.0
1260,1261,4604,1411813433,694,1411813436,41.1610679626465,-8.59219264984131,206.800003051758,204.9,0.5,5.0,10.0
1261,1262,4604,1411813434,648,1411813437,41.1610641479492,-8.59221935272217,207.0,232.4,1.0,5.0,10.0
1262,1263,4604,1411813435,593,1411813438,41.1610374450684,-8.59223079681396,207.0,215.8,2.0,4.0,10.0
1263,1264,4604,1411813436,609,1411813439,41.1610069274902,-8.59224510192871,208.899993896484,214.1,2.5,4.0,10.0
1264,1265,4604,1411813437,452,1411813440,41.1609802246094,-8.59226226806641,210.100006103516,214.7,2.75,5.0,10.0
1265,1266,4604,1411813438,517,1411813441,41.1609420776367,-8.59229946136475,210.899993896484,220.0,4.25,4.0,10.0
1266,1267,4604,1411813439,551,1411813442,41.1609077453613,-8.59235095977783,212.0,227.5,5.25,4.0,10.0
1267,1268,4604,1411813440,453,1411813443,41.1608543395996,-8.59247016906738,212.300003051758,243.0,7.75,4.0,10.0
1268,1269,4604,1411813441,454,1411813444,41.1608238220215,-8.59255504608154,212.5,242.6,8.5,4.0,10.0
1269,1270,4604,1411813442,453,1411813445,41.1607627868652,-8.5926570892334,212.5,236.4,9.25,5.0,10.0
1270,1271,4604,1411813443,453,1411813446,41.1607131958008,-8.59275913238525,212.5,234.5,9.75,5.0,10.0
1271,1272,4604,1411813444,452,1411813447,41.1606826782227,-8.59286689758301,211.199996948242,238.5,10.25,5.0,10.0
1272,1273,4604,1411813445,453,1411813448,41.1606521606445,-8.59298706054688,213.0,246.4,10.25,4.0,10.0
1273,1274,4604,1411813446,454,1411813449,41.1606369018555,-8.59309196472168,213.5,256.6,9.5,4.0,10.0
1274,1275,4604,1411813447,452,1411813450,41.1606254577637,-8.59323787689209,210.899993896484,255.0,9.75,5.0,10.0
1275,1276,4604,1411813448,455,1411813451,41.160587310791,-8.59332847595215,211.300003051758,251.1,9.5,5.0,8.0
1276,1277,4604,1411813449,472,1411813452,41.1605644226074,-8.59342098236084,210.5,250.1,8.75,4.0,8.0
1277,1278,4604,1411813450,462,1411813453,41.1605415344238,-8.5935173034668,210.899993896484,249.6,8.5,4.0,9.0
1278,1279,4604,1411813451,470,1411813454,41.1605224609375,-8.5936107635498,211.300003051758,250.6,8.0,5.0,9.0
1279,1280,4604,1411813452,539,1411813455,41.1605377197266,-8.59375762939453,211.5,268.1,8.5,4.0,10.0
1280,1281,4604,1411813453,462,1411813456,41.1605529785156,-8.59386348724365,211.800003051758,275.0,8.5,4.0,10.0
1281,1282,4604,1411813454,484,1411813457,41.1605415344238,-8.59395217895508,211.800003051758,278.5,8.25,4.0,10.0
1282,1283,4604,1411813455,453,1411813458,41.1605529785156,-8.59405422210693,211.600006103516,279.0,8.25,4.0,9.0
1283,1284,4604,1411813456,503,1411813459,41.1605606079102,-8.59415054321289,211.600006103516,279.4,8.25,4.0,9.0
1284,1285,4604,1411813457,495,1411813460,41.160572052002,-8.59425926208496,211.300003051758,278.3,8.5,5.0,9.0
1285,1286,4604,1411813458,462,1411813461,41.1605682373047,-8.59436702728271,211.100006103516,279.7,8.75,4.0,9.0
1286,1287,4604,1411813459,515,1411813462,41.1605796813965,-8.59447765350342,210.899993896484,279.4,9.25,4.0,9.0
1287,1288,4604,1411813460,466,1411813463,41.160587310791,-8.59460163116455,210.699996948242,278.6,9.5,4.0,8.0
1288,1289,4604,1411813461,516,1411813464,41.1605949401855,-8.59471797943115,210.5,278.2,9.75,4.0,8.0
1289,1290,4604,1411813462,504,1411813465,41.1606063842773,-8.59483242034912,210.600006103516,277.8,9.75,10.0,8.0
1290,1291,4604,1411813463,495,1411813466,41.1606178283691,-8.5949535369873,210.600006103516,277.9,10.0,10.0,8.0
1291,1292,4604,1411813464,499,1411813467,41.16064453125,-8.59507656097412,210.399993896484,282.4,10.5,10.0,8.0
1292,1293,4604,1411813465,506,1411813468,41.1606674194336,-8.59521198272705,210.199996948242,281.9,10.75,10.0,8.0
1293,1294,4604,1411813466,522,1411813469,41.1606750488281,-8.59535026550293,210.199996948242,280.3,11.0,10.0,7.0
1294,1295,4604,1411813467,565,1411813470,41.1606903076172,-8.59548568725586,210.100006103516,279.1,10.75,10.0,7.0
1295,1296,4604,1411813468,535,1411813471,41.160701751709,-8.59561729431152,210.100006103516,277.9,10.5,10.0,8.0
1296,1297,4604,1411813469,657,1411813472,41.1607093811035,-8.59573745727539,210.300003051758,274.7,10.25,10.0,8.0
1297,1298,4604,1411813470,614,1411813473,41.1607208251953,-8.59585189819336,210.199996948242,275.1,10.0,10.0,8.0
1298,1299,4604,1411813471,472,1411813474,41.1607360839844,-8.5959644317627,211.100006103516,277.3,9.75,10.0,8.0
1299,1300,4604,1411813472,514,1411813475,41.1607437133789,-8.59606742858887,211.399993896484,279.4,8.75,10.0,8.0
1300,1301,4604,1411813473,457,1411813476,41.1607513427734,-8.59614944458008,211.600006103516,279.4,8.25,11.0,8.0
1301,1302,4604,1411813474,493,1411813477,41.1607627868652,-8.59623622894287,211.899993896484,279.4,7.5,11.0,8.0
1302,1303,4604,1411813475,503,1411813478,41.1607666015625,-8.59630680084229,212.100006103516,278.7,6.5,11.0,8.0
1303,1304,4604,1411813476,640,1411813479,41.1608009338379,-8.59637355804443,212.0,279.4,5.25,10.0,8.0
1304,1305,4604,1411813477,595,1411813480,41.1608009338379,-8.59641933441162,211.5,281.3,4.25,10.0,8.0
1305,1306,4604,1411813478,543,1411813481,41.1608009338379,-8.59646129608154,211.399993896484,277.3,3.5,10.0,9.0
1306,1307,4604,1411813479,541,1411813482,41.1608047485352,-8.59650421142578,211.399993896484,279.0,3.75,10.0,9.0
1307,1308,4604,1411813480,525,1411813483,41.1608123779297,-8.59655380249023,211.5,277.6,4.25,10.0,9.0
1308,1309,4604,1411813481,547,1411813484,41.1608047485352,-8.59660816192627,211.600006103516,276.9,4.75,10.0,9.0
1309,1310,4604,1411813482,505,1411813485,41.1608085632324,-8.59667587280273,211.600006103516,276.7,5.75,10.0,9.0
1310,1311,4604,1411813483,475,1411813486,41.1608009338379,-8.59676074981689,211.5,268.4,6.75,10.0,7.0
1311,1312,4604,1411813484,587,1411813487,41.1607971191406,-8.5968542098999,211.199996948242,269.1,7.25,10.0,8.0
1312,1313,4604,1411813485,666,1411813488,41.1608009338379,-8.59694004058838,211.199996948242,270.0,7.5,11.0,6.0
1313,1314,4604,1411813486,575,1411813489,41.1608085632324,-8.59702777862549,211.100006103516,271.6,7.75,11.0,6.0
1314,1315,4604,1411813487,584,1411813490,41.1608123779297,-8.59712886810303,211.100006103516,272.3,8.0,11.0,7.0
1315,1316,4604,1411813488,498,1411813491,41.1608467102051,-8.59723949432373,211.199996948242,278.6,8.75,10.0,8.0
1316,1317,4604,1411813489,476,1411813492,41.1608734130859,-8.5973482131958,211.300003051758,279.7,9.25,10.0,8.0
1317,1318,4604,1411813490,541,1411813493,41.1608848571777,-8.59746837615967,211.199996948242,279.3,9.5,11.0,8.0
1318,1319,4604,1411813491,503,1411813494,41.1609230041504,-8.59757328033447,211.399993896484,280.1,9.25,10.0,8.0
1319,1320,4604,1411813492,518,1411813495,41.160945892334,-8.59768581390381,211.300003051758,280.9,9.25,10.0,9.0
1320,1321,4604,1411813493,655,1411813496,41.1609573364258,-8.5977897644043,211.399993896484,281.0,9.0,10.0,10.0
1321,1322,4604,1411813494,503,1411813497,41.1609535217285,-8.59786510467529,209.0,272.6,7.75,9.0,10.0
1322,1323,4604,1411813495,460,1411813498,41.1609573364258,-8.59794235229492,208.899993896484,275.2,6.75,10.0,9.0
1323,1324,4604,1411813496,458,1411813499,41.1609687805176,-8.59801864624023,208.600006103516,276.8,6.0,10.0,10.0
1324,1325,4604,1411813497,458,1411813500,41.1609725952148,-8.59806442260742,208.699996948242,278.1,4.75,10.0,10.0
1325,1326,4604,1411813498,497,1411813501,41.1609802246094,-8.59808731079102,208.800003051758,280.4,3.0,10.0,9.0
1326,1327,4604,1411813499,533,1411813502,41.1609802246094,-8.5980978012085,208.699996948242,281.3,1.75,10.0,9.0
1327,1328,4604,1411813500,466,1411813503,41.1609725952148,-8.59809875488281,208.600006103516,279.1,1.0,10.0,9.0
1328,1329,4604,1411813501,471,1411813504,41.1609687805176,-8.59810256958008,208.600006103516,279.1,0.5,10.0,9.0
1329,1330,4604,1411813502,469,1411813505,41.1609573364258,-8.59811687469482,208.600006103516,9.0,9.0,,
1330,1331,4604,1411813503,459,1411813506,41.1609535217285,-8.59811305999756,208.600006103516,9.0,9.0,,
1331,1332,4604,1411813504,489,1411813507,41.1609497070312,-8.59811115264893,208.699996948242,9.0,9.0,,
1332,1333,4604,1411813505,527,1411813508,41.1609497070312,-8.59810733795166,208.5,9.0,8.0,,
1333,1334,4604,1411813506,473,1411813509,41.1609497070312,-8.59810447692871,208.199996948242,9.0,8.0,,
1334,1335,4604,1411813507,591,1411813510,41.1609497070312,-8.59810161590576,208.100006103516,9.0,8.0,,
1335,1336,4604,1411813508,680,1411813511,41.1609497070312,-8.5980978012085,208.0,9.0,8.0,,
1336,1337,4604,1411813509,640,1411813512,41.1609497070312,-8.59809875488281,207.699996948242,9.0,8.0,,
1337,1338,4604,1411813510,588,1411813513,41.1609497070312,-8.5980978012085,207.600006103516,9.0,8.0,,
1338,1339,4604,1411813511,545,1411813514,41.1609497070312,-8.59809589385986,207.600006103516,9.0,8.0,,
1339,1340,4604,1411813512,511,1411813515,41.1609497070312,-8.59809303283691,207.5,10.0,8.0,,
1340,1341,4604,1411813513,504,1411813516,41.1609497070312,-8.5980920791626,207.5,9.0,9.0,,
1341,1342,4604,1411813514,508,1411813517,41.1609497070312,-8.5980920791626,207.5,10.0,8.0,,
1342,1343,4604,1411813515,607,1411813518,41.1609535217285,-8.5980920791626,207.5,10.0,8.0,,
1343,1344,4604,1411813516,657,1411813519,41.1609535217285,-8.5980920791626,207.5,9.0,8.0,,
1344,1345,4604,1411813517,622,1411813520,41.1609535217285,-8.59809970855713,207.5,281.1,1.25,10.0,8.0
1345,1346,4604,1411813518,618,1411813521,41.1609649658203,-8.59812355041504,206.5,282.7,2.0,10.0,8.0
1346,1347,4604,1411813519,606,1411813522,41.1609725952148,-8.59817981719971,206.399993896484,281.8,3.25,11.0,8.0
1347,1348,4604,1411813520,492,1411813523,41.1609840393066,-8.59825325012207,206.5,282.7,4.5,11.0,8.0
1348,1349,4604,1411813521,506,1411813524,41.161003112793,-8.59834480285645,206.5,282.8,6.0,11.0,8.0
1349,1350,4604,1411813522,548,1411813525,41.1610107421875,-8.59845542907715,206.5,279.2,7.5,11.0,7.0
1350,1351,4604,1411813523,603,1411813526,41.1610527038574,-8.59855079650879,198.0,279.4,8.75,11.0,8.0
1351,1352,4604,1411813524,663,1411813527,41.161075592041,-8.59867095947266,197.699996948242,280.3,9.75,11.0,8.0
1352,1353,4604,1411813525,612,1411813528,41.1610908508301,-8.59877872467041,198.699996948242,280.7,9.75,11.0,8.0
1353,1354,4604,1411813526,616,1411813529,41.1611099243164,-8.59890270233154,198.699996948242,280.1,10.25,11.0,7.0
1354,1355,4604,1411813527,566,1411813530,41.1611137390137,-8.59904861450195,198.5,278.1,11.0,12.0,8.0
1355,1356,4604,1411813528,500,1411813531,41.1611099243164,-8.5991907119751,198.0,276.6,11.25,12.0,7.0
1356,1357,4604,1411813529,512,1411813532,41.1611289978027,-8.59933090209961,197.899993896484,277.6,11.25,12.0,7.0
1357,1358,4604,1411813530,489,1411813533,41.1611480712891,-8.59945964813232,197.899993896484,278.6,11.0,12.0,6.0
1358,1359,4604,1411813531,623,1411813534,41.1611785888672,-8.59959697723389,197.800003051758,280.0,10.75,12.0,6.0
1359,1360,4604,1411813532,506,1411813535,41.1611862182617,-8.59972286224365,197.699996948242,278.6,10.5,12.0,6.0
1360,1361,4604,1411813533,620,1411813536,41.1611938476562,-8.5998477935791,197.5,277.4,10.5,11.0,7.0
1361,1362,4604,1411813534,512,1411813537,41.1612701416016,-8.59996128082275,197.600006103516,282.0,10.5,12.0,7.0
1362,1363,4604,1411813535,529,1411813538,41.1613006591797,-8.60009956359863,198.0,281.4,10.25,12.0,8.0
1363,1364,4604,1411813536,511,1411813539,41.1613082885742,-8.60019111633301,198.199996948242,280.8,9.25,12.0,8.0
1364,1365,4604,1411813537,520,1411813540,41.1612930297852,-8.60025787353516,198.399993896484,279.8,7.75,12.0,8.0
1365,1366,4604,1411813538,488,1411813541,41.1612358093262,-8.60031604766846,197.800003051758,254.7,5.75,10.0,7.0
1366,1367,4604,1411813539,502,1411813542,41.1612243652344,-8.60038089752197,197.199996948242,245.1,6.0,10.0,7.0
1367,1368,4604,1411813540,649,1411813543,41.1611862182617,-8.60044384002686,197.100006103516,232.4,6.5,10.0,7.0
1368,1369,4604,1411813541,657,1411813544,41.1611328125,-8.60044097900391,197.100006103516,207.2,5.75,10.0,7.0
1369,1370,4604,1411813542,652,1411813545,41.1610717773438,-8.6004695892334,197.300003051758,204.6,6.25,10.0,7.0
1370,1371,4604,1411813543,600,1411813546,41.1610107421875,-8.60048770904541,197.300003051758,201.5,6.75,11.0,8.0
1371,1372,4604,1411813544,564,1411813547,41.160945892334,-8.60049057006836,199.699996948242,194.8,7.0,10.0,8.0
1372,1373,4604,1411813545,464,1411813548,41.1608810424805,-8.60050487518311,200.0,196.3,7.0,10.0,7.0
1373,1374,4604,1411813546,471,1411813549,41.1608200073242,-8.60054588317871,200.300003051758,196.4,7.0,10.0,8.0
1374,1375,4604,1411813547,525,1411813550,41.1607475280762,-8.60056209564209,200.600006103516,194.9,7.75,10.0,7.0
1375,1376,4604,1411813548,572,1411813551,41.1606597900391,-8.60056972503662,201.0,193.7,8.75,10.0,8.0
1376,1377,4604,1411813549,554,1411813552,41.1605758666992,-8.60061454772949,201.300003051758,196.0,9.5,10.0,8.0
1377,1378,4604,1411813550,585,1411813553,41.1604843139648,-8.60064697265625,201.199996948242,196.7,9.75,10.0,8.0
1378,1379,4604,1411813551,599,1411813554,41.1604080200195,-8.60067749023438,201.199996948242,196.6,9.5,10.0,8.0
1379,1380,4604,1411813552,569,1411813555,41.1603317260742,-8.6007080078125,201.0,196.4,9.5,10.0,8.0
1380,1381,4604,1411813553,478,1411813556,41.1602592468262,-8.6007604598999,200.699996948242,198.5,9.25,11.0,7.0
1381,1382,4604,1411813554,531,1411813557,41.1601753234863,-8.60074806213379,200.899993896484,194.0,9.25,10.0,7.0
1382,1383,4604,1411813555,471,1411813558,41.1600952148438,-8.60077953338623,200.899993896484,194.2,9.25,10.0,7.0
1383,1384,4604,1411813556,495,1411813559,41.160026550293,-8.60081481933594,200.899993896484,196.7,8.5,10.0,7.0
1384,1385,4604,1411813557,503,1411813560,41.1599655151367,-8.60083961486816,201.100006103516,196.7,8.0,10.0,8.0
1385,1386,4604,1411813558,619,1411813561,41.1598930358887,-8.60087871551514,202.699996948242,196.9,7.75,10.0,9.0
1386,1387,4604,1411813559,570,1411813562,41.1598320007324,-8.60091304779053,203.399993896484,197.3,7.25,10.0,9.0
1387,1388,4604,1411813560,462,1411813563,41.159782409668,-8.60094451904297,204.5,197.9,6.5,10.0,9.0
1388,1389,4604,1411813561,506,1411813564,41.159725189209,-8.60094547271729,205.600006103516,193.8,6.0,10.0,9.0
1389,1390,4604,1411813562,462,1411813565,41.1596832275391,-8.60095119476318,204.699996948242,192.3,5.75,10.0,9.0
1390,1391,4604,1411813563,462,1411813566,41.1596336364746,-8.60094261169434,205.0,187.2,5.25,11.0,9.0
1391,1392,4604,1411813564,522,1411813567,41.159595489502,-8.60094356536865,205.300003051758,185.6,4.25,10.0,8.0
1392,1393,4604,1411813565,544,1411813568,41.159553527832,-8.60095405578613,204.899993896484,186.3,4.0,11.0,7.0
1393,1394,4604,1411813566,466,1411813569,41.1595230102539,-8.6009464263916,205.399993896484,185.1,4.0,11.0,6.0
1394,1395,4604,1411813567,461,1411813570,41.1594886779785,-8.60093975067139,205.800003051758,190.5,3.75,10.0,7.0
1395,1396,4604,1411813568,467,1411813571,41.1594352722168,-8.60094738006592,205.699996948242,193.5,4.5,11.0,8.0
1396,1397,4604,1411813569,507,1411813572,41.1593894958496,-8.6010160446167,209.5,202.7,5.25,11.0,8.0
1397,1398,4604,1411813570,575,1411813573,41.1593360900879,-8.60104370117188,209.699996948242,196.0,6.0,10.0,8.0
1398,1399,4604,1411813571,470,1411813574,41.1592826843262,-8.60107898712158,210.399993896484,192.7,6.0,10.0,8.0
1399,1400,4604,1411813572,466,1411813575,41.1592292785645,-8.60110473632812,211.100006103516,195.2,6.5,10.0,8.0
1400,1401,4604,1411813573,506,1411813576,41.1591682434082,-8.60112571716309,211.699996948242,196.3,6.75,11.0,7.0
1401,1402,4604,1411813574,505,1411813577,41.1590995788574,-8.601149559021,212.800003051758,197.4,7.25,11.0,7.0
1402,1403,4604,1411813575,535,1411813578,41.1590156555176,-8.60119724273682,215.300003051758,200.8,8.25,12.0,9.0
1403,1404,4604,1411813576,476,1411813579,41.1589241027832,-8.60121822357178,215.300003051758,198.3,9.0,12.0,9.0
1404,1405,4604,1411813577,463,1411813580,41.1588401794434,-8.60125255584717,215.600006103516,198.1,9.5,12.0,9.0
1405,1406,4604,1411813578,503,1411813581,41.158748626709,-8.60128021240234,215.5,197.8,9.75,11.0,9.0
1406,1407,4604,1411813579,508,1411813582,41.1586532592773,-8.60129356384277,216.399993896484,196.3,9.75,10.0,9.0
1407,1408,4604,1411813580,471,1411813583,41.1585807800293,-8.60134601593018,216.800003051758,197.6,9.75,10.0,9.0
1408,1409,4604,1411813581,491,1411813584,41.1584968566895,-8.60138034820557,216.899993896484,197.2,9.75,10.0,9.0
1409,1410,4604,1411813582,506,1411813585,41.1584167480469,-8.6014232635498,216.800003051758,197.6,9.5,10.0,9.0
1410,1411,4604,1411813583,546,1411813586,41.1583442687988,-8.60145378112793,217.0,197.1,9.25,10.0,9.0
1411,1412,4604,1411813584,502,1411813587,41.1582794189453,-8.60149574279785,217.0,197.6,9.25,10.0,9.0
1412,1413,4604,1411813585,503,1411813588,41.1582069396973,-8.60152053833008,217.0,196.7,9.0,10.0,9.0
1413,1414,4604,1411813586,464,1411813589,41.1581344604492,-8.60156345367432,216.899993896484,197.6,9.0,10.0,9.0
1414,1415,4604,1411813587,509,1411813590,41.1580505371094,-8.60159778594971,216.800003051758,197.5,9.0,10.0,9.0
1415,1416,4604,1411813588,486,1411813591,41.1579627990723,-8.60163402557373,216.300003051758,194.6,9.0,10.0,8.0
1416,1417,4604,1411813589,465,1411813592,41.1578903198242,-8.60165977478027,216.300003051758,194.9,8.75,11.0,7.0
1417,1418,4604,1411813590,467,1411813593,41.1578178405762,-8.60168170928955,216.199996948242,194.6,8.75,11.0,7.0
1418,1419,4604,1411813591,508,1411813594,41.1577415466309,-8.60171031951904,216.399993896484,194.8,8.5,12.0,7.0
1419,1420,4604,1411813592,496,1411813595,41.1576843261719,-8.60177707672119,216.100006103516,200.2,8.25,12.0,7.0
1420,1421,4604,1411813593,485,1411813596,41.1576156616211,-8.60178184509277,216.399993896484,197.0,7.75,12.0,8.0
1421,1422,4604,1411813594,511,1411813597,41.1575584411621,-8.60181427001953,216.699996948242,197.9,7.25,12.0,8.0
1422,1423,4604,1411813595,473,1411813598,41.1575088500977,-8.60182571411133,216.899993896484,196.6,7.0,12.0,8.0
1423,1424,4604,1411813596,485,1411813599,41.1574287414551,-8.60180759429932,217.399993896484,191.7,7.0,11.0,7.0
1424,1425,4604,1411813597,505,1411813600,41.157356262207,-8.60181617736816,217.5,191.1,7.25,11.0,7.0
1425,1426,4604,1411813598,535,1411813601,41.157283782959,-8.60189723968506,217.199996948242,197.8,8.0,11.0,7.0
1426,1427,4604,1411813599,506,1411813602,41.1572189331055,-8.60190391540527,217.199996948242,194.7,8.0,11.0,7.0
1427,1428,4604,1411813600,467,1411813603,41.1571350097656,-8.60196971893311,217.199996948242,198.0,9.0,10.0,7.0
1428,1429,4604,1411813601,473,1411813604,41.157054901123,-8.60198497772217,217.199996948242,197.2,9.25,11.0,7.0
1429,1430,4604,1411813602,507,1411813605,41.1569786071777,-8.60204887390137,216.899993896484,197.0,9.75,11.0,6.0
1430,1431,4604,1411813603,513,1411813606,41.1568908691406,-8.60208797454834,216.699996948242,197.3,10.0,11.0,6.0
1431,1432,4604,1411813604,541,1411813607,41.156810760498,-8.60214138031006,216.699996948242,199.0,9.75,11.0,7.0
1432,1433,4604,1411813605,491,1411813608,41.1567230224609,-8.60216522216797,216.699996948242,197.3,9.75,10.0,6.0
1433,1434,4604,1411813606,562,1411813609,41.1566429138184,-8.60220909118652,216.699996948242,197.9,9.25,10.0,7.0
1434,1435,4604,1411813607,523,1411813610,41.1565589904785,-8.60222911834717,216.800003051758,196.9,9.0,10.0,7.0
1435,1436,4604,1411813608,478,1411813611,41.1564788818359,-8.60225200653076,216.300003051758,196.3,9.0,10.0,7.0
1436,1437,4604,1411813609,624,1411813612,41.1563949584961,-8.6022891998291,217.600006103516,195.4,9.25,10.0,7.0
1437,1438,4604,1411813610,589,1411813613,41.1563034057617,-8.60231113433838,218.199996948242,197.1,9.5,10.0,7.0
1438,1439,4604,1411813611,473,1411813614,41.1562080383301,-8.60235500335693,220.800003051758,197.7,9.75,10.0,7.0
1439,1440,4604,1411813612,526,1411813615,41.156135559082,-8.60238265991211,220.899993896484,197.2,9.5,10.0,7.0
1440,1441,4604,1411813613,516,1411813616,41.1560478210449,-8.6024284362793,222.100006103516,197.5,9.5,10.0,7.0
1441,1442,4604,1411813614,568,1411813617,41.1559638977051,-8.602463722229,222.100006103516,197.3,9.5,11.0,7.0
1442,1443,4604,1411813615,646,1411813618,41.1558837890625,-8.60250663757324,221.899993896484,198.1,9.5,10.0,6.0
1443,1444,4604,1411813616,648,1411813619,41.1558113098145,-8.6025505065918,221.5,198.7,9.5,10.0,7.0
1444,1445,4604,1411813617,610,1411813620,41.1557312011719,-8.6025915145874,221.600006103516,198.8,9.5,11.0,8.0
1445,1446,4604,1411813618,625,1411813621,41.1556549072266,-8.60261058807373,221.5,197.4,9.25,11.0,9.0
1446,1447,4604,1411813619,577,1411813622,41.1555671691895,-8.60262203216553,221.600006103516,195.7,9.25,11.0,9.0
1447,1448,4604,1411813620,522,1411813623,41.1554870605469,-8.60260581970215,219.5,195.5,9.0,10.0,10.0
1448,1449,4604,1411813621,467,1411813624,41.1554107666016,-8.60262393951416,218.100006103516,195.0,9.25,10.0,10.0
1449,1450,4604,1411813622,466,1411813625,41.1553230285645,-8.60265254974365,218.600006103516,194.8,9.5,10.0,10.0
1450,1451,4604,1411813623,468,1411813626,41.1552467346191,-8.60268592834473,218.300003051758,194.5,9.75,10.0,10.0
1451,1452,4604,1411813624,690,1411813627,41.155158996582,-8.6027250289917,217.699996948242,193.7,9.75,10.0,10.0
1452,1453,4604,1411813625,595,1411813628,41.1550788879395,-8.60276317596436,215.399993896484,192.7,9.5,9.0,10.0
1453,1454,4604,1411813626,627,1411813629,41.1550102233887,-8.60277938842773,212.5,192.9,9.5,9.0,8.0
1454,1455,4604,1411813627,569,1411813630,41.1549339294434,-8.60281467437744,212.300003051758,194.2,8.75,9.0,8.0
1455,1456,4604,1411813628,591,1411813631,41.1548614501953,-8.60283279418945,213.0,194.6,8.0,9.0,8.0
1456,1457,4604,1411813629,501,1411813632,41.1548042297363,-8.6028470993042,212.199996948242,194.7,7.0,10.0,8.0
1457,1458,4604,1411813630,516,1411813633,41.1547622680664,-8.60286903381348,212.0,196.0,6.0,9.0,9.0
1458,1459,4604,1411813631,672,1411813634,41.1547164916992,-8.60288238525391,211.699996948242,194.2,5.75,10.0,9.0
1459,1460,4604,1411813632,734,1411813635,41.1546745300293,-8.60290718078613,211.699996948242,198.8,5.25,10.0,9.0
1460,1461,4604,1411813633,635,1411813636,41.1546478271484,-8.60290622711182,211.600006103516,192.5,4.0,10.0,9.0
1461,1462,4604,1411813634,640,1411813637,41.1546211242676,-8.60290908813477,211.699996948242,187.4,3.25,10.0,9.0
1462,1463,4604,1411813635,548,1411813638,41.1546058654785,-8.60290145874023,211.600006103516,178.5,2.5,10.0,9.0
1463,1464,4604,1411813636,500,1411813639,41.1546096801758,-8.60291957855225,212.100006103516,184.1,1.25,10.0,9.0
1464,1465,4604,1411813637,526,1411813640,41.1546211242676,-8.60291481018066,211.800003051758,184.1,0.5,10.0,9.0
1465,1466,4604,1411813638,511,1411813641,41.1546401977539,-8.60293674468994,210.199996948242,9.0,9.0,,
1466,1467,4604,1411813639,745,1411813642,41.1546325683594,-8.60293769836426,209.5,9.0,9.0,,
1467,1468,4604,1411813640,653,1411813643,41.1546287536621,-8.60292816162109,210.0,9.0,9.0,,
1468,1469,4604,1411813641,617,1411813644,41.1546249389648,-8.60292720794678,210.699996948242,9.0,10.0,,
1469,1470,4604,1411813642,613,1411813645,41.1546211242676,-8.60292625427246,211.300003051758,9.0,10.0,,
1470,1471,4604,1411813643,546,1411813646,41.1546173095703,-8.60292148590088,211.199996948242,9.0,10.0,,
1471,1472,4604,1411813644,524,1411813647,41.1546173095703,-8.60291862487793,211.5,9.0,10.0,,
1472,1473,4604,1411813645,548,1411813648,41.1546211242676,-8.6029167175293,211.300003051758,9.0,10.0,,
1473,1474,4604,1411813646,541,1411813649,41.1546211242676,-8.60291576385498,211.199996948242,9.0,10.0,,
1474,1475,4604,1411813647,552,1411813650,41.1546249389648,-8.60291004180908,210.899993896484,9.0,10.0,,
1475,1476,4604,1411813648,753,1411813651,41.1546287536621,-8.60290718078613,210.699996948242,9.0,10.0,,
1476,1477,4604,1411813649,617,1411813652,41.1546287536621,-8.60290718078613,210.699996948242,10.0,10.0,,
1477,1478,4604,1411813650,616,1411813653,41.1546287536621,-8.60290718078613,210.699996948242,10.0,10.0,,
1478,1479,4604,1411813651,567,1411813654,41.1546287536621,-8.60290622711182,210.699996948242,9.0,10.0,,
1479,1480,4604,1411813652,567,1411813655,41.1546287536621,-8.60290718078613,210.600006103516,9.0,10.0,,
1480,1481,4604,1411813653,541,1411813656,41.1546287536621,-8.60290718078613,210.600006103516,9.0,10.0,,
1481,1482,4604,1411813654,558,1411813657,41.1546287536621,-8.60290718078613,210.600006103516,9.0,10.0,,
1482,1483,4604,1411813655,682,1411813658,41.1546287536621,-8.60290718078613,210.600006103516,9.0,10.0,,
1483,1484,4604,1411813656,691,1411813659,41.1546287536621,-8.60290718078613,210.600006103516,9.0,10.0,,
1484,1485,4604,1411813657,633,1411813660,41.1546287536621,-8.60290718078613,210.699996948242,9.0,10.0,,
1485,1486,4604,1411813658,609,1411813661,41.1546287536621,-8.60290718078613,210.699996948242,9.0,10.0,,
1486,1487,4604,1411813659,598,1411813662,41.1546287536621,-8.60290718078613,210.699996948242,9.0,10.0,,
1487,1488,4604,1411813660,558,1411813663,41.1546287536621,-8.60290718078613,210.699996948242,9.0,10.0,,
1488,1489,4604,1411813661,503,1411813664,41.1546249389648,-8.6029052734375,211.0,9.0,10.0,,
1489,1490,4604,1411813662,507,1411813665,41.1546249389648,-8.6029052734375,211.0,9.0,10.0,,
1490,1491,4604,1411813663,700,1411813666,41.1546249389648,-8.60290431976318,211.199996948242,9.0,10.0,,
1491,1492,4604,1411813664,669,1411813667,41.1546211242676,-8.60290241241455,211.699996948242,9.0,10.0,,
1492,1493,4604,1411813665,662,1411813668,41.1546211242676,-8.60290241241455,211.699996948242,9.0,10.0,,
1493,1494,4604,1411813666,493,1411813669,41.1546211242676,-8.60290241241455,211.800003051758,9.0,10.0,,
1494,1495,4604,1411813667,585,1411813670,41.1546211242676,-8.60290145874023,211.899993896484,9.0,10.0,,
1495,1496,4604,1411813668,608,1411813671,41.1546211242676,-8.60290145874023,212.0,9.0,10.0,,
1496,1497,4604,1411813669,533,1411813672,41.1546211242676,-8.60290050506592,212.199996948242,9.0,10.0,,
1497,1498,4604,1411813670,474,1411813673,41.1546211242676,-8.60290050506592,212.199996948242,9.0,10.0,,
1498,1499,4604,1411813671,569,1411813674,41.1546173095703,-8.6028995513916,212.399993896484,9.0,10.0,,
1499,1500,4604,1411813672,616,1411813675,41.1546173095703,-8.6028995513916,212.399993896484,9.0,10.0,,
1500,1501,4604,1411813673,595,1411813676,41.1546173095703,-8.6028995513916,212.399993896484,9.0,10.0,,
1501,1502,4604,1411813674,585,1411813677,41.1546173095703,-8.6028995513916,212.399993896484,9.0,10.0,,
1502,1503,4604,1411813675,551,1411813678,41.1546173095703,-8.6028995513916,212.399993896484,10.0,10.0,,
1503,1504,4604,1411813676,486,1411813679,41.1546173095703,-8.6028995513916,212.5,9.0,10.0,,
1504,1505,4604,1411813677,525,1411813680,41.154613494873,-8.60290050506592,212.5,184.1,0.75,9.0,10.0
1505,1506,4604,1411813678,518,1411813681,41.1546058654785,-8.60290241241455,212.100006103516,193.3,1.25,10.0,10.0
1506,1507,4604,1411813679,582,1411813682,41.1545829772949,-8.6029167175293,210.899993896484,200.0,2.25,10.0,11.0
1507,1508,4604,1411813680,568,1411813683,41.1545486450195,-8.60294723510742,209.300003051758,204.6,3.25,10.0,11.0
1508,1509,4604,1411813681,473,1411813684,41.1545104980469,-8.60297107696533,209.300003051758,205.4,3.75,10.0,10.0
1509,1510,4604,1411813682,544,1411813685,41.154468536377,-8.60298633575439,208.699996948242,198.8,4.25,10.0,10.0
1510,1511,4604,1411813683,472,1411813686,41.1544227600098,-8.60300159454346,208.5,196.6,4.5,10.0,10.0
1511,1512,4604,1411813684,474,1411813687,41.1543388366699,-8.60301971435547,208.199996948242,189.7,6.5,10.0,10.0
1512,1513,4604,1411813685,517,1411813688,41.1542587280273,-8.60308742523193,207.699996948242,198.8,8.0,10.0,9.0
1513,1514,4604,1411813686,533,1411813689,41.1541709899902,-8.60314750671387,207.0,199.7,8.75,10.0,9.0
1514,1515,4604,1411813687,481,1411813690,41.1540756225586,-8.60316467285156,207.300003051758,196.9,9.5,10.0,9.0
1515,1516,4604,1411813688,510,1411813691,41.1539764404297,-8.6032075881958,207.0,196.6,10.0,10.0,9.0
1516,1517,4604,1411813689,515,1411813692,41.1538963317871,-8.60325241088867,206.899993896484,196.8,10.25,10.0,9.0
1517,1518,4604,1411813690,527,1411813693,41.1538047790527,-8.60329532623291,206.899993896484,197.8,10.5,10.0,9.0
1518,1519,4604,1411813691,581,1411813694,41.1537094116211,-8.60335922241211,206.600006103516,199.4,10.75,10.0,9.0
1519,1520,4604,1411813692,518,1411813695,41.1536102294922,-8.6033992767334,206.800003051758,199.4,10.75,10.0,9.0
1520,1521,4604,1411813693,472,1411813696,41.1535186767578,-8.603440284729,206.800003051758,199.4,10.75,11.0,8.0
1521,1522,4604,1411813694,513,1411813697,41.1534233093262,-8.60343265533447,207.100006103516,194.6,10.5,11.0,9.0
1522,1523,4604,1411813695,531,1411813698,41.1533393859863,-8.6034631729126,207.199996948242,194.0,10.25,11.0,9.0
1523,1524,4604,1411813696,480,1411813699,41.153247833252,-8.603515625,208.600006103516,196.4,9.75,10.0,9.0
1524,1525,4604,1411813697,513,1411813700,41.1531715393066,-8.60351371765137,206.899993896484,194.8,9.75,10.0,8.0
1525,1526,4604,1411813698,475,1411813701,41.153076171875,-8.6035327911377,206.699996948242,193.9,10.0,11.0,9.0
1526,1527,4604,1411813699,511,1411813702,41.1529846191406,-8.60354518890381,207.100006103516,191.9,9.75,11.0,8.0
1527,1528,4604,1411813700,528,1411813703,41.1529006958008,-8.60359859466553,206.899993896484,196.0,10.0,11.0,8.0
1528,1529,4604,1411813701,472,1411813704,41.1528167724609,-8.60364532470703,206.600006103516,196.1,9.75,10.0,8.0
1529,1530,4604,1411813702,507,1411813705,41.1527252197266,-8.60366535186768,206.800003051758,195.1,9.75,11.0,8.0
1530,1531,4604,1411813703,506,1411813706,41.1526374816895,-8.60369682312012,206.800003051758,195.0,10.0,11.0,8.0
1531,1532,4604,1411813704,511,1411813707,41.1525497436523,-8.60374736785889,206.699996948242,196.7,9.5,10.0,8.0
1532,1533,4604,1411813705,652,1411813708,41.1524696350098,-8.60376358032227,206.899993896484,195.5,9.25,11.0,7.0
1533,1534,4604,1411813706,625,1411813709,41.1524047851562,-8.60380840301514,207.0,197.7,8.75,11.0,7.0
1534,1535,4604,1411813707,599,1411813710,41.1523361206055,-8.60384559631348,207.0,199.2,8.5,11.0,7.0
1535,1536,4604,1411813708,600,1411813711,41.1522636413574,-8.60389041900635,206.899993896484,199.9,8.5,11.0,7.0
1536,1537,4604,1411813709,529,1411813712,41.1522026062012,-8.60393142700195,207.100006103516,199.0,8.5,11.0,7.0
1537,1538,4604,1411813710,513,1411813713,41.1521301269531,-8.60395431518555,207.100006103516,196.2,8.25,10.0,7.0
1538,1539,4604,1411813711,499,1411813714,41.1520576477051,-8.60400295257568,207.199996948242,196.2,8.25,11.0,7.0
1539,1540,4604,1411813712,569,1411813715,41.1519966125488,-8.60399341583252,205.199996948242,194.6,8.0,10.0,7.0
1540,1541,4604,1411813713,504,1411813716,41.1519165039062,-8.60401725769043,204.199996948242,191.5,8.0,10.0,7.0
1541,1542,4604,1411813714,590,1411813717,41.1518478393555,-8.60403823852539,204.600006103516,192.0,8.0,11.0,6.0
1542,1543,4604,1411813715,607,1411813718,41.1517791748047,-8.60405540466309,203.300003051758,191.3,8.0,11.0,6.0
1543,1544,4604,1411813716,538,1411813719,41.1517105102539,-8.60407638549805,203.199996948242,191.5,7.75,11.0,7.0
1544,1545,4604,1411813717,519,1411813720,41.1516494750977,-8.60409355163574,203.800003051758,193.8,7.5,11.0,7.0
1545,1546,4604,1411813718,534,1411813721,41.1515846252441,-8.60411930084229,203.5,194.1,7.5,11.0,7.0
1546,1547,4604,1411813719,500,1411813722,41.1515274047852,-8.6041374206543,203.5,193.3,7.25,11.0,7.0
1547,1548,4604,1411813720,609,1411813723,41.1514663696289,-8.60414218902588,204.199996948242,192.2,7.0,12.0,7.0
1548,1549,4604,1411813721,538,1411813724,41.1514053344727,-8.60414505004883,204.399993896484,191.4,6.75,12.0,7.0
1549,1550,4604,1411813722,484,1411813725,41.1513252258301,-8.60419464111328,204.699996948242,198.1,7.25,12.0,8.0
1550,1551,4604,1411813723,505,1411813726,41.1512680053711,-8.60422611236572,204.699996948242,197.7,6.75,12.0,8.0
1551,1552,4604,1411813724,550,1411813727,41.1512222290039,-8.60422897338867,204.600006103516,195.9,6.25,11.0,8.0
1552,1553,4604,1411813725,530,1411813728,41.1511726379395,-8.60425758361816,204.199996948242,198.6,5.5,11.0,8.0
1553,1554,4604,1411813726,485,1411813729,41.1511306762695,-8.60427284240723,204.199996948242,193.7,5.5,11.0,8.0
1554,1555,4604,1411813727,491,1411813730,41.1510848999023,-8.60428237915039,204.199996948242,189.7,5.25,11.0,8.0
1555,1556,4604,1411813728,565,1411813731,41.1510429382324,-8.60429668426514,204.199996948242,189.8,5.25,12.0,8.0
1556,1557,4604,1411813729,625,1411813732,41.1509971618652,-8.60429763793945,204.199996948242,186.1,5.25,12.0,8.0
1557,1558,4604,1411813730,601,1411813733,41.150951385498,-8.60430145263672,204.199996948242,185.1,5.0,12.0,8.0
1558,1559,4604,1411813731,597,1411813734,41.1509170532227,-8.60429954528809,204.199996948242,184.9,4.5,12.0,8.0
1559,1560,4604,1411813732,477,1411813735,41.1508903503418,-8.60430431365967,204.199996948242,186.4,3.75,12.0,8.0
1560,1561,4604,1411813733,506,1411813736,41.1508712768555,-8.60428714752197,204.399993896484,182.4,2.5,11.0,8.0
1561,1562,4604,1411813734,506,1411813737,41.1508598327637,-8.60429286956787,204.399993896484,194.2,1.25,11.0,8.0
1562,1563,4604,1411813735,485,1411813738,41.1508598327637,-8.60428905487061,204.100006103516,194.2,0.5,11.0,8.0
1563,1564,4604,1411813736,656,1411813739,41.1508636474609,-8.60427856445312,203.600006103516,10.0,8.0,,
1564,1565,4604,1411813737,549,1411813740,41.1508636474609,-8.60428333282471,203.800003051758,10.0,8.0,,
1565,1566,4604,1411813738,581,1411813741,41.1508636474609,-8.60428333282471,204.0,10.0,9.0,,
1566,1567,4604,1411813739,525,1411813742,41.1508636474609,-8.60428524017334,203.800003051758,10.0,9.0,,
1567,1568,4604,1411813740,475,1411813743,41.1508712768555,-8.60426139831543,202.5,10.0,9.0,,
1568,1569,4604,1411813741,512,1411813744,41.1508712768555,-8.60426425933838,202.399993896484,10.0,9.0,,
1569,1570,4604,1411813742,547,1411813745,41.1508712768555,-8.60426425933838,202.399993896484,10.0,9.0,,
1570,1571,4604,1411813743,476,1411813746,41.1508712768555,-8.60426807403564,202.399993896484,10.0,9.0,,
1571,1572,4604,1411813744,509,1411813747,41.1508712768555,-8.60426235198975,202.5,10.0,9.0,,
1572,1573,4604,1411813745,530,1411813748,41.1508750915527,-8.60426425933838,202.300003051758,10.0,9.0,,
1573,1574,4604,1411813746,476,1411813749,41.1508712768555,-8.60426712036133,202.399993896484,10.0,9.0,,
1574,1575,4604,1411813747,590,1411813750,41.1508712768555,-8.60426712036133,202.399993896484,10.0,9.0,,
1575,1576,4604,1411813748,606,1411813751,41.1508712768555,-8.60426902770996,202.5,10.0,9.0,,
1576,1577,4604,1411813749,498,1411813752,41.1508712768555,-8.60427284240723,202.800003051758,10.0,9.0,,
1577,1578,4604,1411813750,551,1411813753,41.1508712768555,-8.60427761077881,203.0,10.0,9.0,,
1578,1579,4604,1411813751,533,1411813754,41.1508674621582,-8.60427951812744,203.300003051758,9.0,9.0,,
1579,1580,4604,1411813752,487,1411813755,41.1508674621582,-8.60427951812744,203.300003051758,10.0,9.0,,
1580,1581,4604,1411813753,530,1411813756,41.1508674621582,-8.60427951812744,203.300003051758,10.0,10.0,,
1581,1582,4604,1411813754,546,1411813757,41.1508674621582,-8.60427856445312,203.300003051758,10.0,10.0,,
1582,1583,4604,1411813755,511,1411813758,41.1508674621582,-8.60427856445312,203.199996948242,194.2,0.5,11.0,10.0
1583,1584,4604,1411813756,483,1411813759,41.1508674621582,-8.60420799255371,202.399993896484,150.6,1.0,9.0,10.0
1584,1585,4604,1411813757,477,1411813760,41.15087890625,-8.60420417785645,197.199996948242,147.7,1.0,10.0,10.0
1585,1586,4604,1411813758,549,1411813761,41.1508827209473,-8.6041841506958,194.899993896484,152.5,1.0,10.0,10.0
1586,1587,4604,1411813759,551,1411813762,41.15087890625,-8.60417938232422,194.800003051758,169.4,0.75,9.0,10.0
1587,1588,4604,1411813760,486,1411813763,41.1508712768555,-8.60418224334717,193.699996948242,159.6,0.75,9.0,10.0
1588,1589,4604,1411813761,654,1411813764,41.1508636474609,-8.60419178009033,189.600006103516,173.8,1.0,10.0,9.0
1589,1590,4604,1411813762,699,1411813765,41.1508522033691,-8.60419845581055,186.800003051758,173.0,1.25,10.0,9.0
1590,1591,4604,1411813763,557,1411813766,41.150806427002,-8.60420513153076,184.300003051758,176.6,4.0,10.0,9.0
1591,1592,4604,1411813764,571,1411813767,41.1507568359375,-8.60420894622803,183.899993896484,176.6,5.0,10.0,9.0
1592,1593,4604,1411813765,483,1411813768,41.1506843566895,-8.60422801971436,184.199996948242,173.6,5.75,10.0,9.0
1593,1594,4604,1411813766,479,1411813769,41.1506271362305,-8.60421848297119,184.199996948242,173.7,6.25,10.0,9.0
1594,1595,4604,1411813767,537,1411813770,41.1505661010742,-8.60418796539307,185.100006103516,169.8,6.5,11.0,9.0
1595,1596,4604,1411813768,536,1411813771,41.1504974365234,-8.6041841506958,185.100006103516,173.5,6.75,10.0,9.0
1596,1597,4604,1411813769,653,1411813772,41.1504402160645,-8.60418510437012,185.300003051758,176.9,6.75,10.0,9.0
1597,1598,4604,1411813770,622,1411813773,41.1503791809082,-8.60419082641602,185.199996948242,179.2,6.5,10.0,9.0
1598,1599,4604,1411813771,605,1411813774,41.150318145752,-8.60417938232422,185.100006103516,176.3,6.5,10.0,9.0
1599,1600,4604,1411813772,593,1411813775,41.1502685546875,-8.60417747497559,185.300003051758,174.0,6.0,10.0,10.0
1600,1601,4604,1411813773,569,1411813776,41.1502151489258,-8.60418701171875,184.800003051758,174.6,5.75,10.0,10.0
1601,1602,4604,1411813774,510,1411813777,41.1501617431641,-8.60418128967285,185.199996948242,175.2,5.5,10.0,10.0
1602,1603,4604,1411813775,550,1411813778,41.1501121520996,-8.60417556762695,185.5,174.2,5.25,10.0,10.0
1603,1604,4604,1411813776,511,1411813779,41.1500663757324,-8.60418796539307,185.699996948242,176.0,5.0,10.0,8.0
1604,1605,4604,1411813777,598,1411813780,41.1500205993652,-8.60419178009033,185.699996948242,177.7,4.75,10.0,8.0
1605,1606,4604,1411813778,666,1411813781,41.149974822998,-8.6041955947876,185.600006103516,177.9,4.5,10.0,8.0
1606,1607,4604,1411813779,675,1411813782,41.1499366760254,-8.6041955947876,186.0,177.2,4.25,10.0,8.0
1607,1608,4604,1411813780,625,1411813783,41.14990234375,-8.60420227050781,186.800003051758,176.9,3.75,10.0,8.0
1608,1609,4604,1411813781,478,1411813784,41.1498680114746,-8.60421276092529,188.399993896484,181.6,3.75,10.0,8.0
1609,1610,4604,1411813782,528,1411813785,41.1498413085938,-8.60421276092529,188.0,178.9,3.25,9.0,10.0
1610,1611,4604,1411813783,549,1411813786,41.1498146057129,-8.60422325134277,188.5,179.4,2.75,10.0,10.0
1611,1612,4604,1411813784,554,1411813787,41.1497955322266,-8.60422229766846,189.100006103516,180.3,2.25,10.0,9.0
1612,1613,4604,1411813785,657,1411813788,41.1497802734375,-8.60422325134277,189.199996948242,181.6,2.0,10.0,9.0
1613,1614,4604,1411813786,638,1411813789,41.1497688293457,-8.60421657562256,189.699996948242,178.2,1.5,10.0,9.0
1614,1615,4604,1411813787,661,1411813790,41.1497611999512,-8.60420799255371,186.600006103516,154.6,1.25,9.0,8.0
1615,1616,4604,1411813788,535,1411813791,41.1497497558594,-8.60420417785645,186.300003051758,169.2,1.25,10.0,9.0
1616,1617,4604,1411813789,519,1411813792,41.1497383117676,-8.60420036315918,186.100006103516,166.1,1.5,10.0,9.0
1617,1618,4604,1411813790,547,1411813793,41.1497230529785,-8.60419368743896,186.300003051758,171.1,1.5,10.0,7.0
1618,1619,4604,1411813791,555,1411813794,41.1497039794922,-8.60418796539307,186.300003051758,172.8,2.0,10.0,7.0
1619,1620,4604,1411813792,556,1411813795,41.1496849060059,-8.6041841506958,186.199996948242,175.5,1.75,10.0,7.0
1620,1621,4604,1411813793,634,1411813796,41.1496734619141,-8.60418319702148,186.300003051758,179.1,1.5,10.0,8.0
1621,1622,4604,1411813794,633,1411813797,41.1496620178223,-8.6041841506958,186.5,184.1,1.5,10.0,8.0
1622,1623,4604,1411813795,642,1411813798,41.1496505737305,-8.6041898727417,186.300003051758,190.9,1.5,11.0,8.0
1623,1624,4604,1411813796,602,1411813799,41.1496391296387,-8.60419750213623,186.300003051758,194.9,1.5,11.0,8.0
1624,1625,4604,1411813797,607,1411813800,41.1496276855469,-8.60419940948486,186.100006103516,189.2,1.5,10.0,8.0
1625,1626,4604,1411813798,541,1411813801,41.1496124267578,-8.60419845581055,186.100006103516,181.4,1.5,10.0,8.0
1626,1627,4604,1411813799,599,1411813802,41.1495971679688,-8.60419273376465,186.5,170.8,1.75,10.0,8.0
1627,1628,4604,1411813800,586,1411813803,41.1495704650879,-8.6041841506958,186.399993896484,168.3,2.75,10.0,8.0
1628,1629,4604,1411813801,523,1411813804,41.149543762207,-8.60417461395264,186.5,166.9,3.0,10.0,8.0
1629,1630,4604,1411813802,519,1411813805,41.1495132446289,-8.60416698455811,186.699996948242,168.5,3.0,11.0,8.0
1630,1631,4604,1411813803,480,1411813806,41.1494903564453,-8.60415744781494,183.0,169.0,3.0,11.0,8.0
1631,1632,4604,1411813804,523,1411813807,41.1494636535645,-8.60415649414062,183.300003051758,174.3,3.0,10.0,8.0
1632,1633,4604,1411813805,549,1411813808,41.1494369506836,-8.60415267944336,183.600006103516,174.8,3.0,10.0,8.0
1633,1634,4604,1411813806,480,1411813809,41.1494102478027,-8.60414981842041,183.600006103516,176.0,3.0,10.0,7.0
1634,1635,4604,1411813807,523,1411813810,41.1493797302246,-8.6041431427002,184.300003051758,171.8,3.0,10.0,7.0
1635,1636,4604,1411813808,549,1411813811,41.1493530273438,-8.60413551330566,181.5,175.6,3.0,10.0,8.0
1636,1637,4604,1411813809,549,1411813812,41.1493377685547,-8.60414028167725,180.899993896484,190.2,3.0,10.0,8.0
1637,1638,4604,1411813810,521,1411813813,41.1493301391602,-8.60416507720947,181.0,224.7,2.75,10.0,8.0
1638,1639,4604,1411813811,572,1411813814,41.149341583252,-8.60421180725098,178.5,266.7,2.75,10.0,8.0
1639,1640,4604,1411813812,588,1411813815,41.1493492126465,-8.6042594909668,177.100006103516,266.5,3.0,10.0,7.0
1640,1641,4604,1411813813,525,1411813816,41.149356842041,-8.60430717468262,176.600006103516,268.6,3.0,10.0,7.0
1641,1642,4604,1411813814,482,1411813817,41.1493644714355,-8.6043586730957,176.300003051758,270.3,3.25,10.0,7.0
1642,1643,4604,1411813815,534,1411813818,41.1493721008301,-8.60440635681152,174.800003051758,274.9,3.0,10.0,7.0
1643,1644,4604,1411813816,502,1411813819,41.1493797302246,-8.60445117950439,174.0,278.0,3.0,10.0,7.0
1644,1645,4604,1411813817,482,1411813820,41.1493911743164,-8.60449886322021,174.199996948242,280.5,3.25,10.0,7.0
1645,1646,4604,1411813818,513,1411813821,41.1493988037109,-8.60454654693604,174.399993896484,279.4,3.5,10.0,7.0
1646,1647,4604,1411813819,525,1411813822,41.1494064331055,-8.60459995269775,174.100006103516,278.7,3.75,10.0,7.0
1647,1648,4604,1411813820,481,1411813823,41.1494178771973,-8.60466957092285,173.699996948242,278.8,5.0,10.0,7.0
1648,1649,4604,1411813821,552,1411813824,41.1494483947754,-8.60477447509766,172.699996948242,282.6,5.25,11.0,6.0
1649,1650,4604,1411813822,526,1411813825,41.1494674682617,-8.60484313964844,170.300003051758,284.2,5.5,10.0,6.0
1650,1651,4604,1411813823,483,1411813826,41.1495018005371,-8.60490798950195,166.899993896484,285.4,5.25,10.0,6.0
1651,1652,4604,1411813824,531,1411813827,41.1495132446289,-8.60496139526367,166.800003051758,285.7,4.75,10.0,7.0
1652,1653,4604,1411813825,485,1411813828,41.1495208740234,-8.60501480102539,166.800003051758,286.5,4.5,10.0,7.0
1653,1654,4604,1411813826,493,1411813829,41.1495361328125,-8.60507392883301,167.199996948242,285.6,4.5,11.0,7.0
1654,1655,4604,1411813827,576,1411813830,41.1495513916016,-8.60512447357178,166.199996948242,286.2,4.25,11.0,7.0
1655,1656,4604,1411813828,555,1411813831,41.1495666503906,-8.60517692565918,166.300003051758,286.3,4.0,11.0,8.0
1656,1657,4604,1411813829,534,1411813832,41.1495742797852,-8.60521984100342,166.699996948242,286.3,3.75,11.0,7.0
1657,1658,4604,1411813830,566,1411813833,41.1495780944824,-8.60525608062744,166.199996948242,286.3,3.25,11.0,7.0
1658,1659,4604,1411813831,512,1411813834,41.149585723877,-8.60527992248535,166.100006103516,294.1,2.25,12.0,7.0
1659,1660,4604,1411813832,546,1411813835,41.1495895385742,-8.60529232025146,165.699996948242,309.5,1.25,12.0,7.0
1660,1661,4604,1411813833,524,1411813836,41.1495933532715,-8.60529136657715,166.699996948242,338.6,1.0,12.0,8.0
1661,1662,4604,1411813834,522,1411813837,41.1495971679688,-8.60529613494873,168.199996948242,345.2,0.75,13.0,8.0
1662,1663,4604,1411813835,519,1411813838,41.149600982666,-8.60530281066895,167.899993896484,323.3,0.75,13.0,8.0
1663,1664,4604,1411813836,484,1411813839,41.149600982666,-8.60531139373779,168.899993896484,320.2,0.75,13.0,7.0
1664,1665,4604,1411813837,483,1411813840,41.1496047973633,-8.60532474517822,168.300003051758,298.8,1.0,12.0,8.0
1665,1666,4604,1411813838,519,1411813841,41.1496047973633,-8.60534477233887,168.399993896484,290.9,1.25,12.0,8.0
1666,1667,4604,1411813839,548,1411813842,41.1496086120605,-8.60537815093994,168.199996948242,289.3,2.5,12.0,7.0
1667,1668,4604,1411813840,500,1411813843,41.1496162414551,-8.60542964935303,169.0,286.0,3.75,12.0,7.0
1668,1669,4604,1411813841,483,1411813844,41.1496238708496,-8.60549068450928,168.300003051758,282.7,4.5,12.0,7.0
1669,1670,4604,1411813842,541,1411813845,41.1496238708496,-8.60556411743164,167.800003051758,279.5,5.5,13.0,7.0
1670,1671,4604,1411813843,519,1411813846,41.1496162414551,-8.60569858551025,167.300003051758,279.3,7.75,12.0,6.0
1671,1672,4604,1411813844,497,1411813847,41.1496276855469,-8.60579967498779,166.899993896484,281.2,8.0,12.0,6.0
1672,1673,4604,1411813845,484,1411813848,41.1496772766113,-8.6058931350708,166.600006103516,282.1,7.75,11.0,7.0
1673,1674,4604,1411813846,486,1411813849,41.1497039794922,-8.60597991943359,165.800003051758,285.6,7.5,10.0,7.0
1674,1675,4604,1411813847,554,1411813850,41.1497268676758,-8.60606670379639,165.5,285.3,7.5,10.0,8.0
1675,1676,4604,1411813848,619,1411813851,41.1497421264648,-8.60614204406738,162.300003051758,284.7,7.25,10.0,9.0
1676,1677,4604,1411813849,611,1411813852,41.1497611999512,-8.60622596740723,163.100006103516,285.9,6.75,10.0,8.0
1677,1678,4604,1411813850,597,1411813853,41.1497688293457,-8.60631084442139,164.699996948242,283.7,6.5,10.0,8.0
1678,1679,4604,1411813851,614,1411813854,41.1497802734375,-8.60638046264648,164.0,282.7,6.75,10.0,8.0
1679,1680,4604,1411813852,538,1411813855,41.1497955322266,-8.60645484924316,163.699996948242,285.8,7.0,10.0,8.0
1680,1681,4604,1411813853,538,1411813856,41.1498260498047,-8.60654640197754,163.699996948242,285.9,7.75,10.0,8.0
1681,1682,4604,1411813854,556,1411813857,41.149845123291,-8.60663795471191,163.699996948242,285.2,8.0,10.0,9.0
1682,1683,4604,1411813855,656,1411813858,41.1498641967773,-8.60673713684082,164.0,282.6,8.25,10.0,9.0
1683,1684,4604,1411813856,628,1411813859,41.1498908996582,-8.60683917999268,163.0,283.3,8.5,10.0,8.0
1684,1685,4604,1411813857,619,1411813860,41.1499099731445,-8.60694217681885,162.399993896484,284.7,8.75,10.0,7.0
1685,1686,4604,1411813858,599,1411813861,41.1499328613281,-8.6070442199707,162.899993896484,283.2,8.75,10.0,7.0
1686,1687,4604,1411813859,557,1411813862,41.1499557495117,-8.60714244842529,161.800003051758,285.1,8.5,11.0,7.0
1687,1688,4604,1411813860,542,1411813863,41.1499977111816,-8.60724067687988,160.0,282.6,8.5,10.0,8.0
1688,1689,4604,1411813861,556,1411813864,41.1500282287598,-8.60733127593994,159.399993896484,284.0,8.25,10.0,8.0
1689,1690,4604,1411813862,523,1411813865,41.1500473022461,-8.60740756988525,158.5,287.3,6.75,10.0,7.0
1690,1691,4604,1411813863,486,1411813866,41.1500625610352,-8.60746288299561,158.600006103516,288.7,5.5,10.0,8.0
1691,1692,4604,1411813864,528,1411813867,41.1500701904297,-8.60750675201416,157.899993896484,285.2,4.0,10.0,8.0
1692,1693,4604,1411813865,555,1411813868,41.1500854492188,-8.6075439453125,156.199996948242,288.4,3.0,10.0,8.0
1693,1694,4604,1411813866,533,1411813869,41.150089263916,-8.60757160186768,155.899993896484,284.9,2.25,10.0,7.0
1694,1695,4604,1411813867,485,1411813870,41.1501007080078,-8.607590675354,156.600006103516,286.8,1.5,10.0,7.0
1695,1696,4604,1411813868,487,1411813871,41.1501045227051,-8.60760498046875,156.399993896484,291.4,1.25,10.0,6.0
1696,1697,4604,1411813869,551,1411813872,41.1501159667969,-8.6076192855835,156.600006103516,292.7,1.0,10.0,6.0
1697,1698,4604,1411813870,666,1411813873,41.1501159667969,-8.60763072967529,156.5,292.7,0.75,10.0,6.0
1698,1699,4604,1411813871,654,1411813874,41.1501235961914,-8.60763549804688,156.399993896484,292.7,0.5,10.0,6.0
1699,1700,4604,1411813872,646,1411813875,41.1501274108887,-8.60763549804688,155.800003051758,10.0,6.0,,
1700,1701,4604,1411813873,666,1411813876,41.1501312255859,-8.60763263702393,154.800003051758,10.0,6.0,,
1701,1702,4604,1411813874,595,1411813877,41.1501312255859,-8.60763168334961,154.399993896484,10.0,6.0,,
1702,1703,4604,1411813875,526,1411813878,41.1501274108887,-8.60763168334961,153.399993896484,10.0,6.0,,
1703,1704,4604,1411813876,494,1411813879,41.1501274108887,-8.60762977600098,152.800003051758,10.0,7.0,,
1704,1705,4604,1411813877,499,1411813880,41.1501274108887,-8.60762882232666,152.699996948242,10.0,7.0,,
1705,1706,4604,1411813878,541,1411813881,41.1501274108887,-8.60763263702393,152.699996948242,292.7,0.5,10.0,7.0
1706,1707,4604,1411813879,662,1411813882,41.1501388549805,-8.60764503479004,151.699996948242,285.3,1.0,10.0,7.0
1707,1708,4604,1411813880,517,1411813883,41.1501579284668,-8.60766983032227,149.300003051758,300.6,2.0,10.0,6.0
1708,1709,4604,1411813881,696,1411813884,41.1501731872559,-8.60770797729492,148.0,291.0,2.75,10.0,6.0
1709,1710,4604,1411813882,616,1411813885,41.1501884460449,-8.60775279998779,147.899993896484,292.6,3.25,10.0,6.0
1710,1711,4604,1411813883,635,1411813886,41.150203704834,-8.60781955718994,148.0,288.5,5.25,10.0,6.0
1711,1712,4604,1411813884,568,1411813887,41.1502265930176,-8.60791683197021,148.100006103516,284.6,6.0,10.0,5.0
1712,1713,4604,1411813885,489,1411813888,41.1502380371094,-8.60799312591553,147.899993896484,283.9,6.25,11.0,5.0
1713,1714,4604,1411813886,501,1411813889,41.1502494812012,-8.60806751251221,148.199996948242,283.5,6.5,11.0,5.0
1714,1715,4604,1411813887,586,1411813890,41.1502685546875,-8.60814666748047,148.100006103516,283.6,6.5,12.0,5.0
1715,1716,4604,1411813888,648,1411813891,41.1502838134766,-8.60822200775146,148.300003051758,284.2,6.5,12.0,4.0
1716,1717,4604,1411813889,664,1411813892,41.150276184082,-8.60829257965088,147.899993896484,279.9,6.5,13.0,5.0
1717,1718,4604,1411813890,513,1411813893,41.1503028869629,-8.60837936401367,147.5,286.7,6.75,11.0,5.0
1718,1719,4604,1411813891,509,1411813894,41.150333404541,-8.60846614837646,147.699996948242,287.2,7.0,11.0,5.0
1719,1720,4604,1411813892,585,1411813895,41.1503639221191,-8.60854434967041,147.899993896484,287.3,7.25,11.0,4.0
1720,1721,4604,1411813893,487,1411813896,41.1503944396973,-8.60862922668457,147.600006103516,288.2,7.25,12.0,6.0
1721,1722,4604,1411813894,557,1411813897,41.1504173278809,-8.608717918396,147.300003051758,288.1,7.5,12.0,6.0
1722,1723,4604,1411813895,487,1411813898,41.1504440307617,-8.60877799987793,147.300003051758,291.1,6.75,12.0,6.0
1723,1724,4604,1411813896,537,1411813899,41.1504707336426,-8.60884475708008,147.800003051758,292.4,6.25,13.0,7.0
1724,1725,4604,1411813897,673,1411813900,41.1504669189453,-8.6088924407959,147.899993896484,293.9,4.5,13.0,7.0
1725,1726,4604,1411813898,609,1411813901,41.150463104248,-8.6088981628418,147.899993896484,297.8,2.75,11.0,8.0
1726,1727,4604,1411813899,540,1411813902,41.1504745483398,-8.60891819000244,149.600006103516,301.7,2.25,11.0,8.0
1727,1728,4604,1411813900,489,1411813903,41.1504592895508,-8.60893154144287,149.699996948242,295.1,1.75,11.0,8.0
1728,1729,4604,1411813901,487,1411813904,41.1504554748535,-8.60895824432373,151.0,294.0,2.0,11.0,9.0
1729,1730,4604,1411813902,529,1411813905,41.1504402160645,-8.60900115966797,152.399993896484,285.2,3.25,11.0,9.0
1730,1731,4604,1411813903,521,1411813906,41.1504707336426,-8.60904693603516,151.699996948242,281.5,3.75,11.0,9.0
1731,1732,4604,1411813904,753,1411813907,41.1504745483398,-8.60909652709961,151.899993896484,279.2,4.25,11.0,9.0
1732,1733,4604,1411813905,652,1411813908,41.1504974365234,-8.60914707183838,150.699996948242,279.5,4.5,11.0,9.0
1733,1734,4604,1411813906,518,1411813909,41.1504974365234,-8.60922336578369,149.699996948242,274.4,5.25,11.0,9.0
1734,1735,4604,1411813907,566,1411813910,41.1504974365234,-8.60929012298584,151.600006103516,274.6,5.75,11.0,9.0
1735,1736,4604,1411813908,488,1411813911,41.1505279541016,-8.60936832427979,150.699996948242,277.5,6.25,11.0,8.0
1736,1737,4604,1411813909,543,1411813912,41.150562286377,-8.60944366455078,148.800003051758,280.7,6.5,11.0,8.0
1737,1738,4604,1411813910,564,1411813913,41.1505737304688,-8.60951519012451,148.800003051758,282.3,6.25,12.0,9.0
1738,1739,4604,1411813911,626,1411813914,41.1505889892578,-8.60957336425781,147.699996948242,283.7,5.5,12.0,8.0
1739,1740,4604,1411813912,556,1411813915,41.1506118774414,-8.60962772369385,147.699996948242,281.4,5.0,11.0,7.0
1740,1741,4604,1411813913,657,1411813916,41.1506156921387,-8.60967826843262,147.600006103516,281.1,4.75,10.0,8.0
1741,1742,4604,1411813914,630,1411813917,41.1506233215332,-8.60971641540527,147.899993896484,279.7,3.75,11.0,7.0
1742,1743,4604,1411813915,630,1411813918,41.1506462097168,-8.60975742340088,148.600006103516,283.4,3.25,11.0,8.0
1743,1744,4604,1411813916,529,1411813919,41.1506500244141,-8.60976505279541,149.5,290.1,1.5,10.0,8.0
1744,1745,4604,1411813917,514,1411813920,41.1506500244141,-8.60976505279541,150.100006103516,290.1,0.5,11.0,8.0
1745,1746,4604,1411813918,535,1411813921,41.1506576538086,-8.60976696014404,150.800003051758,290.1,0.25,11.0,9.0
1746,1747,4604,1411813919,765,1411813922,41.1506576538086,-8.60977363586426,151.300003051758,290.1,0.25,11.0,9.0
1747,1748,4604,1411813920,568,1411813923,41.1506576538086,-8.60977649688721,151.5,11.0,9.0,,
1748,1749,4604,1411813921,491,1411813924,41.1506843566895,-8.60977935791016,151.800003051758,11.0,9.0,,
1749,1750,4604,1411813922,581,1411813925,41.1506881713867,-8.60977745056152,152.199996948242,11.0,9.0,,
1750,1751,4604,1411813923,491,1411813926,41.1506881713867,-8.60977649688721,152.399993896484,11.0,9.0,,
1751,1752,4604,1411813924,521,1411813927,41.1506881713867,-8.60977745056152,152.699996948242,11.0,8.0,,
1752,1753,4604,1411813925,558,1411813928,41.1506881713867,-8.60978031158447,153.100006103516,11.0,8.0,,
1753,1754,4604,1411813926,514,1411813929,41.150691986084,-8.60978317260742,153.600006103516,11.0,8.0,,
1754,1755,4604,1411813927,524,1411813930,41.150691986084,-8.60978698730469,153.800003051758,11.0,9.0,,
1755,1756,4604,1411813928,755,1411813931,41.1506958007812,-8.609787940979,154.399993896484,11.0,8.0,,
1756,1757,4604,1411813929,761,1411813932,41.1506958007812,-8.60978889465332,155.0,10.0,8.0,,
1757,1758,4604,1411813930,632,1411813933,41.1506996154785,-8.60979080200195,155.300003051758,10.0,8.0,,
1758,1759,4604,1411813931,602,1411813934,41.1507034301758,-8.60979175567627,155.5,10.0,8.0,,
1759,1760,4604,1411813932,562,1411813935,41.1506996154785,-8.60979270935059,155.800003051758,10.0,8.0,,
1760,1761,4604,1411813933,511,1411813936,41.1507034301758,-8.60979270935059,155.800003051758,10.0,9.0,,
1761,1762,4604,1411813934,563,1411813937,41.1506996154785,-8.60979175567627,155.800003051758,10.0,9.0,,
1762,1763,4604,1411813935,692,1411813938,41.1506958007812,-8.60979270935059,156.0,10.0,9.0,,
1763,1764,4604,1411813936,685,1411813939,41.1506958007812,-8.60979270935059,156.0,10.0,9.0,,
1764,1765,4604,1411813937,684,1411813940,41.1506958007812,-8.60979270935059,156.0,10.0,8.0,,
1765,1766,4604,1411813938,620,1411813941,41.1506958007812,-8.60979270935059,156.0,10.0,8.0,,
1766,1767,4604,1411813939,668,1411813942,41.1506958007812,-8.60979461669922,156.699996948242,10.0,8.0,,
1767,1768,4604,1411813940,490,1411813943,41.1506958007812,-8.60979461669922,156.699996948242,10.0,8.0,,
1768,1769,4604,1411813941,527,1411813944,41.1506958007812,-8.60979461669922,156.899993896484,10.0,9.0,,
1769,1770,4604,1411813942,530,1411813945,41.150691986084,-8.60979557037354,156.899993896484,10.0,9.0,,
1770,1771,4604,1411813943,614,1411813946,41.150691986084,-8.60979557037354,157.0,10.0,8.0,,
1771,1772,4604,1411813944,670,1411813947,41.150691986084,-8.60979557037354,157.0,10.0,8.0,,
1772,1773,4604,1411813945,709,1411813948,41.150691986084,-8.60979557037354,157.100006103516,10.0,8.0,,
1773,1774,4604,1411813946,553,1411813949,41.150691986084,-8.60979557037354,157.100006103516,10.0,7.0,,
1774,1775,4604,1411813947,656,1411813950,41.150691986084,-8.60979557037354,157.199996948242,10.0,7.0,,
1775,1776,4604,1411813948,552,1411813951,41.150691986084,-8.60979557037354,157.199996948242,12.0,7.0,,
1776,1777,4604,1411813949,501,1411813952,41.150691986084,-8.60979652404785,157.100006103516,11.0,7.0,,
1777,1778,4604,1411813950,531,1411813953,41.1507034301758,-8.60979652404785,158.0,11.0,7.0,,
1778,1779,4604,1411813951,578,1411813954,41.1506996154785,-8.60979843139648,157.800003051758,290.1,0.5,11.0,7.0
1779,1780,4604,1411813952,667,1411813955,41.150707244873,-8.60980892181396,157.399993896484,290.1,0.5,11.0,7.0
1780,1781,4604,1411813953,678,1411813956,41.150707244873,-8.60981941223145,157.800003051758,290.1,0.75,11.0,7.0
1781,1782,4604,1411813954,570,1411813957,41.150707244873,-8.60982990264893,157.899993896484,288.9,0.75,11.0,7.0
1782,1783,4604,1411813955,526,1411813958,41.150707244873,-8.60984039306641,157.300003051758,293.8,0.75,10.0,7.0
1783,1784,4604,1411813956,518,1411813959,41.1507110595703,-8.60984992980957,157.300003051758,293.8,0.75,12.0,7.0
1784,1785,4604,1411813957,553,1411813960,41.1507148742676,-8.60987567901611,158.600006103516,292.0,1.75,10.0,8.0
1785,1786,4604,1411813958,552,1411813961,41.1507186889648,-8.60989856719971,159.399993896484,288.1,1.75,10.0,8.0
1786,1787,4604,1411813959,556,1411813962,41.1507225036621,-8.60991859436035,158.699996948242,288.6,1.5,10.0,8.0
1787,1788,4604,1411813960,694,1411813963,41.1507263183594,-8.60993385314941,156.600006103516,291.7,1.25,10.0,8.0
1788,1789,4604,1411813961,576,1411813964,41.1507263183594,-8.60994338989258,154.899993896484,298.1,1.0,11.0,8.0
1789,1790,4604,1411813962,552,1411813965,41.1507225036621,-8.60993671417236,153.899993896484,10.0,8.0,,
1790,1791,4604,1411813963,562,1411813966,41.1507225036621,-8.60993671417236,153.899993896484,11.0,8.0,,
1791,1792,4604,1411813964,614,1411813967,41.1507148742676,-8.6099328994751,152.399993896484,10.0,8.0,,
1792,1793,4604,1411813965,571,1411813968,41.1507148742676,-8.6099328994751,152.300003051758,10.0,8.0,,
1793,1794,4604,1411813966,502,1411813969,41.1507186889648,-8.6099328994751,152.0,10.0,8.0,,
1794,1795,4604,1411813967,578,1411813970,41.1507148742676,-8.6099328994751,152.0,10.0,8.0,,
1795,1796,4604,1411813968,727,1411813971,41.1507110595703,-8.60993385314941,151.5,9.0,8.0,,
1796,1797,4604,1411813969,711,1411813972,41.1507110595703,-8.60993480682373,151.600006103516,9.0,8.0,,
1797,1798,4604,1411813970,511,1411813973,41.1507110595703,-8.60993576049805,151.699996948242,9.0,8.0,,
1798,1799,4604,1411813971,652,1411813974,41.150707244873,-8.60993671417236,151.399993896484,9.0,8.0,,
1799,1800,4604,1411813972,556,1411813975,41.150707244873,-8.60993766784668,151.800003051758,9.0,8.0,,
1800,1801,4604,1411813973,528,1411813976,41.150707244873,-8.609938621521,151.800003051758,9.0,8.0,,
1801,1802,4604,1411813974,565,1411813977,41.1507034301758,-8.60994052886963,152.199996948242,9.0,8.0,,
1802,1803,4604,1411813975,552,1411813978,41.1507034301758,-8.60994052886963,152.199996948242,9.0,8.0,,
1803,1804,4604,1411813976,500,1411813979,41.1507034301758,-8.60994148254395,152.600006103516,9.0,8.0,,
1804,1805,4604,1411813977,719,1411813980,41.1506996154785,-8.60994338989258,153.100006103516,9.0,8.0,,
1805,1806,4604,1411813978,615,1411813981,41.1506996154785,-8.60994434356689,153.5,9.0,8.0,,
1806,1807,4604,1411813979,554,1411813982,41.1506958007812,-8.60994529724121,153.600006103516,9.0,8.0,,
1807,1808,4604,1411813980,627,1411813983,41.1506958007812,-8.60994625091553,153.600006103516,9.0,9.0,,
1808,1809,4604,1411813981,513,1411813984,41.1506996154785,-8.60994529724121,153.0,9.0,9.0,,
1809,1810,4604,1411813982,494,1411813985,41.1506996154785,-8.60994529724121,153.0,9.0,9.0,,
1810,1811,4604,1411813983,506,1411813986,41.1506996154785,-8.60994529724121,153.100006103516,9.0,8.0,,
1811,1812,4604,1411813984,560,1411813987,41.1507034301758,-8.60994625091553,153.100006103516,9.0,8.0,,
1812,1813,4604,1411813985,535,1411813988,41.1507034301758,-8.60994625091553,153.100006103516,9.0,8.0,,
1813,1814,4604,1411813986,546,1411813989,41.1507034301758,-8.60994625091553,153.199996948242,9.0,9.0,,
1814,1815,4604,1411813987,498,1411813990,41.1507034301758,-8.60994625091553,153.199996948242,9.0,9.0,,
1815,1816,4604,1411813988,568,1411813991,41.1507034301758,-8.60994625091553,153.199996948242,9.0,9.0,,
1816,1817,4604,1411813989,579,1411813992,41.1507034301758,-8.60994625091553,153.199996948242,9.0,9.0,,
1817,1818,4604,1411813990,494,1411813993,41.1507034301758,-8.60994625091553,153.199996948242,9.0,8.0,,
1818,1819,4604,1411813991,559,1411813994,41.1507034301758,-8.60994625091553,153.199996948242,9.0,8.0,,
1819,1820,4604,1411813992,686,1411813995,41.1507034301758,-8.60994625091553,153.199996948242,9.0,8.0,,
1820,1821,4604,1411813993,530,1411813996,41.1507034301758,-8.60994625091553,153.199996948242,9.0,8.0,,
1821,1822,4604,1411813994,689,1411813997,41.1507034301758,-8.60994625091553,153.199996948242,9.0,8.0,,
1822,1823,4604,1411813995,633,1411813998,41.1507034301758,-8.60995006561279,153.0,298.1,0.25,10.0,8.0
1823,1824,4604,1411813996,559,1411813999,41.1507034301758,-8.60996246337891,153.300003051758,298.1,0.75,10.0,8.0
1824,1825,4604,1411813997,550,1411814000,41.1507034301758,-8.60997867584229,154.399993896484,268.0,1.0,10.0,8.0
1825,1826,4604,1411813998,555,1411814001,41.1507110595703,-8.61000347137451,154.5,283.6,1.5,11.0,8.0
1826,1827,4604,1411813999,557,1411814002,41.1507225036621,-8.61002063751221,155.699996948242,296.2,1.25,11.0,8.0
1827,1828,4604,1411814000,649,1411814003,41.1507415771484,-8.61002826690674,155.300003051758,327.1,1.0,11.0,8.0
1828,1829,4604,1411814001,600,1411814004,41.150764465332,-8.61003112792969,154.699996948242,347.9,1.25,11.0,8.0
1829,1830,4604,1411814002,721,1411814005,41.1507987976074,-8.61002254486084,150.899993896484,11.0,1.75,10.0,8.0
1830,1831,4604,1411814003,649,1411814006,41.1508445739746,-8.61000823974609,149.399993896484,15.6,2.25,10.0,8.0
1831,1832,4604,1411814004,687,1411814007,41.1509056091309,-8.6099796295166,150.399993896484,20.9,4.75,11.0,9.0
1832,1833,4604,1411814005,560,1411814008,41.1510124206543,-8.60991954803467,149.800003051758,37.3,3.5,11.0,10.0
1833,1834,4604,1411814006,511,1411814009,41.1510391235352,-8.60987663269043,149.199996948242,42.2,4.5,11.0,10.0
1834,1835,4604,1411814007,554,1411814010,41.151065826416,-8.60983943939209,149.399993896484,41.6,4.5,11.0,10.0
1835,1836,4604,1411814008,659,1411814011,41.1511039733887,-8.60980224609375,149.300003051758,40.5,4.75,12.0,10.0
1836,1837,4604,1411814009,689,1411814012,41.1511497497559,-8.60976028442383,148.899993896484,39.5,5.0,13.0,10.0
1837,1838,4604,1411814010,660,1411814013,41.151195526123,-8.6097297668457,149.199996948242,36.7,5.0,13.0,10.0
1838,1839,4604,1411814011,623,1411814014,41.151252746582,-8.60969829559326,149.100006103516,33.7,5.25,14.0,10.0
1839,1840,4604,1411814012,628,1411814015,41.1513023376465,-8.60966205596924,149.100006103516,32.0,5.5,15.0,10.0
1840,1841,4604,1411814013,580,1411814016,41.1513366699219,-8.60963439941406,148.899993896484,33.3,5.25,15.0,10.0
1841,1842,4604,1411814014,545,1411814017,41.1513748168945,-8.60961818695068,147.699996948242,31.3,4.5,13.0,10.0
1842,1843,4604,1411814015,550,1411814018,41.1514129638672,-8.60961532592773,148.300003051758,26.2,5.0,13.0,10.0
1843,1844,4604,1411814016,544,1411814019,41.151439666748,-8.60959434509277,148.699996948242,22.3,4.0,13.0,10.0
1844,1845,4604,1411814017,498,1411814020,41.1514892578125,-8.60962963104248,149.600006103516,346.3,5.0,12.0,10.0
1845,1846,4604,1411814018,677,1411814021,41.1515350341797,-8.6096248626709,149.899993896484,339.3,4.75,12.0,10.0
1846,1847,4604,1411814019,605,1411814022,41.1515731811523,-8.60968112945557,150.800003051758,328.0,5.25,12.0,10.0
1847,1848,4604,1411814020,537,1411814023,41.151611328125,-8.60971260070801,151.0,327.8,5.25,12.0,10.0
1848,1849,4604,1411814021,559,1411814024,41.1516456604004,-8.60973834991455,150.800003051758,327.8,5.0,13.0,9.0
1849,1850,4604,1411814022,576,1411814025,41.151683807373,-8.60976314544678,150.5,330.1,4.75,14.0,10.0
1850,1851,4604,1411814023,608,1411814026,41.1517143249512,-8.60979461669922,150.899993896484,328.8,4.5,13.0,9.0
1851,1852,4604,1411814024,536,1411814027,41.1517372131348,-8.60983276367188,150.899993896484,324.2,4.5,13.0,8.0
1852,1853,4604,1411814025,570,1411814028,41.1517295837402,-8.60986614227295,151.399993896484,308.6,3.75,12.0,8.0
1853,1854,4604,1411814026,528,1411814029,41.1517372131348,-8.60990238189697,151.899993896484,307.1,3.0,12.0,8.0
1854,1855,4604,1411814027,545,1411814030,41.1517486572266,-8.60992813110352,151.399993896484,308.7,2.25,12.0,8.0
1855,1856,4604,1411814028,507,1411814031,41.1517601013184,-8.60994243621826,151.5,312.9,1.5,12.0,8.0
1856,1857,4604,1411814029,531,1411814032,41.1517486572266,-8.60996627807617,153.300003051758,302.3,1.0,12.0,8.0
1857,1858,4604,1411814030,572,1411814033,41.1517486572266,-8.6099796295166,152.800003051758,302.3,0.75,12.0,8.0
1858,1859,4604,1411814031,498,1411814034,41.1517524719238,-8.60998725891113,152.800003051758,302.3,0.5,12.0,8.0
1859,1860,4604,1411814032,563,1411814035,41.1517562866211,-8.6099853515625,152.5,11.0,8.0,,
1860,1861,4604,1411814033,592,1411814036,41.1517562866211,-8.60998630523682,152.699996948242,11.0,8.0,,
1861,1862,4604,1411814034,497,1411814037,41.1517562866211,-8.6099853515625,152.699996948242,11.0,8.0,,
1862,1863,4604,1411814035,542,1411814038,41.1517562866211,-8.60998630523682,153.0,11.0,8.0,,
1863,1864,4604,1411814036,519,1411814039,41.1517524719238,-8.60998725891113,153.100006103516,11.0,8.0,,
1864,1865,4604,1411814037,605,1411814040,41.1517562866211,-8.60998821258545,153.0,11.0,8.0,,
1865,1866,4604,1411814038,552,1411814041,41.1517562866211,-8.60999011993408,153.100006103516,10.0,8.0,,
1866,1867,4604,1411814039,500,1411814042,41.1517562866211,-8.60999202728271,152.300003051758,10.0,8.0,,
1867,1868,4604,1411814040,597,1411814043,41.1517601013184,-8.60999393463135,151.399993896484,10.0,8.0,,
1868,1869,4604,1411814041,504,1411814044,41.1517677307129,-8.60999298095703,151.800003051758,10.0,8.0,,
1869,1870,4604,1411814042,499,1411814045,41.1517677307129,-8.60999202728271,151.800003051758,11.0,8.0,,
1870,1871,4604,1411814043,515,1411814046,41.1517715454102,-8.60999202728271,151.800003051758,11.0,8.0,,
1871,1872,4604,1411814044,546,1411814047,41.1517715454102,-8.6099910736084,151.899993896484,10.0,8.0,,
1872,1873,4604,1411814045,625,1411814048,41.1517715454102,-8.6099910736084,152.0,10.0,8.0,,
1873,1874,4604,1411814046,545,1411814049,41.1517715454102,-8.60999011993408,152.0,10.0,8.0,,
1874,1875,4604,1411814047,499,1411814050,41.1517715454102,-8.60999011993408,152.0,10.0,8.0,,
1875,1876,4604,1411814048,555,1411814051,41.1517715454102,-8.60999011993408,152.0,10.0,9.0,,
1876,1877,4604,1411814049,554,1411814052,41.1517715454102,-8.60999011993408,152.0,10.0,9.0,,
1877,1878,4604,1411814050,500,1411814053,41.1517715454102,-8.60999011993408,152.0,10.0,9.0,,
1878,1879,4604,1411814051,557,1411814054,41.1517715454102,-8.60999011993408,152.0,10.0,10.0,,
1879,1880,4604,1411814052,553,1411814055,41.1517715454102,-8.60999011993408,152.0,10.0,10.0,,
1880,1881,4604,1411814053,617,1411814056,41.1517715454102,-8.60999011993408,152.0,10.0,9.0,,
1881,1882,4604,1411814054,592,1411814057,41.1517715454102,-8.60999011993408,152.0,11.0,9.0,,
1882,1883,4604,1411814055,555,1411814058,41.1517715454102,-8.60999011993408,152.100006103516,11.0,9.0,,
1883,1884,4604,1411814056,525,1411814059,41.1517715454102,-8.60999011993408,152.100006103516,11.0,8.0,,
1884,1885,4604,1411814057,554,1411814060,41.1517715454102,-8.60999011993408,152.100006103516,10.0,9.0,,
1885,1886,4604,1411814058,508,1411814061,41.1517715454102,-8.60999011993408,152.100006103516,11.0,10.0,,
1886,1887,4604,1411814059,533,1411814062,41.1517715454102,-8.60999011993408,152.100006103516,11.0,9.0,,
1887,1888,4604,1411814060,590,1411814063,41.1517715454102,-8.60999011993408,152.100006103516,11.0,9.0,,
1888,1889,4604,1411814061,558,1411814064,41.1517715454102,-8.60999011993408,152.0,11.0,9.0,,
1889,1890,4604,1411814062,545,1411814065,41.1517715454102,-8.60999011993408,152.0,11.0,9.0,,
1890,1891,4604,1411814063,519,1411814066,41.1517715454102,-8.60999011993408,152.0,11.0,9.0,,
1891,1892,4604,1411814064,649,1411814067,41.1517715454102,-8.60999011993408,152.0,11.0,9.0,,
1892,1893,4604,1411814065,704,1411814068,41.1517715454102,-8.60999011993408,152.0,11.0,10.0,,
1893,1894,4604,1411814066,687,1411814069,41.1517715454102,-8.60999011993408,152.0,11.0,9.0,,
1894,1895,4604,1411814067,659,1411814070,41.1517715454102,-8.60999011993408,152.0,10.0,9.0,,
1895,1896,4604,1411814068,541,1411814071,41.1517715454102,-8.60999011993408,152.0,10.0,8.0,,
1896,1897,4604,1411814069,568,1411814072,41.1517715454102,-8.60999011993408,152.0,10.0,9.0,,
1897,1898,4604,1411814070,580,1411814073,41.1517715454102,-8.60999011993408,152.0,10.0,9.0,,
1898,1899,4604,1411814071,517,1411814074,41.1517715454102,-8.60999011993408,152.0,9.0,8.0,,
1899,1900,4604,1411814072,695,1411814075,41.1517715454102,-8.60999202728271,152.0,10.0,8.0,,
1900,1901,4604,1411814073,748,1411814076,41.1517791748047,-8.6099910736084,152.699996948242,9.0,8.0,,
1901,1902,4604,1411814074,678,1411814077,41.1517791748047,-8.60998916625977,153.300003051758,9.0,8.0,,
1902,1903,4604,1411814075,714,1411814078,41.1517791748047,-8.60999393463135,153.399993896484,302.3,0.5,10.0,9.0
1903,1904,4604,1411814076,634,1411814079,41.1517868041992,-8.61000442504883,154.300003051758,289.1,0.75,10.0,9.0
1904,1905,4604,1411814077,612,1411814080,41.1517906188965,-8.61002349853516,153.199996948242,290.4,1.25,10.0,9.0
1905,1906,4604,1411814078,572,1411814081,41.151798248291,-8.61005783081055,154.300003051758,286.3,2.25,10.0,9.0
1906,1907,4604,1411814079,517,1411814082,41.1518058776855,-8.61009216308594,154.199996948242,281.4,2.5,11.0,9.0
1907,1908,4604,1411814080,662,1411814083,41.1518096923828,-8.61013126373291,154.899993896484,271.9,2.75,11.0,9.0
1908,1909,4604,1411814081,758,1411814084,41.151798248291,-8.61016178131104,155.899993896484,251.3,2.75,10.0,9.0
1909,1910,4604,1411814082,657,1411814085,41.1517753601074,-8.61018562316895,156.100006103516,228.1,3.0,10.0,9.0
1910,1911,4604,1411814083,687,1411814086,41.151741027832,-8.61020374298096,155.399993896484,209.9,3.25,10.0,9.0
1911,1912,4604,1411814084,606,1411814087,41.1516456604004,-8.61023235321045,155.600006103516,202.8,6.5,10.0,9.0
1912,1913,4604,1411814085,558,1411814088,41.1515846252441,-8.61026382446289,155.600006103516,202.8,7.0,11.0,9.0
1913,1914,4604,1411814086,523,1411814089,41.1515007019043,-8.61035251617432,156.300003051758,210.5,9.25,11.0,9.0
1914,1915,4604,1411814087,559,1411814090,41.1514434814453,-8.61043262481689,156.100006103516,214.0,9.0,12.0,9.0
1915,1916,4604,1411814088,655,1411814091,41.1513748168945,-8.61051082611084,156.100006103516,215.2,9.5,13.0,9.0
1916,1917,4604,1411814089,546,1411814092,41.1512794494629,-8.61059093475342,157.0,212.7,10.75,13.0,9.0
1917,1918,4604,1411814090,688,1411814093,41.1511650085449,-8.61067962646484,157.0,212.9,11.5,13.0,9.0
1918,1919,4604,1411814091,663,1411814094,41.1510429382324,-8.61075782775879,157.600006103516,211.6,11.75,13.0,10.0
1919,1920,4604,1411814092,628,1411814095,41.1509552001953,-8.61084079742432,157.5,212.9,11.25,13.0,10.0
1920,1921,4604,1411814093,503,1411814096,41.1508636474609,-8.61097431182861,158.199996948242,217.6,11.5,13.0,10.0
1921,1922,4604,1411814094,555,1411814097,41.1507606506348,-8.61093330383301,157.100006103516,204.2,10.5,12.0,8.0
1922,1923,4604,1411814095,555,1411814098,41.1506690979004,-8.61089420318604,157.300003051758,188.2,9.75,11.0,8.0
1923,1924,4604,1411814096,609,1411814099,41.1505928039551,-8.61087226867676,156.399993896484,180.1,9.5,10.0,8.0
1924,1925,4604,1411814097,751,1411814100,41.150505065918,-8.61085605621338,156.399993896484,174.0,9.75,10.0,10.0
1925,1926,4604,1411814098,699,1411814101,41.1504135131836,-8.61084365844727,156.0,177.7,9.5,10.0,10.0
1926,1927,4604,1411814099,635,1411814102,41.1503295898438,-8.61084175109863,156.100006103516,183.0,9.25,11.0,10.0
1927,1928,4604,1411814100,577,1411814103,41.150260925293,-8.61088180541992,154.5,195.0,9.25,11.0,10.0
1928,1929,4604,1411814101,503,1411814104,41.1501884460449,-8.61092185974121,154.899993896484,202.3,9.25,11.0,10.0
1929,1930,4604,1411814102,555,1411814105,41.1501159667969,-8.6109676361084,155.199996948242,205.4,8.75,11.0,10.0
1930,1931,4604,1411814103,519,1411814106,41.1500053405762,-8.61102199554443,155.199996948242,204.4,9.75,11.0,9.0
1931,1932,4604,1411814104,554,1411814107,41.1499328613281,-8.61106967926025,155.0,205.4,9.5,11.0,9.0
1932,1933,4604,1411814105,538,1411814108,41.1498603820801,-8.61111927032471,155.0,205.9,9.5,11.0,10.0
1933,1934,4604,1411814106,520,1411814109,41.149787902832,-8.61116504669189,155.100006103516,204.6,9.5,11.0,10.0
1934,1935,4604,1411814107,520,1411814110,41.1497077941895,-8.61119365692139,155.100006103516,198.9,9.5,10.0,9.0
1935,1936,4604,1411814108,570,1411814111,41.1496238708496,-8.61120510101318,154.800003051758,185.9,9.25,10.0,9.0
1936,1937,4604,1411814109,571,1411814112,41.1495475769043,-8.61120128631592,154.800003051758,178.4,9.0,10.0,9.0
1937,1938,4604,1411814110,527,1411814113,41.149471282959,-8.61120796203613,153.800003051758,174.3,8.0,9.0,9.0
1938,1939,4604,1411814111,520,1411814114,41.1494064331055,-8.61119937896729,152.5,173.3,7.25,10.0,9.0
1939,1940,4604,1411814112,504,1411814115,41.1493453979492,-8.61119270324707,153.300003051758,174.7,6.5,9.0,9.0
1940,1941,4604,1411814113,505,1411814116,41.1492958068848,-8.6111888885498,153.300003051758,174.8,5.75,9.0,9.0
1941,1942,4604,1411814114,512,1411814117,41.1492500305176,-8.61118698120117,152.699996948242,175.9,5.5,10.0,9.0
1942,1943,4604,1411814115,504,1411814118,41.1492118835449,-8.61117458343506,152.699996948242,171.8,5.0,10.0,9.0
1943,1944,4604,1411814116,560,1411814119,41.1491775512695,-8.61117267608643,152.699996948242,173.3,4.5,10.0,9.0
1944,1945,4604,1411814117,505,1411814120,41.1491508483887,-8.61117458343506,152.699996948242,174.3,3.75,10.0,8.0
1945,1946,4604,1411814118,526,1411814121,41.1491241455078,-8.61116886138916,151.199996948242,174.7,3.0,10.0,8.0
1946,1947,4604,1411814119,504,1411814122,41.1491050720215,-8.61116504669189,150.0,174.5,2.25,10.0,7.0
1947,1948,4604,1411814120,505,1411814123,41.1490898132324,-8.61116027832031,149.800003051758,175.4,1.25,10.0,7.0
1948,1949,4604,1411814121,506,1411814124,41.149097442627,-8.61115455627441,147.899993896484,175.4,0.5,10.0,7.0
1949,1950,4604,1411814122,504,1411814125,41.1491012573242,-8.61114883422852,147.899993896484,9.0,7.0,,
1950,1951,4604,1411814123,661,1411814126,41.1491012573242,-8.61114883422852,147.899993896484,175.4,0.25,10.0,7.0
1951,1952,4604,1411814124,545,1411814127,41.1491012573242,-8.61116600036621,146.699996948242,175.4,0.25,9.0,7.0
1952,1953,4604,1411814125,608,1411814128,41.1491088867188,-8.61118125915527,145.399993896484,9.0,6.0,,
1953,1954,4604,1411814126,587,1411814129,41.1491012573242,-8.61118030548096,145.600006103516,9.0,6.0,,
1954,1955,4604,1411814127,550,1411814130,41.149097442627,-8.61118316650391,146.399993896484,9.0,7.0,,
1955,1956,4604,1411814128,586,1411814131,41.1490936279297,-8.61118602752686,146.300003051758,9.0,8.0,,
1956,1957,4604,1411814129,652,1411814132,41.1490898132324,-8.61118793487549,146.600006103516,9.0,8.0,,
1957,1958,4604,1411814130,673,1411814133,41.1490859985352,-8.61119174957275,146.800003051758,9.0,8.0,,
1958,1959,4604,1411814131,690,1411814134,41.1490859985352,-8.61119365692139,146.699996948242,9.0,8.0,,
1959,1960,4604,1411814132,657,1411814135,41.1490821838379,-8.61119079589844,147.600006103516,9.0,8.0,,
1960,1961,4604,1411814133,619,1411814136,41.1490821838379,-8.61119365692139,147.199996948242,9.0,8.0,,
1961,1962,4604,1411814134,540,1411814137,41.1490821838379,-8.61119174957275,147.100006103516,9.0,8.0,,
1962,1963,4604,1411814135,522,1411814138,41.1490783691406,-8.61119079589844,147.0,178.5,1.25,9.0,8.0
1963,1964,4604,1411814136,607,1411814139,41.149055480957,-8.61119079589844,146.300003051758,179.3,2.25,9.0,8.0
1964,1965,4604,1411814137,644,1411814140,41.1490249633789,-8.61119174957275,145.899993896484,179.6,3.0,9.0,8.0
1965,1966,4604,1411814138,719,1411814141,41.1489868164062,-8.61119270324707,145.399993896484,179.6,3.75,9.0,8.0
1966,1967,4604,1411814139,636,1411814142,41.1488990783691,-8.61119651794434,144.600006103516,180.8,7.0,9.0,8.0
1967,1968,4604,1411814140,630,1411814143,41.1488265991211,-8.61119842529297,144.199996948242,181.2,8.0,9.0,8.0
1968,1969,4604,1411814141,542,1411814144,41.148754119873,-8.61120223999023,143.199996948242,181.4,8.5,9.0,9.0
1969,1970,4604,1411814142,583,1411814145,41.1486701965332,-8.61120796203613,142.5,182.0,9.25,9.0,9.0
1970,1971,4604,1411814143,546,1411814146,41.1485900878906,-8.61121273040771,141.699996948242,182.1,9.25,9.0,8.0
1971,1972,4604,1411814144,557,1411814147,41.1485137939453,-8.61121654510498,140.600006103516,182.3,9.25,9.0,8.0
1972,1973,4604,1411814145,657,1411814148,41.1484298706055,-8.61122226715088,140.199996948242,182.3,9.0,9.0,8.0
1973,1974,4604,1411814146,644,1411814149,41.1483535766602,-8.61122798919678,139.600006103516,183.0,8.5,9.0,9.0
1974,1975,4604,1411814147,651,1411814150,41.1482887268066,-8.61123561859131,139.300003051758,184.1,7.5,10.0,9.0
1975,1976,4604,1411814148,617,1411814151,41.1482276916504,-8.61124706268311,139.300003051758,186.2,6.75,9.0,9.0
1976,1977,4604,1411814149,620,1411814152,41.1481819152832,-8.61126708984375,139.0,194.5,5.75,9.0,9.0
1977,1978,4604,1411814150,580,1411814153,41.148136138916,-8.61128807067871,139.399993896484,197.9,5.25,10.0,8.0
1978,1979,4604,1411814151,558,1411814154,41.1480941772461,-8.61129665374756,139.100006103516,192.0,4.75,10.0,8.0
1979,1980,4604,1411814152,531,1411814155,41.1480598449707,-8.61129474639893,138.5,184.2,4.5,9.0,8.0
1980,1981,4604,1411814153,648,1411814156,41.1480178833008,-8.61130142211914,138.399993896484,184.6,4.5,9.0,8.0
1981,1982,4604,1411814154,507,1411814157,41.1479759216309,-8.61130237579346,137.899993896484,184.7,4.25,9.0,8.0
1982,1983,4604,1411814155,705,1411814158,41.1479377746582,-8.61130428314209,137.899993896484,185.0,4.5,9.0,8.0
1983,1984,4604,1411814156,657,1411814159,41.1478996276855,-8.61131477355957,137.899993896484,190.0,4.5,9.0,8.0
1984,1985,4604,1411814157,595,1411814160,41.1478614807129,-8.61132621765137,137.5,192.8,4.5,10.0,8.0
1985,1986,4604,1411814158,627,1411814161,41.1478462219238,-8.61135959625244,136.699996948242,209.2,3.75,10.0,8.0
1986,1987,4604,1411814159,526,1411814162,41.1478462219238,-8.61142635345459,135.600006103516,242.1,3.75,10.0,8.0
1987,1988,4604,1411814160,524,1411814163,41.147834777832,-8.61150360107422,134.5,248.8,4.75,10.0,8.0
1988,1989,4604,1411814161,562,1411814164,41.1478271484375,-8.61157131195068,134.100006103516,254.3,5.0,10.0,8.0
1989,1990,4604,1411814162,670,1411814165,41.1478233337402,-8.61164283752441,133.899993896484,257.8,5.0,11.0,7.0
1990,1991,4604,1411814163,623,1411814166,41.1478271484375,-8.6117057800293,133.600006103516,262.7,5.0,11.0,7.0
1991,1992,4604,1411814164,524,1411814167,41.147819519043,-8.61176490783691,133.699996948242,262.7,5.0,15.0,7.0
1992,1993,4604,1411814165,553,1411814168,41.147819519043,-8.61176776885986,133.5,256.3,3.0,10.0,7.0
1993,1994,4604,1411814166,553,1411814169,41.147819519043,-8.61180686950684,133.5,257.2,3.0,10.0,7.0
1994,1995,4604,1411814167,510,1411814170,41.1478233337402,-8.61184501647949,133.399993896484,258.0,3.0,11.0,8.0
1995,1996,4604,1411814168,508,1411814171,41.147819519043,-8.61188220977783,133.399993896484,258.9,3.0,11.0,8.0
1996,1997,4604,1411814169,602,1411814172,41.1478118896484,-8.61191558837891,133.399993896484,258.1,3.0,12.0,8.0
1997,1998,4604,1411814170,570,1411814173,41.1478157043457,-8.61195755004883,133.5,260.7,3.0,12.0,8.0
1998,1999,4604,1411814171,523,1411814174,41.1478309631348,-8.61200618743896,132.600006103516,265.7,3.25,13.0,8.0
1999,2000,4604,1411814172,511,1411814175,41.1478424072266,-8.61205387115479,132.899993896484,269.4,3.25,13.0,8.0
2000,2001,4604,1411814173,529,1411814176,41.1478462219238,-8.61208438873291,133.399993896484,270.8,3.25,13.0,8.0
2001,2002,4604,1411814174,547,1411814177,41.1478500366211,-8.61211490631104,133.0,273.3,3.25,14.0,8.0
2002,2003,4604,1411814175,557,1411814178,41.1478729248047,-8.61214733123779,132.600006103516,284.0,3.25,14.0,8.0
2003,2004,4604,1411814176,627,1411814179,41.1478843688965,-8.6121768951416,132.5,280.2,3.25,14.0,8.0
2004,2005,4604,1411814177,511,1411814180,41.1479034423828,-8.61221027374268,132.600006103516,285.6,3.25,15.0,7.0
2005,2006,4604,1411814178,510,1411814181,41.1479187011719,-8.61224460601807,132.699996948242,287.0,3.25,16.0,7.0
2006,2007,4604,1411814179,510,1411814182,41.1479415893555,-8.61227989196777,132.899993896484,290.4,3.25,15.0,7.0
2007,2008,4604,1411814180,598,1411814183,41.1479568481445,-8.61231422424316,132.800003051758,294.8,3.25,13.0,6.0
2008,2009,4604,1411814181,572,1411814184,41.1479911804199,-8.61234283447266,132.899993896484,306.8,3.5,12.0,6.0
2009,2010,4604,1411814182,509,1411814185,41.148078918457,-8.61235237121582,136.800003051758,322.0,5.0,12.0,7.0
2010,2011,4604,1411814183,583,1411814186,41.1481056213379,-8.61242198944092,137.100006103516,310.7,5.75,12.0,8.0
2011,2012,4604,1411814184,555,1411814187,41.148136138916,-8.61251544952393,137.600006103516,302.6,7.0,12.0,8.0
2012,2013,4604,1411814185,609,1411814188,41.1481742858887,-8.61257934570312,137.699996948242,297.4,7.75,12.0,8.0
2013,2014,4604,1411814186,737,1411814189,41.1482086181641,-8.61265850067139,137.600006103516,294.3,8.5,12.0,9.0
2014,2015,4604,1411814187,704,1411814190,41.1482391357422,-8.61275005340576,137.699996948242,292.7,8.75,13.0,8.0
2015,2016,4604,1411814188,684,1411814191,41.148250579834,-8.61284446716309,137.899993896484,289.3,8.5,12.0,8.0
2016,2017,4604,1411814189,613,1411814192,41.148265838623,-8.61294364929199,137.5,288.1,9.0,12.0,8.0
2017,2018,4604,1411814190,509,1411814193,41.1482849121094,-8.61305904388428,137.199996948242,286.2,9.75,12.0,9.0
2018,2019,4604,1411814191,566,1411814194,41.1482925415039,-8.61316776275635,137.100006103516,278.3,9.75,11.0,9.0
2019,2020,4604,1411814192,511,1411814195,41.1483116149902,-8.61328792572021,137.399993896484,279.2,10.0,11.0,9.0
2020,2021,4604,1411814193,510,1411814196,41.1483268737793,-8.6133975982666,136.800003051758,279.8,10.0,11.0,9.0
2021,2022,4604,1411814194,515,1411814197,41.1483383178711,-8.61353015899658,137.600006103516,278.2,10.25,11.0,8.0
2022,2023,4604,1411814195,510,1411814198,41.1483459472656,-8.61366081237793,138.5,276.0,10.0,11.0,8.0
2023,2024,4604,1411814196,511,1411814199,41.1483535766602,-8.61376285552979,138.600006103516,276.3,9.5,11.0,8.0
2024,2025,4604,1411814197,520,1411814200,41.1483421325684,-8.61389923095703,140.600006103516,274.4,9.5,11.0,8.0
2025,2026,4604,1411814198,564,1411814201,41.1483764648438,-8.61396884918213,143.100006103516,280.9,8.5,11.0,9.0
2026,2027,4604,1411814199,576,1411814202,41.1483955383301,-8.61406421661377,144.100006103516,281.4,8.25,11.0,8.0
2027,2028,4604,1411814200,514,1411814203,41.1484107971191,-8.61414909362793,145.5,281.1,7.75,12.0,8.0
2028,2029,4604,1411814201,516,1411814204,41.1484260559082,-8.61422824859619,145.600006103516,278.5,7.0,12.0,9.0
2029,2030,4604,1411814202,599,1411814205,41.1484565734863,-8.61430549621582,145.300003051758,281.3,6.25,12.0,8.0
2030,2031,4604,1411814203,581,1411814206,41.1484603881836,-8.61435508728027,145.800003051758,279.4,5.5,12.0,9.0
2031,2032,4604,1411814204,568,1411814207,41.1483726501465,-8.61434650421143,145.0,234.7,3.75,10.0,9.0
2032,2033,4604,1411814205,665,1411814208,41.1483306884766,-8.61437511444092,145.100006103516,229.8,3.75,11.0,9.0
2033,2034,4604,1411814206,601,1411814209,41.1482772827148,-8.61443901062012,146.100006103516,223.6,4.75,11.0,9.0
2034,2035,4604,1411814207,512,1411814210,41.1482200622559,-8.61445617675781,146.300003051758,207.4,4.75,11.0,9.0
2035,2036,4604,1411814208,558,1411814211,41.1481742858887,-8.61447048187256,146.399993896484,200.8,5.0,11.0,9.0
2036,2037,4604,1411814209,565,1411814212,41.1481170654297,-8.61448860168457,146.5,195.9,6.0,11.0,9.0
2037,2038,4604,1411814210,612,1411814213,41.148063659668,-8.61450862884521,146.699996948242,193.8,5.75,11.0,9.0
2038,2039,4604,1411814211,657,1411814214,41.1480178833008,-8.61450099945068,146.5,190.8,5.75,11.0,8.0
2039,2040,4604,1411814212,661,1411814215,41.1479644775391,-8.61453056335449,146.600006103516,193.9,5.75,11.0,8.0
2040,2041,4604,1411814213,650,1411814216,41.1479110717773,-8.61454486846924,146.600006103516,193.6,5.75,11.0,8.0
2041,2042,4604,1411814214,556,1411814217,41.1478576660156,-8.61454582214355,146.100006103516,190.7,5.75,12.0,8.0
2042,2043,4604,1411814215,535,1411814218,41.1477928161621,-8.61453437805176,146.899993896484,192.2,6.0,10.0,7.0
2043,2044,4604,1411814216,556,1411814219,41.1477470397949,-8.61457633972168,147.899993896484,197.0,6.0,10.0,8.0
2044,2045,4604,1411814217,557,1411814220,41.1477012634277,-8.61458969116211,149.0,198.8,6.0,10.0,9.0
2045,2046,4604,1411814218,567,1411814221,41.1476821899414,-8.61462211608887,148.800003051758,221.7,4.75,10.0,9.0
2046,2047,4604,1411814219,578,1411814222,41.1476440429688,-8.61464500427246,149.0,211.2,4.5,10.0,10.0
2047,2048,4604,1411814220,577,1411814223,41.1476058959961,-8.614670753479,149.699996948242,212.2,5.0,10.0,10.0
2048,2049,4604,1411814221,568,1411814224,41.1475677490234,-8.61468315124512,152.699996948242,212.9,4.75,10.0,10.0
2049,2050,4604,1411814222,599,1411814225,41.1475296020508,-8.61470890045166,154.699996948242,214.4,4.75,11.0,10.0
2050,2051,4604,1411814223,512,1411814226,41.1475219726562,-8.6147346496582,153.399993896484,213.8,4.25,11.0,10.0
2051,2052,4604,1411814224,573,1411814227,41.1474914550781,-8.61476230621338,153.100006103516,211.7,4.0,11.0,10.0
2052,2053,4604,1411814225,514,1411814228,41.1474685668945,-8.61477947235107,154.699996948242,209.4,3.0,11.0,10.0
2053,2054,4604,1411814226,565,1411814229,41.1474800109863,-8.61478614807129,153.899993896484,206.0,1.75,11.0,10.0
2054,2055,4604,1411814227,523,1411814230,41.1474685668945,-8.61479568481445,154.100006103516,200.4,1.5,11.0,10.0
2055,2056,4604,1411814228,606,1411814231,41.1474571228027,-8.61479949951172,154.699996948242,194.3,1.25,11.0,10.0
2056,2057,4604,1411814229,516,1411814232,41.1474571228027,-8.61479759216309,155.100006103516,171.7,1.0,11.0,10.0
2057,2058,4604,1411814230,558,1411814233,41.1474571228027,-8.6147985458374,155.199996948242,190.4,0.75,11.0,10.0
2058,2059,4604,1411814231,514,1411814234,41.1474723815918,-8.61479663848877,156.5,10.0,10.0,,
2059,2060,4604,1411814232,514,1411814235,41.1474838256836,-8.61479663848877,157.0,10.0,10.0,,
2060,2061,4604,1411814233,547,1411814236,41.1474876403809,-8.61479663848877,157.300003051758,10.0,10.0,,
2061,2062,4604,1411814234,589,1411814237,41.1474952697754,-8.61479663848877,157.800003051758,10.0,10.0,,
2062,2063,4604,1411814235,542,1411814238,41.1474952697754,-8.61479568481445,157.899993896484,10.0,10.0,,
2063,2064,4604,1411814236,619,1411814239,41.1474990844727,-8.61479568481445,158.0,10.0,10.0,,
2064,2065,4604,1411814237,712,1411814240,41.1475067138672,-8.61479473114014,158.199996948242,10.0,10.0,,
2065,2066,4604,1411814238,691,1411814241,41.1475105285645,-8.61479473114014,158.300003051758,10.0,10.0,,
2066,2067,4604,1411814239,688,1411814242,41.1475143432617,-8.6147928237915,158.300003051758,10.0,10.0,,
2067,2068,4604,1411814240,655,1411814243,41.1475143432617,-8.61479187011719,158.300003051758,10.0,10.0,,
2068,2069,4604,1411814241,605,1411814244,41.147518157959,-8.61479091644287,158.399993896484,10.0,10.0,,
2069,2070,4604,1411814242,609,1411814245,41.147518157959,-8.61478996276855,158.399993896484,10.0,10.0,,
2070,2071,4604,1411814243,586,1411814246,41.147518157959,-8.61478996276855,158.399993896484,11.0,10.0,,
2071,2072,4604,1411814244,655,1411814247,41.147518157959,-8.61478996276855,158.399993896484,11.0,10.0,,
2072,2073,4604,1411814245,714,1411814248,41.147518157959,-8.61478900909424,158.399993896484,11.0,10.0,,
2073,2074,4604,1411814246,708,1411814249,41.147518157959,-8.61478900909424,158.399993896484,11.0,10.0,,
2074,2075,4604,1411814247,605,1411814250,41.1475143432617,-8.61478996276855,158.800003051758,11.0,10.0,,
2075,2076,4604,1411814248,583,1411814251,41.1475143432617,-8.61478996276855,158.899993896484,11.0,10.0,,
2076,2077,4604,1411814249,604,1411814252,41.1475105285645,-8.61479473114014,158.800003051758,190.4,0.5,12.0,10.0
2077,2078,4604,1411814250,588,1411814253,41.1475067138672,-8.61480808258057,158.600006103516,250.2,1.0,12.0,10.0
2078,2079,4604,1411814251,567,1411814254,41.1474990844727,-8.61482524871826,159.0,244.3,1.25,12.0,10.0
2079,2080,4604,1411814252,611,1411814255,41.1474761962891,-8.61485576629639,159.0,238.5,2.5,12.0,10.0
2080,2081,4604,1411814253,688,1411814256,41.1474494934082,-8.61489009857178,159.300003051758,233.9,3.25,12.0,10.0
2081,2082,4604,1411814254,665,1411814257,41.147403717041,-8.61492729187012,156.5,225.4,4.0,11.0,8.0
2082,2083,4604,1411814255,687,1411814258,41.1473503112793,-8.61497020721436,157.300003051758,223.6,4.75,11.0,8.0
2083,2084,4604,1411814256,615,1411814259,41.1473045349121,-8.61501598358154,157.100006103516,227.1,4.75,11.0,8.0
2084,2085,4604,1411814257,615,1411814260,41.1472549438477,-8.61506843566895,156.5,236.3,4.75,10.0,8.0
2085,2086,4604,1411814258,585,1411814261,41.1472206115723,-8.61513137817383,155.100006103516,248.0,5.0,10.0,8.0
2086,2087,4604,1411814259,581,1411814262,41.1471786499023,-8.61525058746338,154.300003051758,277.3,5.75,10.0,8.0
2087,2088,4604,1411814260,608,1411814263,41.1471862792969,-8.61532592773438,153.100006103516,277.3,6.0,10.0,8.0
2088,2089,4604,1411814261,575,1411814264,41.1471939086914,-8.6154088973999,152.100006103516,277.3,6.5,10.0,8.0
2089,2090,4604,1411814262,711,1411814265,41.1472015380859,-8.6154842376709,152.5,277.6,6.75,10.0,8.0
2090,2091,4604,1411814263,710,1411814266,41.1472091674805,-8.61556911468506,152.5,277.3,6.75,11.0,8.0
2091,2092,4604,1411814264,658,1411814267,41.147216796875,-8.61565494537354,152.800003051758,277.6,6.75,11.0,9.0
2092,2093,4604,1411814265,651,1411814268,41.1472244262695,-8.61573219299316,152.199996948242,277.1,6.75,12.0,9.0
2093,2094,4604,1411814266,602,1411814269,41.1472358703613,-8.61580944061279,151.699996948242,278.4,6.5,12.0,9.0
2094,2095,4604,1411814267,567,1411814270,41.1472473144531,-8.61589336395264,151.800003051758,280.6,6.25,12.0,8.0
2095,2096,4604,1411814268,622,1411814271,41.1472358703613,-8.61594676971436,151.0,276.2,5.75,12.0,10.0
2096,2097,4604,1411814269,754,1411814272,41.1471939086914,-8.61601066589355,152.100006103516,260.8,5.5,5.0,9.0
2097,2098,4604,1411814270,695,1411814273,41.1472015380859,-8.61607360839844,151.5,255.5,5.5,4.0,9.0
2098,2099,4604,1411814271,706,1411814274,41.1471748352051,-8.61614322662354,151.5,248.7,6.0,4.0,9.0
2099,2100,4604,1411814272,652,1411814275,41.1471405029297,-8.61623096466064,151.800003051758,248.6,7.25,3.0,9.0
2100,2101,4604,1411814273,686,1411814276,41.1471252441406,-8.61631679534912,150.5,259.0,7.25,3.0,9.0
2101,2102,4604,1411814274,558,1411814277,41.1471290588379,-8.61640930175781,151.0,271.4,7.5,4.0,10.0
2102,2103,4604,1411814275,541,1411814278,41.1471405029297,-8.61649417877197,151.5,275.9,7.5,4.0,10.0
2103,2104,4604,1411814276,581,1411814279,41.1471481323242,-8.61659526824951,152.0,280.4,7.75,4.0,10.0
2104,2105,4604,1411814277,770,1411814280,41.1471633911133,-8.61667442321777,150.100006103516,277.1,8.0,3.0,10.0
2105,2106,4604,1411814278,778,1411814281,41.1471710205078,-8.61676788330078,149.800003051758,276.7,8.25,4.0,9.0
2106,2107,4604,1411814279,700,1411814282,41.1471824645996,-8.61686897277832,149.0,276.9,8.5,4.0,9.0
2107,2108,4604,1411814280,642,1411814283,41.1471900939941,-8.61697959899902,150.100006103516,276.8,8.75,5.0,9.0
2108,2109,4604,1411814281,639,1411814284,41.1472053527832,-8.61708545684814,149.699996948242,274.8,8.75,4.0,9.0
2109,2110,4604,1411814282,587,1411814285,41.1472015380859,-8.61718559265137,149.0,269.6,8.5,4.0,9.0
2110,2111,4604,1411814283,578,1411814286,41.1471900939941,-8.61728382110596,149.600006103516,260.6,8.5,4.0,9.0
2111,2112,4604,1411814284,600,1411814287,41.1471786499023,-8.61737251281738,149.899993896484,258.9,8.25,4.0,9.0
2112,2113,4604,1411814285,674,1411814288,41.1471748352051,-8.61746120452881,149.399993896484,261.1,8.25,3.0,9.0
2113,2114,4604,1411814286,720,1411814289,41.1471710205078,-8.6175594329834,148.899993896484,261.1,8.0,4.0,9.0
2114,2115,4604,1411814287,524,1411814290,41.1471633911133,-8.61764717102051,149.0,264.1,7.75,4.0,9.0
2115,2116,4604,1411814288,573,1411814291,41.1471481323242,-8.61774349212646,149.800003051758,262.8,7.75,4.0,9.0
2116,2117,4604,1411814289,534,1411814292,41.147144317627,-8.6178092956543,149.5,261.9,6.75,5.0,9.0
2117,2118,4604,1411814290,590,1411814293,41.1471176147461,-8.61785125732422,149.600006103516,246.2,5.5,5.0,9.0
2118,2119,4604,1411814291,521,1411814294,41.1470794677734,-8.61789798736572,149.600006103516,229.9,5.75,6.0,9.0
2119,2120,4604,1411814292,520,1411814295,41.1470413208008,-8.61787223815918,149.399993896484,195.4,4.75,5.0,9.0
2120,2121,4604,1411814293,518,1411814296,41.1469879150391,-8.61788940429688,149.399993896484,187.7,5.5,6.0,10.0
2121,2122,4604,1411814294,549,1411814297,41.1469306945801,-8.61785125732422,148.699996948242,168.1,6.25,5.0,10.0
2122,2123,4604,1411814295,520,1411814298,41.1468734741211,-8.61783981323242,149.199996948242,168.3,6.25,5.0,10.0
2123,2124,4604,1411814296,519,1411814299,41.1468200683594,-8.61781978607178,149.199996948242,169.3,6.0,4.0,10.0
2124,2125,4604,1411814297,520,1411814300,41.1467704772949,-8.61781787872314,148.699996948242,169.0,5.25,4.0,10.0
2125,2126,4604,1411814298,520,1411814301,41.1467247009277,-8.6177978515625,147.399993896484,169.5,4.75,4.0,9.0
2126,2127,4604,1411814299,520,1411814302,41.1466941833496,-8.61779117584229,147.399993896484,170.1,3.5,4.0,9.0
2127,2128,4604,1411814300,541,1411814303,41.1466674804688,-8.61778736114502,147.100006103516,170.2,2.5,4.0,9.0
2128,2129,4604,1411814301,518,1411814304,41.1466522216797,-8.6177921295166,147.600006103516,169.2,1.75,4.0,9.0
2129,2130,4604,1411814302,520,1411814305,41.1466445922852,-8.6177864074707,147.699996948242,168.1,1.25,4.0,9.0
2130,2131,4604,1411814303,520,1411814306,41.1466407775879,-8.61778450012207,147.399993896484,168.1,0.75,4.0,9.0
2131,2132,4604,1411814304,639,1411814307,41.1466369628906,-8.61778354644775,147.5,168.1,0.25,4.0,9.0
2132,2133,4604,1411814305,519,1411814308,41.1466331481934,-8.61777973175049,147.399993896484,3.0,9.0,,
2133,2134,4604,1411814306,521,1411814309,41.1466331481934,-8.6177806854248,147.899993896484,3.0,9.0,,
2134,2135,4604,1411814307,601,1411814310,41.1466255187988,-8.61777877807617,148.600006103516,3.0,9.0,,
2135,2136,4604,1411814308,568,1411814311,41.1466217041016,-8.61777591705322,149.5,3.0,9.0,,
2136,2137,4604,1411814309,568,1411814312,41.1466178894043,-8.61777496337891,150.0,3.0,9.0,,
2137,2138,4604,1411814310,719,1411814313,41.146614074707,-8.61777496337891,150.5,3.0,9.0,,
2138,2139,4604,1411814311,592,1411814314,41.1466102600098,-8.61777496337891,150.800003051758,3.0,9.0,,
2139,2140,4604,1411814312,686,1411814315,41.1466026306152,-8.61777782440186,151.199996948242,3.0,8.0,,
2140,2141,4604,1411814313,664,1411814316,41.146598815918,-8.61778163909912,151.699996948242,3.0,9.0,,
2141,2142,4604,1411814314,607,1411814317,41.146598815918,-8.61778354644775,151.899993896484,3.0,9.0,,
2142,2143,4604,1411814315,539,1411814318,41.146598815918,-8.61778259277344,152.100006103516,3.0,9.0,,
2143,2144,4604,1411814316,562,1411814319,41.1465950012207,-8.61778259277344,152.100006103516,3.0,9.0,,
2144,2145,4604,1411814317,609,1411814320,41.1465950012207,-8.61778259277344,152.199996948242,3.0,9.0,,
2145,2146,4604,1411814318,680,1411814321,41.1465950012207,-8.61778259277344,152.199996948242,3.0,9.0,,
2146,2147,4604,1411814319,689,1411814322,41.1465950012207,-8.61778259277344,152.199996948242,3.0,9.0,,
2147,2148,4604,1411814320,630,1411814323,41.1465950012207,-8.61778259277344,152.199996948242,3.0,9.0,,
2148,2149,4604,1411814321,617,1411814324,41.1465950012207,-8.61778259277344,152.199996948242,3.0,8.0,,
2149,2150,4604,1411814322,561,1411814325,41.1465950012207,-8.61778259277344,152.199996948242,3.0,8.0,,
2150,2151,4604,1411814323,555,1411814326,41.1465950012207,-8.61778259277344,152.199996948242,3.0,8.0,,
2151,2152,4604,1411814324,548,1411814327,41.1465950012207,-8.61778259277344,152.199996948242,3.0,8.0,,
2152,2153,4604,1411814325,610,1411814328,41.1465950012207,-8.61778259277344,152.199996948242,3.0,8.0,,
2153,2154,4604,1411814326,739,1411814329,41.1465950012207,-8.61778259277344,152.199996948242,3.0,8.0,,
2154,2155,4604,1411814327,684,1411814330,41.1465950012207,-8.61778259277344,152.199996948242,3.0,8.0,,
2155,2156,4604,1411814328,700,1411814331,41.1465950012207,-8.61778259277344,152.199996948242,3.0,8.0,,
2156,2157,4604,1411814329,657,1411814332,41.1465950012207,-8.61778259277344,152.199996948242,3.0,8.0,,
2157,2158,4604,1411814330,633,1411814333,41.1465950012207,-8.61778259277344,152.199996948242,3.0,8.0,,
2158,2159,4604,1411814331,560,1411814334,41.1465950012207,-8.61778259277344,152.199996948242,4.0,9.0,,
2159,2160,4604,1411814332,568,1411814335,41.1465950012207,-8.61778259277344,152.199996948242,4.0,8.0,,
2160,2161,4604,1411814333,685,1411814336,41.1465950012207,-8.61778259277344,152.199996948242,4.0,8.0,,
2161,2162,4604,1411814334,590,1411814337,41.1465950012207,-8.61778259277344,152.199996948242,4.0,8.0,,
2162,2163,4604,1411814335,573,1411814338,41.1465950012207,-8.61778163909912,152.199996948242,168.1,0.25,4.0,8.0
2163,2164,4604,1411814336,568,1411814339,41.1465835571289,-8.61777591705322,152.0,169.5,1.5,4.0,8.0
2164,2165,4604,1411814337,541,1411814340,41.1465606689453,-8.61777114868164,151.5,169.5,2.75,10.0,8.0
2165,2166,4604,1411814338,569,1411814341,41.1465339660645,-8.61776256561279,151.600006103516,169.2,3.25,10.0,8.0
2166,2167,4604,1411814339,579,1411814342,41.1464996337891,-8.61775302886963,151.0,169.4,3.75,10.0,9.0
2167,2168,4604,1411814340,526,1411814343,41.1464614868164,-8.61774253845215,150.600006103516,169.3,3.75,10.0,9.0
2168,2169,4604,1411814341,560,1411814344,41.1464195251465,-8.61773109436035,150.300003051758,169.7,4.5,10.0,9.0
2169,2170,4604,1411814342,558,1411814345,41.146369934082,-8.61772060394287,150.300003051758,170.8,5.25,10.0,9.0
2170,2171,4604,1411814343,557,1411814346,41.1463165283203,-8.61770820617676,150.300003051758,173.3,5.75,10.0,9.0
2171,2172,4604,1411814344,558,1411814347,41.1462707519531,-8.61770057678223,149.899993896484,171.2,5.75,10.0,9.0
2172,2173,4604,1411814345,579,1411814348,41.1462135314941,-8.61768913269043,149.699996948242,170.3,6.5,4.0,10.0
2173,2174,4604,1411814346,555,1411814349,41.1461486816406,-8.61767101287842,150.5,170.1,7.0,4.0,10.0
2174,2175,4604,1411814347,525,1411814350,41.146068572998,-8.61764812469482,151.100006103516,169.0,8.0,4.0,10.0
2175,2176,4604,1411814348,522,1411814351,41.1459922790527,-8.61762809753418,150.800003051758,168.5,8.75,4.0,10.0
2176,2177,4604,1411814349,558,1411814352,41.1459121704102,-8.61760520935059,150.800003051758,168.3,9.25,4.0,10.0
2177,2178,4604,1411814350,605,1411814353,41.1458320617676,-8.61758327484131,150.800003051758,168.5,9.25,4.0,10.0
2178,2179,4604,1411814351,534,1411814354,41.1457443237305,-8.6175594329834,150.699996948242,167.9,9.75,4.0,10.0
2179,2180,4604,1411814352,564,1411814355,41.1456565856934,-8.61753177642822,150.699996948242,167.5,10.0,4.0,10.0
2180,2181,4604,1411814353,535,1411814356,41.145565032959,-8.61750602722168,150.699996948242,168.3,10.25,4.0,10.0
2181,2182,4604,1411814354,534,1411814357,41.1454772949219,-8.61747932434082,150.100006103516,169.2,10.0,4.0,10.0
2182,2183,4604,1411814355,523,1411814358,41.1454238891602,-8.61746883392334,143.199996948242,169.1,9.75,4.0,10.0
2183,2184,4604,1411814356,523,1411814359,41.1453666687012,-8.61746120452881,138.5,169.4,9.0,4.0,10.0
2184,2185,4604,1411814357,545,1411814360,41.1453132629395,-8.61744117736816,138.5,168.8,7.5,4.0,10.0
2185,2186,4604,1411814358,523,1411814361,41.1452713012695,-8.61743068695068,138.699996948242,168.6,5.25,4.0,10.0
2186,2187,4604,1411814359,529,1411814362,41.1452407836914,-8.61741924285889,138.800003051758,165.2,4.0,4.0,10.0
2187,2188,4604,1411814360,566,1411814363,41.1452255249023,-8.61741161346436,138.899993896484,162.3,2.75,4.0,9.0
2188,2189,4604,1411814361,546,1411814364,41.1452407836914,-8.61742687225342,138.100006103516,162.3,0.25,4.0,9.0
2189,2190,4604,1411814362,524,1411814365,41.1452293395996,-8.61742401123047,138.300003051758,162.3,0.25,4.0,9.0
2190,2191,4604,1411814363,525,1411814366,41.1452255249023,-8.61742877960205,139.199996948242,4.0,9.0,,
2191,2192,4604,1411814364,568,1411814367,41.1452293395996,-8.61742782592773,138.800003051758,3.0,10.0,,
2192,2193,4604,1411814365,529,1411814368,41.1452293395996,-8.6174259185791,138.600006103516,3.0,10.0,,
2193,2194,4604,1411814366,523,1411814369,41.1452255249023,-8.61742877960205,138.5,3.0,10.0,,
2194,2195,4604,1411814367,527,1411814370,41.1452255249023,-8.61742782592773,138.399993896484,162.3,0.5,4.0,10.0
2195,2196,4604,1411814368,530,1411814371,41.1452178955078,-8.61742305755615,138.699996948242,173.4,0.75,4.0,10.0
2196,2197,4604,1411814369,525,1411814372,41.1451950073242,-8.61741733551025,138.699996948242,174.7,1.75,4.0,10.0
2197,2198,4604,1411814370,607,1411814373,41.1451644897461,-8.61741638183594,138.899993896484,176.6,2.75,4.0,10.0
2198,2199,4604,1411814371,524,1411814374,41.1451148986816,-8.61740493774414,138.5,173.9,4.0,4.0,10.0
2199,2200,4604,1411814372,664,1411814375,41.1450729370117,-8.61739063262939,138.300003051758,169.6,4.25,4.0,10.0
2200,2201,4604,1411814373,554,1411814376,41.1450271606445,-8.61737632751465,138.0,167.3,4.75,4.0,10.0
2201,2202,4604,1411814374,614,1411814377,41.1449584960938,-8.61733722686768,138.300003051758,158.5,6.0,3.0,10.0
2202,2203,4604,1411814375,525,1411814378,41.1449089050293,-8.61729907989502,138.100006103516,154.0,6.0,4.0,9.0
2203,2204,4604,1411814376,613,1411814379,41.1448631286621,-8.6172399520874,138.100006103516,144.9,6.5,5.0,9.0
2204,2205,4604,1411814377,529,1411814380,41.1448020935059,-8.61718368530273,138.899993896484,144.2,7.0,5.0,9.0
2205,2206,4604,1411814378,531,1411814381,41.1447525024414,-8.6171350479126,137.800003051758,142.5,7.5,5.0,10.0
2206,2207,4604,1411814379,524,1411814382,41.1448173522949,-8.61699295043945,138.600006103516,91.4,7.5,4.0,10.0
2207,2208,4604,1411814380,547,1411814383,41.1448364257812,-8.61691284179688,138.199996948242,81.9,7.25,4.0,10.0
2208,2209,4604,1411814381,607,1411814384,41.144847869873,-8.61682605743408,138.600006103516,77.7,7.0,4.0,9.0
2209,2210,4604,1411814382,527,1411814385,41.1448783874512,-8.61675071716309,140.199996948242,69.4,6.5,5.0,9.0
2210,2211,4604,1411814383,563,1411814386,41.1449165344238,-8.61667728424072,140.0,65.3,7.0,5.0,9.0
2211,2212,4604,1411814384,558,1411814387,41.144947052002,-8.61661148071289,140.100006103516,66.2,6.75,4.0,9.0
2212,2213,4604,1411814385,527,1411814388,41.1449775695801,-8.61655139923096,141.0,60.4,6.25,4.0,9.0
2213,2214,4604,1411814386,525,1411814389,41.1449966430664,-8.61650466918945,140.100006103516,58.4,5.0,4.0,9.0
2214,2215,4604,1411814387,537,1411814390,41.1450157165527,-8.61647129058838,140.800003051758,51.7,3.5,4.0,9.0
2215,2216,4604,1411814388,539,1411814391,41.1450119018555,-8.61645793914795,142.100006103516,57.1,1.5,3.0,8.0
2216,2217,4604,1411814389,622,1411814392,41.14501953125,-8.61645412445068,142.100006103516,40.0,0.75,4.0,8.0
2217,2218,4604,1411814390,545,1411814393,41.14501953125,-8.6164608001709,141.699996948242,40.0,0.25,4.0,8.0
2218,2219,4604,1411814391,780,1411814394,41.14501953125,-8.61646842956543,141.399993896484,3.0,8.0,,
2219,2220,4604,1411814392,695,1411814395,41.14501953125,-8.61646747589111,141.399993896484,40.0,0.25,4.0,8.0
2220,2221,4604,1411814393,657,1411814396,41.14501953125,-8.6164665222168,141.0,40.0,0.25,4.0,8.0
2221,2222,4604,1411814394,633,1411814397,41.1450271606445,-8.61646270751953,140.699996948242,40.0,0.5,4.0,8.0
2222,2223,4604,1411814395,602,1411814398,41.1450309753418,-8.61644840240479,140.699996948242,65.7,0.75,4.0,9.0
2223,2224,4604,1411814396,603,1411814399,41.1450309753418,-8.6164436340332,140.899993896484,65.7,0.5,4.0,9.0
2224,2225,4604,1411814397,566,1411814400,41.1450347900391,-8.61644268035889,140.800003051758,3.0,9.0,,
2225,2226,4604,1411814398,526,1411814401,41.1450347900391,-8.61644268035889,141.5,3.0,7.0,,
2226,2227,4604,1411814399,526,1411814402,41.1450386047363,-8.6164436340332,141.600006103516,3.0,8.0,,
2227,2228,4604,1411814400,619,1411814403,41.1450424194336,-8.6164436340332,141.699996948242,4.0,9.0,,
2228,2229,4604,1411814401,628,1411814404,41.1450424194336,-8.61644077301025,141.399993896484,65.7,0.25,4.0,9.0
2229,2230,4604,1411814402,527,1411814405,41.1450500488281,-8.61643314361572,141.800003051758,65.7,0.5,3.0,9.0
2230,2231,4604,1411814403,559,1411814406,41.1450576782227,-8.61641883850098,141.899993896484,58.5,1.0,3.0,9.0
2231,2232,4604,1411814404,543,1411814407,41.145076751709,-8.61638069152832,142.0,61.0,3.0,4.0,9.0
2232,2233,4604,1411814405,669,1411814408,41.1450958251953,-8.6163330078125,142.300003051758,62.8,4.0,4.0,9.0
2233,2234,4604,1411814406,609,1411814409,41.1451187133789,-8.61627769470215,142.600006103516,63.4,4.75,4.0,9.0
2234,2235,4604,1411814407,765,1411814410,41.1451416015625,-8.61621379852295,143.199996948242,63.3,5.5,4.0,10.0
2235,2236,4604,1411814408,713,1411814411,41.1451759338379,-8.61613464355469,143.100006103516,60.6,6.0,4.0,10.0
2236,2237,4604,1411814409,624,1411814412,41.1452140808105,-8.61606884002686,143.100006103516,58.4,6.5,3.0,10.0
2237,2238,4604,1411814410,657,1411814413,41.1452331542969,-8.61600303649902,143.5,57.8,6.25,4.0,10.0
2238,2239,4604,1411814411,613,1411814414,41.1452598571777,-8.61595058441162,143.5,56.0,5.25,4.0,10.0
2239,2240,4604,1411814412,538,1411814415,41.1452789306641,-8.61590671539307,143.699996948242,55.6,4.75,4.0,10.0
2240,2241,4604,1411814413,661,1411814416,41.1453094482422,-8.61585235595703,143.899993896484,57.7,5.0,3.0,10.0
2241,2242,4604,1411814414,692,1411814417,41.1453323364258,-8.61579132080078,143.800003051758,58.2,5.75,3.0,10.0
2242,2243,4604,1411814415,646,1411814418,41.1453704833984,-8.6157283782959,143.199996948242,58.1,6.0,4.0,10.0
2243,2244,4604,1411814416,609,1411814419,41.145393371582,-8.61567497253418,143.600006103516,58.0,5.0,3.0,10.0
2244,2245,4604,1411814417,606,1411814420,41.145435333252,-8.61563205718994,144.300003051758,56.1,4.75,4.0,10.0
2245,2246,4604,1411814418,613,1411814421,41.145450592041,-8.61560153961182,144.399993896484,55.4,3.75,4.0,10.0
2246,2247,4604,1411814419,826,1411814422,41.1454734802246,-8.615553855896,143.5,60.4,4.25,4.0,10.0
2247,2248,4604,1411814420,689,1411814423,41.1454925537109,-8.61550045013428,143.199996948242,64.0,4.75,4.0,10.0
2248,2249,4604,1411814421,651,1411814424,41.1455192565918,-8.61543750762939,143.199996948242,63.6,5.5,4.0,10.0
2249,2250,4604,1411814422,632,1411814425,41.1455421447754,-8.61537265777588,143.199996948242,62.3,6.0,4.0,10.0
2250,2251,4604,1411814423,624,1411814426,41.1455688476562,-8.6153039932251,143.0,63.2,6.25,4.0,10.0
2251,2252,4604,1411814424,567,1411814427,41.1455955505371,-8.61522960662842,143.199996948242,64.5,6.5,4.0,10.0
2252,2253,4604,1411814425,608,1411814428,41.145622253418,-8.61514854431152,142.800003051758,66.1,7.0,4.0,10.0
2253,2254,4604,1411814426,672,1411814429,41.1456413269043,-8.61507129669189,142.0,65.9,7.25,4.0,10.0
2254,2255,4604,1411814427,761,1411814430,41.1456642150879,-8.61500072479248,141.800003051758,64.8,6.5,4.0,10.0
2255,2256,4604,1411814428,664,1411814431,41.145679473877,-8.6149435043335,141.399993896484,64.6,5.5,5.0,10.0
2256,2257,4604,1411814429,543,1411814432,41.1457099914551,-8.61489105224609,141.5,62.2,5.25,4.0,10.0
2257,2258,4604,1411814430,600,1411814433,41.1457176208496,-8.61483478546143,141.100006103516,64.6,4.75,4.0,10.0
2258,2259,4604,1411814431,599,1411814434,41.1457328796387,-8.61477851867676,141.100006103516,65.4,5.25,4.0,10.0
2259,2260,4604,1411814432,557,1411814435,41.145751953125,-8.61472225189209,140.699996948242,65.4,5.25,6.0,10.0
2260,2261,4604,1411814433,643,1411814436,41.1457977294922,-8.61464405059814,140.199996948242,65.1,7.0,4.0,10.0
2261,2262,4604,1411814434,604,1411814437,41.145824432373,-8.61456680297852,139.699996948242,66.6,7.0,4.0,10.0
2262,2263,4604,1411814435,529,1411814438,41.1458435058594,-8.6144847869873,138.699996948242,68.9,7.25,4.0,10.0
2263,2264,4604,1411814436,594,1411814439,41.1458549499512,-8.61440563201904,137.699996948242,69.4,7.25,4.0,10.0
2264,2265,4604,1411814437,558,1411814440,41.1458740234375,-8.614333152771,137.199996948242,68.1,6.75,4.0,10.0
2265,2266,4604,1411814438,773,1411814441,41.1458930969238,-8.61426544189453,136.600006103516,69.6,6.0,4.0,10.0
2266,2267,4604,1411814439,616,1411814442,41.1459274291992,-8.61420631408691,137.100006103516,71.5,5.25,4.0,10.0
2267,2268,4604,1411814440,533,1411814443,41.1459465026855,-8.61415481567383,137.199996948242,70.4,4.75,4.0,10.0
2268,2269,4604,1411814441,529,1411814444,41.1459617614746,-8.61410522460938,136.199996948242,73.8,4.5,4.0,10.0
2269,2270,4604,1411814442,529,1411814445,41.1459846496582,-8.61405467987061,136.100006103516,73.5,4.75,4.0,10.0
2270,2271,4604,1411814443,530,1411814446,41.1460113525391,-8.61400032043457,136.0,74.3,5.0,4.0,9.0
2271,2272,4604,1411814444,532,1411814447,41.1460266113281,-8.61392974853516,135.399993896484,78.6,5.75,4.0,9.0
2272,2273,4604,1411814445,599,1411814448,41.1460304260254,-8.61387252807617,135.100006103516,85.8,5.0,4.0,9.0
2273,2274,4604,1411814446,532,1411814449,41.1460151672363,-8.61381721496582,135.100006103516,97.3,4.0,4.0,9.0
2274,2275,4604,1411814447,531,1411814450,41.14599609375,-8.61376953125,134.699996948242,107.6,3.75,4.0,9.0
2275,2276,4604,1411814448,532,1411814451,41.1459770202637,-8.61372661590576,134.5,109.5,3.5,5.0,10.0
2276,2277,4604,1411814449,574,1411814452,41.1459655761719,-8.61372184753418,134.5,125.8,1.5,4.0,9.0
2277,2278,4604,1411814450,531,1411814453,41.1459541320801,-8.61370468139648,134.399993896484,127.5,1.75,4.0,9.0
2278,2279,4604,1411814451,532,1411814454,41.1459426879883,-8.61368560791016,134.5,126.9,1.75,5.0,9.0
2279,2280,4604,1411814452,577,1411814455,41.1459350585938,-8.61366653442383,134.399993896484,124.9,2.0,5.0,10.0
2280,2281,4604,1411814453,573,1411814456,41.1459312438965,-8.61365032196045,134.399993896484,123.9,1.75,5.0,10.0
2281,2282,4604,1411814454,601,1411814457,41.145923614502,-8.61363220214844,134.5,123.4,1.5,5.0,10.0
2282,2283,4604,1411814455,574,1411814458,41.1459121704102,-8.61361598968506,134.300003051758,121.5,1.5,5.0,10.0
2283,2284,4604,1411814456,577,1411814459,41.1459045410156,-8.613600730896,134.0,125.6,1.5,5.0,10.0
2284,2285,4604,1411814457,648,1411814460,41.1458969116211,-8.61358642578125,134.300003051758,125.9,1.5,5.0,10.0
2285,2286,4604,1411814458,547,1411814461,41.1458930969238,-8.6135778427124,134.0,131.7,1.25,5.0,10.0
2286,2287,4604,1411814459,590,1411814462,41.1458892822266,-8.6135778427124,134.300003051758,131.7,0.5,5.0,10.0
2287,2288,4604,1411814460,571,1411814463,41.1458892822266,-8.61358642578125,134.199996948242,4.0,10.0,,
2288,2289,4604,1411814461,532,1411814464,41.1458892822266,-8.61359024047852,134.300003051758,4.0,10.0,,
2289,2290,4604,1411814462,532,1411814465,41.1458892822266,-8.61359214782715,134.5,4.0,10.0,,
2290,2291,4604,1411814463,664,1411814466,41.1458930969238,-8.61359405517578,134.800003051758,4.0,10.0,,
2291,2292,4604,1411814464,577,1411814467,41.1458930969238,-8.61359786987305,134.399993896484,4.0,10.0,,
2292,2293,4604,1411814465,744,1411814468,41.1458969116211,-8.61359882354736,134.5,4.0,10.0,,
2293,2294,4604,1411814466,587,1411814469,41.1459007263184,-8.61359882354736,135.199996948242,4.0,10.0,,
2294,2295,4604,1411814467,532,1411814470,41.1459045410156,-8.61359882354736,135.0,4.0,10.0,,
2295,2296,4604,1411814468,581,1411814471,41.1459083557129,-8.61359882354736,134.899993896484,4.0,10.0,,
2296,2297,4604,1411814469,646,1411814472,41.1459083557129,-8.61359786987305,135.199996948242,4.0,10.0,,
2297,2298,4604,1411814470,640,1411814473,41.1459045410156,-8.61359882354736,135.300003051758,4.0,10.0,,
2298,2299,4604,1411814471,677,1411814474,41.1459045410156,-8.61359691619873,135.300003051758,4.0,10.0,,
2299,2300,4604,1411814472,816,1411814475,41.1459045410156,-8.61359214782715,135.699996948242,131.7,0.25,5.0,9.0
2300,2301,4604,1411814473,705,1411814476,41.1458969116211,-8.6135835647583,134.300003051758,131.7,0.5,4.0,9.0
2301,2302,4604,1411814474,549,1411814477,41.1458892822266,-8.61356067657471,133.300003051758,109.9,1.75,4.0,9.0
2302,2303,4604,1411814475,582,1411814478,41.145881652832,-8.613525390625,134.100006103516,107.5,2.75,4.0,10.0
2303,2304,4604,1411814476,532,1411814479,41.1458740234375,-8.61346817016602,133.5,98.2,4.25,4.0,10.0
2304,2305,4604,1411814477,535,1411814480,41.1458740234375,-8.61339569091797,131.800003051758,91.9,5.5,10.0,10.0
2305,2306,4604,1411814478,579,1411814481,41.1459083557129,-8.61330890655518,129.899993896484,82.3,6.0,9.0,10.0
2306,2307,4604,1411814479,579,1411814482,41.1459274291992,-8.61324214935303,128.699996948242,78.5,6.0,10.0,10.0
2307,2308,4604,1411814480,698,1411814483,41.1459350585938,-8.61318397521973,127.300003051758,81.2,5.75,10.0,10.0
2308,2309,4604,1411814481,627,1411814484,41.1459465026855,-8.61311340332031,126.699996948242,79.7,6.25,9.0,10.0
2309,2310,4604,1411814482,657,1411814485,41.1459541320801,-8.61303901672363,125.5,81.7,6.75,10.0,10.0
2310,2311,4604,1411814483,606,1411814486,41.1459617614746,-8.61296844482422,124.400001525879,81.1,6.75,10.0,10.0
2311,2312,4604,1411814484,534,1411814487,41.1459693908691,-8.61289215087891,123.699996948242,82.3,6.75,11.0,10.0
2312,2313,4604,1411814485,611,1411814488,41.1459655761719,-8.61281394958496,123.5,84.7,6.75,11.0,10.0
2313,2314,4604,1411814486,626,1411814489,41.1459693908691,-8.61273002624512,123.699996948242,86.2,6.5,11.0,10.0
2314,2315,4604,1411814487,758,1411814490,41.1459541320801,-8.61265754699707,123.199996948242,85.9,6.25,11.0,9.0
2315,2316,4604,1411814488,740,1411814491,41.1459579467773,-8.6126070022583,123.5,85.6,4.5,10.0,9.0
2316,2317,4604,1411814489,648,1411814492,41.1459655761719,-8.61258316040039,123.099998474121,83.4,2.5,10.0,9.0
2317,2318,4604,1411814490,641,1411814493,41.1459732055664,-8.61257171630859,123.099998474121,90.9,1.0,10.0,9.0
2318,2319,4604,1411814491,566,1411814494,41.1459770202637,-8.61257266998291,122.900001525879,9.0,9.0,,
2319,2320,4604,1411814492,592,1411814495,41.1459846496582,-8.61257457733154,122.900001525879,9.0,10.0,,
2320,2321,4604,1411814493,609,1411814496,41.1459846496582,-8.61257362365723,122.900001525879,9.0,10.0,,
2321,2322,4604,1411814494,690,1411814497,41.1459808349609,-8.61257362365723,122.800003051758,9.0,10.0,,
2322,2323,4604,1411814495,699,1411814498,41.1459808349609,-8.61256980895996,122.800003051758,90.9,0.5,9.0,10.0
2323,2324,4604,1411814496,733,1411814499,41.1459846496582,-8.61256980895996,122.800003051758,9.0,10.0,,
2324,2325,4604,1411814497,703,1411814500,41.1459846496582,-8.61256885528564,122.699996948242,90.9,0.25,9.0,9.0
2325,2326,4604,1411814498,669,1411814501,41.1459884643555,-8.61256504058838,123.0,9.0,9.0,,
2326,2327,4604,1411814499,625,1411814502,41.1459884643555,-8.6125659942627,123.199996948242,9.0,9.0,,
2327,2328,4604,1411814500,535,1411814503,41.1459884643555,-8.61256217956543,124.199996948242,9.0,9.0,,
2328,2329,4604,1411814501,582,1411814504,41.1459884643555,-8.61255931854248,124.900001525879,9.0,9.0,,
2329,2330,4604,1411814502,714,1411814505,41.1459922790527,-8.61255550384521,125.0,9.0,9.0,,
2330,2331,4604,1411814503,759,1411814506,41.1459922790527,-8.6125545501709,125.400001525879,9.0,10.0,,
2331,2332,4604,1411814504,788,1411814507,41.14599609375,-8.61255359649658,125.800003051758,9.0,10.0,,
2332,2333,4604,1411814505,708,1411814508,41.14599609375,-8.61255073547363,126.5,9.0,10.0,,
2333,2334,4604,1411814506,690,1411814509,41.1459999084473,-8.612548828125,127.099998474121,9.0,10.0,,
2334,2335,4604,1411814507,604,1411814510,41.1459999084473,-8.61254787445068,127.400001525879,9.0,10.0,,
2335,2336,4604,1411814508,570,1411814511,41.1459999084473,-8.61254787445068,127.5,9.0,10.0,,
2336,2337,4604,1411814509,613,1411814512,41.1460037231445,-8.61254787445068,127.5,9.0,10.0,,
2337,2338,4604,1411814510,712,1411814513,41.1460037231445,-8.61254692077637,127.5,9.0,10.0,,
2338,2339,4604,1411814511,791,1411814514,41.1459999084473,-8.61254692077637,127.599998474121,9.0,10.0,,
2339,2340,4604,1411814512,739,1411814515,41.1459999084473,-8.61254692077637,127.599998474121,9.0,10.0,,
2340,2341,4604,1411814513,694,1411814516,41.1459999084473,-8.61254692077637,127.599998474121,9.0,10.0,,
2341,2342,4604,1411814514,682,1411814517,41.1459999084473,-8.61254692077637,127.599998474121,9.0,10.0,,
2342,2343,4604,1411814515,579,1411814518,41.1459999084473,-8.61254692077637,127.599998474121,9.0,10.0,,
2343,2344,4604,1411814516,577,1411814519,41.1459999084473,-8.61254692077637,127.599998474121,9.0,10.0,,
2344,2345,4604,1411814517,587,1411814520,41.1460037231445,-8.61254692077637,127.599998474121,9.0,10.0,,
2345,2346,4604,1411814518,738,1411814521,41.1460037231445,-8.61254692077637,127.599998474121,9.0,10.0,,
2346,2347,4604,1411814519,813,1411814522,41.1460037231445,-8.61254692077637,127.599998474121,9.0,10.0,,
2347,2348,4604,1411814520,720,1411814523,41.1460037231445,-8.61254692077637,127.599998474121,9.0,10.0,,
2348,2349,4604,1411814521,743,1411814524,41.1460037231445,-8.61254692077637,127.599998474121,9.0,10.0,,
2349,2350,4604,1411814522,660,1411814525,41.1460037231445,-8.61254692077637,127.599998474121,9.0,10.0,,
2350,2351,4604,1411814523,636,1411814526,41.1460037231445,-8.61254692077637,127.599998474121,9.0,10.0,,
2351,2352,4604,1411814524,569,1411814527,41.1460037231445,-8.61254692077637,127.5,9.0,10.0,,
2352,2353,4604,1411814525,609,1411814528,41.1460037231445,-8.61254692077637,127.5,9.0,10.0,,
2353,2354,4604,1411814526,611,1411814529,41.1460037231445,-8.61254692077637,127.5,9.0,10.0,,
2354,2355,4604,1411814527,536,1411814530,41.1460037231445,-8.61254692077637,127.5,9.0,10.0,,
2355,2356,4604,1411814528,591,1411814531,41.1460037231445,-8.61254692077637,127.5,9.0,10.0,,
2356,2357,4604,1411814529,587,1411814532,41.1460037231445,-8.61254692077637,127.5,9.0,10.0,,
2357,2358,4604,1411814530,598,1411814533,41.1460037231445,-8.61254692077637,127.5,9.0,9.0,,
2358,2359,4604,1411814531,587,1411814534,41.1460037231445,-8.61254692077637,127.5,9.0,9.0,,
2359,2360,4604,1411814532,566,1411814535,41.1460037231445,-8.61254692077637,127.5,9.0,9.0,,
2360,2361,4604,1411814533,595,1411814536,41.1460037231445,-8.61254692077637,127.5,9.0,9.0,,
2361,2362,4604,1411814534,687,1411814537,41.1460037231445,-8.61254692077637,127.5,9.0,9.0,,
2362,2363,4604,1411814535,786,1411814538,41.1460037231445,-8.61254692077637,127.5,9.0,9.0,,
2363,2364,4604,1411814536,741,1411814539,41.1460037231445,-8.61254692077637,127.5,9.0,9.0,,
2364,2365,4604,1411814537,719,1411814540,41.1460037231445,-8.61254692077637,127.5,9.0,9.0,,
2365,2366,4604,1411814538,645,1411814541,41.1460037231445,-8.61254692077637,127.5,9.0,9.0,,
2366,2367,4604,1411814539,618,1411814542,41.1460037231445,-8.61254692077637,127.5,9.0,9.0,,
2367,2368,4604,1411814540,624,1411814543,41.1460037231445,-8.61254692077637,127.5,9.0,9.0,,
2368,2369,4604,1411814541,553,1411814544,41.1460037231445,-8.61254692077637,127.5,9.0,9.0,,
2369,2370,4604,1411814542,539,1411814545,41.1460037231445,-8.61254692077637,127.5,9.0,9.0,,
2370,2371,4604,1411814543,538,1411814546,41.1460075378418,-8.61252498626709,127.699996948242,81.0,3.0,9.0,9.0
2371,2372,4604,1411814544,581,1411814547,41.1460075378418,-8.61246776580811,127.900001525879,83.4,4.75,10.0,9.0
2372,2373,4604,1411814545,587,1411814548,41.1460075378418,-8.61239624023438,127.099998474121,82.8,5.75,9.0,9.0
2373,2374,4604,1411814546,677,1411814549,41.1460151672363,-8.61232280731201,126.699996948242,84.8,5.75,9.0,9.0
2374,2375,4604,1411814547,631,1411814550,41.1460227966309,-8.6122579574585,126.699996948242,84.1,5.5,10.0,9.0
2375,2376,4604,1411814548,587,1411814551,41.1460266113281,-8.61219596862793,126.800003051758,85.5,5.0,10.0,9.0
2376,2377,4604,1411814549,596,1411814552,41.1460304260254,-8.61214256286621,126.900001525879,82.5,4.5,9.0,9.0
2377,2378,4604,1411814550,653,1411814553,41.1460380554199,-8.61209297180176,126.0,82.9,3.75,9.0,9.0
2378,2379,4604,1411814551,756,1411814554,41.1460456848145,-8.61204624176025,125.800003051758,80.1,3.75,9.0,9.0
2379,2380,4604,1411814552,724,1411814555,41.1460571289062,-8.61199951171875,124.800003051758,79.1,4.0,10.0,9.0
2380,2381,4604,1411814553,723,1411814556,41.146068572998,-8.6119441986084,123.900001525879,81.3,4.5,9.0,9.0
2381,2382,4604,1411814554,685,1411814557,41.1460838317871,-8.61188411712646,123.400001525879,76.1,5.0,10.0,10.0
2382,2383,4604,1411814555,695,1411814558,41.1460876464844,-8.61181449890137,123.0,82.2,5.75,9.0,10.0
2383,2384,4604,1411814556,604,1411814559,41.1460952758789,-8.61174392700195,123.400001525879,82.1,5.75,9.0,10.0
2384,2385,4604,1411814557,615,1411814560,41.1461029052734,-8.61167049407959,123.5,81.6,6.0,9.0,10.0
2385,2386,4604,1411814558,684,1411814561,41.146110534668,-8.61159229278564,123.900001525879,82.0,6.25,10.0,10.0
2386,2387,4604,1411814559,768,1411814562,41.1461143493652,-8.61151313781738,124.5,80.2,6.5,9.0,10.0
2387,2388,4604,1411814560,701,1411814563,41.1461296081543,-8.61144161224365,124.800003051758,73.3,6.25,10.0,10.0
2388,2389,4604,1411814561,735,1411814564,41.1461791992188,-8.61139297485352,125.0,45.6,6.25,4.0,10.0
2389,2390,4604,1411814562,637,1411814565,41.1462173461914,-8.61135005950928,124.800003051758,29.4,5.75,5.0,10.0
2390,2391,4604,1411814563,664,1411814566,41.1462593078613,-8.61133575439453,124.800003051758,18.4,5.25,5.0,10.0
2391,2392,4604,1411814564,603,1411814567,41.1463470458984,-8.6113224029541,123.900001525879,9.9,7.0,4.0,9.0
2392,2393,4604,1411814565,588,1411814568,41.1464195251465,-8.61130809783936,124.300003051758,9.4,7.75,4.0,9.0
2393,2394,4604,1411814566,648,1411814569,41.1464958190918,-8.61129283905029,123.599998474121,9.6,7.75,4.0,8.0
2394,2395,4604,1411814567,766,1411814570,41.1465606689453,-8.61127948760986,123.900001525879,7.3,7.75,4.0,8.0
2395,2396,4604,1411814568,546,1411814571,41.1466369628906,-8.61125373840332,124.0,10.1,8.75,4.0,8.0
2396,2397,4604,1411814569,587,1411814572,41.1467170715332,-8.61123371124268,124.099998474121,10.2,9.0,4.0,8.0
2397,2398,4604,1411814570,600,1411814573,41.1467971801758,-8.61121273040771,123.900001525879,9.8,9.25,4.0,8.0
2398,2399,4604,1411814571,638,1411814574,41.1468734741211,-8.61119270324707,123.900001525879,9.4,9.0,4.0,8.0
2399,2400,4604,1411814572,791,1411814575,41.1469459533691,-8.61117076873779,123.800003051758,9.3,9.0,4.0,8.0
2400,2401,4604,1411814573,594,1411814576,41.1470222473145,-8.61115550994873,124.199996948242,7.6,8.75,4.0,8.0
2401,2402,4604,1411814574,679,1411814577,41.1470947265625,-8.61113929748535,124.699996948242,8.3,8.5,4.0,8.0
2402,2403,4604,1411814575,677,1411814578,41.1471633911133,-8.61112308502197,125.0,9.4,8.0,4.0,8.0
2403,2404,4604,1411814576,645,1411814579,41.1472282409668,-8.61111068725586,125.0,10.3,8.0,4.0,8.0
2404,2405,4604,1411814577,611,1411814580,41.1472930908203,-8.61109447479248,124.800003051758,9.5,7.75,4.0,8.0
2405,2406,4604,1411814578,580,1411814581,41.1473579406738,-8.61108016967773,124.400001525879,10.5,7.5,4.0,9.0
2406,2407,4604,1411814579,630,1411814582,41.1474266052246,-8.6110668182373,124.699996948242,10.7,7.25,5.0,9.0
2407,2408,4604,1411814580,725,1411814583,41.1474838256836,-8.61104583740234,124.599998474121,13.0,7.0,5.0,8.0
2408,2409,4604,1411814581,751,1411814584,41.1475372314453,-8.61102294921875,124.599998474121,15.5,6.5,7.0,8.0
2409,2410,4604,1411814582,691,1411814585,41.1475944519043,-8.61100578308105,125.099998474121,12.8,6.0,8.0,8.0
2410,2411,4604,1411814583,577,1411814586,41.1476287841797,-8.61099147796631,125.199996948242,16.4,5.0,9.0,8.0
2411,2412,4604,1411814584,645,1411814587,41.1476440429688,-8.61099243164062,125.400001525879,11.8,3.5,8.0,8.0
2412,2413,4604,1411814585,586,1411814588,41.1476516723633,-8.61101341247559,125.199996948242,8.0,2.5,8.0,8.0
2413,2414,4604,1411814586,638,1411814589,41.1476669311523,-8.61100101470947,125.199996948242,17.3,2.25,9.0,8.0
2414,2415,4604,1411814587,542,1411814590,41.1476707458496,-8.61099147796631,125.400001525879,29.0,1.5,9.0,8.0
2415,2416,4604,1411814588,605,1411814591,41.1476669311523,-8.61098957061768,125.400001525879,38.6,1.0,11.0,8.0
2416,2417,4604,1411814589,542,1411814592,41.1476440429688,-8.61101150512695,125.300003051758,10.0,8.0,,
2417,2418,4604,1411814590,628,1411814593,41.1476364135742,-8.6110258102417,125.199996948242,8.0,8.0,,
2418,2419,4604,1411814591,612,1411814594,41.1476364135742,-8.6110258102417,125.0,7.0,8.0,,
2419,2420,4604,1411814592,595,1411814595,41.1476287841797,-8.61102485656738,125.099998474121,7.0,8.0,,
2420,2421,4604,1411814593,598,1411814596,41.1476249694824,-8.61101913452148,125.199996948242,6.0,9.0,,
2421,2422,4604,1411814594,561,1411814597,41.1476249694824,-8.61101818084717,125.099998474121,6.0,9.0,,
2422,2423,4604,1411814595,698,1411814598,41.1476211547852,-8.61102294921875,125.300003051758,6.0,9.0,,
2423,2424,4604,1411814596,736,1411814599,41.1476173400879,-8.61101913452148,125.5,6.0,9.0,,
2424,2425,4604,1411814597,752,1411814600,41.1476173400879,-8.61102104187012,125.699996948242,6.0,9.0,,
2425,2426,4604,1411814598,709,1411814601,41.1476097106934,-8.61102104187012,126.300003051758,6.0,9.0,,
2426,2427,4604,1411814599,716,1411814602,41.1476058959961,-8.6110258102417,127.0,6.0,9.0,,
2427,2428,4604,1411814600,639,1411814603,41.1476058959961,-8.61102962493896,127.199996948242,6.0,9.0,,
2428,2429,4604,1411814601,620,1411814604,41.1476058959961,-8.61103057861328,127.599998474121,5.0,9.0,,
2429,2430,4604,1411814602,623,1411814605,41.1476020812988,-8.61103248596191,127.900001525879,5.0,9.0,,
2430,2431,4604,1411814603,657,1411814606,41.1476020812988,-8.61103343963623,128.100006103516,5.0,9.0,,
2431,2432,4604,1411814604,835,1411814607,41.1476020812988,-8.61103439331055,128.300003051758,5.0,9.0,,
2432,2433,4604,1411814605,800,1411814608,41.1476020812988,-8.61103439331055,128.5,5.0,9.0,,
2433,2434,4604,1411814606,703,1411814609,41.1475982666016,-8.61103439331055,128.600006103516,5.0,9.0,,
2434,2435,4604,1411814607,697,1411814610,41.1475982666016,-8.61103439331055,128.699996948242,5.0,9.0,,
2435,2436,4604,1411814608,664,1411814611,41.1475982666016,-8.61103439331055,128.699996948242,5.0,9.0,,
2436,2437,4604,1411814609,609,1411814612,41.1475982666016,-8.61103439331055,128.800003051758,5.0,9.0,,
2437,2438,4604,1411814610,612,1411814613,41.1475982666016,-8.61103439331055,128.899993896484,5.0,9.0,,
2438,2439,4604,1411814611,708,1411814614,41.1475982666016,-8.61103439331055,128.899993896484,4.0,9.0,,
2439,2440,4604,1411814612,726,1411814615,41.1475982666016,-8.61103534698486,129.0,4.0,8.0,,
2440,2441,4604,1411814613,784,1411814616,41.1475982666016,-8.61103534698486,129.0,4.0,8.0,,
2441,2442,4604,1411814614,748,1411814617,41.1475982666016,-8.61103534698486,129.0,4.0,8.0,,
2442,2443,4604,1411814615,660,1411814618,41.1475982666016,-8.61103534698486,129.0,4.0,8.0,,
2443,2444,4604,1411814616,664,1411814619,41.1475982666016,-8.61103534698486,129.0,4.0,8.0,,
2444,2445,4604,1411814617,586,1411814620,41.1475982666016,-8.61103534698486,129.0,4.0,8.0,,
2445,2446,4604,1411814618,607,1411814621,41.1475982666016,-8.61103630065918,129.100006103516,38.6,0.5,5.0,9.0
2446,2447,4604,1411814619,616,1411814622,41.1476402282715,-8.61100959777832,129.0,12.7,2.0,5.0,9.0
2447,2448,4604,1411814620,727,1411814623,41.1476783752441,-8.61101531982422,129.300003051758,1.3,3.25,6.0,9.0
2448,2449,4604,1411814621,692,1411814624,41.1477241516113,-8.61102485656738,129.5,356.3,4.0,6.0,9.0
2449,2450,4604,1411814622,757,1411814625,41.1477661132812,-8.61103248596191,129.5,354.5,4.25,7.0,10.0
2450,2451,4604,1411814623,693,1411814626,41.1478118896484,-8.61100673675537,129.899993896484,9.7,4.5,11.0,10.0
2451,2452,4604,1411814624,628,1411814627,41.1478881835938,-8.61097145080566,129.800003051758,10.9,5.75,10.0,10.0
2452,2453,4604,1411814625,608,1411814628,41.1479377746582,-8.6109619140625,130.199996948242,11.8,5.75,11.0,9.0
2453,2454,4604,1411814626,605,1411814629,41.1479911804199,-8.61094093322754,130.100006103516,14.6,6.0,11.0,8.0
2454,2455,4604,1411814627,667,1411814630,41.1481056213379,-8.61092948913574,129.899993896484,10.5,8.0,10.0,7.0
2455,2456,4604,1411814628,598,1411814631,41.1481971740723,-8.61091327667236,129.699996948242,10.1,8.5,11.0,7.0
2456,2457,4604,1411814629,704,1411814632,41.1482734680176,-8.6108980178833,130.0,10.5,8.5,11.0,8.0
2457,2458,4604,1411814630,685,1411814633,41.1483573913574,-8.61087894439697,130.600006103516,11.4,8.75,11.0,8.0
2458,2459,4604,1411814631,668,1411814634,41.1484489440918,-8.61085319519043,130.300003051758,11.9,9.0,11.0,8.0
2459,2460,4604,1411814632,643,1411814635,41.1485290527344,-8.61081409454346,130.399993896484,14.8,9.25,10.0,8.0
2460,2461,4604,1411814633,595,1411814636,41.148609161377,-8.6107816696167,130.199996948242,15.0,9.25,11.0,8.0
2461,2462,4604,1411814634,630,1411814637,41.1486930847168,-8.61075210571289,130.0,15.1,9.25,11.0,9.0
2462,2463,4604,1411814635,596,1411814638,41.1487693786621,-8.6107177734375,129.899993896484,15.8,9.25,11.0,9.0
2463,2464,4604,1411814636,736,1411814639,41.1488494873047,-8.61068630218506,129.899993896484,16.5,9.25,11.0,8.0
2464,2465,4604,1411814637,807,1411814640,41.1489524841309,-8.61064910888672,128.399993896484,17.2,9.5,11.0,8.0
2465,2466,4604,1411814638,768,1411814641,41.1490249633789,-8.61062526702881,128.600006103516,17.6,9.0,11.0,8.0
2466,2467,4604,1411814639,716,1411814642,41.149097442627,-8.61058807373047,129.600006103516,18.7,9.0,11.0,7.0
2467,2468,4604,1411814640,673,1411814643,41.1491813659668,-8.61053848266602,129.699996948242,20.2,9.0,11.0,8.0
2468,2469,4604,1411814641,641,1411814644,41.1492691040039,-8.61047172546387,129.899993896484,23.2,9.25,12.0,8.0
2469,2470,4604,1411814642,604,1411814645,41.1493301391602,-8.61041736602783,130.699996948242,25.7,8.5,12.0,9.0
2470,2471,4604,1411814643,587,1411814646,41.1494064331055,-8.61036014556885,133.0,22.6,8.25,11.0,9.0
2471,2472,4604,1411814644,597,1411814647,41.1494750976562,-8.61032676696777,133.100006103516,22.4,8.25,12.0,9.0
2472,2473,4604,1411814645,795,1411814648,41.1495513916016,-8.61029052734375,133.100006103516,19.7,8.5,12.0,8.0
2473,2474,4604,1411814646,587,1411814649,41.1496315002441,-8.61027431488037,133.100006103516,14.5,9.0,12.0,8.0
2474,2475,4604,1411814647,589,1411814650,41.1497192382812,-8.61021423339844,134.0,11.0,9.25,13.0,8.0
2475,2476,4604,1411814648,588,1411814651,41.1497955322266,-8.61021327972412,134.5,2.8,9.0,11.0,8.0
2476,2477,4604,1411814649,546,1411814652,41.1498756408691,-8.61021137237549,134.5,358.9,9.25,12.0,8.0
2477,2478,4604,1411814650,621,1411814653,41.1499519348145,-8.61023902893066,135.0,357.9,9.25,12.0,8.0
2478,2479,4604,1411814651,550,1411814654,41.150016784668,-8.61030864715576,135.600006103516,346.5,9.25,11.0,8.0
2479,2480,4604,1411814652,599,1411814655,41.1501045227051,-8.61032009124756,135.800003051758,344.8,9.5,10.0,8.0
2480,2481,4604,1411814653,597,1411814656,41.1501770019531,-8.6103343963623,136.600006103516,347.4,8.25,10.0,8.0
2481,2482,4604,1411814654,565,1411814657,41.1502494812012,-8.61036396026611,137.0,348.3,8.0,10.0,8.0
2482,2483,4604,1411814655,593,1411814658,41.1503257751465,-8.61037063598633,137.100006103516,356.9,8.25,11.0,8.0
2483,2484,4604,1411814656,690,1411814659,41.1503639221191,-8.61038112640381,138.199996948242,356.1,6.0,10.0,8.0
2484,2485,4604,1411814657,651,1411814660,41.1504173278809,-8.61037826538086,137.100006103516,0.2,5.25,11.0,8.0
2485,2486,4604,1411814658,601,1411814661,41.1504592895508,-8.6103687286377,137.0,6.1,4.75,11.0,8.0
2486,2487,4604,1411814659,569,1411814662,41.1504936218262,-8.61035442352295,136.899993896484,12.3,4.0,11.0,8.0
2487,2488,4604,1411814660,678,1411814663,41.1505165100098,-8.6103343963623,137.100006103516,20.6,3.5,11.0,8.0
2488,2489,4604,1411814661,784,1411814664,41.1505279541016,-8.61034774780273,136.899993896484,351.6,2.0,11.0,8.0
2489,2490,4604,1411814662,743,1411814665,41.1505546569824,-8.61032104492188,137.5,20.6,3.0,11.0,8.0
2490,2491,4604,1411814663,714,1411814666,41.1505889892578,-8.61027050018311,137.600006103516,36.9,4.25,11.0,8.0
2491,2492,4604,1411814664,654,1411814667,41.1506423950195,-8.61025524139404,138.5,30.5,5.0,11.0,8.0
2492,2493,4604,1411814665,626,1411814668,41.1506881713867,-8.6102123260498,139.199996948242,31.4,5.5,11.0,8.0
2493,2494,4604,1411814666,618,1411814669,41.1507339477539,-8.6101655960083,138.800003051758,39.3,6.5,10.0,8.0
2494,2495,4604,1411814667,598,1411814670,41.1507835388184,-8.61011123657227,139.199996948242,39.0,6.75,11.0,8.0
2495,2496,4604,1411814668,706,1411814671,41.1508445739746,-8.61005973815918,139.300003051758,40.6,7.5,10.0,9.0
2496,2497,4604,1411814669,822,1411814672,41.1509208679199,-8.6099967956543,139.600006103516,40.6,8.5,11.0,9.0
2497,2498,4604,1411814670,729,1411814673,41.150993347168,-8.60991954803467,140.199996948242,41.1,8.25,11.0,9.0
2498,2499,4604,1411814671,658,1411814674,41.1510543823242,-8.60985088348389,140.199996948242,38.5,8.75,10.0,9.0
2499,2500,4604,1411814672,657,1411814675,41.1511497497559,-8.60978603363037,140.899993896484,35.2,9.25,10.0,9.0
2500,2501,4604,1411814673,597,1411814676,41.1512222290039,-8.60972785949707,140.800003051758,33.4,8.75,10.0,9.0
2501,2502,4604,1411814674,597,1411814677,41.1512718200684,-8.60969066619873,143.899993896484,39.0,6.5,9.0,9.0
2502,2503,4604,1411814675,673,1411814678,41.1513214111328,-8.60965156555176,145.600006103516,37.8,5.5,9.0,9.0
2503,2504,4604,1411814676,752,1411814679,41.1513557434082,-8.60961246490479,146.199996948242,34.9,5.0,9.0,9.0
2504,2505,4604,1411814677,758,1411814680,41.1513938903809,-8.60958766937256,146.699996948242,32.5,4.5,9.0,9.0
2505,2506,4604,1411814678,736,1411814681,41.1514282226562,-8.60956382751465,146.800003051758,29.0,4.25,10.0,9.0
2506,2507,4604,1411814679,731,1411814682,41.1514625549316,-8.60954284667969,147.100006103516,29.3,4.25,11.0,9.0
2507,2508,4604,1411814680,655,1411814683,41.1515045166016,-8.60954189300537,147.0,8.5,4.5,11.0,9.0
2508,2509,4604,1411814681,617,1411814684,41.1515502929688,-8.6095495223999,146.800003051758,355.3,4.75,11.0,9.0
2509,2510,4604,1411814682,595,1411814685,41.1516265869141,-8.60958194732666,144.5,339.8,5.75,10.0,9.0
2510,2511,4604,1411814683,621,1411814686,41.1516532897949,-8.60963153839111,143.699996948242,325.1,6.25,10.0,9.0
2511,2512,4604,1411814684,595,1411814687,41.1516990661621,-8.60967922210693,143.899993896484,321.2,6.5,10.0,9.0
2512,2513,4604,1411814685,589,1411814688,41.1517448425293,-8.60973072052002,143.800003051758,320.2,6.75,11.0,8.0
2513,2514,4604,1411814686,622,1411814689,41.1517906188965,-8.60978412628174,143.600006103516,320.7,6.75,12.0,8.0
2514,2515,4604,1411814687,595,1411814690,41.1518402099609,-8.60983276367188,143.699996948242,323.3,6.75,11.0,8.0
2515,2516,4604,1411814688,601,1411814691,41.1518898010254,-8.60988140106201,143.800003051758,322.8,7.0,11.0,8.0
2516,2517,4604,1411814689,586,1411814692,41.1519393920898,-8.60993576049805,143.899993896484,322.6,7.0,11.0,9.0
2517,2518,4604,1411814690,610,1411814693,41.1519927978516,-8.60998249053955,144.100006103516,327.8,7.25,10.0,10.0
2518,2519,4604,1411814691,605,1411814694,41.1520614624023,-8.61002063751221,143.699996948242,340.3,6.5,11.0,10.0
2519,2520,4604,1411814692,775,1411814695,41.1520957946777,-8.61003017425537,143.100006103516,342.6,6.0,11.0,10.0
2520,2521,4604,1411814693,852,1411814696,41.152156829834,-8.61001968383789,143.199996948242,0.8,6.0,11.0,10.0
2521,2522,4604,1411814694,712,1411814697,41.1522102355957,-8.61001014709473,144.0,0.1,6.0,10.0,10.0
2522,2523,4604,1411814695,734,1411814698,41.1522636413574,-8.61003112792969,144.600006103516,355.7,6.0,10.0,10.0
2523,2524,4604,1411814696,649,1411814699,41.1523246765137,-8.61003589630127,144.0,355.7,6.25,11.0,9.0
2524,2525,4604,1411814697,650,1411814700,41.1523857116699,-8.6100435256958,144.100006103516,355.3,6.75,11.0,10.0
2525,2526,4604,1411814698,597,1411814701,41.1524467468262,-8.61002159118652,144.300003051758,6.3,7.0,10.0,9.0
2526,2527,4604,1411814699,643,1411814702,41.152515411377,-8.61000347137451,146.300003051758,7.0,7.0,10.0,9.0
2527,2528,4604,1411814700,673,1411814703,41.1525802612305,-8.60999584197998,146.300003051758,3.4,7.0,10.0,9.0
2528,2529,4604,1411814701,597,1411814704,41.1526412963867,-8.60999298095703,145.899993896484,3.2,7.0,10.0,9.0
2529,2530,4604,1411814702,785,1411814705,41.1526947021484,-8.60999488830566,146.100006103516,2.1,6.25,10.0,9.0
2530,2531,4604,1411814703,739,1411814706,41.1527519226074,-8.60999584197998,146.699996948242,359.6,6.5,10.0,9.0
2531,2532,4604,1411814704,706,1411814707,41.1528053283691,-8.61000061035156,148.100006103516,0.1,6.0,9.0,9.0
2532,2533,4604,1411814705,661,1411814708,41.1528625488281,-8.61000633239746,149.199996948242,356.9,6.25,9.0,9.0
2533,2534,4604,1411814706,559,1411814709,41.1529159545898,-8.61001300811768,149.399993896484,356.9,6.0,10.0,9.0
2534,2535,4604,1411814707,592,1411814710,41.1529655456543,-8.61002159118652,149.399993896484,356.8,6.0,10.0,9.0
2535,2536,4604,1411814708,693,1411814711,41.1530227661133,-8.61001110076904,149.899993896484,2.4,6.25,10.0,9.0
2536,2537,4604,1411814709,551,1411814712,41.153076171875,-8.61000537872314,150.199996948242,2.6,5.75,10.0,9.0
2537,2538,4604,1411814710,616,1411814713,41.1531219482422,-8.61001300811768,151.800003051758,356.1,5.5,9.0,9.0
2538,2539,4604,1411814711,600,1411814714,41.1531639099121,-8.61001205444336,152.600006103516,359.7,5.0,9.0,9.0
2539,2540,4604,1411814712,595,1411814715,41.153205871582,-8.61000823974609,152.899993896484,2.2,4.75,10.0,9.0
2540,2541,4604,1411814713,595,1411814716,41.1532363891602,-8.61000919342041,153.0,0.7,4.0,9.0,8.0
2541,2542,4604,1411814714,594,1411814717,41.1532859802246,-8.61001110076904,153.399993896484,358.4,4.5,10.0,8.0
2542,2543,4604,1411814715,596,1411814718,41.1533279418945,-8.61000728607178,153.600006103516,6.3,4.75,10.0,9.0
2543,2544,4604,1411814716,693,1411814719,41.1533660888672,-8.61000442504883,153.5,7.7,4.5,10.0,9.0
2544,2545,4604,1411814717,852,1411814720,41.1534080505371,-8.61001014709473,153.899993896484,6.6,4.5,11.0,9.0
2545,2546,4604,1411814718,802,1411814721,41.1534309387207,-8.61000823974609,154.300003051758,3.0,3.5,11.0,9.0
2546,2547,4604,1411814719,728,1411814722,41.153434753418,-8.6100025177002,154.5,10.9,2.25,10.0,9.0
2547,2548,4604,1411814720,667,1411814723,41.1534538269043,-8.6099910736084,155.600006103516,10.1,2.0,11.0,9.0
2548,2549,4604,1411814721,655,1411814724,41.1534729003906,-8.60998630523682,156.800003051758,359.8,2.0,11.0,9.0
2549,2550,4604,1411814722,587,1411814725,41.1534843444824,-8.60998153686523,158.0,358.3,1.5,11.0,9.0
2550,2551,4604,1411814723,620,1411814726,41.1534996032715,-8.60999011993408,158.800003051758,352.9,1.25,11.0,9.0
2551,2552,4604,1411814724,621,1411814727,41.1535034179688,-8.6099910736084,158.899993896484,355.2,1.0,11.0,9.0
2552,2553,4604,1411814725,596,1411814728,41.1534996032715,-8.6099910736084,158.600006103516,355.2,0.25,12.0,9.0
2553,2554,4604,1411814726,769,1411814729,41.153491973877,-8.61000156402588,157.199996948242,11.0,8.0,,
2554,2555,4604,1411814727,700,1411814730,41.1534843444824,-8.61001110076904,156.800003051758,11.0,8.0,,
2555,2556,4604,1411814728,672,1411814731,41.1534843444824,-8.61001586914062,157.699996948242,11.0,8.0,,
2556,2557,4604,1411814729,688,1411814732,41.1534881591797,-8.61001777648926,158.300003051758,12.0,8.0,,
2557,2558,4604,1411814730,627,1411814733,41.1534881591797,-8.61001777648926,158.199996948242,355.2,0.25,12.0,9.0
2558,2559,4604,1411814731,605,1411814734,41.153491973877,-8.61001873016357,158.5,355.2,0.25,12.0,8.0
2559,2560,4604,1411814732,689,1411814735,41.1534996032715,-8.61002159118652,158.5,355.2,0.5,13.0,8.0
2560,2561,4604,1411814733,796,1411814736,41.1535034179688,-8.61002159118652,158.899993896484,355.2,0.5,12.0,8.0
2561,2562,4604,1411814734,780,1411814737,41.1535148620605,-8.61001300811768,159.600006103516,355.2,0.5,9.0,9.0
2562,2563,4604,1411814735,802,1411814738,41.1535377502441,-8.60999870300293,158.300003051758,29.3,1.0,8.0,9.0
2563,2564,4604,1411814736,689,1411814739,41.1535720825195,-8.60998725891113,158.600006103516,15.9,1.5,10.0,9.0
2564,2565,4604,1411814737,651,1411814740,41.1536407470703,-8.60997200012207,158.5,8.5,4.75,12.0,8.0
2565,2566,4604,1411814738,597,1411814741,41.1538047790527,-8.6099328994751,158.0,8.7,6.25,14.0,8.0
2566,2567,4604,1411814739,592,1411814742,41.1538887023926,-8.6099157333374,157.899993896484,10.0,7.25,16.0,8.0
2567,2568,4604,1411814740,630,1411814743,41.1539840698242,-8.60986804962158,155.5,15.5,7.5,13.0,7.0
2568,2569,4604,1411814741,605,1411814744,41.1540451049805,-8.60975742340088,155.600006103516,32.4,8.5,12.0,7.0
2569,2570,4604,1411814742,617,1411814745,41.1540985107422,-8.60970306396484,156.0,34.2,8.5,13.0,8.0
2570,2571,4604,1411814743,790,1411814746,41.1541481018066,-8.60962390899658,156.800003051758,39.8,9.0,15.0,7.0
2571,2572,4604,1411814744,747,1411814747,41.154239654541,-8.60958480834961,159.800003051758,35.4,9.25,17.0,7.0
2572,2573,4604,1411814745,595,1411814748,41.1543655395508,-8.60952568054199,161.399993896484,28.5,10.25,18.0,7.0
2573,2574,4604,1411814746,664,1411814749,41.154426574707,-8.60947322845459,162.399993896484,36.3,8.25,17.0,7.0
2574,2575,4604,1411814747,645,1411814750,41.1544723510742,-8.60941600799561,163.899993896484,31.9,8.5,16.0,7.0
2575,2576,4604,1411814748,624,1411814751,41.154541015625,-8.60937118530273,163.699996948242,30.6,8.5,16.0,7.0
2576,2577,4604,1411814749,600,1411814752,41.154598236084,-8.60933303833008,163.5,28.0,7.75,16.0,7.0
2577,2578,4604,1411814750,609,1411814753,41.1546630859375,-8.60929107666016,164.100006103516,25.9,7.5,16.0,7.0
2578,2579,4604,1411814751,625,1411814754,41.1547622680664,-8.60932540893555,164.800003051758,0.3,8.25,12.0,7.0
2579,2580,4604,1411814752,604,1411814755,41.1548042297363,-8.60930919647217,165.100006103516,358.1,8.25,9.0,8.0
2580,2581,4604,1411814753,746,1411814756,41.1549072265625,-8.60932064056396,164.800003051758,359.1,8.25,8.0,8.0
2581,2582,4604,1411814754,640,1411814757,41.154972076416,-8.60931968688965,165.699996948242,355.8,7.25,7.0,8.0
2582,2583,4604,1411814755,712,1411814758,41.1550407409668,-8.60930728912354,166.300003051758,359.3,7.0,7.0,7.0
2583,2584,4604,1411814756,600,1411814759,41.155101776123,-8.60931015014648,167.5,358.6,7.0,7.0,7.0
2584,2585,4604,1411814757,620,1411814760,41.1551704406738,-8.60929775238037,168.0,0.3,7.0,7.0,7.0
2585,2586,4604,1411814758,631,1411814761,41.1552352905273,-8.60928153991699,168.800003051758,2.0,7.0,7.0,7.0
2586,2587,4604,1411814759,615,1411814762,41.1553039550781,-8.60927486419678,169.100006103516,4.5,7.25,8.0,7.0
2587,2588,4604,1411814760,627,1411814763,41.1553688049316,-8.60926818847656,169.199996948242,4.5,7.25,12.0,7.0
2588,2589,4604,1411814761,747,1411814764,41.1554756164551,-8.60926723480225,168.600006103516,356.1,9.25,5.0,8.0
2589,2590,4604,1411814762,726,1411814765,41.1555557250977,-8.60927867889404,169.0,351.9,9.0,6.0,7.0
2590,2591,4604,1411814763,689,1411814766,41.1556587219238,-8.60924243927002,169.600006103516,0.8,9.5,5.0,8.0
2591,2592,4604,1411814764,642,1411814767,41.1557312011719,-8.6092472076416,170.199996948242,358.7,9.5,4.0,9.0
2592,2593,4604,1411814765,602,1411814768,41.1558113098145,-8.60925483703613,170.600006103516,356.9,9.5,4.0,9.0
2593,2594,4604,1411814766,607,1411814769,41.1559066772461,-8.60926342010498,171.899993896484,359.5,9.75,4.0,9.0
2594,2595,4604,1411814767,590,1411814770,41.1559867858887,-8.60925769805908,172.699996948242,0.4,9.5,4.0,9.0
2595,2596,4604,1411814768,567,1411814771,41.156063079834,-8.60924816131592,173.600006103516,1.7,9.5,4.0,9.0
2596,2597,4604,1411814769,557,1411814772,41.1561470031738,-8.60924243927002,173.899993896484,1.6,9.25,4.0,9.0
2597,2598,4604,1411814770,655,1411814773,41.1562232971191,-8.60924816131592,173.800003051758,357.5,9.0,4.0,9.0
2598,2599,4604,1411814771,556,1411814774,41.1562995910645,-8.60924434661865,173.699996948242,0.8,9.25,4.0,9.0
2599,2600,4604,1411814772,556,1411814775,41.1563835144043,-8.60925102233887,174.800003051758,1.7,9.0,4.0,9.0
2600,2601,4604,1411814773,610,1411814776,41.1564598083496,-8.6092529296875,175.5,2.2,8.75,4.0,9.0
2601,2602,4604,1411814774,575,1411814777,41.1565361022949,-8.60925197601318,176.199996948242,0.6,8.25,4.0,9.0
2602,2603,4604,1411814775,620,1411814778,41.1566123962402,-8.60924053192139,176.100006103516,3.8,8.25,4.0,9.0
2603,2604,4604,1411814776,750,1411814779,41.1566925048828,-8.6092472076416,176.899993896484,1.9,8.0,4.0,9.0
2604,2605,4604,1411814777,740,1411814780,41.1567573547363,-8.60925960540771,177.0,358.6,8.0,4.0,8.0
2605,2606,4604,1411814778,748,1411814781,41.1568260192871,-8.60926055908203,177.0,359.7,7.5,4.0,8.0
2606,2607,4604,1411814779,595,1411814782,41.1568984985352,-8.60926818847656,177.5,358.4,7.5,4.0,8.0
2607,2608,4604,1411814780,606,1411814783,41.1569595336914,-8.60926818847656,177.600006103516,0.7,6.75,4.0,8.0
2608,2609,4604,1411814781,605,1411814784,41.1570167541504,-8.60926342010498,178.199996948242,6.8,6.25,4.0,8.0
2609,2610,4604,1411814782,604,1411814785,41.157054901123,-8.60926723480225,178.199996948242,1.5,5.25,4.0,8.0
2610,2611,4604,1411814783,612,1411814786,41.1570854187012,-8.6092643737793,177.899993896484,1.7,4.5,4.0,8.0
2611,2612,4604,1411814784,605,1411814787,41.1571388244629,-8.6092643737793,178.199996948242,2.3,5.0,4.0,8.0
2612,2613,4604,1411814785,604,1411814788,41.1571769714355,-8.60926342010498,178.399993896484,4.2,5.25,4.0,8.0
2613,2614,4604,1411814786,603,1411814789,41.1572227478027,-8.60926723480225,178.699996948242,4.1,5.5,5.0,9.0
2614,2615,4604,1411814787,700,1411814790,41.157283782959,-8.60923957824707,178.899993896484,10.5,6.5,4.0,9.0
2615,2616,4604,1411814788,694,1411814791,41.1573524475098,-8.60921192169189,179.0,14.4,7.25,4.0,9.0
2616,2617,4604,1411814789,647,1411814792,41.1574363708496,-8.60918617248535,179.0,14.9,8.0,4.0,10.0
2617,2618,4604,1411814790,619,1411814793,41.1575164794922,-8.60917186737061,179.199996948242,12.4,8.25,5.0,10.0
2618,2619,4604,1411814791,641,1411814794,41.1575927734375,-8.60915470123291,179.199996948242,11.1,8.25,5.0,10.0
2619,2620,4604,1411814792,647,1411814795,41.1576881408691,-8.60905170440674,179.100006103516,29.9,9.75,4.0,10.0
2620,2621,4604,1411814793,804,1411814796,41.1577682495117,-8.60902214050293,179.5,25.2,10.25,5.0,10.0
2621,2622,4604,1411814794,597,1411814797,41.1578636169434,-8.60897445678711,179.899993896484,22.4,10.5,5.0,9.0
2622,2623,4604,1411814795,713,1411814798,41.1579551696777,-8.60893249511719,180.0,20.9,10.75,6.0,9.0
2623,2624,4604,1411814796,628,1411814799,41.1580581665039,-8.60888004302979,179.600006103516,20.9,11.0,11.0,10.0
2624,2625,4604,1411814797,944,1411814800,41.1581268310547,-8.60884094238281,180.0,21.7,10.0,10.0,10.0
2625,2626,4604,1411814798,607,1411814801,41.1582221984863,-8.608811378479,180.699996948242,19.2,10.25,11.0,10.0
2626,2627,4604,1411814799,599,1411814802,41.1583137512207,-8.60874843597412,181.600006103516,19.8,10.25,12.0,10.0
2627,2628,4604,1411814800,676,1411814803,41.1584014892578,-8.60870552062988,181.600006103516,19.6,10.25,13.0,10.0
2628,2629,4604,1411814801,755,1411814804,41.1585006713867,-8.60866928100586,182.5,17.5,10.5,11.0,10.0
2629,2630,4604,1411814802,743,1411814805,41.1585998535156,-8.6086368560791,183.100006103516,14.7,10.75,12.0,9.0
2630,2631,4604,1411814803,695,1411814806,41.1587181091309,-8.60863971710205,183.399993896484,13.0,11.0,11.0,9.0
2631,2632,4604,1411814804,696,1411814807,41.158805847168,-8.6086254119873,184.300003051758,19.3,10.0,11.0,10.0
2632,2633,4604,1411814805,577,1411814808,41.1588859558105,-8.60857582092285,184.800003051758,21.1,8.75,11.0,10.0
2633,2634,4604,1411814806,602,1411814809,41.1589546203613,-8.60854148864746,185.699996948242,21.6,8.75,12.0,9.0
2634,2635,4604,1411814807,606,1411814810,41.1589965820312,-8.60845375061035,184.0,16.0,8.5,12.0,9.0
2635,2636,4604,1411814808,687,1411814811,41.1590614318848,-8.60843086242676,183.399993896484,17.0,8.0,11.0,8.0
2636,2637,4604,1411814809,804,1411814812,41.1591377258301,-8.60839653015137,182.5,20.2,7.75,11.0,8.0
2637,2638,4604,1411814810,620,1411814813,41.1592140197754,-8.60835075378418,183.600006103516,22.3,8.25,12.0,8.0
2638,2639,4604,1411814811,649,1411814814,41.1593055725098,-8.60830783843994,185.0,20.5,8.75,11.0,8.0
2639,2640,4604,1411814812,690,1411814815,41.1593818664551,-8.60826015472412,186.0,22.6,9.25,10.0,8.0
2640,2641,4604,1411814813,605,1411814816,41.1594543457031,-8.60821533203125,186.0,23.5,9.5,11.0,8.0
2641,2642,4604,1411814814,614,1411814817,41.1595420837402,-8.60815620422363,186.600006103516,25.6,10.25,11.0,10.0
2642,2643,4604,1411814815,683,1411814818,41.1596298217773,-8.6080904006958,186.899993896484,27.7,10.75,11.0,9.0
2643,2644,4604,1411814816,668,1411814819,41.1597518920898,-8.60804080963135,187.300003051758,23.9,12.0,11.0,9.0
2644,2645,4604,1411814817,626,1411814820,41.159854888916,-8.60798931121826,187.300003051758,23.6,12.0,11.0,9.0
2645,2646,4604,1411814818,716,1411814821,41.1599960327148,-8.60800552368164,190.100006103516,17.4,12.5,12.0,10.0
2646,2647,4604,1411814819,646,1411814822,41.1601181030273,-8.60797023773193,190.399993896484,16.4,12.5,13.0,10.0
2647,2648,4604,1411814820,656,1411814823,41.1602401733398,-8.60795211791992,190.100006103516,14.2,12.5,14.0,9.0
2648,2649,4604,1411814821,604,1411814824,41.1603584289551,-8.60790157318115,190.300003051758,16.2,12.75,15.0,8.0
2649,2650,4604,1411814822,607,1411814825,41.1604919433594,-8.60785293579102,191.600006103516,18.4,13.0,13.0,9.0
2650,2651,4604,1411814823,608,1411814826,41.1605796813965,-8.60778331756592,190.699996948242,20.1,12.0,13.0,8.0
2651,2652,4604,1411814824,750,1411814827,41.160701751709,-8.60771751403809,189.899993896484,21.5,12.5,13.0,8.0
2652,2653,4604,1411814825,626,1411814828,41.1608352661133,-8.60766410827637,190.800003051758,21.1,12.75,13.0,9.0
2653,2654,4604,1411814826,693,1411814829,41.1609230041504,-8.6076021194458,191.199996948242,21.9,12.75,13.0,9.0
2654,2655,4604,1411814827,637,1411814830,41.1610260009766,-8.60754489898682,191.0,22.3,12.5,14.0,9.0
2655,2656,4604,1411814828,612,1411814831,41.1611289978027,-8.60748958587646,191.0,22.0,12.5,14.0,9.0
2656,2657,4604,1411814843,684,1411814846,41.1628227233887,-8.60694980621338,193.399993896484,8.4,12.5,17.0,7.0
2657,2658,4604,1411814844,662,1411814847,41.1629524230957,-8.60683536529541,194.5,10.6,12.5,15.0,7.0
2658,2659,4604,1411814845,595,1411814848,41.1630706787109,-8.60677528381348,195.399993896484,7.5,12.0,11.0,7.0
2659,2660,4604,1411814846,645,1411814849,41.1631813049316,-8.60673713684082,196.0,8.1,12.0,11.0,7.0
2660,2661,4604,1411814847,605,1411814850,41.1632881164551,-8.6067066192627,196.399993896484,9.8,12.25,10.0,7.0
2661,2662,4604,1411814848,605,1411814851,41.163402557373,-8.60665035247803,197.100006103516,11.2,12.0,9.0,7.0
2662,2663,4604,1411814849,623,1411814852,41.1635131835938,-8.60660362243652,198.300003051758,9.6,11.75,9.0,7.0
2663,2664,4604,1411814850,657,1411814853,41.1636085510254,-8.60660171508789,198.0,4.6,11.5,9.0,7.0
2664,2665,4604,1411814851,627,1411814854,41.1637191772461,-8.6065673828125,197.5,6.3,11.5,8.0,7.0
2665,2666,4604,1411814852,623,1411814855,41.1638221740723,-8.60653018951416,197.199996948242,6.8,10.25,10.0,7.0
2666,2667,4604,1411814853,597,1411814856,41.163932800293,-8.60646724700928,196.699996948242,8.8,10.0,11.0,7.0
2667,2668,4604,1411814854,625,1411814857,41.1640014648438,-8.60641956329346,194.699996948242,12.6,8.75,12.0,8.0
2668,2669,4604,1411814855,595,1411814858,41.1640701293945,-8.60636043548584,194.5,15.9,8.25,12.0,7.0
2669,2670,4604,1411814856,766,1411814859,41.1641273498535,-8.60632228851318,194.600006103516,19.4,7.5,12.0,8.0
2670,2671,4604,1411814857,745,1411814860,41.1641960144043,-8.6062650680542,195.0,23.2,7.75,12.0,9.0
2671,2672,4604,1411814858,756,1411814861,41.1642074584961,-8.60625076293945,195.800003051758,26.3,5.5,11.0,9.0
2672,2673,4604,1411814859,719,1411814862,41.1641654968262,-8.60632038116455,196.600006103516,11.2,1.25,8.0,9.0
2673,2674,4604,1411814860,666,1411814863,41.1641693115234,-8.60632133483887,198.399993896484,18.9,1.25,9.0,9.0
2674,2675,4604,1411814861,563,1411814864,41.1641693115234,-8.60632610321045,198.600006103516,47.3,1.25,10.0,10.0
2675,2676,4604,1411814862,617,1411814865,41.1641807556152,-8.60632133483887,199.0,48.0,1.5,13.0,10.0
2676,2677,4604,1411814863,656,1411814866,41.1641731262207,-8.60630130767822,199.600006103516,79.1,2.25,15.0,10.0
2677,2678,4604,1411814864,809,1411814867,41.1642074584961,-8.6062650680542,199.699996948242,56.7,3.0,12.0,10.0
2678,2679,4604,1411814865,792,1411814868,41.1642761230469,-8.60622978210449,199.399993896484,34.8,4.5,11.0,10.0
2679,2680,4604,1411814866,770,1411814869,41.1643371582031,-8.6061897277832,199.699996948242,30.7,5.5,10.0,8.0
2680,2681,4604,1411814867,629,1411814870,41.1644172668457,-8.60619068145752,199.899993896484,19.4,6.0,10.0,9.0
2681,2682,4604,1411814868,605,1411814871,41.1645965576172,-8.60621166229248,195.899993896484,1.3,8.5,9.0,9.0
2682,2683,4604,1411814869,585,1411814872,41.1647109985352,-8.60621166229248,195.100006103516,2.0,9.5,8.0,9.0
2683,2684,4604,1411814870,622,1411814873,41.1647758483887,-8.60622024536133,195.600006103516,1.5,9.25,8.0,9.0
2684,2685,4604,1411814871,644,1411814874,41.1648635864258,-8.6062183380127,195.600006103516,1.4,9.25,9.0,8.0
2685,2686,4604,1411814872,630,1411814875,41.1650238037109,-8.60624122619629,193.5,358.5,10.75,9.0,8.0
2686,2687,4604,1411814873,786,1411814876,41.1651229858398,-8.60627460479736,193.600006103516,355.5,11.25,7.0,8.0
2687,2688,4604,1411814874,646,1411814877,41.1652221679688,-8.60628986358643,193.899993896484,355.5,11.5,5.0,9.0
2688,2689,4604,1411814875,705,1411814878,41.165340423584,-8.60629940032959,194.100006103516,356.5,12.5,5.0,9.0
2689,2690,4604,1411814876,698,1411814879,41.1654663085938,-8.60632133483887,193.899993896484,356.3,13.25,5.0,9.0
2690,2691,4604,1411814877,659,1411814880,41.165599822998,-8.60632801055908,194.399993896484,356.3,13.75,5.0,10.0
2691,2692,4604,1411814878,626,1411814881,41.1657333374023,-8.60635089874268,194.800003051758,355.7,14.0,5.0,11.0
2692,2693,4604,1411814879,643,1411814882,41.1658554077148,-8.60636901855469,194.399993896484,355.7,13.75,5.0,10.0
2693,2694,4604,1411814880,755,1411814883,41.1659812927246,-8.6063814163208,194.5,355.7,13.75,5.0,10.0
2694,2695,4604,1411814881,857,1411814884,41.1661071777344,-8.60639190673828,194.0,357.2,13.75,5.0,10.0
2695,2696,4604,1411814882,737,1411814885,41.1662292480469,-8.6063928604126,194.300003051758,358.9,13.75,5.0,10.0
2696,2697,4604,1411814883,745,1411814886,41.1663513183594,-8.60639667510986,194.100006103516,359.1,13.75,5.0,10.0
2697,2698,4604,1411814884,670,1411814887,41.1664772033691,-8.60640144348145,194.399993896484,357.6,13.5,5.0,10.0
2698,2699,4604,1411814885,635,1411814888,41.1665954589844,-8.60641193389893,194.100006103516,357.3,13.25,5.0,10.0
2699,2700,4604,1411814886,652,1411814889,41.1667137145996,-8.60640907287598,194.5,0.1,13.25,5.0,10.0
2700,2701,4604,1411814887,611,1411814890,41.1668319702148,-8.60640335083008,195.0,0.7,13.25,5.0,9.0
2701,2702,4604,1411814888,696,1411814891,41.1669502258301,-8.60640048980713,195.199996948242,1.3,13.0,5.0,9.0
2702,2703,4604,1411814889,749,1411814892,41.167064666748,-8.60639381408691,195.300003051758,1.8,13.25,5.0,9.0
2703,2704,4604,1411814890,728,1411814893,41.1671752929688,-8.60635852813721,194.399993896484,1.9,13.25,5.0,9.0
2704,2705,4604,1411814891,606,1411814894,41.1673011779785,-8.60638618469238,195.899993896484,0.9,13.25,4.0,9.0
2705,2706,4604,1411814892,615,1411814895,41.1674194335938,-8.60638809204102,196.0,0.7,13.25,4.0,10.0
2706,2707,4604,1411814893,630,1411814896,41.1675491333008,-8.60638904571533,195.5,359.8,13.5,4.0,10.0
2707,2708,4604,1411814894,584,1411814897,41.1676712036133,-8.60639667510986,196.199996948242,359.8,13.25,4.0,10.0
2708,2709,4604,1411814895,635,1411814898,41.1678009033203,-8.60638523101807,196.800003051758,3.3,13.75,4.0,10.0
2709,2710,4604,1411814896,774,1411814899,41.1679344177246,-8.60641098022461,199.399993896484,0.9,13.25,3.0,10.0
2710,2711,4604,1411814897,599,1411814900,41.1680450439453,-8.60640525817871,200.5,2.0,12.5,4.0,11.0
2711,2712,4604,1411814898,769,1411814901,41.1681632995605,-8.60640430450439,200.600006103516,1.3,13.0,4.0,10.0
2712,2713,4604,1411814899,697,1411814902,41.168285369873,-8.60640239715576,200.399993896484,1.5,13.0,5.0,10.0
2713,2714,4604,1411814900,631,1411814903,41.1684074401855,-8.60642528533936,200.699996948242,0.3,13.0,5.0,11.0
2714,2715,4604,1411814901,615,1411814904,41.1685409545898,-8.60642147064209,200.399993896484,0.5,13.75,10.0,10.0
2715,2716,4604,1411814902,635,1411814905,41.1686706542969,-8.60641956329346,200.100006103516,0.5,13.75,10.0,8.0
2716,2717,4604,1411814903,624,1411814906,41.1687812805176,-8.6064338684082,198.899993896484,357.8,13.5,10.0,8.0
2717,2718,4604,1411814904,622,1411814907,41.1689071655273,-8.60641002655029,199.300003051758,2.4,13.5,10.0,8.0
2718,2719,4604,1411814905,606,1411814908,41.1690330505371,-8.60638427734375,198.5,8.1,14.0,10.0,9.0
2719,2720,4604,1411814906,767,1411814909,41.1691474914551,-8.60632610321045,198.100006103516,16.5,13.75,10.0,9.0
2720,2721,4604,1411814907,731,1411814910,41.169261932373,-8.60625457763672,198.5,22.8,14.0,10.0,9.0
2721,2722,4604,1411814908,719,1411814911,41.169376373291,-8.60617446899414,198.600006103516,26.2,14.5,10.0,10.0
2722,2723,4604,1411814909,670,1411814912,41.169490814209,-8.60609149932861,198.899993896484,27.4,14.5,10.0,10.0
2723,2724,4604,1411814910,659,1411814913,41.1695976257324,-8.60601902008057,198.800003051758,27.7,14.25,10.0,9.0
2724,2725,4604,1411814911,630,1411814914,41.1697158813477,-8.60594177246094,198.699996948242,27.6,14.25,10.0,9.0
2725,2726,4604,1411814912,636,1411814915,41.1698150634766,-8.60585784912109,197.399993896484,29.8,13.75,10.0,10.0
2726,2727,4604,1411814913,624,1411814916,41.1699180603027,-8.60578060150146,197.300003051758,29.2,13.25,10.0,10.0
2727,2728,4604,1411814914,632,1411814917,41.1700172424316,-8.60570621490479,197.300003051758,29.2,12.75,10.0,10.0
2728,2729,4604,1411814915,629,1411814918,41.170108795166,-8.60564136505127,196.699996948242,30.1,12.0,4.0,10.0
2729,2730,4604,1411814916,831,1411814919,41.1701507568359,-8.60553073883057,190.399993896484,31.8,11.5,4.0,10.0
2730,2731,4604,1411814917,718,1411814920,41.1702346801758,-8.60547637939453,190.0,30.0,11.0,4.0,10.0
2731,2732,4604,1411814918,726,1411814921,41.1703147888184,-8.6054162979126,189.699996948242,29.6,10.5,4.0,10.0
2732,2733,4604,1411814919,666,1411814922,41.1703948974609,-8.60536479949951,189.399993896484,28.9,10.25,4.0,10.0
2733,2734,4604,1411814920,659,1411814923,41.1704750061035,-8.60530757904053,189.5,28.0,10.0,4.0,10.0
2734,2735,4604,1411814921,614,1411814924,41.1705474853516,-8.60525226593018,189.399993896484,28.2,9.75,4.0,10.0
2735,2736,4604,1411814922,632,1411814925,41.170597076416,-8.60516738891602,186.100006103516,30.8,9.5,4.0,10.0
2736,2737,4604,1411814923,785,1411814926,41.1706771850586,-8.60508918762207,184.699996948242,30.8,10.0,3.0,11.0
2737,2738,4604,1411814924,618,1411814927,41.1707534790039,-8.6050271987915,183.699996948242,30.8,10.25,4.0,11.0
2738,2739,4604,1411814925,813,1411814928,41.1708450317383,-8.60496711730957,183.600006103516,30.7,10.5,4.0,11.0
2739,2740,4604,1411814926,758,1411814929,41.1709251403809,-8.60490703582764,182.899993896484,30.1,10.75,4.0,10.0
2740,2741,4604,1411814927,740,1411814930,41.1710090637207,-8.60482692718506,181.800003051758,30.8,11.25,4.0,9.0
2741,2742,4604,1411814928,607,1411814931,41.1710968017578,-8.60475826263428,181.300003051758,30.8,11.25,6.0,9.0
2742,2743,4604,1411814929,618,1411814932,41.1711883544922,-8.60466194152832,179.100006103516,31.4,12.0,4.0,9.0
2743,2744,4604,1411814930,635,1411814933,41.1712837219238,-8.60458946228027,178.300003051758,31.2,12.5,4.0,10.0
2744,2745,4604,1411814931,725,1411814934,41.17138671875,-8.60450744628906,177.600006103516,31.1,12.75,4.0,10.0
2745,2746,4604,1411814932,635,1411814935,41.1714820861816,-8.60442924499512,176.899993896484,31.1,12.75,5.0,10.0
2746,2747,4604,1411814933,776,1411814936,41.1715850830078,-8.60434246063232,175.800003051758,30.7,12.75,4.0,11.0
2747,2748,4604,1411814934,652,1411814937,41.1716842651367,-8.60426425933838,175.199996948242,30.7,12.75,6.0,11.0
2748,2749,4604,1411814935,695,1411814938,41.1717872619629,-8.60420322418213,175.100006103516,26.5,12.75,4.0,10.0
2749,2750,4604,1411814936,674,1411814939,41.1718978881836,-8.60415840148926,174.699996948242,18.9,12.75,4.0,10.0
2750,2751,4604,1411814937,615,1411814940,41.1720161437988,-8.60413646697998,174.199996948242,8.5,13.0,4.0,11.0
2751,2752,4604,1411814938,616,1411814941,41.1721420288086,-8.60414600372314,174.100006103516,1.4,13.5,4.0,12.0
2752,2753,4604,1411814939,619,1411814942,41.1722679138184,-8.60417366027832,173.300003051758,353.2,14.0,4.0,12.0
2753,2754,4604,1411814940,642,1411814943,41.1723937988281,-8.60419273376465,173.0,353.2,14.0,7.0,12.0
2754,2755,4604,1411814941,827,1411814944,41.1725082397461,-8.60426616668701,172.699996948242,342.7,13.75,5.0,12.0
2755,2756,4604,1411814942,765,1411814945,41.1726150512695,-8.60434436798096,172.600006103516,335.5,13.5,5.0,12.0
2756,2757,4604,1411814943,719,1411814946,41.172721862793,-8.6045560836792,172.199996948242,319.6,15.75,4.0,12.0
2757,2758,4604,1411814944,688,1411814947,41.1728210449219,-8.60470867156982,171.5,315.0,15.75,4.0,12.0
2758,2759,4604,1411814945,618,1411814948,41.172908782959,-8.6048698425293,171.5,310.4,16.0,4.0,11.0
2759,2760,4604,1411814946,602,1411814949,41.1729431152344,-8.60504055023193,172.5,297.8,15.0,4.0,11.0
2760,2761,4604,1411814947,615,1411814950,41.172981262207,-8.60520267486572,173.100006103516,292.7,14.25,4.0,11.0
2761,2762,4604,1411814948,639,1411814951,41.173023223877,-8.60535049438477,172.300003051758,291.9,13.25,4.0,12.0
2762,2763,4604,1411814949,786,1411814952,41.1730651855469,-8.60546207427979,171.300003051758,297.1,12.0,3.0,12.0
2763,2764,4604,1411814950,693,1411814953,41.1731262207031,-8.60555839538574,171.899993896484,308.5,11.0,4.0,12.0
2764,2765,4604,1411814951,758,1411814954,41.1731986999512,-8.60564517974854,172.100006103516,314.3,10.5,4.0,12.0
2765,2766,4604,1411814952,651,1411814955,41.1732635498047,-8.60573577880859,172.100006103516,314.3,10.5,8.0,12.0
2766,2767,4604,1411814953,674,1411814956,41.1733207702637,-8.60565280914307,172.199996948242,344.9,6.0,4.0,12.0
2767,2768,4604,1411814954,572,1411814957,41.1733551025391,-8.60566139221191,172.100006103516,345.8,4.0,4.0,12.0
2768,2769,4604,1411814955,607,1411814958,41.1733779907227,-8.60566711425781,171.899993896484,347.1,2.75,4.0,12.0
2769,2770,4604,1411814956,778,1411814959,41.1733932495117,-8.60566997528076,172.100006103516,344.5,1.75,4.0,11.0
2770,2771,4604,1411814957,808,1411814960,41.1734085083008,-8.60565853118896,172.199996948242,356.9,1.5,4.0,11.0
2771,2772,4604,1411814958,801,1411814961,41.1734199523926,-8.60565757751465,172.800003051758,8.6,1.25,5.0,11.0
2772,2773,4604,1411814959,707,1411814962,41.1734275817871,-8.60566520690918,172.699996948242,8.9,1.0,5.0,11.0
2773,2774,4604,1411814960,680,1411814963,41.1734199523926,-8.60567188262939,172.699996948242,3.0,11.0,,
2774,2775,4604,1411814961,628,1411814964,41.1734237670898,-8.60566806793213,173.0,3.0,11.0,,
2775,2776,4604,1411814962,607,1411814965,41.1734237670898,-8.60566997528076,172.899993896484,3.0,11.0,,
2776,2777,4604,1411814963,619,1411814966,41.1734237670898,-8.60566806793213,173.100006103516,3.0,11.0,,
2777,2778,4604,1411814964,722,1411814967,41.1734199523926,-8.60566902160645,173.0,3.0,11.0,,
2778,2779,4604,1411814965,864,1411814968,41.1734199523926,-8.60566902160645,173.300003051758,3.0,11.0,,
2779,2780,4604,1411814966,831,1411814969,41.1734199523926,-8.60567188262939,173.5,3.0,11.0,,
2780,2781,4604,1411814967,639,1411814970,41.1734199523926,-8.60567188262939,173.5,3.0,11.0,,
2781,2782,4604,1411814968,713,1411814971,41.1734199523926,-8.60567092895508,173.699996948242,3.0,11.0,,
2782,2783,4604,1411814969,692,1411814972,41.1734237670898,-8.60566997528076,173.899993896484,3.0,11.0,,
2783,2784,4604,1411814970,655,1411814973,41.1734237670898,-8.60566902160645,173.899993896484,3.0,11.0,,
2784,2785,4604,1411814971,623,1411814974,41.1734237670898,-8.60566902160645,174.0,3.0,11.0,,
2785,2786,4604,1411814972,759,1411814975,41.1734237670898,-8.60566902160645,174.0,3.0,11.0,,
2786,2787,4604,1411814973,813,1411814976,41.1734237670898,-8.60566902160645,174.0,3.0,11.0,,
2787,2788,4604,1411814974,839,1411814977,41.1734237670898,-8.60566902160645,174.0,3.0,11.0,,
2788,2789,4604,1411814975,607,1411814978,41.1734237670898,-8.60566902160645,174.0,3.0,11.0,,
2789,2790,4604,1411814976,740,1411814979,41.1734237670898,-8.60566902160645,174.0,3.0,11.0,,
2790,2791,4604,1411814977,789,1411814980,41.1734237670898,-8.60566997528076,174.0,3.0,11.0,,
2791,2792,4604,1411814978,652,1411814981,41.1734237670898,-8.60566997528076,174.0,3.0,11.0,,
2792,2793,4604,1411814979,626,1411814982,41.1734237670898,-8.60566997528076,174.0,3.0,11.0,,
2793,2794,4604,1411814980,741,1411814983,41.1734237670898,-8.60566997528076,174.0,3.0,11.0,,
2794,2795,4604,1411814981,869,1411814984,41.1734237670898,-8.60566997528076,174.0,3.0,11.0,,
2795,2796,4604,1411814982,820,1411814985,41.1734237670898,-8.60566997528076,174.0,3.0,11.0,,
2796,2797,4604,1411814983,749,1411814986,41.1734237670898,-8.60566997528076,174.0,3.0,11.0,,
2797,2798,4604,1411814984,636,1411814987,41.1734237670898,-8.60566997528076,174.0,3.0,10.0,,
2798,2799,4604,1411814985,671,1411814988,41.1734237670898,-8.60566997528076,174.0,3.0,11.0,,
2799,2800,4604,1411814986,651,1411814989,41.1734237670898,-8.60566997528076,174.0,3.0,11.0,,
2800,2801,4604,1411814987,627,1411814990,41.1734237670898,-8.60566997528076,174.0,3.0,11.0,,
2801,2802,4604,1411814988,754,1411814991,41.1734237670898,-8.60566997528076,174.0,3.0,11.0,,
2802,2803,4604,1411814989,905,1411814992,41.1734237670898,-8.60566997528076,174.0,3.0,11.0,,
2803,2804,4604,1411814990,742,1411814993,41.1734237670898,-8.60566997528076,174.0,3.0,11.0,,
2804,2805,4604,1411814991,767,1411814994,41.1734237670898,-8.60566997528076,174.0,3.0,11.0,,
2805,2806,4604,1411814992,703,1411814995,41.1734237670898,-8.60566997528076,174.0,3.0,11.0,,
2806,2807,4604,1411814993,676,1411814996,41.1734237670898,-8.60567092895508,174.0,3.0,11.0,,
2807,2808,4604,1411814994,624,1411814997,41.1734352111816,-8.60567569732666,174.100006103516,340.2,1.5,4.0,11.0
2808,2809,4604,1411814995,617,1411814998,41.1734580993652,-8.60568809509277,174.199996948242,336.3,2.25,4.0,11.0
2809,2810,4604,1411814996,757,1411814999,41.1734886169434,-8.60570335388184,175.199996948242,337.4,3.25,4.0,11.0
2810,2811,4604,1411814997,876,1411815000,41.1735191345215,-8.60571479797363,175.199996948242,342.2,3.5,4.0,10.0
2811,2812,4604,1411814998,817,1411815001,41.1735649108887,-8.60569858551025,175.600006103516,7.0,4.0,4.0,10.0
2812,2813,4604,1411814999,730,1411815002,41.1736373901367,-8.605637550354,174.5,28.3,6.0,4.0,10.0
2813,2814,4604,1411815000,684,1411815003,41.1736679077148,-8.60555362701416,172.399993896484,57.0,6.75,3.0,11.0
2814,2815,4604,1411815001,670,1411815004,41.1736946105957,-8.60546207427979,171.899993896484,65.6,7.75,4.0,11.0
2815,2816,4604,1411815002,662,1411815005,41.173713684082,-8.6053638458252,171.899993896484,72.4,8.5,5.0,10.0
2816,2817,4604,1411815003,616,1411815006,41.1737174987793,-8.60525226593018,171.100006103516,79.3,9.0,5.0,10.0
2817,2818,4604,1411815004,707,1411815007,41.1736869812012,-8.605149269104,170.100006103516,93.4,9.25,4.0,10.0
2818,2819,4604,1411815005,834,1411815008,41.1736793518066,-8.60502910614014,169.699996948242,94.9,9.75,4.0,10.0
2819,2820,4604,1411815006,784,1411815009,41.1736755371094,-8.604905128479,169.800003051758,95.4,10.5,5.0,11.0
2820,2821,4604,1411815007,749,1411815010,41.1736450195312,-8.60477828979492,170.5,95.5,11.25,4.0,11.0
2821,2822,4604,1411815008,725,1411815011,41.1736450195312,-8.60463905334473,170.100006103516,89.8,12.0,4.0,11.0
2822,2823,4604,1411815009,607,1411815012,41.1736488342285,-8.60449314117432,169.699996948242,89.0,12.5,4.0,11.0
2823,2824,4604,1411815010,648,1411815013,41.1736640930176,-8.60432815551758,170.0,87.7,13.25,4.0,11.0
2824,2825,4604,1411815011,650,1411815014,41.1736755371094,-8.60414791107178,171.0,87.8,14.25,4.0,11.0
2825,2826,4604,1411815012,688,1411815015,41.1736869812012,-8.60396862030029,171.399993896484,87.1,14.75,3.0,11.0
2826,2827,4604,1411815013,883,1411815016,41.1737060546875,-8.60378742218018,171.899993896484,87.1,15.0,4.0,11.0
2827,2828,4604,1411815014,810,1411815017,41.1737098693848,-8.60361385345459,171.600006103516,87.3,14.75,4.0,11.0
2828,2829,4604,1411815015,759,1411815018,41.1737098693848,-8.60344123840332,173.0,87.7,14.5,4.0,11.0
2829,2830,4604,1411815016,735,1411815019,41.173713684082,-8.60327529907227,172.600006103516,87.6,14.25,4.0,11.0
2830,2831,4604,1411815017,695,1411815020,41.1737174987793,-8.60311222076416,173.0,87.6,13.75,4.0,11.0
2831,2832,4604,1411815018,662,1411815021,41.1737213134766,-8.60294532775879,173.300003051758,87.4,13.75,4.0,10.0
2832,2833,4604,1411815019,651,1411815022,41.173713684082,-8.60279273986816,173.5,87.7,13.25,4.0,11.0
2833,2834,4604,1411815020,694,1411815023,41.1737251281738,-8.60263252258301,172.699996948242,87.5,13.25,4.0,11.0
2834,2835,4604,1411815021,644,1411815024,41.1737251281738,-8.60247707366943,173.199996948242,88.0,13.0,4.0,11.0
2835,2836,4604,1411815022,787,1411815025,41.1737251281738,-8.60232543945312,173.5,88.3,13.0,4.0,11.0
2836,2837,4604,1411815023,778,1411815026,41.1737289428711,-8.60217094421387,174.5,87.9,13.0,4.0,11.0
2837,2838,4604,1411815024,706,1411815027,41.1737403869629,-8.60201644897461,174.699996948242,87.7,13.25,3.0,11.0
2838,2839,4604,1411815025,701,1411815028,41.1737518310547,-8.60186100006104,174.899993896484,86.4,13.25,4.0,11.0
2839,2840,4604,1411815026,615,1411815029,41.1737518310547,-8.60170459747314,175.199996948242,87.6,13.25,4.0,11.0
2840,2841,4604,1411815027,647,1411815030,41.1737594604492,-8.60155296325684,175.300003051758,86.6,12.75,4.0,11.0
2841,2842,4604,1411815028,716,1411815031,41.1737785339355,-8.60140991210938,175.0,85.8,12.5,3.0,11.0
2842,2843,4604,1411815029,680,1411815032,41.1737976074219,-8.60126876831055,175.0,84.1,12.0,3.0,11.0
2843,2844,4604,1411815030,784,1411815033,41.1738128662109,-8.60112762451172,175.0,79.6,11.75,4.0,11.0
2844,2845,4604,1411815031,805,1411815034,41.1738357543945,-8.60099697113037,175.199996948242,77.6,11.25,5.0,11.0
2845,2846,4604,1411815032,728,1411815035,41.1738929748535,-8.60088348388672,174.0,65.9,10.75,4.0,11.0
2846,2847,4604,1411815033,713,1411815036,41.173957824707,-8.60076332092285,173.5,57.5,11.5,4.0,11.0
2847,2848,4604,1411815034,654,1411815037,41.1740226745605,-8.60065364837646,173.399993896484,52.2,11.75,5.0,11.0
2848,2849,4604,1411815035,627,1411815038,41.1740951538086,-8.60056400299072,173.699996948242,46.6,11.25,5.0,11.0
2849,2850,4604,1411815036,704,1411815039,41.1741714477539,-8.6004638671875,173.100006103516,45.9,11.5,4.0,11.0
2850,2851,4604,1411815037,828,1411815040,41.1742401123047,-8.60037708282471,173.0,45.6,11.0,4.0,11.0
2851,2852,4604,1411815038,828,1411815041,41.1742973327637,-8.60029125213623,173.399993896484,46.1,10.0,4.0,11.0
2852,2853,4604,1411815039,757,1411815042,41.1743507385254,-8.60022068023682,172.899993896484,46.1,8.75,4.0,11.0
2853,2854,4604,1411815040,699,1411815043,41.1744079589844,-8.60015678405762,172.199996948242,42.8,8.25,4.0,11.0
2854,2855,4604,1411815041,664,1411815044,41.1744346618652,-8.60011577606201,171.800003051758,44.8,6.25,4.0,11.0
2855,2856,4604,1411815042,655,1411815045,41.1744689941406,-8.60006237030029,171.600006103516,46.3,6.0,3.0,11.0
2856,2857,4604,1411815043,644,1411815046,41.174503326416,-8.60001277923584,171.300003051758,47.4,5.75,4.0,11.0
2857,2858,4604,1411815044,722,1411815047,41.1745376586914,-8.59996604919434,171.100006103516,45.6,5.75,4.0,11.0
2858,2859,4604,1411815045,850,1411815048,41.1745681762695,-8.59992599487305,171.0,46.4,5.25,4.0,11.0
2859,2860,4604,1411815046,853,1411815049,41.1746025085449,-8.59988021850586,171.399993896484,46.3,5.25,4.0,10.0
2860,2861,4604,1411815047,663,1411815050,41.174633026123,-8.5998363494873,171.300003051758,46.3,5.25,6.0,10.0
2861,2862,4604,1411815048,737,1411815051,41.174690246582,-8.59980869293213,170.399993896484,24.7,6.25,4.0,10.0
2862,2863,4604,1411815049,637,1411815052,41.1747436523438,-8.599778175354,169.899993896484,24.7,6.25,6.0,10.0
2863,2864,4604,1411815050,658,1411815053,41.1748352050781,-8.59982395172119,170.699996948242,347.3,7.5,4.0,11.0
2864,2865,4604,1411815051,618,1411815054,41.1748924255371,-8.59986209869385,170.399993896484,338.3,7.75,4.0,11.0
2865,2866,4604,1411815052,706,1411815055,41.1749725341797,-8.5999002456665,169.699996948242,337.5,9.0,4.0,11.0
2866,2867,4604,1411815053,804,1411815056,41.1750564575195,-8.59994125366211,169.699996948242,338.8,9.5,4.0,11.0
2867,2868,4604,1411815054,708,1411815057,41.1751480102539,-8.5999813079834,169.699996948242,339.1,10.0,5.0,11.0
2868,2869,4604,1411815055,755,1411815058,41.1752433776855,-8.60002708435059,169.699996948242,340.3,10.75,5.0,11.0
2869,2870,4604,1411815056,707,1411815059,41.1753463745117,-8.60007762908936,169.0,341.2,11.25,3.0,11.0
2870,2871,4604,1411815057,644,1411815060,41.1754417419434,-8.60012054443359,168.5,341.2,11.25,5.0,11.0
2871,2872,4604,1411815058,636,1411815061,41.1755447387695,-8.60012054443359,169.699996948242,352.2,11.5,3.0,11.0
2872,2873,4604,1411815059,627,1411815062,41.1756477355957,-8.60013675689697,169.600006103516,352.0,11.5,4.0,11.0
2873,2874,4604,1411815060,659,1411815063,41.1757545471191,-8.6001443862915,169.699996948242,354.9,11.5,4.0,11.0
2874,2875,4604,1411815061,768,1411815064,41.1758613586426,-8.60014915466309,169.899993896484,357.5,11.5,4.0,11.0
2875,2876,4604,1411815062,639,1411815065,41.1759605407715,-8.60013675689697,169.899993896484,2.4,11.5,4.0,11.0
2876,2877,4604,1411815063,647,1411815066,41.1760597229004,-8.60011768341064,170.5,6.1,11.25,4.0,11.0
2877,2878,4604,1411815064,628,1411815067,41.1761627197266,-8.6001033782959,170.600006103516,6.1,11.25,6.0,11.0
2878,2879,4604,1411815065,728,1411815068,41.1762504577637,-8.60004901885986,170.5,14.5,10.75,4.0,11.0
2879,2880,4604,1411815066,714,1411815069,41.1763687133789,-8.60001277923584,170.399993896484,16.0,11.75,3.0,11.0
2880,2881,4604,1411815067,620,1411815070,41.1764640808105,-8.5999698638916,171.199996948242,18.6,11.5,4.0,11.0
2881,2882,4604,1411815068,641,1411815071,41.1765632629395,-8.59992980957031,171.600006103516,19.8,11.5,4.0,11.0
2882,2883,4604,1411815069,691,1411815072,41.1766624450684,-8.59987926483154,171.5,21.1,11.75,4.0,11.0
2883,2884,4604,1411815070,773,1411815073,41.1767539978027,-8.59983062744141,170.899993896484,21.4,11.5,4.0,11.0
2884,2885,4604,1411815071,767,1411815074,41.1768608093262,-8.59978103637695,171.899993896484,21.4,11.25,4.0,11.0
2885,2886,4604,1411815072,716,1411815075,41.1769523620605,-8.59973526000977,171.399993896484,21.4,11.0,4.0,11.0
2886,2887,4604,1411815073,690,1411815076,41.1770401000977,-8.59968757629395,171.199996948242,22.7,11.0,4.0,11.0
2887,2888,4604,1411815074,599,1411815077,41.1771240234375,-8.59964656829834,170.899993896484,22.6,10.5,4.0,11.0
2888,2889,4604,1411815075,650,1411815078,41.1772079467773,-8.59960079193115,170.800003051758,21.9,10.25,4.0,11.0
2889,2890,4604,1411815076,631,1411815079,41.1772918701172,-8.59955883026123,170.699996948242,21.1,10.0,4.0,11.0
2890,2891,4604,1411815077,812,1411815080,41.177375793457,-8.59952545166016,170.800003051758,21.0,9.75,4.0,11.0
2891,2892,4604,1411815078,856,1411815081,41.1774482727051,-8.59948825836182,170.300003051758,22.1,9.0,4.0,11.0
2892,2893,4604,1411815079,841,1411815082,41.1775131225586,-8.59945297241211,170.300003051758,22.7,8.0,4.0,11.0
2893,2894,4604,1411815080,727,1411815083,41.1775512695312,-8.59942531585693,169.5,25.7,6.25,4.0,11.0
2894,2895,4604,1411815081,725,1411815084,41.1775779724121,-8.59941387176514,169.899993896484,25.6,4.25,4.0,11.0
2895,2896,4604,1411815082,693,1411815085,41.1775894165039,-8.5994119644165,169.800003051758,29.3,2.25,4.0,11.0
2896,2897,4604,1411815083,697,1411815086,41.1775856018066,-8.59943008422852,169.300003051758,29.3,0.5,4.0,11.0
2897,2898,4604,1411815084,654,1411815087,41.1775894165039,-8.59942722320557,169.399993896484,29.3,0.5,6.0,11.0
2898,2899,4604,1411815085,684,1411815088,41.1775779724121,-8.59943008422852,170.5,3.0,11.0,,
2899,2900,4604,1411815086,646,1411815089,41.1775817871094,-8.59942817687988,170.399993896484,17.3,1.0,4.0,11.0
2900,2901,4604,1411815087,736,1411815090,41.1775970458984,-8.59941577911377,169.899993896484,16.2,1.25,5.0,11.0
2901,2902,4604,1411815088,810,1411815091,41.1776351928711,-8.59938812255859,170.199996948242,20.6,3.25,5.0,11.0
2902,2903,4604,1411815089,788,1411815092,41.177677154541,-8.599365234375,169.800003051758,18.7,4.0,5.0,11.0
2903,2904,4604,1411815090,685,1411815093,41.1777153015137,-8.59934711456299,169.5,19.2,4.25,5.0,11.0
2904,2905,4604,1411815091,746,1411815094,41.1777687072754,-8.59931373596191,169.899993896484,21.4,5.5,4.0,11.0
2905,2906,4604,1411815092,675,1411815095,41.1778106689453,-8.59928894042969,169.399993896484,25.6,5.25,4.0,10.0
2906,2907,4604,1411815093,649,1411815096,41.1778259277344,-8.5992603302002,168.199996948242,46.2,5.25,3.0,10.0
2907,2908,4604,1411815094,636,1411815097,41.1778526306152,-8.59919738769531,168.600006103516,71.7,5.25,4.0,11.0
2908,2909,4604,1411815095,704,1411815098,41.1778450012207,-8.59911346435547,168.600006103516,97.4,6.0,4.0,11.0
2909,2910,4604,1411815096,832,1411815099,41.1778411865234,-8.59902381896973,168.600006103516,98.9,6.75,4.0,11.0
2910,2911,4604,1411815097,851,1411815100,41.1778373718262,-8.59891796112061,169.300003051758,100.0,7.75,5.0,11.0
2911,2912,4604,1411815098,805,1411815101,41.1778259277344,-8.59882259368896,169.600006103516,101.7,8.25,5.0,11.0
2912,2913,4604,1411815099,772,1411815102,41.1777992248535,-8.59871768951416,170.100006103516,105.2,8.0,5.0,11.0
2913,2914,4604,1411815100,583,1411815103,41.1777839660645,-8.59863185882568,170.5,106.0,7.5,5.0,11.0
2914,2915,4604,1411815101,627,1411815104,41.1777648925781,-8.59856700897217,169.800003051758,104.4,6.25,3.0,11.0
2915,2916,4604,1411815102,636,1411815105,41.1777648925781,-8.59850215911865,170.100006103516,77.5,5.5,3.0,11.0
2916,2917,4604,1411815103,616,1411815106,41.177791595459,-8.59846210479736,171.199996948242,45.6,5.0,3.0,11.0
2917,2918,4604,1411815104,628,1411815107,41.1778297424316,-8.59842681884766,170.899993896484,35.5,5.5,4.0,11.0
2918,2919,4604,1411815105,813,1411815108,41.1778717041016,-8.59840965270996,171.399993896484,23.5,5.25,4.0,11.0
2919,2920,4604,1411815106,804,1411815109,41.177921295166,-8.59838390350342,170.899993896484,22.6,5.75,4.0,11.0
2920,2921,4604,1411815107,719,1411815110,41.1779823303223,-8.59835529327393,170.300003051758,20.6,6.25,4.0,11.0
2921,2922,4604,1411815108,695,1411815111,41.178035736084,-8.59832096099854,170.5,18.9,7.25,4.0,11.0
2922,2923,4604,1411815109,636,1411815112,41.178092956543,-8.59830570220947,169.800003051758,18.8,7.75,4.0,11.0
2923,2924,4604,1411815110,673,1411815113,41.1781692504883,-8.59826469421387,170.100006103516,19.1,8.75,4.0,11.0
2924,2925,4604,1411815111,648,1411815114,41.1782493591309,-8.59822654724121,169.899993896484,19.7,9.25,4.0,11.0
2925,2926,4604,1411815112,757,1411815115,41.1783256530762,-8.59819316864014,169.699996948242,18.6,9.0,4.0,11.0
2926,2927,4604,1411815113,839,1411815116,41.1784057617188,-8.59815979003906,169.800003051758,17.8,9.0,4.0,11.0
2927,2928,4604,1411815114,804,1411815117,41.1784782409668,-8.59812355041504,169.5,18.3,8.75,4.0,10.0
2928,2929,4604,1411815115,773,1411815118,41.1785469055176,-8.59809017181396,169.5,19.9,8.5,4.0,10.0
2929,2930,4604,1411815116,638,1411815119,41.1786079406738,-8.59804344177246,169.899993896484,29.6,7.75,4.0,10.0
2930,2931,4604,1411815117,647,1411815120,41.1786575317383,-8.59799766540527,170.0,37.6,7.5,4.0,10.0
2931,2932,4604,1411815118,636,1411815121,41.1787033081055,-8.59791469573975,170.5,49.9,8.25,4.0,11.0
2932,2933,4604,1411815119,630,1411815122,41.1787528991699,-8.59783935546875,170.800003051758,49.9,8.25,8.0,11.0
2933,2934,4604,1411815120,717,1411815123,41.1786766052246,-8.59772682189941,170.800003051758,97.7,7.5,3.0,11.0
2934,2935,4604,1411815121,648,1411815124,41.1786651611328,-8.59764194488525,170.600006103516,96.4,7.5,3.0,11.0
2935,2936,4604,1411815122,627,1411815125,41.1786575317383,-8.59755992889404,170.699996948242,95.3,7.0,4.0,11.0
2936,2937,4604,1411815123,618,1411815126,41.1786499023438,-8.59748363494873,171.399993896484,97.8,6.5,4.0,11.0
2937,2938,4604,1411815124,627,1411815127,41.1786499023438,-8.59741592407227,172.199996948242,89.7,5.75,4.0,9.0
2938,2939,4604,1411815125,693,1411815128,41.1786499023438,-8.59736728668213,172.5,92.1,4.25,5.0,9.0
2939,2940,4604,1411815126,814,1411815129,41.178653717041,-8.59733104705811,172.800003051758,84.4,3.25,5.0,9.0
2940,2941,4604,1411815127,769,1411815130,41.178653717041,-8.5973014831543,172.600006103516,86.4,2.75,6.0,8.0
2941,2942,4604,1411815128,709,1411815131,41.178653717041,-8.59726905822754,172.5,87.7,3.25,7.0,8.0
2942,2943,4604,1411815129,672,1411815132,41.178653717041,-8.59721374511719,172.600006103516,87.1,4.5,9.0,8.0
2943,2944,4604,1411815130,677,1411815133,41.1786499023438,-8.59715366363525,172.699996948242,89.0,5.0,10.0,9.0
2944,2945,4604,1411815131,592,1411815134,41.178638458252,-8.59708786010742,172.199996948242,92.8,5.25,7.0,9.0
2945,2946,4604,1411815132,658,1411815135,41.178638458252,-8.59702205657959,172.399993896484,91.2,5.75,8.0,9.0
2946,2947,4604,1411815133,668,1411815136,41.1786308288574,-8.59694671630859,173.0,92.8,6.5,7.0,9.0
2947,2948,4604,1411815134,752,1411815137,41.1786270141602,-8.59686279296875,173.5,93.6,7.0,7.0,9.0
2948,2949,4604,1411815135,808,1411815138,41.1786193847656,-8.59677696228027,173.600006103516,93.8,7.5,7.0,9.0
2949,2950,4604,1411815136,648,1411815139,41.1786117553711,-8.59668350219727,174.0,93.4,8.0,7.0,9.0
2950,2951,4604,1411815137,615,1411815140,41.1786003112793,-8.59658145904541,174.899993896484,93.9,8.25,6.0,10.0
2951,2952,4604,1411815138,617,1411815141,41.1785888671875,-8.59648609161377,176.100006103516,93.2,8.0,6.0,9.0
2952,2953,4604,1411815139,618,1411815142,41.1785774230957,-8.59639835357666,176.600006103516,97.2,7.5,6.0,9.0
2953,2954,4604,1411815140,644,1411815143,41.1785659790039,-8.59631061553955,176.899993896484,97.2,7.5,7.0,9.0
2954,2955,4604,1411815141,619,1411815144,41.1785545349121,-8.59623622894287,178.199996948242,92.8,6.25,6.0,9.0
2955,2956,4604,1411815142,627,1411815145,41.1785507202148,-8.5961799621582,178.399993896484,96.4,4.75,5.0,10.0
2956,2957,4604,1411815143,636,1411815146,41.1785545349121,-8.59612560272217,178.5,88.2,4.25,6.0,9.0
2957,2958,4604,1411815144,733,1411815147,41.1785507202148,-8.59608554840088,178.800003051758,91.5,3.75,6.0,9.0
2958,2959,4604,1411815145,733,1411815148,41.178539276123,-8.596022605896,178.699996948242,93.5,4.25,6.0,9.0
2959,2960,4604,1411815146,693,1411815149,41.1785354614258,-8.59595394134521,178.399993896484,93.1,4.75,7.0,9.0
2960,2961,4604,1411815147,629,1411815150,41.1785278320312,-8.59588146209717,178.300003051758,98.3,5.75,8.0,9.0
2961,2962,4604,1411815148,650,1411815151,41.1785430908203,-8.59578990936279,178.800003051758,93.5,6.25,9.0,9.0
2962,2963,4604,1411815149,627,1411815152,41.1785545349121,-8.59569644927979,179.199996948242,91.2,6.75,9.0,9.0
2963,2964,4604,1411815150,637,1411815153,41.1785469055176,-8.59564304351807,179.5,94.1,6.0,7.0,9.0
2964,2965,4604,1411815151,649,1411815154,41.1785545349121,-8.59558391571045,180.100006103516,94.6,4.75,6.0,9.0
2965,2966,4604,1411815152,652,1411815155,41.1785583496094,-8.59554958343506,180.199996948242,98.1,3.0,7.0,8.0
2966,2967,4604,1411815153,636,1411815156,41.1785545349121,-8.59553909301758,179.699996948242,118.4,1.75,7.0,8.0
2967,2968,4604,1411815154,739,1411815157,41.1785316467285,-8.59554767608643,180.199996948242,147.8,1.25,7.0,8.0
2968,2969,4604,1411815155,684,1411815158,41.1784896850586,-8.59555530548096,180.899993896484,147.8,0.75,5.0,8.0
2969,2970,4604,1411815156,635,1411815159,41.1784858703613,-8.5955696105957,181.0,4.0,8.0,,
2970,2971,4604,1411815157,633,1411815160,41.1784858703613,-8.5955696105957,181.0,147.8,0.25,4.0,8.0
2971,2972,4604,1411815158,662,1411815161,41.1784896850586,-8.59557342529297,181.300003051758,147.8,0.5,4.0,8.0
2972,2973,4604,1411815159,646,1411815162,41.1784973144531,-8.59558391571045,180.800003051758,147.8,0.75,5.0,7.0
2973,2974,4604,1411815160,652,1411815163,41.1785163879395,-8.59559059143066,180.399993896484,4.0,7.0,,
2974,2975,4604,1411815161,649,1411815164,41.1785163879395,-8.59558868408203,180.300003051758,147.8,0.25,5.0,7.0
2975,2976,4604,1411815162,624,1411815165,41.178524017334,-8.59554386138916,181.0,81.3,1.5,5.0,7.0
2976,2977,4604,1411815163,626,1411815166,41.1785202026367,-8.59544658660889,180.300003051758,91.1,3.5,4.0,8.0
2977,2978,4604,1411815164,626,1411815167,41.1785125732422,-8.59531784057617,179.800003051758,92.1,5.25,5.0,8.0
2978,2979,4604,1411815165,628,1411815168,41.1785125732422,-8.59526443481445,179.800003051758,92.5,5.0,6.0,8.0
2979,2980,4604,1411815166,628,1411815169,41.1785163879395,-8.59520053863525,180.0,91.3,5.0,6.0,8.0
2980,2981,4604,1411815167,618,1411815170,41.1785049438477,-8.59517955780029,180.300003051758,97.7,3.25,5.0,8.0
2981,2982,4604,1411815168,657,1411815171,41.1784934997559,-8.59518051147461,180.399993896484,106.7,2.0,4.0,8.0
2982,2983,4604,1411815169,635,1411815172,41.1785011291504,-8.59518241882324,181.100006103516,137.0,1.0,4.0,9.0
2983,2984,4604,1411815170,649,1411815173,41.178466796875,-8.59519004821777,182.300003051758,173.0,1.0,4.0,9.0
2984,2985,4604,1411815171,731,1411815174,41.1784362792969,-8.59519004821777,181.899993896484,189.0,2.0,4.0,9.0
2985,2986,4604,1411815172,698,1411815175,41.1784172058105,-8.59519577026367,181.899993896484,193.5,2.25,4.0,9.0
2986,2987,4604,1411815173,642,1411815176,41.1783828735352,-8.59520435333252,181.399993896484,195.7,2.25,3.0,9.0
2987,2988,4604,1411815174,649,1411815177,41.1783638000488,-8.59520530700684,180.300003051758,184.6,2.25,4.0,9.0
2988,2989,4604,1411815175,662,1411815178,41.1783332824707,-8.59519386291504,180.600006103516,175.6,2.25,4.0,9.0
2989,2990,4604,1411815176,808,1411815179,41.1783218383789,-8.59518432617188,180.600006103516,169.1,1.5,4.0,9.0
2990,2991,4604,1411815177,660,1411815180,41.1783218383789,-8.59517765045166,180.300003051758,142.2,1.0,4.0,9.0
2991,2992,4604,1411815178,811,1411815181,41.1783142089844,-8.59517955780029,180.800003051758,190.1,0.75,4.0,9.0
2992,2993,4604,1411815179,747,1411815182,41.1783180236816,-8.59517574310303,181.199996948242,3.0,9.0,,
2993,2994,4604,1411815180,711,1411815183,41.1783180236816,-8.59517288208008,181.399993896484,3.0,9.0,,
2994,2995,4604,1411815181,627,1411815184,41.1783142089844,-8.59516906738281,181.899993896484,3.0,9.0,,
2995,2996,4604,1411815182,643,1411815185,41.1783142089844,-8.59516620635986,182.399993896484,4.0,9.0,,
2996,2997,4604,1411815183,654,1411815186,41.1783103942871,-8.59516143798828,183.100006103516,4.0,9.0,,
2997,2998,4604,1411815184,693,1411815187,41.1783103942871,-8.5951566696167,183.600006103516,9.0,9.0,,
2998,2999,4604,1411815185,787,1411815188,41.1783103942871,-8.59515476226807,183.5,10.0,9.0,,
2999,3000,4604,1411815186,770,1411815189,41.1783103942871,-8.59515380859375,183.399993896484,10.0,9.0,,
3000,3001,4604,1411815187,621,1411815190,41.1783065795898,-8.59515285491943,183.5,10.0,9.0,,
3001,3002,4604,1411815188,639,1411815191,41.1783065795898,-8.5951509475708,183.800003051758,10.0,9.0,,
3002,3003,4604,1411815189,596,1411815192,41.1783065795898,-8.5951509475708,183.800003051758,11.0,9.0,,
3003,3004,4604,1411815190,759,1411815193,41.1783065795898,-8.59514904022217,184.0,10.0,9.0,,
3004,3005,4604,1411815191,770,1411815194,41.1783065795898,-8.59514808654785,184.0,10.0,9.0,,
3005,3006,4604,1411815192,734,1411815195,41.1783065795898,-8.59514808654785,184.0,10.0,9.0,,
3006,3007,4604,1411815193,712,1411815196,41.1783065795898,-8.59514808654785,184.0,11.0,9.0,,
3007,3008,4604,1411815194,581,1411815197,41.1783065795898,-8.59514713287354,184.0,11.0,9.0,,
3008,3009,4604,1411815195,626,1411815198,41.1783065795898,-8.59514713287354,184.0,11.0,9.0,,
3009,3010,4604,1411815196,619,1411815199,41.1783065795898,-8.59514713287354,184.0,12.0,9.0,,
3010,3011,4604,1411815197,628,1411815200,41.1783065795898,-8.59514713287354,184.0,12.0,9.0,,
3011,3012,4604,1411815198,627,1411815201,41.1783065795898,-8.59514713287354,184.0,13.0,9.0,,
3012,3013,4604,1411815199,596,1411815202,41.1783065795898,-8.59514713287354,184.0,13.0,9.0,,
3013,3014,4604,1411815200,640,1411815203,41.1783065795898,-8.59514713287354,184.0,13.0,9.0,,
3014,3015,4604,1411815201,663,1411815204,41.1783065795898,-8.59514713287354,184.0,12.0,9.0,,
3015,3016,4604,1411815202,629,1411815205,41.1783065795898,-8.59514713287354,184.0,12.0,9.0,,
3016,3017,4604,1411815203,585,1411815206,41.1783065795898,-8.59514713287354,184.0,12.0,8.0,,
3017,3018,4604,1411815204,697,1411815207,41.1783065795898,-8.59514713287354,184.0,12.0,8.0,,
3018,3019,4604,1411815205,747,1411815208,41.1783065795898,-8.59514713287354,184.0,12.0,8.0,,
3019,3020,4604,1411815206,769,1411815209,41.1783065795898,-8.59514713287354,184.0,12.0,8.0,,
3020,3021,4604,1411815207,829,1411815210,41.1783065795898,-8.59514713287354,184.0,12.0,8.0,,
3021,3022,4604,1411815208,755,1411815211,41.1783065795898,-8.59514713287354,184.0,11.0,8.0,,
3022,3023,4604,1411815209,707,1411815212,41.1783065795898,-8.59514713287354,184.0,11.0,8.0,,
3023,3024,4604,1411815210,654,1411815213,41.1783065795898,-8.59514713287354,184.0,11.0,8.0,,
3024,3025,4604,1411815211,653,1411815214,41.1783065795898,-8.59514713287354,184.0,11.0,8.0,,
3025,3026,4604,1411815212,638,1411815215,41.1783065795898,-8.59514713287354,184.0,11.0,8.0,,
3026,3027,4604,1411815213,592,1411815216,41.1783065795898,-8.59514713287354,184.0,11.0,8.0,,
3027,3028,4604,1411815214,654,1411815217,41.1783065795898,-8.59514713287354,184.0,11.0,8.0,,
3028,3029,4604,1411815215,627,1411815218,41.1783065795898,-8.59514713287354,184.0,12.0,8.0,,
3029,3030,4604,1411815216,634,1411815219,41.1783065795898,-8.59514713287354,184.0,12.0,8.0,,
3030,3031,4604,1411815217,619,1411815220,41.1783065795898,-8.59514713287354,184.0,12.0,8.0,,
3031,3032,4604,1411815218,595,1411815221,41.1783065795898,-8.59514713287354,184.0,13.0,8.0,,
3032,3033,4604,1411815219,628,1411815222,41.1783065795898,-8.59514713287354,184.0,14.0,8.0,,
3033,3034,4604,1411815220,639,1411815223,41.1783065795898,-8.59514713287354,184.100006103516,14.0,8.0,,
3034,3035,4604,1411815221,619,1411815224,41.1783065795898,-8.59514713287354,184.100006103516,15.0,8.0,,
3035,3036,4604,1411815222,628,1411815225,41.1783065795898,-8.59514713287354,184.100006103516,15.0,8.0,,
3036,3037,4604,1411815223,618,1411815226,41.1783065795898,-8.59514713287354,184.100006103516,16.0,8.0,,
3037,3038,4604,1411815224,628,1411815227,41.1783065795898,-8.59514713287354,184.100006103516,17.0,8.0,,
3038,3039,4604,1411815225,627,1411815228,41.1783065795898,-8.59514713287354,184.100006103516,18.0,8.0,,
3039,3040,4604,1411815226,628,1411815229,41.1783065795898,-8.59514713287354,184.100006103516,18.0,8.0,,
3040,3041,4604,1411815227,620,1411815230,41.1783065795898,-8.59514713287354,184.100006103516,19.0,8.0,,
3041,3042,4604,1411815228,628,1411815231,41.1783065795898,-8.59514713287354,184.100006103516,20.0,8.0,,
3042,3043,4604,1411815229,625,1411815232,41.1783065795898,-8.59514713287354,184.100006103516,20.0,8.0,,
3043,3044,4604,1411815230,659,1411815233,41.1783065795898,-8.59514713287354,184.100006103516,18.0,8.0,,
3044,3045,4604,1411815231,667,1411815234,41.1783065795898,-8.59514713287354,184.100006103516,19.0,8.0,,
3045,3046,4604,1411815232,637,1411815235,41.1783065795898,-8.59514713287354,184.100006103516,18.0,8.0,,
3046,3047,4604,1411815233,647,1411815236,41.1783065795898,-8.59514713287354,184.100006103516,17.0,8.0,,
3047,3048,4604,1411815234,635,1411815237,41.1783065795898,-8.59514713287354,184.100006103516,14.0,8.0,,
3048,3049,4604,1411815235,627,1411815238,41.1783065795898,-8.59514713287354,184.100006103516,14.0,8.0,,
3049,3050,4604,1411815236,640,1411815239,41.1783065795898,-8.59514713287354,184.100006103516,14.0,8.0,,
3050,3051,4604,1411815237,619,1411815240,41.1783065795898,-8.59514713287354,184.100006103516,13.0,8.0,,
3051,3052,4604,1411815238,627,1411815241,41.1783065795898,-8.59514713287354,184.100006103516,12.0,8.0,,
3052,3053,4604,1411815239,627,1411815242,41.1783065795898,-8.59514713287354,184.100006103516,12.0,8.0,,
3053,3054,4604,1411815240,659,1411815243,41.1783065795898,-8.59514713287354,184.100006103516,13.0,8.0,,
3054,3055,4604,1411815241,652,1411815244,41.1783065795898,-8.59514617919922,184.100006103516,13.0,8.0,,
3055,3056,4604,1411815242,661,1411815245,41.1783065795898,-8.59514617919922,184.100006103516,13.0,8.0,,
3056,3057,4604,1411815243,635,1411815246,41.1783065795898,-8.59514617919922,184.100006103516,12.0,8.0,,
3057,3058,4604,1411815244,618,1411815247,41.1783065795898,-8.59514617919922,184.100006103516,12.0,8.0,,
3058,3059,4604,1411815245,619,1411815248,41.1783065795898,-8.59514617919922,184.100006103516,11.0,9.0,,
3059,3060,4604,1411815246,596,1411815249,41.1783065795898,-8.59514617919922,184.100006103516,11.0,9.0,,
3060,3061,4604,1411815247,609,1411815250,41.1783065795898,-8.59514617919922,184.100006103516,11.0,9.0,,
3061,3062,4604,1411815248,621,1411815251,41.1783065795898,-8.59514617919922,184.100006103516,12.0,9.0,,
3062,3063,4604,1411815249,595,1411815252,41.1783065795898,-8.59514617919922,184.100006103516,12.0,9.0,,
3063,3064,4604,1411815250,653,1411815253,41.1783065795898,-8.59514617919922,184.100006103516,11.0,9.0,,
3064,3065,4604,1411815251,651,1411815254,41.1783065795898,-8.59514617919922,184.100006103516,12.0,9.0,,
3065,3066,4604,1411815252,637,1411815255,41.1783065795898,-8.59514617919922,184.100006103516,12.0,9.0,,
3066,3067,4604,1411815253,705,1411815256,41.1783065795898,-8.59514617919922,184.100006103516,12.0,9.0,,
3067,3068,4604,1411815254,804,1411815257,41.1783065795898,-8.59514617919922,184.100006103516,12.0,9.0,,
3068,3069,4604,1411815255,786,1411815258,41.1783065795898,-8.59514617919922,184.100006103516,12.0,9.0,,
3069,3070,4604,1411815256,767,1411815259,41.1783065795898,-8.59514617919922,184.100006103516,12.0,9.0,,
3070,3071,4604,1411815257,705,1411815260,41.1783065795898,-8.59514617919922,184.100006103516,12.0,9.0,,
3071,3072,4604,1411815258,684,1411815261,41.1783065795898,-8.59514617919922,184.100006103516,11.0,9.0,,
3072,3073,4604,1411815259,644,1411815262,41.1783065795898,-8.59514617919922,184.100006103516,12.0,9.0,,
3073,3074,4604,1411815260,661,1411815263,41.1783065795898,-8.59514617919922,184.100006103516,11.0,9.0,,
3074,3075,4604,1411815261,695,1411815264,41.1783065795898,-8.59514617919922,184.100006103516,11.0,9.0,,
3075,3076,4604,1411815262,822,1411815265,41.1783065795898,-8.59514617919922,184.100006103516,11.0,9.0,,
3076,3077,4604,1411815263,813,1411815266,41.1783065795898,-8.59514617919922,184.100006103516,11.0,9.0,,
3077,3078,4604,1411815264,747,1411815267,41.1783065795898,-8.59514617919922,184.100006103516,11.0,9.0,,
3078,3079,4604,1411815265,752,1411815268,41.1783065795898,-8.59514617919922,184.100006103516,11.0,9.0,,
3079,3080,4604,1411815266,711,1411815269,41.1783065795898,-8.59514617919922,184.100006103516,11.0,9.0,,
3080,3081,4604,1411815267,672,1411815270,41.1783065795898,-8.59514617919922,184.100006103516,11.0,9.0,,
3081,3082,4604,1411815268,636,1411815271,41.1783065795898,-8.59514617919922,184.100006103516,10.0,9.0,,
3082,3083,4604,1411815269,650,1411815272,41.1783065795898,-8.59514617919922,184.100006103516,10.0,9.0,,
3083,3084,4604,1411815270,659,1411815273,41.1783065795898,-8.59514617919922,184.100006103516,10.0,9.0,,
3084,3085,4604,1411815271,825,1411815274,41.1783065795898,-8.59514617919922,184.100006103516,10.0,9.0,,
3085,3086,4604,1411815272,654,1411815275,41.1783065795898,-8.59514617919922,184.100006103516,10.0,9.0,,
3086,3087,4604,1411815273,645,1411815276,41.1783065795898,-8.59514617919922,184.199996948242,10.0,9.0,,
3087,3088,4604,1411815274,637,1411815277,41.1783065795898,-8.59514617919922,184.199996948242,10.0,9.0,,
3088,3089,4604,1411815275,636,1411815278,41.1783065795898,-8.59514617919922,184.199996948242,10.0,9.0,,
3089,3090,4604,1411815276,661,1411815279,41.1783065795898,-8.59514617919922,184.199996948242,10.0,9.0,,
3090,3091,4604,1411815277,697,1411815280,41.1783065795898,-8.59514617919922,184.199996948242,11.0,9.0,,
3091,3092,4604,1411815278,776,1411815281,41.1783065795898,-8.59514617919922,184.199996948242,11.0,9.0,,
3092,3093,4604,1411815279,815,1411815282,41.1783065795898,-8.59514617919922,184.199996948242,11.0,9.0,,
3093,3094,4604,1411815280,752,1411815283,41.1783065795898,-8.59514617919922,184.199996948242,11.0,9.0,,
3094,3095,4604,1411815281,759,1411815284,41.1783065795898,-8.59514617919922,184.199996948242,11.0,9.0,,
3095,3096,4604,1411815282,703,1411815285,41.1783065795898,-8.59514617919922,184.199996948242,11.0,9.0,,
3096,3097,4604,1411815283,649,1411815286,41.1783065795898,-8.59514617919922,184.199996948242,10.0,9.0,,
3097,3098,4604,1411815284,647,1411815287,41.1783065795898,-8.59514617919922,184.199996948242,10.0,9.0,,
3098,3099,4604,1411815285,694,1411815288,41.1783065795898,-8.59514617919922,184.199996948242,10.0,9.0,,
3099,3100,4604,1411815286,710,1411815289,41.1783065795898,-8.59514617919922,184.300003051758,10.0,9.0,,
3100,3101,4604,1411815287,813,1411815290,41.1783065795898,-8.59514617919922,184.300003051758,10.0,9.0,,
3101,3102,4604,1411815288,793,1411815291,41.1783065795898,-8.59514617919922,184.300003051758,10.0,9.0,,
3102,3103,4604,1411815289,717,1411815292,41.1783065795898,-8.59514617919922,184.300003051758,10.0,9.0,,
3103,3104,4604,1411815290,700,1411815293,41.1783065795898,-8.59514617919922,184.300003051758,10.0,9.0,,
3104,3105,4604,1411815291,589,1411815294,41.1783065795898,-8.59514617919922,184.300003051758,10.0,9.0,,
3105,3106,4604,1411815292,648,1411815295,41.1783065795898,-8.59514617919922,184.300003051758,10.0,9.0,,
3106,3107,4604,1411815293,649,1411815296,41.1783065795898,-8.59514617919922,184.300003051758,10.0,9.0,,
3107,3108,4604,1411815294,791,1411815297,41.1783065795898,-8.59514713287354,184.399993896484,10.0,9.0,,
3108,3109,4604,1411815295,807,1411815298,41.1783065795898,-8.59514713287354,184.399993896484,10.0,9.0,,
3109,3110,4604,1411815296,797,1411815299,41.1783065795898,-8.59514713287354,184.399993896484,10.0,9.0,,
3110,3111,4604,1411815297,749,1411815300,41.1783065795898,-8.59514713287354,184.399993896484,10.0,9.0,,
3111,3112,4604,1411815298,689,1411815301,41.1783065795898,-8.59514713287354,184.399993896484,9.0,9.0,,
3112,3113,4604,1411815299,665,1411815302,41.1783065795898,-8.59514713287354,184.399993896484,10.0,9.0,,
3113,3114,4604,1411815300,660,1411815303,41.1783065795898,-8.59514617919922,184.399993896484,10.0,9.0,,
3114,3115,4604,1411815301,639,1411815304,41.1783065795898,-8.59514617919922,184.399993896484,10.0,9.0,,
3115,3116,4604,1411815302,809,1411815305,41.1783065795898,-8.59514617919922,184.399993896484,10.0,9.0,,
3116,3117,4604,1411815303,827,1411815306,41.1783065795898,-8.59514713287354,184.399993896484,10.0,9.0,,
3117,3118,4604,1411815304,794,1411815307,41.1783065795898,-8.59514713287354,184.399993896484,10.0,9.0,,
3118,3119,4604,1411815305,738,1411815308,41.1783065795898,-8.59514713287354,184.399993896484,10.0,9.0,,
3119,3120,4604,1411815306,702,1411815309,41.1783065795898,-8.59514713287354,184.399993896484,10.0,9.0,,
3120,3121,4604,1411815307,660,1411815310,41.1783065795898,-8.59514713287354,184.399993896484,10.0,9.0,,
3121,3122,4604,1411815308,649,1411815311,41.1783065795898,-8.59514713287354,184.399993896484,10.0,9.0,,
3122,3123,4604,1411815309,626,1411815312,41.1783065795898,-8.59514713287354,184.399993896484,10.0,9.0,,
3123,3124,4604,1411815310,723,1411815313,41.1783065795898,-8.59514713287354,184.399993896484,10.0,9.0,,
3124,3125,4604,1411815311,820,1411815314,41.1783065795898,-8.59514713287354,184.399993896484,10.0,9.0,,
3125,3126,4604,1411815312,753,1411815315,41.1783103942871,-8.59514713287354,184.5,10.0,9.0,,
3126,3127,4604,1411815313,742,1411815316,41.1783103942871,-8.59514713287354,184.5,10.0,9.0,,
3127,3128,4604,1411815314,667,1411815317,41.1783103942871,-8.59514713287354,184.5,10.0,9.0,,
3128,3129,4604,1411815315,691,1411815318,41.1783103942871,-8.59514713287354,184.5,10.0,9.0,,
3129,3130,4604,1411815316,654,1411815319,41.1783103942871,-8.59514713287354,184.5,10.0,9.0,,
3130,3131,4604,1411815317,659,1411815320,41.1783103942871,-8.59514713287354,184.5,10.0,9.0,,
3131,3132,4604,1411815318,733,1411815321,41.1783103942871,-8.59514713287354,184.5,10.0,9.0,,
3132,3133,4604,1411815319,646,1411815322,41.1783103942871,-8.59514713287354,184.5,10.0,9.0,,
3133,3134,4604,1411815320,601,1411815323,41.1783103942871,-8.59514713287354,184.5,9.0,9.0,,
3134,3135,4604,1411815322,319,1411815324,41.1783103942871,-8.59514713287354,184.5,9.0,9.0,,
3135,3136,4604,1411815322,592,1411815325,41.1783103942871,-8.59514713287354,184.5,9.0,9.0,,
3136,3137,4604,1411815323,592,1411815326,41.1783103942871,-8.59514713287354,184.5,9.0,9.0,,
3137,3138,4604,1411815324,591,1411815327,41.1783103942871,-8.59514713287354,184.5,9.0,9.0,,
