,gpstime,latitude,longitude,altitude,speed,heading,hpdop,vdop,pdop
0,1518261655.0,41.23907795,-8.541805883,138.6,0.051,201.00,1.0,?,?
1,1518261656.0,41.239077667,-8.541806567,138.4,0.103,250.30,1.0,?,?
2,1518261657.0,41.239077233,-8.541807933,138.4,0.051,238.50,1.0,?,?
3,1518261658.0,41.2390773,-8.541807967,138.6,0.051,253.40,1.0,?,?
4,1518261659.0,41.239077217,-8.5418067,138.4,0.051,94.90,1.0,?,?
5,1518261660.0,41.239077867,-8.541792317,139.0,0.051,108.50,1.0,?,?
6,1518261661.0,41.239077917,-8.54178155,139.8,0.051,175.20,1.0,?,?
7,1518261662.0,41.239078267,-8.541768367,140.9,0.051,65.40,1.0,?,?
8,1518261663.0,41.239078,-8.541761283,141.7,0.051,56.90,0.9,?,?
9,1518261664.0,41.23907825,-8.541757933,141.5,0.051,100.70,0.9,?,?
10,1518261665.0,41.239078717,-8.541756167,141.3,0.103,76.80,0.9,?,?
11,1518261666.0,41.239079183,-8.541749133,140.9,0.103,64.10,1.1,?,?
12,1518261667.0,41.239080217,-8.541746417,140.7,0.051,74.10,1.0,?,?
13,1518261668.0,41.239081483,-8.541741383,141.4,0.154,67.70,1.0,?,?
14,1518261669.0,41.239081217,-8.541743833,140.8,0.051,57.60,1.0,?,?
15,1518261670.0,41.239080667,-8.541746417,140.2,0.000,69.90,1.0,?,?
16,1518261671.0,41.239079717,-8.541750417,139.3,0.051,232.30,1.0,?,?
17,1518261672.0,41.239078817,-8.5417541,138.6,0.051,244.70,1.0,?,?
18,1518261673.0,41.239079533,-8.541754683,138.4,0.051,273.20,0.9,?,?
19,1518261674.0,41.23907975,-8.541755833,138.3,0.051,237.50,0.9,?,?
20,1518261675.0,41.2390803,-8.5417558,138.4,0.103,246.00,0.9,?,?
21,1518261676.0,41.23908045,-8.54175655,137.9,0.051,255.00,0.9,?,?
22,1518261677.0,41.23908205,-8.54175105,138.6,0.051,66.10,0.9,?,?
23,1518261678.0,41.239083117,-8.5417462,139.4,0.051,74.00,0.9,?,?
24,1518261679.0,41.239083783,-8.541742533,140.0,0.051,86.80,0.9,?,?
25,1518261680.0,41.2390818,-8.541741833,140.4,0.051,155.80,0.8,?,?
26,1518261681.0,41.2390798,-8.541739533,140.9,0.000,120.30,0.8,?,?
27,1518261682.0,41.2390783,-8.5417387,141.1,0.000,61.50,0.8,?,?
28,1518261683.0,41.239076967,-8.541737467,141.4,0.051,79.30,0.8,?,?
29,1518261684.0,41.239075917,-8.541736767,141.6,0.051,67.40,0.9,?,?
30,1518261685.0,41.239073383,-8.541742183,140.8,0.051,241.30,0.8,?,?
31,1518261686.0,41.2390715,-8.541745867,140.5,0.000,193.20,0.8,?,?
32,1518261687.0,41.239070217,-8.54174785,140.4,0.000,213.90,0.9,?,?
33,1518261688.0,41.23906925,-8.541749083,140.3,0.051,342.50,0.8,?,?
34,1518261689.0,41.239068167,-8.541751683,139.9,0.103,260.40,0.8,?,?
35,1518261690.0,41.23906725,-8.541752883,139.6,0.051,200.90,0.9,?,?
36,1518261691.0,41.2390614,-8.541746867,139.2,0.103,242.90,0.8,?,?
37,1518261692.0,41.239057167,-8.5417431,138.8,0.000,179.60,0.8,?,?
38,1518261693.0,41.239055917,-8.541744267,138.5,0.000,341.40,0.8,?,?
39,1518261694.0,41.239052417,-8.541742883,138.2,0.051,267.00,0.8,?,?
40,1518261695.0,41.239049267,-8.54174115,137.9,0.000,332.00,0.8,?,?
41,1518261696.0,41.239046633,-8.541740383,137.7,0.051,266.80,0.8,?,?
42,1518261697.0,41.2390444,-8.541736617,137.3,0.000,160.40,0.8,?,?
43,1518261698.0,41.23904475,-8.541736333,137.1,0.051,270.20,0.8,?,?
44,1518261699.0,41.23904595,-8.541738617,136.7,0.051,246.20,0.8,?,?
45,1518261700.0,41.239049367,-8.541739833,136.6,0.051,254.70,0.9,?,?
46,1518261701.0,41.239050917,-8.541740667,136.6,0.206,189.30,0.9,?,?
47,1518261702.0,41.239046133,-8.541739567,136.8,0.772,182.10,0.8,?,?
48,1518261703.0,41.2390313,-8.541746833,134.8,1.235,182.30,1.1,?,?
49,1518261704.0,41.239013017,-8.541745067,134.0,1.955,176.30,1.3,?,?
50,1518261705.0,41.238976617,-8.541735433,134.8,3.035,186.70,1.2,?,?
51,1518261706.0,41.2389428,-8.541746333,134.5,3.807,198.60,1.4,?,?
52,1518261707.0,41.238905933,-8.541767217,133.8,4.476,204.50,1.4,?,?
53,1518261708.0,41.238860333,-8.541792467,133.8,5.299,205.50,1.5,3.0,3.3
54,1518261709.0,41.238810967,-8.54182475,132.9,6.070,207.20,1.4,?,?
55,1518261710.0,41.238756933,-8.541858783,132.3,6.636,207.20,1.4,?,?
56,1518261711.0,41.238708633,-8.541893433,131.7,6.276,207.40,1.4,?,?
57,1518261712.0,41.23867965,-8.541942117,130.2,5.042,222.30,1.2,?,?
58,1518261713.0,41.238648867,-8.541960533,129.8,3.087,227.20,1.2,?,?
59,1518261714.0,41.238638783,-8.541967233,131.5,1.080,241.10,1.0,?,?
60,1518261715.0,41.238629683,-8.541989633,130.5,1.440,248.00,1.0,?,?
61,1518261716.0,41.238621067,-8.542016,129.9,2.469,250.10,1.0,?,?
62,1518261717.0,41.238618017,-8.542055533,130.7,3.395,262.90,1.0,?,?
63,1518261718.0,41.238619117,-8.542104483,132.4,4.218,274.10,1.8,?,?
64,1518261719.0,41.238620267,-8.542169617,132.4,5.453,274.90,1.4,2.0,2.4
65,1518261720.0,41.238627517,-8.542233883,132.9,5.813,280.00,1.4,2.0,2.4
66,1518261721.0,41.238643367,-8.5423071,133.5,6.482,285.10,1.4,2.0,2.4
67,1518261722.0,41.238659133,-8.542380533,134.1,6.791,286.60,1.4,2.0,2.4
68,1518261723.0,41.2386773,-8.542450483,134.7,6.533,288.50,1.4,2.0,2.4
69,1518261724.0,41.23869525,-8.542516233,135.4,6.122,290.10,1.4,2.0,2.4
70,1518261725.0,41.238711033,-8.542572,136.2,5.350,291.60,1.4,?,?
71,1518261726.0,41.2387189,-8.542594983,137.7,3.704,298.50,1.9,?,?
72,1518261727.0,41.238725433,-8.542623883,138.0,2.006,298.00,1.4,?,?
73,1518261728.0,41.23872575,-8.542637483,138.0,0.772,301.70,1.4,?,?
74,1518261729.0,41.238725367,-8.5426422,138.2,0.103,228.50,1.1,?,?
75,1518261730.0,41.23872475,-8.5426436,138.7,0.206,162.50,1.1,?,?
76,1518261731.0,41.23872575,-8.542652083,139.3,0.875,269.00,1.1,?,?
77,1518261732.0,41.23871645,-8.5426763,139.1,3.035,241.70,1.5,?,?
78,1518261733.0,41.238699533,-8.5427255,139.3,5.402,239.60,1.0,?,?
79,1518261734.0,41.23866235,-8.5427615,139.3,5.505,225.80,1.2,?,?
80,1518261735.0,41.2386174,-8.542801267,138.6,6.379,213.10,1.0,?,?
81,1518261736.0,41.238555517,-8.542839867,137.8,7.974,204.70,1.0,?,?
82,1518261737.0,41.238483483,-8.54288015,137.1,9.723,201.40,1.0,?,?
83,1518261738.0,41.23840455,-8.542924617,136.5,10.083,201.70,0.9,?,?
84,1518261739.0,41.238322083,-8.5429775,136.0,10.495,204.80,0.9,?,?
85,1518261740.0,41.2382428,-8.543030633,134.8,11.472,204.90,0.9,?,?
86,1518261741.0,41.238148383,-8.543089433,134.0,12.501,205.00,0.9,?,?
87,1518261742.0,41.238044983,-8.543155883,133.5,13.427,205.20,0.9,?,?
88,1518261743.0,41.237933883,-8.543226433,132.8,14.147,205.30,0.9,?,?
89,1518261744.0,41.2378199,-8.54329915,131.7,14.199,205.10,1.3,?,?
90,1518261745.0,41.23770505,-8.543371833,130.7,14.250,204.90,1.3,?,?
91,1518261746.0,41.237589217,-8.543443717,129.8,14.302,205.10,1.1,?,?
92,1518261747.0,41.237473733,-8.543518033,128.8,14.302,205.80,1.1,?,?
93,1518261748.0,41.237358183,-8.5435923,128.3,14.353,206.10,1.1,?,?
94,1518261749.0,41.237241467,-8.5436678,128.0,14.456,206.10,1.0,?,?
95,1518261750.0,41.237124617,-8.543743833,127.6,14.353,205.70,1.0,?,?
96,1518261751.0,41.237008283,-8.54381615,127.2,14.199,204.70,1.0,?,?
97,1518261752.0,41.236893183,-8.543887867,126.2,13.890,204.70,1.0,?,?
98,1518261753.0,41.236776883,-8.543964583,124.4,13.993,205.70,1.0,?,?
99,1518261754.0,41.2366644,-8.544031483,123.1,13.530,205.10,1.0,?,?
100,1518261755.0,41.236557233,-8.544095067,121.9,12.655,204.50,1.0,?,?
101,1518261756.0,41.236462017,-8.544154617,121.2,11.163,205.70,0.9,?,?
102,1518261757.0,41.236385683,-8.544215083,121.1,9.517,213.30,0.8,?,?
103,1518261758.0,41.23633185,-8.544284,121.5,8.283,228.80,0.8,?,?
104,1518261759.0,41.236298467,-8.54436695,121.4,8.077,247.60,1.2,?,?
105,1518261760.0,41.2362948,-8.544468883,121.5,8.540,271.70,1.2,?,?
106,1518261761.0,41.23630465,-8.544578917,120.1,9.157,285.70,1.2,?,?
107,1518261762.0,41.236323,-8.544684633,119.5,9.620,288.40,1.0,?,?
108,1518261763.0,41.23634475,-8.5447886,120.3,9.980,285.50,0.9,?,?
109,1518261764.0,41.23636865,-8.544893983,120.7,9.877,287.80,0.9,?,?
110,1518261765.0,41.236396467,-8.54500375,121.1,10.237,289.80,0.9,?,?
111,1518261766.0,41.236422367,-8.545123033,122.0,10.649,287.00,0.9,?,?
112,1518261767.0,41.236448017,-8.545248817,122.5,10.906,285.30,0.9,?,?
113,1518261768.0,41.23647375,-8.5453764,122.8,11.009,284.60,0.9,?,?
114,1518261769.0,41.236499833,-8.545506833,122.8,11.163,285.00,1.0,?,?
115,1518261770.0,41.23652775,-8.54563655,122.8,11.215,286.40,1.0,?,?
116,1518261771.0,41.2365559,-8.54576715,123.0,11.369,286.40,1.0,?,?
117,1518261772.0,41.236582683,-8.545898417,123.2,11.369,285.10,1.0,?,?
118,1518261773.0,41.236609183,-8.546029583,123.7,11.421,285.30,0.9,?,?
119,1518261774.0,41.236639883,-8.546162383,123.8,11.421,288.00,0.9,?,?
120,1518261775.0,41.236671533,-8.546292817,124.0,11.472,288.90,0.9,?,?
121,1518261776.0,41.236699733,-8.546417433,125.0,11.472,286.30,1.0,?,?
122,1518261777.0,41.236727967,-8.546545,125.7,11.318,286.10,1.0,?,?
123,1518261778.0,41.236756317,-8.54666905,126.7,11.009,287.60,1.0,?,?
124,1518261779.0,41.236784083,-8.546790183,127.1,10.700,289.20,0.9,?,?
125,1518261780.0,41.236818433,-8.5469091,127.6,10.495,293.10,0.9,?,?
126,1518261781.0,41.236866767,-8.54701885,128.2,10.443,304.00,0.9,?,?
127,1518261782.0,41.236931383,-8.54711415,128.8,10.546,316.40,1.1,?,?
128,1518261783.0,41.23700755,-8.547187217,129.7,10.546,328.70,1.4,?,?
129,1518261784.0,41.2370962,-8.5472395,130.4,10.855,340.90,0.9,?,?
130,1518261785.0,41.237186467,-8.54727725,131.0,11.061,348.70,0.9,?,?
131,1518261786.0,41.237283717,-8.547300417,131.8,11.369,353.10,1.3,?,?
132,1518261787.0,41.2373831,-8.5473194,132.3,11.524,353.50,1.1,?,?
133,1518261788.0,41.237486383,-8.5473432,132.6,11.832,351.60,1.1,?,?
134,1518261789.0,41.23759205,-8.54736635,133.0,11.987,351.20,1.1,?,?
135,1518261790.0,41.23769955,-8.547391067,133.2,12.141,350.40,1.1,?,?
136,1518261791.0,41.237808,-8.54741415,133.4,12.244,350.50,1.1,?,?
137,1518261792.0,41.237921517,-8.547440317,133.6,12.655,349.80,1.5,?,?
138,1518261793.0,41.238029817,-8.54746105,134.1,12.295,350.70,1.1,?,?
139,1518261794.0,41.23813675,-8.547483133,134.5,12.038,351.20,1.1,?,?
140,1518261795.0,41.238246517,-8.547509317,134.7,12.295,349.80,1.1,?,?
141,1518261796.0,41.238352667,-8.547535583,135.1,12.192,349.30,1.1,?,?
142,1518261797.0,41.238459567,-8.547561367,135.2,12.038,349.80,0.9,?,?
143,1518261798.0,41.238568,-8.547588333,135.9,12.141,350.30,0.9,?,?
144,1518261799.0,41.238673517,-8.547610583,136.4,12.089,350.40,0.9,?,?
145,1518261800.0,41.2387818,-8.547632633,137.0,12.244,350.30,0.9,?,?
146,1518261801.0,41.238890417,-8.547656433,137.5,12.347,350.10,0.9,?,?
147,1518261802.0,41.23900165,-8.547681917,137.7,12.552,349.90,0.9,?,?
148,1518261803.0,41.2391135,-8.547708683,137.9,12.707,349.20,0.9,?,?
149,1518261804.0,41.239226667,-8.54773685,137.8,12.758,348.50,0.9,?,?
150,1518261805.0,41.239339633,-8.547766017,137.6,12.707,348.70,0.9,?,?
151,1518261806.0,41.239449967,-8.5477972,137.4,12.604,348.20,1.1,?,?
152,1518261807.0,41.239557333,-8.5478272,137.7,12.295,348.40,1.1,?,?
153,1518261808.0,41.239661817,-8.547858267,138.3,11.935,348.50,1.1,?,?
154,1518261809.0,41.239767933,-8.547888833,138.9,12.038,348.90,1.1,?,?
155,1518261810.0,41.239875,-8.547916283,139.4,12.141,350.00,1.1,?,?
156,1518261811.0,41.239983267,-8.547946117,139.7,12.244,350.20,1.5,?,?
157,1518261812.0,41.24009765,-8.547979433,140.2,12.501,349.70,1.5,?,?
158,1518261813.0,41.2402146,-8.5480176,140.4,12.758,348.20,1.5,?,?
159,1518261814.0,41.24032725,-8.548048317,140.7,12.655,348.80,1.5,?,?
160,1518261815.0,41.24043805,-8.5480777,140.9,12.450,348.90,1.5,?,?
161,1518261816.0,41.2405434,-8.548097717,140.9,11.832,351.50,1.5,?,?
162,1518261817.0,41.240647983,-8.548112017,141.0,11.524,354.70,1.5,?,?
163,1518261818.0,41.240749233,-8.548106317,141.0,11.318,1.30,1.6,?,?
164,1518261819.0,41.240846067,-8.5480829,142.2,11.112,11.60,1.7,?,?
165,1518261820.0,41.2409427,-8.548059417,142.8,10.906,13.40,1.7,?,?
166,1518261821.0,41.241037333,-8.54803145,144.0,10.649,11.90,1.4,?,?
167,1518261822.0,41.241128967,-8.5480063,144.3,10.289,11.10,1.4,?,?
168,1518261823.0,41.241216817,-8.5479836,144.4,9.826,9.90,1.4,?,?
169,1518261824.0,41.241300333,-8.5479669,144.6,9.209,7.10,1.7,?,?
170,1518261825.0,41.241387533,-8.547948917,143.8,8.694,1.00,1.7,?,?
171,1518261826.0,41.2414608,-8.547948517,143.3,7.922,357.20,4.2,4.1,5.8
172,1518261827.0,41.241522667,-8.547956017,143.1,6.842,352.00,4.2,4.1,5.8
173,1518261828.0,41.241569983,-8.54798545,142.8,5.916,330.90,4.0,?,?
174,1518261829.0,41.2415998,-8.5480407,142.7,6.019,302.40,4.0,?,?
175,1518261830.0,41.241614117,-8.548113683,142.9,6.945,282.20,4.1,4.1,5.8
176,1518261831.0,41.241637483,-8.54820475,143.5,8.231,280.30,4.1,4.1,5.8
177,1518261832.0,41.2416821,-8.548291133,143.2,8.900,287.40,4.0,?,?
178,1518261833.0,41.241715183,-8.548409983,144.9,9.414,288.10,1.0,?,?
179,1518261834.0,41.241738083,-8.54852175,144.1,10.032,286.60,1.0,?,?
180,1518261835.0,41.241759383,-8.5486374,142.6,10.237,283.20,1.0,?,?
181,1518261836.0,41.241774217,-8.548748383,141.7,10.083,280.70,1.1,?,?
182,1518261837.0,41.241787883,-8.548855317,141.1,10.340,281.00,1.1,?,?
183,1518261838.0,41.2417994,-8.54896195,140.7,10.546,280.90,1.1,?,?
184,1518261839.0,41.241813617,-8.54908285,140.0,10.649,280.90,1.5,?,?
185,1518261840.0,41.2418273,-8.549206933,139.0,10.546,280.50,1.5,?,?
186,1518261841.0,41.241838133,-8.5493275,138.1,10.289,280.10,1.5,?,?
187,1518261842.0,41.241854183,-8.549449683,137.9,10.083,280.80,1.5,?,?
188,1518261843.0,41.241869683,-8.549566317,137.5,9.774,282.50,1.5,?,?
189,1518261844.0,41.241885533,-8.549681217,137.0,9.620,282.90,1.3,?,?
190,1518261845.0,41.241902117,-8.549793367,136.4,9.517,283.50,1.5,?,?
191,1518261846.0,41.24192045,-8.5499032,135.8,9.466,283.70,1.5,?,?
192,1518261847.0,41.2419447,-8.55001685,135.2,9.877,285.70,1.1,?,?
193,1518261848.0,41.2419699,-8.550130217,134.3,9.980,286.40,1.5,?,?
194,1518261849.0,41.241991483,-8.550247533,133.5,10.083,283.50,1.7,?,?
195,1518261850.0,41.2420089,-8.550363617,132.8,10.032,280.20,1.7,?,?
196,1518261851.0,41.24202415,-8.550483133,132.4,10.083,278.40,1.8,?,?
197,1518261852.0,41.242034,-8.5506032,132.4,10.083,275.40,1.8,?,?
198,1518261853.0,41.242058,-8.5507003,132.3,9.054,281.80,1.8,?,?
199,1518261854.0,41.24208285,-8.550798317,131.5,8.643,287.70,1.8,?,?
200,1518261855.0,41.242106183,-8.55092465,130.7,10.135,287.90,1.8,?,?
201,1518261856.0,41.242136367,-8.551057583,129.5,11.575,288.70,1.8,?,?
202,1518261857.0,41.24216825,-8.551192017,128.7,11.832,288.40,1.8,?,?
203,1518261858.0,41.2422032,-8.551316033,128.4,11.112,289.70,1.8,?,?
204,1518261859.0,41.242235117,-8.551427267,127.1,9.672,290.50,1.8,?,?
205,1518261860.0,41.242272733,-8.551532333,125.9,9.209,297.00,1.7,?,?
206,1518261861.0,41.2423218,-8.551647567,122.2,9.877,302.10,1.7,?,?
207,1518261862.0,41.2423711,-8.551752067,119.4,10.032,303.80,1.8,?,?
208,1518261863.0,41.242418683,-8.5518476,119.0,9.929,304.50,1.8,?,?
209,1518261864.0,41.242470833,-8.551925017,122.5,9.517,308.20,1.8,?,?
210,1518261865.0,41.242519167,-8.55201335,122.0,9.260,306.60,1.8,?,?
211,1518261866.0,41.2425587,-8.55210695,121.3,8.746,301.20,1.8,?,?
212,1518261867.0,41.242587617,-8.55219305,119.7,7.871,294.10,1.9,?,?
213,1518261868.0,41.2426066,-8.552253383,118.0,6.276,288.40,1.5,?,?
214,1518261869.0,41.242597533,-8.552210967,118.6,1.183,275.00,1.3,?,?
215,1518261870.0,41.242601217,-8.55220745,117.2,0.257,262.00,1.0,?,?
216,1518261871.0,41.24260235,-8.552209567,116.7,0.463,287.70,1.0,?,?
217,1518261872.0,41.242605017,-8.552212383,116.4,0.514,297.20,1.1,?,?
218,1518261873.0,41.24260295,-8.5522108,116.3,0.206,290.40,1.2,?,?
219,1518261874.0,41.24259455,-8.5522038,116.8,0.154,160.10,1.2,?,?
220,1518261875.0,41.242590567,-8.552202367,117.2,0.309,284.30,1.2,?,?
221,1518261876.0,41.2425926,-8.552208767,117.3,0.926,292.30,1.2,?,?
222,1518261877.0,41.2426011,-8.552231383,117.3,2.572,292.80,1.2,?,?
223,1518261878.0,41.242615967,-8.552276783,117.0,4.681,289.60,1.0,?,?
224,1518261879.0,41.242637733,-8.5523337,115.6,6.019,281.10,0.9,?,?
225,1518261880.0,41.242652967,-8.5524047,114.9,6.482,279.50,1.1,?,?
226,1518261881.0,41.242664967,-8.552488167,114.0,7.202,280.60,1.1,?,?
227,1518261882.0,41.24268325,-8.552579567,113.4,8.025,284.80,1.1,?,?
228,1518261883.0,41.2426985,-8.55267915,112.9,8.591,284.40,0.9,?,?
229,1518261884.0,41.2427153,-8.5527842,112.6,8.900,283.00,0.9,?,?
230,1518261885.0,41.242732033,-8.552889917,112.1,9.157,280.50,0.9,?,?
231,1518261886.0,41.24274415,-8.553002683,111.6,9.929,276.20,1.1,?,?
232,1518261887.0,41.242751133,-8.553124233,110.8,10.598,272.70,1.5,2.0,2.5
233,1518261888.0,41.2427544,-8.553253017,109.9,11.112,270.60,1.5,2.0,2.5
234,1518261889.0,41.242757533,-8.553384983,109.1,11.266,270.70,1.5,2.0,2.5
235,1518261890.0,41.242758217,-8.553515783,108.4,11.112,270.40,3.9,3.4,5.2
236,1518261891.0,41.242758067,-8.553641217,107.8,10.546,270.70,3.9,3.4,5.2
237,1518261892.0,41.24277145,-8.55375695,107.2,9.569,276.00,3.7,?,?
238,1518261893.0,41.2427819,-8.55384665,106.3,7.665,282.70,3.7,?,?
239,1518261894.0,41.24281695,-8.553919467,105.9,6.122,301.20,3.7,?,?
240,1518261895.0,41.242845467,-8.553961417,105.3,5.607,322.30,3.7,?,?
241,1518261896.0,41.24289385,-8.553990083,105.0,6.276,342.90,3.9,3.4,5.2
242,1518261897.0,41.24296485,-8.554004767,105.0,7.922,355.80,3.9,?,?
243,1518261898.0,41.24304905,-8.554015483,105.5,9.826,357.10,3.9,?,?
244,1518261899.0,41.243125583,-8.55403755,105.5,10.083,352.00,3.9,?,?
245,1518261900.0,41.243204217,-8.554069217,104.7,10.495,347.10,3.9,?,?
246,1518261901.0,41.24328955,-8.554098533,104.9,10.598,346.50,3.9,?,?
247,1518261902.0,41.24341515,-8.5541486,109.2,10.443,347.00,1.3,?,?
248,1518261903.0,41.243518167,-8.554177667,110.0,10.237,349.50,1.2,?,?
249,1518261904.0,41.243611367,-8.554204017,110.0,9.877,347.70,1.2,?,?
250,1518261905.0,41.243698283,-8.554229217,109.9,9.414,347.00,1.2,?,?
251,1518261906.0,41.243774167,-8.554245083,110.1,8.951,355.60,1.2,?,?
252,1518261907.0,41.243849917,-8.554229817,110.2,8.694,12.40,1.2,?,?
253,1518261908.0,41.24391295,-8.554193283,109.6,8.746,26.70,1.8,?,?
254,1518261909.0,41.24397995,-8.554149717,109.2,8.643,27.60,3.6,?,?
255,1518261910.0,41.244043683,-8.554122833,109.3,7.974,17.60,3.6,?,?
256,1518261911.0,41.244111933,-8.554114683,109.9,8.128,2.00,3.6,?,?
257,1518261912.0,41.244182933,-8.554131633,110.2,8.385,346.90,3.9,?,?
258,1518261913.0,41.2442498,-8.554194067,110.8,9.311,325.40,1.8,?,?
259,1518261914.0,41.244299017,-8.554276633,111.3,9.466,310.40,1.8,?,?
260,1518261915.0,41.244314367,-8.5543878,110.3,9.620,287.90,1.0,?,?
261,1518261916.0,41.24432635,-8.554500833,109.9,10.289,270.80,0.9,?,?
262,1518261917.0,41.244309417,-8.554610733,109.3,10.340,254.20,1.1,?,?
263,1518261918.0,41.2442782,-8.554707417,107.8,10.237,239.50,1.5,?,?
264,1518261919.0,41.244222783,-8.5547833,106.7,9.723,225.20,1.5,?,?
265,1518261920.0,41.24415795,-8.554848583,105.7,9.209,215.20,1.7,?,?
266,1518261921.0,41.2440961,-8.554920333,104.6,8.848,214.30,1.7,?,?
267,1518261922.0,41.244057583,-8.55502055,103.7,8.694,232.40,1.0,?,?
268,1518261923.0,41.244020533,-8.555108167,102.9,8.848,244.80,1.0,?,?
269,1518261924.0,41.243993217,-8.555222167,101.9,10.443,254.90,2.6,?,?
270,1518261925.0,41.2439681,-8.555353983,101.3,11.935,257.90,1.0,?,?
271,1518261926.0,41.243943133,-8.555495733,101.2,12.604,258.00,1.0,?,?
272,1518261927.0,41.243922,-8.5556422,101.7,12.398,257.20,1.0,?,?
273,1518261928.0,41.243898267,-8.555780883,102.6,12.038,257.10,1.0,?,?
274,1518261929.0,41.243873583,-8.555925967,102.4,11.884,257.30,1.0,?,?
275,1518261930.0,41.243849883,-8.55606545,102.6,11.729,257.20,1.0,?,?
276,1518261931.0,41.243825317,-8.5562075,102.4,11.729,257.00,1.0,?,?
277,1518261932.0,41.2437999,-8.556348967,102.0,11.729,256.60,1.0,?,?
278,1518261933.0,41.243774483,-8.556486983,101.6,11.678,256.80,1.0,?,?
279,1518261934.0,41.243750183,-8.556621183,101.5,11.678,257.20,1.0,?,?
280,1518261935.0,41.243726817,-8.556764033,100.8,11.832,257.20,1.0,?,?
281,1518261936.0,41.243704683,-8.5569044,100.4,11.987,257.30,1.0,?,?
282,1518261937.0,41.243682983,-8.557041167,100.6,11.935,257.20,1.0,?,?
283,1518261938.0,41.243659067,-8.557178567,100.4,11.935,256.90,1.0,?,?
284,1518261939.0,41.243636517,-8.557313017,100.3,11.884,256.50,1.0,?,?
285,1518261940.0,41.243611967,-8.55744925,100.0,12.141,256.70,1.0,?,?
286,1518261941.0,41.243586783,-8.55758785,99.5,12.347,257.10,1.0,?,?
287,1518261942.0,41.2435619,-8.557731333,98.6,12.501,257.40,1.0,?,?
288,1518261943.0,41.243538183,-8.557876117,98.1,12.552,257.60,1.4,?,?
289,1518261944.0,41.243513383,-8.558018683,97.8,12.707,256.80,1.0,?,?
290,1518261945.0,41.243487633,-8.558156433,98.3,12.604,256.70,1.0,?,?
291,1518261946.0,41.243462583,-8.558296617,98.3,12.398,257.60,0.9,?,?
292,1518261947.0,41.243438567,-8.558438717,97.8,12.089,257.80,0.9,?,?
293,1518261948.0,41.243415317,-8.5585803,97.3,12.192,258.20,0.9,?,?
294,1518261949.0,41.243390217,-8.558719567,97.0,12.295,257.20,0.9,?,?
295,1518261950.0,41.243364333,-8.5588613,96.6,12.501,257.00,0.9,?,?
296,1518261951.0,41.243338483,-8.559003467,96.4,12.552,256.80,1.0,?,?
297,1518261952.0,41.243312917,-8.559146817,96.2,12.501,256.80,1.5,?,?
298,1518261953.0,41.243288617,-8.559297033,96.8,12.758,256.90,1.5,?,?
299,1518261954.0,41.243263033,-8.559450267,97.7,12.964,257.10,1.3,?,?
300,1518261955.0,41.243237717,-8.559601733,98.9,12.964,257.50,1.3,?,?
301,1518261956.0,41.24321215,-8.559757683,99.4,12.913,257.00,1.3,?,?
302,1518261957.0,41.243186183,-8.559912033,99.9,12.861,256.70,1.7,?,?
303,1518261958.0,41.243160217,-8.560065033,100.7,12.810,256.70,1.2,?,?
304,1518261959.0,41.2431343,-8.560221617,100.9,12.913,256.80,1.7,?,?
305,1518261960.0,41.243108833,-8.560378217,101.3,12.964,257.20,1.7,?,?
306,1518261961.0,41.24308325,-8.56053205,101.7,12.758,257.10,2.1,?,?
307,1518261962.0,41.243058983,-8.5606811,102.1,12.450,257.30,1.8,?,?
308,1518261963.0,41.243031817,-8.560830867,102.5,12.655,256.80,1.8,?,?
309,1518261964.0,41.243004967,-8.560980333,103.0,12.758,256.60,1.8,?,?
310,1518261965.0,41.242978267,-8.561134633,103.3,12.913,256.70,2.5,?,?
311,1518261966.0,41.242954733,-8.5612903,103.5,12.964,258.00,2.5,?,?
312,1518261967.0,41.2429308,-8.56144565,103.7,12.913,258.30,2.4,?,?
313,1518261968.0,41.242906467,-8.561598,103.7,12.552,257.90,2.4,?,?
314,1518261969.0,41.242880683,-8.561744133,103.6,12.038,256.60,3.1,?,?
315,1518261970.0,41.242862633,-8.561885383,102.7,11.266,256.80,2.4,?,?
316,1518261971.0,41.242834817,-8.562009367,103.2,10.495,255.70,3.3,?,?
317,1518261972.0,41.2428157,-8.562128183,103.1,9.826,258.80,2.5,?,?
318,1518261973.0,41.242808567,-8.56223705,103.1,8.951,267.00,2.5,?,?
319,1518261974.0,41.242815617,-8.562329567,102.9,7.820,279.70,2.6,?,?
320,1518261975.0,41.242831633,-8.562393133,104.1,6.945,292.30,2.0,?,?
321,1518261976.0,41.242865633,-8.562458283,105.7,7.768,302.30,1.3,?,?
322,1518261977.0,41.242889633,-8.56251865,107.7,8.746,294.90,1.3,?,?
323,1518261978.0,41.242898317,-8.562596133,108.6,8.951,281.90,1.1,?,?
324,1518261979.0,41.24289905,-8.562703567,108.9,9.723,269.20,1.3,?,?
325,1518261980.0,41.2428799,-8.562809933,109.7,10.443,259.10,1.3,?,?
326,1518261981.0,41.242840517,-8.562906183,110.3,10.237,246.90,2.0,?,?
327,1518261982.0,41.24277625,-8.562968767,110.1,9.466,225.70,1.2,?,?
328,1518261983.0,41.242687533,-8.56296155,110.7,8.797,191.10,2.0,?,?
329,1518261984.0,41.24260665,-8.562947417,111.1,9.054,169.60,1.9,?,?
330,1518261985.0,41.24253965,-8.562897483,111.3,9.260,145.30,1.7,?,?
331,1518261986.0,41.24246665,-8.562791217,112.8,10.392,130.00,1.6,2.0,2.6
332,1518261987.0,41.242408133,-8.562688867,113.4,10.237,123.40,1.5,?,?
333,1518261988.0,41.2423438,-8.56259045,113.6,10.340,129.20,1.4,?,?
334,1518261989.0,41.242268067,-8.562497867,112.9,10.855,141.20,1.4,?,?
335,1518261990.0,41.242173717,-8.562428667,111.9,11.112,155.90,1.4,?,?
336,1518261991.0,41.2420683,-8.562382683,111.5,11.678,166.30,1.5,?,?
337,1518261992.0,41.2419626,-8.562349933,111.7,11.729,168.20,1.5,?,?
338,1518261993.0,41.241855767,-8.5623178,111.8,11.832,167.20,1.5,?,?
339,1518261994.0,41.241748467,-8.562291533,111.7,11.884,169.80,1.5,?,?
340,1518261995.0,41.241642517,-8.562272517,111.9,11.781,172.60,1.5,?,?
341,1518261996.0,41.241536,-8.562258083,112.0,11.729,174.90,1.5,?,?
342,1518261997.0,41.241429,-8.562246733,112.1,11.781,176.00,1.5,?,?
343,1518261998.0,41.241323917,-8.562242433,112.3,11.524,178.40,1.5,?,?
344,1518261999.0,41.241221283,-8.56224155,112.5,11.266,180.10,1.9,?,?
345,1518262000.0,41.241125317,-8.562245217,113.2,10.958,180.90,1.4,?,?
346,1518262001.0,41.241027433,-8.562247383,113.8,10.958,180.40,1.1,?,?
347,1518262002.0,41.240928433,-8.562248767,114.2,11.112,179.90,1.3,?,?
348,1518262003.0,41.240828417,-8.5622473,114.5,11.163,179.10,1.2,?,?
349,1518262004.0,41.240727217,-8.562242633,115.2,11.369,178.70,1.1,?,?
350,1518262005.0,41.240621517,-8.5622389,115.7,11.729,179.80,1.1,?,?
351,1518262006.0,41.2405169,-8.562241583,115.5,12.089,181.70,1.0,?,?
352,1518262007.0,41.2404039,-8.56225525,115.2,12.707,187.00,3.2,?,?
353,1518262008.0,41.240286883,-8.56228535,114.9,13.376,192.10,3.2,?,?
354,1518262009.0,41.240194933,-8.56235065,114.7,12.552,203.70,1.4,?,?
355,1518262010.0,41.24010835,-8.562425517,114.9,11.987,212.50,1.4,?,?
356,1518262011.0,41.240032633,-8.562506683,115.0,11.421,218.80,1.1,?,?
357,1518262012.0,41.239959967,-8.562595917,114.9,11.163,224.20,1.1,?,?
358,1518262013.0,41.239890617,-8.5626959,114.3,11.369,228.80,0.9,?,?
359,1518262014.0,41.239823817,-8.5628047,113.2,11.524,232.20,1.0,?,?
360,1518262015.0,41.239760683,-8.562915717,112.2,11.626,233.90,1.0,?,?
361,1518262016.0,41.239699983,-8.563028833,111.3,11.626,234.90,0.9,?,?
362,1518262017.0,41.239642883,-8.563144817,110.6,11.626,235.90,1.1,?,?
363,1518262018.0,41.2395861,-8.5632601,109.6,11.626,237.20,1.5,?,?
364,1518262019.0,41.239530233,-8.563381617,108.8,11.678,238.70,1.4,?,?
365,1518262020.0,41.2394783,-8.5635056,107.8,11.832,240.50,1.7,?,?
366,1518262021.0,41.239441133,-8.563648233,107.3,12.192,246.70,1.7,?,?
367,1518262022.0,41.239406083,-8.563780533,107.2,11.987,250.20,1.8,?,?
368,1518262023.0,41.2393758,-8.5638916,107.5,11.061,250.00,2.5,?,?
369,1518262030.0,41.239366533,-8.564002983,109.1,?,?,5.4,?,?
370,1518262031.0,41.239195767,-8.565041033,110.6,12.295,257.90,2.3,1.0,2.5
371,1518262032.0,41.239117117,-8.565182967,109.7,11.626,245.90,2.3,1.0,2.5
372,1518262033.0,41.239058633,-8.565295483,109.0,11.112,240.60,2.3,1.0,2.5
373,1518262034.0,41.239006217,-8.565405967,108.8,10.906,237.70,2.3,1.0,2.5
374,1518262035.0,41.23897015,-8.56550325,108.8,9.774,238.90,2.3,1.0,2.5
375,1518262036.0,41.238943883,-8.565588583,108.8,8.540,240.90,2.9,?,?
376,1518262037.0,41.238927617,-8.5656546,109.0,6.842,240.90,2.3,?,?
377,1518262038.0,41.238924,-8.565700583,108.9,4.424,250.00,1.4,?,?
378,1518262039.0,41.238911217,-8.56572235,109.5,2.984,244.30,1.3,?,?
379,1518262040.0,41.238891733,-8.565728767,110.2,2.161,210.10,1.9,?,?
380,1518262041.0,41.23886915,-8.565716783,110.6,2.572,156.50,3.4,?,?
381,1518262042.0,41.238840417,-8.5657173,108.4,2.727,133.30,1.8,?,?
382,1518262043.0,41.238825617,-8.565700333,106.6,3.087,103.20,1.5,?,?
383,1518262044.0,41.238823167,-8.5656631,107.5,2.675,85.60,1.4,?,?
384,1518262045.0,41.2388322,-8.565639483,107.5,2.264,58.40,1.4,?,?
385,1518262046.0,41.23884025,-8.565625967,107.1,1.852,35.60,1.4,?,?
386,1518262047.0,41.2388493,-8.565602883,106.0,3.087,46.80,1.4,?,?
387,1518262048.0,41.23886995,-8.565556733,105.8,5.299,56.40,1.8,?,?
388,1518262049.0,41.238896283,-8.565483333,105.7,7.357,61.50,3.6,?,?
389,1518262050.0,41.238926733,-8.565387917,105.2,9.157,64.00,3.6,?,?
390,1518262051.0,41.238958417,-8.565284367,104.6,10.083,65.10,3.3,?,?
391,1518262052.0,41.23898735,-8.565170717,104.6,10.803,68.00,3.3,?,?
392,1518262053.0,41.239028633,-8.565045283,104.3,11.729,68.10,3.3,?,?
393,1518262054.0,41.2390711,-8.564919133,104.5,12.038,67.60,3.3,?,?
394,1518262055.0,41.2391278,-8.564804067,106.3,11.626,66.70,1.6,?,?
395,1518262056.0,41.23917645,-8.564685683,107.5,11.266,66.60,1.6,?,?
396,1518262057.0,41.239217267,-8.5645592,108.5,11.524,68.80,1.5,?,?
397,1518262058.0,41.239253683,-8.564425833,108.9,11.987,70.80,3.8,?,?
398,1518262059.0,41.239291733,-8.5642901,109.7,12.244,70.80,4.8,?,?
399,1518262060.0,41.239332667,-8.564148983,110.7,12.604,70.40,4.8,?,?
400,1518262062.0,41.239371183,-8.564007883,112.7,?,?,24.3,?,?
401,1518262063.0,41.239443667,-8.5637421,112.0,11.163,71.50,7.5,?,?
402,1518262064.0,41.2394545,-8.563618683,113.5,10.906,74.20,7.5,?,?
403,1518262065.0,41.239494433,-8.563491083,114.6,11.061,72.30,3.6,?,?
404,1518262066.0,41.239526633,-8.5633621,115.9,11.472,69.20,3.6,?,?
405,1518262067.0,41.239568967,-8.563222983,117.6,12.089,69.70,3.6,?,?
406,1518262068.0,41.2396207,-8.56311865,120.7,11.884,62.50,3.6,?,?
407,1518262069.0,41.239704567,-8.563042117,124.6,11.678,52.40,3.4,?,?
408,1518262070.0,41.2397321,-8.562887233,124.7,11.884,51.70,3.4,?,?
409,1518262071.0,41.239789233,-8.5627683,125.6,11.884,50.90,1.4,?,?
410,1518262072.0,41.239829117,-8.562658033,119.1,11.626,50.00,1.0,?,?
411,1518262073.0,41.2399098,-8.562560033,112.3,11.626,47.00,1.1,?,?
412,1518262074.0,41.239984033,-8.562467133,112.8,11.626,42.80,1.1,?,?
413,1518262075.0,41.240068983,-8.56238795,113.0,11.729,35.30,1.2,?,?
414,1518262076.0,41.240161233,-8.562317467,113.2,11.935,27.90,1.2,?,?
415,1518262077.0,41.24026,-8.562261583,113.4,12.141,20.50,1.3,1.6,2.0
416,1518262078.0,41.240362317,-8.562218667,113.6,12.295,15.10,1.3,1.6,2.0
417,1518262079.0,41.240463817,-8.562194217,114.1,12.038,8.50,1.3,1.6,2.0
418,1518262080.0,41.2405712,-8.562181883,114.2,12.141,2.90,1.6,2.1,2.7
419,1518262081.0,41.240683683,-8.56217725,114.2,12.501,0.00,1.6,2.1,2.7
420,1518262082.0,41.24079675,-8.562178617,114.0,12.707,358.10,3.7,4.1,5.6
421,1518262083.0,41.240901267,-8.562183817,113.2,12.398,358.10,1.0,?,?
422,1518262084.0,41.2410167,-8.562187383,113.1,12.501,358.70,1.3,?,?
423,1518262085.0,41.24113065,-8.56218605,112.7,12.604,359.00,1.3,?,?
424,1518262086.0,41.241243033,-8.562186367,112.2,12.552,359.40,1.1,?,?
425,1518262087.0,41.241354867,-8.562186817,111.5,12.501,0.00,1.1,?,?
426,1518262088.0,41.241464883,-8.562190967,111.0,12.347,358.60,1.1,?,?
427,1518262089.0,41.24157595,-8.562198267,110.6,12.398,357.00,1.3,?,?
428,1518262090.0,41.24168365,-8.56221505,110.4,12.089,353.40,1.3,?,?
429,1518262091.0,41.241787117,-8.562243067,110.1,11.678,349.40,1.7,?,?
430,1518262092.0,41.241886667,-8.5622744,109.8,11.421,346.70,3.7,4.1,5.6
431,1518262093.0,41.241984233,-8.562301967,110.3,11.112,345.00,3.7,4.1,5.6
432,1518262094.0,41.24207595,-8.562337167,109.9,10.598,343.20,3.6,3.3,4.9
433,1518262095.0,41.242152167,-8.562380767,108.3,9.363,342.00,1.5,?,?
434,1518262096.0,41.242231583,-8.5624097,108.0,8.643,349.10,1.5,?,?
435,1518262097.0,41.242295233,-8.562415967,107.7,7.768,2.50,1.5,?,?
436,1518262098.0,41.242360833,-8.56239005,107.4,7.820,20.70,3.5,?,?
437,1518262099.0,41.2424307,-8.562345967,107.7,8.540,31.60,1.7,?,?
438,1518262100.0,41.242502583,-8.56229335,108.1,9.054,31.80,2.0,2.3,3.0
439,1518262101.0,41.2425637,-8.56223635,107.6,9.157,31.30,1.2,?,?
440,1518262102.0,41.24262945,-8.562172717,108.0,9.054,38.40,1.2,?,?
441,1518262103.0,41.242683633,-8.5620971,108.6,8.694,50.70,1.2,?,?
442,1518262104.0,41.242723633,-8.561996617,108.0,9.260,67.60,1.0,?,?
443,1518262105.0,41.242747167,-8.561880817,107.5,10.443,78.80,1.1,1.6,1.9
444,1518262106.0,41.242767983,-8.561754267,106.9,11.524,79.90,1.1,1.6,1.9
445,1518262107.0,41.24279135,-8.561610533,105.8,12.552,78.30,1.0,?,?
446,1518262108.0,41.24281525,-8.561455683,105.0,13.015,77.40,1.0,?,?
447,1518262109.0,41.2428397,-8.561301783,104.2,13.015,77.10,1.1,?,?
448,1518262110.0,41.242863633,-8.561149033,103.5,12.964,77.30,1.6,?,?
449,1518262111.0,41.242888283,-8.560996683,102.8,13.015,77.20,1.1,?,?
450,1518262112.0,41.24291305,-8.560844083,102.0,13.118,77.10,1.1,?,?
451,1518262113.0,41.2429388,-8.560690983,101.2,13.221,76.80,1.1,?,?
452,1518262114.0,41.2429657,-8.560536883,100.4,13.324,76.30,1.1,?,?
453,1518262115.0,41.24299205,-8.560380667,99.4,13.427,76.50,1.4,?,?
454,1518262116.0,41.2430173,-8.560224833,98.2,13.324,77.60,1.7,?,?
455,1518262117.0,41.24303905,-8.5600683,97.2,13.324,79.00,1.6,?,?
456,1518262118.0,41.243063917,-8.559920433,95.9,12.810,77.70,1.7,?,?
457,1518262119.0,41.243086933,-8.5597735,95.0,12.398,77.70,1.6,?,?
458,1518262120.0,41.243110333,-8.559630867,92.5,11.678,77.80,1.1,?,?
459,1518262121.0,41.243128133,-8.559482867,91.5,11.781,77.60,1.1,?,?
460,1518262122.0,41.243165583,-8.55934075,92.0,11.987,76.80,0.9,?,?
461,1518262123.0,41.24319535,-8.559202167,91.8,12.089,76.90,0.9,?,?
462,1518262124.0,41.243221417,-8.559066533,91.5,11.935,76.80,0.9,?,?
463,1518262125.0,41.243245733,-8.558932283,92.1,11.832,76.90,0.9,?,?
464,1518262126.0,41.243270333,-8.55879405,93.0,12.141,77.00,0.9,?,?
465,1518262127.0,41.243294833,-8.5586499,93.9,12.295,76.50,0.9,?,?
466,1518262128.0,41.2433211,-8.558508767,94.8,12.089,76.00,1.0,?,?
467,1518262129.0,41.243346733,-8.558368617,95.6,11.987,76.00,1.1,?,?
468,1518262130.0,41.243370367,-8.55822735,96.4,12.089,77.00,1.1,?,?
469,1518262131.0,41.24339305,-8.558087667,97.2,11.987,77.90,1.1,?,?
470,1518262132.0,41.243417483,-8.55794935,98.0,11.987,77.30,1.0,?,?
471,1518262133.0,41.2434395,-8.5578102,98.3,11.884,77.80,1.0,?,?
472,1518262134.0,41.243462933,-8.5576716,99.0,11.832,77.70,0.9,?,?
473,1518262135.0,41.2434873,-8.557534133,99.7,11.781,76.80,0.9,?,?
474,1518262136.0,41.243510383,-8.5573967,100.2,11.678,77.10,0.9,?,?
475,1518262137.0,41.243537683,-8.5572619,101.3,11.626,77.00,0.9,?,?
476,1518262138.0,41.2435638,-8.55712975,101.8,11.729,76.70,0.9,?,?
477,1518262139.0,41.243589533,-8.55699455,102.1,11.884,76.70,0.9,?,?
478,1518262140.0,41.243614633,-8.55685585,102.2,12.141,77.50,0.9,?,?
479,1518262141.0,41.2436409,-8.556718933,102.5,11.987,77.10,0.9,?,?
480,1518262142.0,41.24366625,-8.5565833,102.6,11.832,77.60,0.9,?,?
481,1518262143.0,41.24369405,-8.556452117,102.8,11.729,76.90,0.9,?,?
482,1518262144.0,41.243723367,-8.556322,102.6,11.729,76.20,0.9,?,?
483,1518262145.0,41.243752567,-8.556191467,102.3,11.935,76.30,0.9,?,?
484,1518262146.0,41.24378035,-8.5560587,102.0,12.038,77.00,0.9,?,?
485,1518262147.0,41.2438073,-8.555925883,101.5,11.987,77.50,0.9,?,?
486,1518262148.0,41.24383045,-8.555785917,101.1,11.935,77.80,0.9,?,?
487,1518262149.0,41.243853433,-8.555646233,100.7,11.935,77.40,0.9,?,?
488,1518262150.0,41.243878167,-8.555509683,100.5,11.832,76.70,0.9,?,?
489,1518262151.0,41.243901583,-8.55537565,100.4,11.421,76.60,0.9,?,?
490,1518262152.0,41.24392345,-8.555244467,100.7,10.906,77.00,0.9,?,?
491,1518262153.0,41.243942667,-8.5551188,101.3,10.135,76.60,0.9,?,?
492,1518262154.0,41.24396045,-8.5550031,101.8,9.363,77.50,0.9,?,?
493,1518262155.0,41.243967083,-8.554898117,102.1,8.385,85.40,0.9,?,?
494,1518262156.0,41.243953483,-8.5547993,102.5,7.768,101.90,0.9,?,?
495,1518262157.0,41.243916133,-8.554700367,102.7,8.334,120.10,1.1,?,?
496,1518262158.0,41.243867417,-8.5546089,102.6,9.054,125.90,1.1,?,?
497,1518262159.0,41.2438261,-8.554513767,102.3,9.209,118.80,1.1,?,?
498,1518262160.0,41.243804883,-8.5544101,101.7,9.003,103.60,1.1,?,?
499,1518262161.0,41.24381195,-8.554305417,102.0,9.311,83.70,1.1,?,?
500,1518262162.0,41.243841817,-8.55420785,102.0,9.414,65.20,1.1,?,?
501,1518262163.0,41.243896267,-8.554137367,101.2,9.414,41.70,1.0,?,?
502,1518262164.0,41.243974667,-8.55408695,100.6,9.980,20.80,1.1,1.6,1.9
503,1518262165.0,41.244067,-8.554058483,100.5,11.163,7.60,1.5,2.1,2.6
504,1518262166.0,41.244167967,-8.554061817,100.5,12.192,355.60,2.0,2.3,3.0
505,1518262167.0,41.244259067,-8.55409425,101.0,12.244,345.20,1.8,?,?
506,1518262168.0,41.2443231,-8.554163333,101.5,11.163,331.60,1.8,?,?
507,1518262169.0,41.24438285,-8.554247167,102.6,10.495,321.30,1.8,?,?
508,1518262170.0,41.244333067,-8.554392367,101.7,9.569,281.30,1.3,?,?
509,1518262171.0,41.244295167,-8.5545235,101.2,10.546,258.90,1.3,?,?
510,1518262172.0,41.244237733,-8.554631683,102.3,11.009,236.60,1.0,?,?
511,1518262173.0,41.244159083,-8.55470735,101.6,10.958,215.50,1.1,?,?
512,1518262174.0,41.244078617,-8.5547868,100.5,10.855,213.30,1.1,?,?
513,1518262175.0,41.244003067,-8.554892283,97.3,10.649,223.50,1.1,?,?
514,1518262176.0,41.24395595,-8.555015167,96.6,11.318,240.70,1.1,?,?
515,1518262177.0,41.243929,-8.555155917,96.3,12.244,254.80,1.1,?,?
516,1518262178.0,41.243904017,-8.555300783,95.7,12.810,259.70,1.1,?,?
517,1518262179.0,41.24388195,-8.555449717,95.1,12.861,260.80,1.7,?,?
518,1518262180.0,41.24386355,-8.555590167,96.0,12.450,258.00,1.4,?,?
519,1518262181.0,41.2438429,-8.555723383,97.2,11.987,257.20,1.0,?,?
520,1518262182.0,41.243820233,-8.555857767,97.8,11.678,256.90,1.0,?,?
521,1518262183.0,41.243795417,-8.555992783,98.0,11.781,256.80,1.0,?,?
522,1518262184.0,41.243770417,-8.556129367,98.3,11.832,256.80,1.0,?,?
523,1518262185.0,41.243745617,-8.5562658,98.7,11.781,256.80,1.0,?,?
524,1518262186.0,41.243721517,-8.556402267,99.0,11.832,257.00,1.0,?,?
525,1518262187.0,41.243699,-8.556539183,99.6,11.832,257.20,1.0,?,?
526,1518262188.0,41.243676467,-8.556679483,100.4,12.089,256.80,1.2,?,?
527,1518262189.0,41.24365415,-8.5568207,100.9,12.141,256.90,1.2,?,?
528,1518262190.0,41.2436313,-8.55696225,101.2,12.192,256.90,1.2,?,?
529,1518262191.0,41.24360905,-8.557104933,101.4,12.295,257.60,1.2,?,?
530,1518262192.0,41.243587783,-8.557249683,101.3,12.192,257.90,1.7,?,?
531,1518262193.0,41.243566383,-8.5573948,100.8,12.192,258.10,1.7,?,?
532,1518262194.0,41.243544833,-8.5575417,100.1,12.347,258.30,1.7,?,?
533,1518262195.0,41.243521883,-8.5576871,99.4,12.347,257.80,1.0,?,?
534,1518262196.0,41.243499117,-8.557833867,98.8,12.192,256.50,1.0,?,?
535,1518262197.0,41.243473517,-8.557974317,98.4,12.192,256.10,1.0,?,?
536,1518262198.0,41.243446467,-8.55810775,98.4,12.450,256.60,1.0,?,?
537,1518262199.0,41.243420483,-8.558247017,98.2,12.552,257.30,1.0,?,?
538,1518262200.0,41.243394617,-8.55839005,98.0,12.810,256.90,1.0,?,?
539,1518262201.0,41.243366233,-8.5585359,97.7,12.861,256.70,1.0,?,?
540,1518262202.0,41.243338283,-8.558682283,97.2,12.810,256.90,1.0,?,?
541,1518262203.0,41.243309583,-8.558828933,96.7,12.861,256.80,1.2,?,?
542,1518262204.0,41.24328255,-8.558977467,96.4,12.913,257.30,1.2,?,?
543,1518262205.0,41.24325665,-8.559125217,96.3,12.810,257.60,1.2,?,?
544,1518262206.0,41.24323145,-8.559273967,96.8,12.758,257.50,1.9,?,?
545,1518262207.0,41.2432064,-8.5594255,97.5,12.964,257.30,1.2,?,?
546,1518262208.0,41.2431811,-8.559576083,98.3,12.810,256.60,1.0,?,?
547,1518262209.0,41.243157683,-8.559731833,99.2,13.067,256.60,0.9,?,?
548,1518262210.0,41.243133417,-8.559893883,99.8,13.633,257.00,1.2,?,?
549,1518262211.0,41.24310755,-8.560062433,100.2,14.096,257.40,1.2,?,?
550,1518262212.0,41.243080733,-8.5602358,100.7,14.610,257.30,1.2,?,?
551,1518262213.0,41.243050283,-8.560411233,101.4,15.022,257.10,1.7,?,?
552,1518262214.0,41.243020233,-8.5605899,102.0,15.279,257.60,1.7,?,?
553,1518262215.0,41.2429893,-8.5607709,102.6,15.639,257.30,1.7,?,?
554,1518262216.0,41.242954467,-8.560952483,102.8,15.536,256.60,2.4,?,?
555,1518262217.0,41.242922133,-8.561137983,103.1,15.588,257.40,2.4,?,?
556,1518262218.0,41.242892217,-8.561321417,103.8,15.433,258.20,2.4,?,?
557,1518262219.0,41.2428594,-8.56148665,104.6,14.353,256.90,2.4,?,?
558,1518262220.0,41.242832267,-8.561646133,105.3,13.273,257.00,2.4,?,?
559,1518262221.0,41.24280505,-8.561788467,105.8,12.038,256.40,2.4,?,?
560,1518262222.0,41.242785,-8.561920167,107.2,10.752,256.80,2.5,?,?
561,1518262223.0,41.242772217,-8.562039833,108.2,9.517,260.70,1.5,?,?
562,1518262224.0,41.242769833,-8.56214755,108.2,8.385,270.20,1.5,?,?
563,1518262225.0,41.24279345,-8.5622564,107.9,8.488,288.50,1.5,?,?
564,1518262226.0,41.242825083,-8.562344983,107.9,8.900,301.10,1.0,?,?
565,1518262227.0,41.242854433,-8.562420583,108.6,9.260,301.30,1.0,?,?
566,1518262228.0,41.242877067,-8.5625218,108.4,9.209,287.70,1.0,?,?
567,1518262229.0,41.242885683,-8.562623,108.7,8.951,273.00,1.0,?,?
568,1518262230.0,41.242878217,-8.562721933,108.8,8.848,259.90,1.0,?,?
569,1518262231.0,41.242843533,-8.5628009,108.6,8.488,239.60,1.0,?,?
570,1518262232.0,41.24279005,-8.562872033,108.4,8.848,221.40,1.0,?,?
571,1518262233.0,41.2427194,-8.562921,108.2,9.311,203.00,1.1,?,?
572,1518262234.0,41.2426438,-8.5629436,108.2,9.311,187.20,1.1,?,?
573,1518262235.0,41.242554783,-8.56292855,107.8,10.186,167.90,1.2,?,?
574,1518262236.0,41.242478467,-8.56287555,108.2,10.495,148.60,1.3,?,?
575,1518262237.0,41.242417717,-8.562796467,108.8,10.340,133.10,1.3,?,?
576,1518262238.0,41.242360883,-8.56270425,108.6,10.083,124.00,1.5,?,?
577,1518262239.0,41.242308617,-8.562604133,108.6,9.980,125.30,1.5,?,?
578,1518262240.0,41.2422386,-8.562514783,108.3,10.083,137.60,1.5,?,?
579,1518262241.0,41.242155483,-8.5624453,107.8,10.495,153.00,1.5,?,?
580,1518262242.0,41.242061683,-8.562392733,107.3,11.061,162.50,1.5,?,?
581,1518262243.0,41.241966183,-8.562357117,108.0,11.472,167.40,1.5,?,?
582,1518262244.0,41.241862117,-8.56232435,108.1,11.987,168.30,1.4,?,?
583,1518262245.0,41.2417536,-8.5622941,108.2,12.398,168.90,1.4,?,?
584,1518262246.0,41.241643117,-8.5622722,108.6,12.707,172.00,1.4,?,?
585,1518262247.0,41.241532267,-8.562258383,108.8,12.398,176.20,1.5,?,?
586,1518262248.0,41.241425183,-8.5622512,109.0,11.781,177.80,1.7,?,?
587,1518262249.0,41.241321133,-8.562246533,109.0,11.266,178.70,1.5,?,?
588,1518262250.0,41.241224917,-8.5622425,110.0,10.752,178.80,1.5,?,?
589,1518262251.0,41.241125433,-8.562239,110.5,10.803,179.10,1.5,?,?
590,1518262252.0,41.241025733,-8.562234417,111.1,10.906,179.10,1.2,?,?
591,1518262253.0,41.240925,-8.562230233,111.7,11.215,178.80,0.9,?,?
592,1518262254.0,41.240822033,-8.56222715,112.3,11.524,178.70,0.9,?,?
593,1518262255.0,41.240717183,-8.5622239,112.8,11.781,178.70,0.9,?,?
594,1518262256.0,41.240610517,-8.56221845,112.8,11.987,178.80,1.0,?,?
595,1518262257.0,41.240500817,-8.562221267,112.9,12.295,182.10,1.0,?,?
596,1518262258.0,41.240386367,-8.562236117,112.6,12.450,188.00,1.1,?,?
597,1518262259.0,41.24028095,-8.562274033,112.5,12.089,196.90,1.1,?,?
598,1518262260.0,41.2401847,-8.56232745,112.2,11.884,204.50,1.1,?,?
599,1518262261.0,41.24009615,-8.56239215,112.3,11.781,211.10,1.1,?,?
600,1518262262.0,41.2400153,-8.5624671,112.6,11.472,216.80,1.2,?,?
601,1518262263.0,41.239940883,-8.562553083,112.7,11.266,222.20,1.2,?,?
602,1518262264.0,41.239869883,-8.562651683,112.2,11.318,227.40,0.9,?,?
603,1518262265.0,41.239804567,-8.562758183,111.1,11.369,231.90,0.9,?,?
604,1518262266.0,41.239744167,-8.562868483,110.2,11.472,234.90,0.9,?,?
605,1518262267.0,41.239684867,-8.562976383,109.6,11.318,235.00,0.9,?,?
606,1518262268.0,41.239625983,-8.563089783,109.7,11.266,235.80,0.9,?,?
607,1518262269.0,41.239567633,-8.563203917,108.9,11.318,236.90,1.3,?,?
608,1518262270.0,41.239517567,-8.563321733,108.5,11.524,240.00,1.1,1.6,1.9
609,1518262271.0,41.239479033,-8.563450883,108.4,11.832,245.90,1.1,1.6,1.9
610,1518262272.0,41.23944015,-8.563576917,108.1,11.781,249.40,1.1,1.7,2.1
611,1518262273.0,41.2394042,-8.5637116,107.4,11.987,251.50,1.6,2.2,2.7
612,1518262274.0,41.239379467,-8.5638662,106.3,12.861,257.10,1.6,2.2,2.7
613,1518262275.0,41.239351467,-8.5640165,105.4,13.118,258.20,4.3,6.2,7.6
614,1518262278.0,41.239328567,-8.564171267,105.1,?,?,18.2,1.0,18.2
615,1518262279.0,41.239226017,-8.564583917,108.7,11.987,253.50,10.3,1.0,10.3
616,1518262280.0,41.2391659,-8.564746633,108.0,12.604,249.60,2.8,1.0,3.0
617,1518262281.0,41.239130417,-8.564843933,106.2,11.369,245.70,2.8,1.0,3.0
618,1518262282.0,41.239117217,-8.56499435,105.8,11.061,248.50,2.3,4.3,4.8
619,1518262283.0,41.239082783,-8.565103467,105.5,10.649,249.30,2.3,4.3,4.8
620,1518262284.0,41.239049367,-8.565215433,105.6,10.135,246.60,2.3,4.3,4.9
621,1518262285.0,41.2390179,-8.5653192,105.8,9.620,245.30,2.3,4.3,4.9
622,1518262286.0,41.238982733,-8.5654153,106.2,9.157,243.30,2.3,4.3,4.9
623,1518262287.0,41.23894725,-8.565501883,107.0,8.540,240.80,2.3,4.3,4.9
624,1518262288.0,41.238917617,-8.565580733,106.8,7.305,237.90,2.3,4.3,4.9
625,1518262289.0,41.2389113,-8.565633083,106.6,4.579,240.50,2.3,4.3,4.9
626,1518262290.0,41.238907,-8.565667933,105.5,1.801,249.50,2.2,?,?
627,1518262291.0,41.238902067,-8.5656883,103.4,0.103,224.50,2.2,?,?
628,1518262292.0,41.2389008,-8.565696817,102.1,0.360,84.00,1.2,?,?
629,1518262293.0,41.2388997,-8.565701683,101.5,0.154,117.80,1.1,?,?
630,1518262294.0,41.238900333,-8.565703383,101.7,0.154,198.90,1.1,?,?
631,1518262295.0,41.238927183,-8.565664833,111.0,0.103,65.20,1.1,?,?
632,1518262296.0,41.23892545,-8.565663683,110.9,0.051,113.70,1.1,?,?
633,1518262297.0,41.238924633,-8.565662733,110.9,0.103,107.30,0.9,?,?
634,1518262298.0,41.238923917,-8.565662367,110.8,0.051,103.20,0.8,?,?
635,1518262299.0,41.238923783,-8.565662717,110.8,0.000,324.10,0.8,?,?
636,1518262300.0,41.238923217,-8.565662583,110.7,0.000,103.20,0.8,?,?
637,1518262301.0,41.2389227,-8.565662583,110.7,0.000,229.40,0.9,?,?
638,1518262302.0,41.238922383,-8.56566205,110.5,0.051,58.00,0.9,?,?
639,1518262303.0,41.238922383,-8.565661983,110.5,0.000,65.80,0.9,?,?
640,1518262304.0,41.238922583,-8.565661633,110.5,0.051,103.30,0.9,?,?
641,1518262305.0,41.238922917,-8.565662917,110.6,0.103,272.50,0.9,?,?
642,1518262306.0,41.238923583,-8.565665033,110.6,0.154,292.30,0.9,?,?
643,1518262307.0,41.23892315,-8.56566395,110.6,0.103,137.90,0.9,?,?
644,1518262308.0,41.2389238,-8.565664983,110.4,0.051,166.40,0.9,?,?
645,1518262309.0,41.238924783,-8.565665,110.3,0.051,116.70,1.1,?,?
646,1518262310.0,41.2389251,-8.5656651,110.0,0.051,121.30,1.1,?,?
647,1518262311.0,41.238925783,-8.565665233,109.9,0.051,274.60,1.1,?,?
648,1518262312.0,41.238926283,-8.565664983,109.7,0.051,284.60,1.1,?,?
649,1518262313.0,41.238926567,-8.56566385,109.6,0.051,212.60,1.1,?,?
650,1518262314.0,41.238926333,-8.565663383,109.4,0.051,172.00,1.1,?,?
651,1518262315.0,41.23892795,-8.565664067,109.3,0.051,345.10,1.1,?,?
652,1518262316.0,41.238927683,-8.565665367,109.0,0.051,224.70,1.2,?,?
653,1518262317.0,41.238928,-8.5656656,108.8,0.051,206.50,1.1,?,?
654,1518262318.0,41.23892745,-8.56566675,108.5,0.051,216.40,1.1,?,?
655,1518262319.0,41.238926117,-8.565668333,108.1,0.154,213.60,1.2,?,?
656,1518262320.0,41.238926217,-8.565668417,107.9,0.051,229.40,1.1,?,?
657,1518262321.0,41.238925383,-8.565668217,107.6,0.051,259.70,1.1,?,?
658,1518262322.0,41.238924383,-8.565667917,107.4,0.051,217.50,1.1,?,?
659,1518262323.0,41.2389225,-8.565668733,107.2,0.103,216.20,1.1,?,?
660,1518262324.0,41.2389215,-8.5656692,107.1,0.103,221.80,1.1,?,?
661,1518262325.0,41.238920083,-8.5656707,106.8,0.103,242.10,1.1,?,?
662,1518262326.0,41.238919333,-8.5656718,106.6,0.051,242.00,1.2,?,?
663,1518262327.0,41.23891895,-8.565672517,106.4,0.000,225.50,1.1,?,?
664,1518262328.0,41.238918617,-8.56567415,106.4,0.051,262.50,1.2,?,?
665,1518262329.0,41.23891845,-8.565675833,106.3,0.051,275.90,1.2,?,?
666,1518262330.0,41.238918633,-8.56567655,106.4,0.000,319.10,1.2,?,?
667,1518262331.0,41.238918917,-8.565677517,106.5,0.051,1.90,1.2,?,?
668,1518262332.0,41.238918933,-8.565677533,106.6,0.000,38.20,1.2,?,?
669,1518262333.0,41.2389189,-8.5656789,106.7,0.000,344.10,1.2,?,?
670,1518262334.0,41.238918717,-8.5656805,106.6,0.103,252.50,1.2,?,?
671,1518262335.0,41.238918717,-8.565681167,106.7,0.051,234.30,1.2,?,?
672,1518262336.0,41.2389152,-8.565684817,106.8,0.720,212.10,1.2,?,?
673,1518262337.0,41.238903383,-8.565688967,107.0,1.801,198.40,1.2,?,?
674,1518262338.0,41.2388785,-8.565683733,106.8,2.984,173.60,1.2,?,?
675,1518262339.0,41.238860883,-8.56566465,107.1,3.035,135.50,1.0,?,?
676,1518262340.0,41.238857717,-8.565621017,108.4,3.138,93.80,0.8,?,?
677,1518262341.0,41.238862567,-8.56559155,108.8,2.932,69.80,1.0,?,?
678,1518262342.0,41.238869683,-8.5655595,108.5,3.087,55.80,1.1,1.6,1.9
679,1518262343.0,41.23888295,-8.565519033,108.2,3.961,53.40,1.1,1.6,1.9
680,1518262344.0,41.238895517,-8.565471867,107.9,4.527,59.20,1.3,2.0,2.4
681,1518262345.0,41.238913717,-8.56542145,108.1,4.784,62.40,1.3,2.0,2.4
682,1518262346.0,41.238934983,-8.565365883,108.2,5.453,62.30,1.3,?,?
683,1518262347.0,41.238957317,-8.565301867,108.5,6.173,64.40,1.3,?,?
684,1518262348.0,41.238987133,-8.565224533,108.7,7.357,63.90,1.3,?,?
685,1518262349.0,41.239023467,-8.5651311,109.1,8.951,63.50,1.3,?,?
686,1518262350.0,41.23906215,-8.565026117,109.1,10.237,64.20,1.1,?,?
687,1518262351.0,41.2391096,-8.564923083,109.1,10.598,61.70,1.1,1.6,1.9
688,1518262352.0,41.239155683,-8.564808467,108.8,11.163,62.40,1.1,1.6,1.9
689,1518262353.0,41.23919965,-8.564691233,108.3,11.472,64.20,1.0,?,?
690,1518262354.0,41.2392355,-8.564554117,107.7,11.729,70.80,1.5,2.1,2.6
691,1518262355.0,41.239263267,-8.564417333,107.6,11.935,74.20,3.4,4.2,5.4
692,1518262357.0,41.239288817,-8.564275567,107.7,?,?,8.8,1.0,8.9
693,1518262358.0,41.239328333,-8.56398765,108.7,12.450,80.40,15.9,1.0,16.0
694,1518262359.0,41.239333867,-8.56386025,108.7,11.987,82.70,15.9,1.0,16.0
695,1518262360.0,41.239348567,-8.563719233,108.9,11.935,83.30,14.2,?,?
696,1518262361.0,41.239361067,-8.563576433,108.8,12.192,82.40,14.2,?,?
697,1518262362.0,41.23938235,-8.56344615,109.0,11.884,80.70,14.1,?,?
698,1518262363.0,41.2394035,-8.563301683,108.9,12.244,78.90,14.1,?,?
699,1518262364.0,41.2394849,-8.56321055,109.3,11.781,67.00,3.2,?,?
700,1518262365.0,41.239569783,-8.563117233,110.1,11.421,58.10,3.2,?,?
701,1518262366.0,41.239635417,-8.563003167,109.6,11.472,54.10,2.9,?,?
702,1518262367.0,41.239702883,-8.562884483,111.5,11.472,52.90,2.7,?,?
703,1518262368.0,41.239775117,-8.562777817,112.7,11.575,51.90,1.0,?,?
704,1518262369.0,41.23984785,-8.56267315,113.6,11.626,49.90,1.0,?,?
705,1518262370.0,41.239921183,-8.56257075,113.8,11.575,47.20,1.1,?,?
706,1518262371.0,41.240000017,-8.56247835,113.8,11.626,41.40,1.1,?,?
707,1518262372.0,41.240086,-8.562399867,113.8,11.626,33.60,1.1,?,?
708,1518262373.0,41.240177633,-8.562328617,113.9,11.884,27.40,1.1,?,?
709,1518262374.0,41.240274383,-8.562271967,113.9,11.884,20.60,1.4,?,?
710,1518262375.0,41.240374383,-8.562231417,113.8,11.575,14.90,1.7,?,?
711,1518262376.0,41.240474433,-8.562203167,113.8,11.421,8.90,1.2,1.6,2.0
712,1518262377.0,41.240576167,-8.56219045,113.7,11.369,3.50,1.2,1.6,2.0
713,1518262378.0,41.24067945,-8.5621892,113.5,11.472,359.40,1.2,?,?
714,1518262379.0,41.240782117,-8.562189733,113.6,11.472,357.80,1.2,?,?
715,1518262380.0,41.240887883,-8.56219475,113.7,11.678,357.30,1.0,?,?
716,1518262381.0,41.240994933,-8.562204633,114.0,11.884,358.10,1.0,?,?
717,1518262382.0,41.241103683,-8.56221035,114.0,12.089,359.10,1.0,?,?
718,1518262383.0,41.241214867,-8.5622135,113.7,12.398,0.00,1.0,?,?
719,1518262384.0,41.241325017,-8.562217983,113.2,12.347,359.00,1.2,?,?
720,1518262385.0,41.241438483,-8.56222245,112.8,12.552,358.30,1.3,?,?
721,1518262386.0,41.241549,-8.562233317,112.3,12.552,356.00,1.0,?,?
722,1518262387.0,41.241660217,-8.562245333,111.8,12.552,354.70,1.1,1.6,1.9
723,1518262388.0,41.241768167,-8.562264167,111.2,12.244,352.10,1.1,1.6,1.9
724,1518262389.0,41.241881983,-8.562278817,111.0,12.347,351.50,1.1,1.6,1.9
725,1518262390.0,41.241975933,-8.562312283,110.3,11.266,345.20,1.1,?,?
726,1518262391.0,41.242063083,-8.5623496,109.4,10.340,341.80,1.1,?,?
727,1518262392.0,41.242146483,-8.562384333,108.7,9.517,341.70,1.5,?,?
728,1518262393.0,41.242221083,-8.562409017,108.3,8.540,348.30,1.1,?,?
729,1518262394.0,41.242290067,-8.562410567,107.6,8.283,5.00,1.1,?,?
730,1518262395.0,41.242363333,-8.562387,107.8,8.643,22.00,1.1,?,?
731,1518262396.0,41.24243425,-8.562339367,107.9,9.157,31.00,1.1,?,?
732,1518262397.0,41.242505333,-8.562285017,107.8,9.466,32.00,1.1,1.5,1.9
733,1518262398.0,41.242574717,-8.562225917,107.8,9.260,31.80,1.1,1.5,1.9
734,1518262399.0,41.242638517,-8.562158067,107.4,8.900,38.20,1.1,1.5,1.9
735,1518262400.0,41.242685083,-8.562086033,106.7,8.694,50.00,1.1,1.5,1.9
736,1518262401.0,41.242720417,-8.561989367,106.1,9.311,66.60,1.1,1.5,1.9
737,1518262402.0,41.2427382,-8.5618726,105.8,10.546,79.10,1.1,1.5,1.9
738,1518262403.0,41.242757967,-8.561746517,105.3,11.472,80.10,1.1,1.5,1.9
739,1518262404.0,41.24278035,-8.561609967,104.6,12.192,78.70,1.1,?,?
740,1518262405.0,41.242804583,-8.561470833,103.8,12.295,77.50,1.1,?,?
741,1518262406.0,41.242829633,-8.561329683,103.1,12.244,76.70,1.1,?,?
742,1518262407.0,41.242856383,-8.561189317,102.4,12.295,76.60,1.5,?,?
743,1518262408.0,41.24288415,-8.56104795,101.6,12.398,76.60,1.5,?,?
744,1518262409.0,41.24291235,-8.560904583,100.9,12.604,76.60,1.5,?,?
745,1518262410.0,41.24294,-8.560758817,100.3,12.758,77.00,1.6,2.2,2.8
746,1518262411.0,41.242966717,-8.560611767,99.5,12.707,76.90,1.5,?,?
747,1518262412.0,41.242990933,-8.560462333,98.7,12.861,77.80,1.5,?,?
748,1518262413.0,41.24301525,-8.560310783,97.7,13.067,78.00,1.2,?,?
749,1518262414.0,41.243040167,-8.560158017,96.8,13.170,77.70,1.2,?,?
750,1518262415.0,41.243064867,-8.560003417,95.8,13.324,77.60,1.2,?,?
751,1518262416.0,41.2430976,-8.55985825,94.1,13.118,76.80,1.0,?,?
752,1518262417.0,41.24313825,-8.559720983,93.7,12.964,77.10,0.8,?,?
753,1518262418.0,41.243170117,-8.55957955,93.7,12.552,77.40,0.8,?,?
754,1518262419.0,41.243197767,-8.559437717,93.3,12.244,77.00,0.8,?,?
755,1518262420.0,41.243222733,-8.55929375,92.9,12.038,76.80,0.8,?,?
756,1518262421.0,41.2432466,-8.559149667,92.9,12.038,77.00,0.8,?,?
757,1518262422.0,41.24327045,-8.559012517,93.1,11.678,77.20,1.0,?,?
758,1518262423.0,41.2432925,-8.558869167,93.6,11.935,77.50,1.0,?,?
759,1518262424.0,41.24331715,-8.5587236,94.4,12.295,77.20,0.8,?,?
760,1518262425.0,41.24334145,-8.558576233,95.0,12.244,77.20,0.9,?,?
761,1518262426.0,41.2433639,-8.558431683,95.5,12.244,77.00,1.0,?,?
762,1518262427.0,41.2433874,-8.558285883,96.0,12.244,76.70,1.0,?,?
763,1518262428.0,41.243409767,-8.558143733,96.4,11.884,76.70,1.0,?,?
764,1518262429.0,41.243432733,-8.5580029,97.0,11.781,76.80,1.0,?,?
765,1518262430.0,41.243451533,-8.557857667,97.7,11.935,77.50,1.0,?,?
766,1518262431.0,41.2434658,-8.557706467,98.5,12.038,78.20,1.0,?,?
767,1518262432.0,41.243483967,-8.55756375,99.2,11.987,78.20,1.1,?,?
768,1518262433.0,41.243505317,-8.557422,99.8,11.987,77.90,1.0,?,?
769,1518262434.0,41.243527783,-8.557281817,100.5,11.884,77.30,1.0,?,?
770,1518262435.0,41.24355165,-8.557143833,101.0,11.781,76.80,0.9,?,?
771,1518262436.0,41.2435795,-8.557010983,101.8,11.729,76.40,0.9,?,?
772,1518262437.0,41.243607217,-8.556876933,102.3,11.935,76.50,0.8,?,?
773,1518262438.0,41.24363565,-8.556742183,103.0,12.141,77.00,0.8,?,?
774,1518262439.0,41.243661983,-8.55660615,103.3,11.935,77.80,0.8,?,?
775,1518262440.0,41.2436869,-8.556469767,103.5,11.781,77.60,0.8,?,?
776,1518262441.0,41.243710567,-8.5563324,103.2,11.729,76.80,0.8,?,?
777,1518262442.0,41.243737133,-8.556195517,102.7,11.729,76.00,0.8,?,?
778,1518262443.0,41.243763717,-8.55605865,102.2,11.678,76.20,0.9,?,?
779,1518262444.0,41.243788417,-8.55592305,101.7,11.626,76.70,0.9,?,?
780,1518262445.0,41.243812967,-8.55579005,101.2,11.626,77.20,0.9,?,?
781,1518262446.0,41.243836417,-8.555658167,100.7,11.575,77.50,0.9,?,?
782,1518262447.0,41.24385745,-8.555526383,100.2,11.472,77.90,0.9,?,?
783,1518262448.0,41.243879767,-8.55539835,100.0,11.215,77.50,0.8,?,?
784,1518262449.0,41.243902867,-8.555270617,100.3,10.752,76.60,0.8,?,?
785,1518262450.0,41.24392565,-8.555148333,100.9,10.032,75.80,0.9,?,?
786,1518262451.0,41.24394875,-8.555034467,101.6,9.260,75.40,0.9,?,?
787,1518262452.0,41.24396385,-8.554930817,102.0,8.334,79.50,1.4,?,?
788,1518262453.0,41.243962517,-8.5548352,102.7,7.511,92.10,0.9,?,?
789,1518262454.0,41.2439359,-8.5547476,102.7,7.459,112.30,1.0,?,?
790,1518262455.0,41.243895683,-8.554658183,102.3,8.437,123.90,1.0,?,?
791,1518262456.0,41.24385105,-8.554567983,102.0,8.746,123.80,1.0,?,?
792,1518262457.0,41.243819167,-8.5544734,101.7,8.746,110.60,1.0,?,?
793,1518262458.0,41.243805817,-8.5543731,101.3,8.694,94.20,1.0,?,?
794,1518262459.0,41.2438193,-8.554271967,100.8,9.054,75.30,1.0,?,?
795,1518262460.0,41.243866183,-8.554187733,101.0,9.311,53.00,1.0,?,?
796,1518262461.0,41.2439333,-8.55412235,101.0,9.672,33.00,1.1,?,?
797,1518262462.0,41.244013567,-8.554082567,100.8,10.032,15.60,1.1,?,?
798,1518262463.0,41.244100333,-8.554074217,100.8,10.237,0.00,1.1,?,?
799,1518262464.0,41.244185683,-8.554096483,101.1,10.340,345.30,1.0,?,?
800,1518262465.0,41.2442555,-8.55415885,101.1,10.083,325.00,1.0,?,?
801,1518262466.0,41.244293683,-8.554256733,101.4,9.466,296.10,1.0,?,?
802,1518262467.0,41.24431755,-8.55435335,101.7,9.620,276.80,1.0,?,?
803,1518262468.0,41.24431865,-8.55446285,102.1,9.980,261.30,1.0,?,?
804,1518262469.0,41.244288183,-8.55456865,102.3,10.237,244.60,1.0,?,?
805,1518262470.0,41.244223683,-8.554656583,102.3,10.546,224.00,1.0,?,?
806,1518262471.0,41.244139617,-8.554728467,102.0,10.855,213.90,0.9,?,?
807,1518262472.0,41.2440511,-8.554811683,100.2,11.215,214.10,0.9,?,?
808,1518262473.0,41.243990617,-8.5549316,99.6,11.987,234.40,0.9,?,?
809,1518262474.0,41.243952467,-8.555085583,99.1,13.890,253.00,0.9,?,?
810,1518262475.0,41.243921467,-8.55524665,98.9,15.330,259.30,0.9,?,?
811,1518262476.0,41.24388965,-8.555427417,98.8,16.308,258.70,0.9,?,?
812,1518262477.0,41.243858883,-8.555614633,99.3,16.411,258.00,1.0,?,?
813,1518262478.0,41.2438299,-8.555799317,100.2,15.742,257.90,1.0,?,?
814,1518262479.0,41.243799167,-8.55598105,101.0,15.485,256.90,1.0,?,?
815,1518262480.0,41.243765883,-8.55615785,101.7,15.073,255.50,0.9,?,?
816,1518262481.0,41.243733033,-8.556330433,102.3,14.713,255.60,0.9,?,?
817,1518262482.0,41.243702533,-8.5565,102.4,14.353,256.80,0.9,?,?
818,1518262483.0,41.243673783,-8.5566679,102.4,14.302,257.20,1.0,?,?
819,1518262484.0,41.24364545,-8.55683735,102.3,14.456,257.50,1.0,?,?
820,1518262485.0,41.24361615,-8.557004667,102.2,14.404,257.10,1.0,?,?
821,1518262486.0,41.243586067,-8.557175883,101.5,14.662,257.40,0.9,?,?
822,1518262487.0,41.243552883,-8.557356233,99.8,15.176,257.40,0.9,?,?
823,1518262488.0,41.243519217,-8.557538933,98.3,15.588,256.60,0.9,?,?
824,1518262489.0,41.243486817,-8.557729433,97.0,16.308,257.00,0.8,?,?
825,1518262490.0,41.2434513,-8.5579252,95.6,16.668,256.60,0.9,?,?
826,1518262491.0,41.2434157,-8.558126833,94.1,17.182,257.00,0.9,?,?
827,1518262492.0,41.24338105,-8.5583325,92.6,17.594,257.20,0.9,?,?
828,1518262493.0,41.243343933,-8.558539367,91.3,17.903,256.60,0.9,?,?
829,1518262494.0,41.243307267,-8.558747067,90.1,17.903,256.80,0.9,?,?
830,1518262495.0,41.243272067,-8.5589594,89.1,18.211,257.20,0.9,?,?
831,1518262496.0,41.24323735,-8.559172433,88.6,18.469,257.00,1.2,?,?
832,1518262497.0,41.243203717,-8.559388333,89.6,18.623,257.20,0.9,?,?
833,1518262498.0,41.243170417,-8.559605767,91.1,18.571,257.00,0.8,?,?
834,1518262499.0,41.24313595,-8.559818083,92.5,18.211,257.00,0.9,?,?
835,1518262500.0,41.243102417,-8.560027517,94.1,17.903,257.10,0.9,?,?
836,1518262501.0,41.2430684,-8.560234467,95.5,17.645,257.30,0.8,?,?
837,1518262502.0,41.243034683,-8.560436683,96.8,17.337,257.50,1.1,?,?
838,1518262503.0,41.24300245,-8.560638367,97.9,17.080,258.00,1.6,?,?
839,1518262504.0,41.242968983,-8.560837317,99.2,16.977,257.10,1.6,?,?
840,1518262505.0,41.242932133,-8.561028883,100.4,16.617,255.60,1.2,?,?
841,1518262506.0,41.24289035,-8.561219983,101.3,16.514,253.80,1.2,?,?
842,1518262507.0,41.242855867,-8.561405967,102.3,15.999,255.00,1.2,?,?
843,1518262508.0,41.24282775,-8.561580433,103.5,14.816,257.10,1.2,?,?
844,1518262509.0,41.242786467,-8.561750533,104.1,13.941,257.40,1.2,?,?
845,1518262510.0,41.24276235,-8.5619029,105.3,12.758,258.20,1.4,?,?
846,1518262511.0,41.2427465,-8.562039633,106.0,11.266,262.20,3.9,?,?
847,1518262512.0,41.24275185,-8.56216465,107.0,10.186,273.80,1.1,1.5,1.9
848,1518262513.0,41.242788217,-8.562277783,107.6,10.032,293.80,1.1,1.5,1.9
849,1518262514.0,41.2428329,-8.562383633,107.5,10.237,302.30,1.1,1.5,1.9
850,1518262515.0,41.2428727,-8.56249175,107.3,10.237,293.00,1.0,?,?
851,1518262516.0,41.24289345,-8.56260515,107.8,10.083,279.40,1.0,?,?
852,1518262517.0,41.242890883,-8.562729717,108.2,10.906,264.30,1.2,?,?
853,1518262518.0,41.242874717,-8.562864967,108.9,11.729,256.50,1.2,?,?
854,1518262519.0,41.242825783,-8.562971683,109.5,11.061,242.70,1.7,?,?
855,1518262520.0,41.242703167,-8.562958167,109.1,10.700,193.20,1.7,?,?
856,1518262521.0,41.242608133,-8.56294575,109.3,11.009,170.50,1.7,?,?
857,1518262522.0,41.242517317,-8.562893667,108.0,11.472,146.90,1.7,?,?
858,1518262523.0,41.242440667,-8.562798,107.9,12.089,130.30,1.5,?,?
859,1518262524.0,41.242375767,-8.562683417,108.1,11.729,124.10,1.5,?,?
860,1518262525.0,41.242304267,-8.562571483,108.0,11.884,131.70,1.4,?,?
861,1518262526.0,41.242217783,-8.562478717,107.7,12.141,146.50,1.4,?,?
862,1518262527.0,41.2421174,-8.5624115,107.7,12.552,158.80,1.4,?,?
863,1518262528.0,41.242003183,-8.562364183,107.7,13.067,166.40,1.4,?,?
864,1518262529.0,41.24188645,-8.562329233,108.0,13.324,169.60,1.4,?,?
865,1518262530.0,41.24176475,-8.562298367,108.4,13.684,170.80,1.4,?,?
866,1518262531.0,41.241640583,-8.5622771,109.1,14.199,173.50,1.4,?,?
867,1518262532.0,41.241511733,-8.562261567,109.7,14.662,176.20,1.8,?,?
868,1518262533.0,41.241378133,-8.562252383,110.3,15.073,178.00,1.6,?,?
869,1518262534.0,41.2412421,-8.562246283,111.0,15.330,179.00,1.8,?,?
870,1518262535.0,41.241104133,-8.562241783,111.9,15.485,179.20,1.3,?,?
871,1518262536.0,41.240964767,-8.562239083,112.6,15.536,179.40,1.3,?,?
872,1518262537.0,41.24082585,-8.562237267,113.3,15.433,179.20,1.3,?,?
873,1518262538.0,41.24068975,-8.562235083,113.8,15.022,178.90,1.1,?,?
874,1518262539.0,41.24055745,-8.562240083,114.2,14.662,181.90,1.1,?,?
875,1518262540.0,41.2404273,-8.5622624,114.6,14.816,188.90,1.3,?,?
876,1518262541.0,41.24029195,-8.562303367,114.3,15.228,196.30,1.3,?,?
877,1518262542.0,41.240165783,-8.56237415,114.3,15.485,205.70,1.3,?,?
878,1518262543.0,41.240047217,-8.562470317,114.2,15.896,214.70,1.3,?,?
879,1518262544.0,41.2399486,-8.562588067,113.3,15.639,224.40,1.3,?,?
880,1518262545.0,41.2398561,-8.56272275,112.6,15.896,230.70,1.3,?,?
881,1518262546.0,41.239768883,-8.56286925,111.9,15.896,234.20,1.3,?,?
882,1518262547.0,41.239686217,-8.5630202,111.7,15.793,235.60,1.1,?,?
883,1518262548.0,41.239608283,-8.5631787,111.1,15.999,238.10,1.2,?,?
884,1518262549.0,41.239537067,-8.563348533,109.9,16.256,242.10,1.2,?,?
885,1518262550.0,41.239475767,-8.563526083,109.0,16.462,246.50,1.7,2.3,2.9
886,1518262551.0,41.239419933,-8.563707067,108.0,16.565,249.20,1.7,2.3,2.9
887,1518262552.0,41.239374533,-8.563897667,107.2,16.822,253.00,1.7,2.3,2.9
888,1518262557.0,41.239334217,-8.56409205,106.1,?,?,2.6,4.7,5.3
889,1518262558.0,41.23916835,-8.565091483,106.3,17.440,260.10,7.8,1.0,7.8
890,1518262559.0,41.2391471,-8.5651661,106.7,13.067,258.20,2.4,1.0,2.6
891,1518262560.0,41.2391028,-8.565328933,106.3,12.501,254.70,4.6,?,?
892,1518262561.0,41.23906835,-8.565459233,106.2,10.906,252.30,4.6,?,?
893,1518262562.0,41.23902385,-8.5655642,105.8,9.106,245.20,4.6,?,?
894,1518262563.0,41.238986967,-8.56563815,105.3,6.739,236.20,4.6,?,?
895,1518262564.0,41.238918667,-8.565678867,105.1,3.087,233.40,2.7,?,?
896,1518262565.0,41.238910283,-8.565689683,105.0,0.463,208.50,2.7,?,?
897,1518262566.0,41.2389059,-8.565692767,104.6,0.360,101.70,1.3,?,?
898,1518262567.0,41.238904783,-8.565687417,105.1,0.309,114.00,1.3,?,?
899,1518262568.0,41.2389043,-8.565685867,105.0,0.154,144.40,1.3,?,?
900,1518262569.0,41.238903633,-8.56568525,104.8,0.103,179.10,1.2,?,?
901,1518262570.0,41.238901117,-8.5656848,104.4,0.206,185.40,1.2,?,?
902,1518262571.0,41.2389043,-8.565673417,105.9,0.051,156.30,1.2,?,?
903,1518262572.0,41.238905333,-8.56566685,106.6,0.051,27.90,1.2,?,?
904,1518262573.0,41.23890035,-8.565668317,106.1,0.051,331.70,1.2,?,?
905,1518262574.0,41.238896717,-8.565669567,105.7,0.051,210.90,1.2,?,?
906,1518262575.0,41.238892367,-8.565669267,105.2,0.103,171.10,1.3,?,?
907,1518262576.0,41.238890333,-8.565668133,105.1,0.000,30.50,1.3,?,?
908,1518262577.0,41.23888675,-8.5656673,104.7,0.154,152.50,1.0,?,?
909,1518262578.0,41.2388851,-8.565668433,104.4,0.051,175.00,1.0,?,?
910,1518262579.0,41.238882917,-8.5656682,104.2,0.051,199.30,1.0,?,?
911,1518262580.0,41.238882633,-8.565667967,104.2,0.051,230.30,1.0,?,?
912,1518262581.0,41.238882283,-8.565668917,103.9,0.051,296.10,1.0,?,?
913,1518262582.0,41.238878517,-8.56567055,103.1,0.154,172.90,1.0,?,?
914,1518262583.0,41.2388762,-8.5656723,102.8,0.154,168.30,1.0,?,?
915,1518262584.0,41.238875333,-8.565673917,102.6,0.103,218.70,1.0,?,?
916,1518262585.0,41.238875567,-8.565675533,102.4,0.103,280.10,1.1,?,?
917,1518262586.0,41.238875317,-8.565677067,102.3,0.154,296.10,1.1,?,?
918,1518262587.0,41.23887455,-8.565678517,102.2,0.051,237.80,1.1,?,?
919,1518262588.0,41.238874717,-8.5656798,102.1,0.051,329.50,1.1,?,?
920,1518262589.0,41.23887555,-8.56567915,102.2,0.051,309.90,1.1,?,?
921,1518262590.0,41.238875433,-8.56568,102.1,0.051,168.70,1.1,?,?
922,1518262591.0,41.238875983,-8.565680467,102.1,0.051,208.90,0.9,?,?
923,1518262592.0,41.238877533,-8.565680983,102.2,0.103,299.40,0.9,?,?
924,1518262593.0,41.2388779,-8.565680583,102.2,0.051,232.00,0.8,?,?
925,1518262594.0,41.238879083,-8.565679133,102.5,0.000,241.60,0.8,?,?
926,1518262595.0,41.2388793,-8.56567855,102.5,0.000,315.70,1.0,?,?
927,1518262596.0,41.23888055,-8.565680267,102.5,0.051,337.10,1.0,?,?
928,1518262597.0,41.238881783,-8.5656832,102.5,0.000,283.90,1.2,?,?
929,1518262598.0,41.238882783,-8.565685083,102.4,0.000,293.80,1.2,?,?
930,1518262599.0,41.238883567,-8.56568605,102.4,0.000,266.90,1.2,?,?
931,1518262600.0,41.238884,-8.56568675,102.2,0.051,146.50,1.2,?,?
932,1518262601.0,41.238884517,-8.5656878,102.1,0.000,90.20,1.2,?,?
933,1518262602.0,41.238884517,-8.565689617,101.9,0.051,258.10,1.2,?,?
934,1518262603.0,41.238884283,-8.565691783,101.7,0.051,242.40,1.5,?,?
935,1518262604.0,41.238883883,-8.565695417,101.4,0.051,234.10,1.9,?,?
936,1518262605.0,41.238883833,-8.5656996,100.9,0.103,251.60,1.9,?,?
937,1518262606.0,41.238884283,-8.5656986,101.0,0.051,231.30,1.5,?,?
938,1518262607.0,41.2388851,-8.565698133,101.0,0.103,242.30,1.5,?,?
939,1518262608.0,41.238885833,-8.565698083,101.0,0.103,242.90,1.5,?,?
940,1518262609.0,41.23888645,-8.565697767,101.1,0.051,201.00,1.5,?,?
941,1518262610.0,41.238887467,-8.565698167,101.1,0.000,60.50,1.5,?,?
942,1518262611.0,41.238887533,-8.5656989,101.1,0.154,215.00,1.2,?,?
943,1518262612.0,41.2388822,-8.565705517,100.8,0.977,210.90,1.5,?,?
944,1518262613.0,41.238865583,-8.565711517,101.0,2.315,192.60,1.5,?,?
945,1518262614.0,41.238840083,-8.565705367,100.8,3.447,159.90,1.3,?,?
946,1518262615.0,41.238826117,-8.565674933,101.0,3.447,120.50,1.3,?,?
947,1518262616.0,41.2388302,-8.565636717,101.8,3.241,80.40,1.9,2.6,3.2
948,1518262617.0,41.238845317,-8.565617783,102.0,2.778,50.00,1.7,2.4,2.9
949,1518262618.0,41.238866217,-8.56559065,102.7,3.447,42.70,1.5,?,?
950,1518262619.0,41.238886133,-8.565559217,102.6,4.116,49.40,1.3,?,?
951,1518262620.0,41.238911467,-8.565503233,103.1,5.607,59.00,1.3,?,?
952,1518262621.0,41.23894185,-8.56542815,103.5,7.357,62.20,1.3,?,?
953,1518262622.0,41.238975833,-8.565329617,105.0,9.054,66.20,1.3,?,?
954,1518262623.0,41.23901035,-8.565217983,105.2,10.495,68.00,1.6,?,?
955,1518262624.0,41.239046583,-8.56509315,104.8,11.729,68.80,1.9,?,?
956,1518262625.0,41.23908445,-8.564957817,105.1,12.604,69.50,1.9,?,?
957,1518262626.0,41.239121083,-8.564820283,105.1,12.861,69.90,1.9,?,?
958,1518262627.0,41.239162233,-8.564678783,105.1,13.118,69.30,1.9,?,?
959,1518262628.0,41.2392012,-8.564528383,105.7,13.273,69.40,3.1,4.2,5.2
960,1518262634.0,41.2392397,-8.564367333,106.6,?,?,5.7,1.0,5.8
961,1518262635.0,41.239017617,-8.563189267,103.0,15.073,64.00,27.2,?,?
962,1518262636.0,41.239440967,-8.563094567,103.4,16.308,90.60,8.8,?,?
963,1518262637.0,41.239558167,-8.5629442,104.0,16.617,55.70,8.8,?,?
964,1518262638.0,41.2396917,-8.56279865,104.5,15.485,59.10,8.8,?,?
965,1518262639.0,41.239858717,-8.562657533,109.8,16.308,47.00,2.6,?,?
966,1518262640.0,41.239973383,-8.562516883,112.5,16.411,43.10,1.1,?,?
967,1518262641.0,41.240086617,-8.562395433,112.9,15.948,37.40,1.2,?,?
968,1518262642.0,41.240214383,-8.562306117,113.1,15.845,25.30,1.2,?,?
969,1518262643.0,41.2403563,-8.562243633,113.5,16.462,15.90,1.4,?,?
970,1518262644.0,41.24050215,-8.562208617,113.7,16.771,7.80,1.4,?,?
971,1518262645.0,41.24065155,-8.562188667,114.5,17.388,1.10,1.4,?,?
972,1518262646.0,41.240806917,-8.562188117,114.6,17.594,357.70,1.4,?,?
973,1518262647.0,41.24096095,-8.56219645,114.4,17.182,356.70,1.4,?,?
974,1518262648.0,41.2411156,-8.5622034,114.0,17.028,357.60,1.4,?,?
975,1518262649.0,41.241270367,-8.562217183,114.3,16.977,358.80,1.2,?,?
976,1518262650.0,41.241423067,-8.562229983,114.1,16.977,358.10,1.2,?,?
977,1518262651.0,41.241578733,-8.56224245,114.0,17.285,356.70,1.2,?,?
978,1518262652.0,41.241729117,-8.562266767,113.4,17.028,353.00,2.8,?,?
979,1518262653.0,41.241870717,-8.5623057,113.4,16.411,346.80,2.8,?,?
980,1518262654.0,41.242000367,-8.5623565,112.8,15.279,342.60,1.4,?,?
981,1518262655.0,41.242116667,-8.562405483,112.1,13.530,341.60,1.4,?,?
982,1518262656.0,41.242220467,-8.562434033,112.2,11.575,348.30,2.8,?,?
983,1518262657.0,41.242316367,-8.562423117,112.2,10.392,8.50,2.8,?,?
984,1518262658.0,41.242409667,-8.562389283,112.7,10.392,22.40,1.2,?,?
985,1518262659.0,41.242505433,-8.562323033,111.6,11.575,30.20,1.3,1.5,2.0
986,1518262660.0,41.2425927,-8.562240883,110.0,12.038,36.70,1.2,1.5,2.0
987,1518262661.0,41.242670117,-8.562132433,108.9,11.472,47.80,1.1,1.5,1.8
988,1518262662.0,41.242728067,-8.562012117,108.5,11.729,61.90,1.1,1.5,1.8
989,1518262663.0,41.242757867,-8.5618725,108.0,12.604,76.60,1.1,1.5,1.8
990,1518262664.0,41.2427793,-8.561718467,107.2,13.787,80.50,1.0,?,?
991,1518262665.0,41.242804017,-8.561553667,106.0,14.713,79.50,1.0,?,?
992,1518262666.0,41.242833217,-8.561377467,104.7,15.742,78.40,1.0,?,?
993,1518262667.0,41.242865183,-8.561188517,103.5,16.822,77.70,1.2,?,?
994,1518262668.0,41.242901017,-8.56098895,102.4,17.697,76.90,1.0,?,?
995,1518262669.0,41.2429383,-8.560785583,101.5,17.851,76.50,1.0,?,?
996,1518262670.0,41.242974767,-8.5605801,100.5,17.851,76.60,1.0,?,?
997,1518262671.0,41.243011183,-8.56037465,99.6,17.800,76.80,1.2,?,?
998,1518262672.0,41.2430465,-8.560166733,98.3,17.954,77.10,1.2,?,?
999,1518262673.0,41.243081933,-8.559957683,97.1,18.108,77.30,1.2,?,?
1000,1518262674.0,41.243118283,-8.559748667,95.8,18.160,77.50,1.0,?,?
1001,1518262675.0,41.243155117,-8.5595364,94.7,18.263,77.50,0.8,?,?
1002,1518262676.0,41.243195867,-8.559320417,93.5,18.417,76.80,0.8,?,?
1003,1518262677.0,41.243233733,-8.559103117,93.1,18.314,77.10,0.9,?,?
1004,1518262678.0,41.24327225,-8.558888,93.6,17.954,77.50,0.8,?,?
1005,1518262679.0,41.2433084,-8.558677417,95.1,17.903,76.90,0.9,?,?
1006,1518262680.0,41.243343883,-8.5584698,96.2,17.800,76.60,1.0,?,?
1007,1518262681.0,41.243381333,-8.558262033,97.5,17.748,76.50,1.0,?,?
1008,1518262682.0,41.243418317,-8.558055083,98.7,17.748,76.70,1.0,?,?
1009,1518262683.0,41.243455117,-8.5578482,99.8,17.748,76.80,1.0,?,?
1010,1518262684.0,41.24349135,-8.557642383,100.9,17.645,77.20,1.0,?,?
1011,1518262685.0,41.243524883,-8.557438633,101.8,17.594,77.70,1.0,?,?
1012,1518262686.0,41.243558633,-8.557233033,102.7,17.543,77.60,0.8,?,?
1013,1518262687.0,41.243592983,-8.557028533,103.0,17.594,77.20,0.8,?,?
1014,1518262688.0,41.243628417,-8.5568222,103.1,17.800,77.20,0.9,?,?
1015,1518262689.0,41.2436655,-8.556617533,103.3,17.903,77.10,0.9,?,?
1016,1518262690.0,41.243702617,-8.556412683,103.3,17.851,76.90,0.9,?,?
1017,1518262691.0,41.243740217,-8.556205983,102.8,18.057,76.80,0.9,?,?
1018,1518262692.0,41.243779533,-8.555995517,101.9,18.469,76.70,0.9,?,?
1019,1518262693.0,41.243818917,-8.555779767,101.1,18.726,76.80,0.9,?,?
1020,1518262694.0,41.243857717,-8.555564383,100.6,18.469,76.80,0.9,?,?
1021,1518262695.0,41.24389285,-8.555356733,100.5,17.388,76.70,0.9,?,?
1022,1518262696.0,41.243925333,-8.555169767,100.9,15.228,76.30,0.9,?,?
1023,1518262697.0,41.243953533,-8.55501135,101.7,12.501,77.70,0.9,?,?
1024,1518262698.0,41.243961167,-8.554877267,102.4,10.443,87.50,1.1,?,?
1025,1518262699.0,41.243942767,-8.55476145,102.6,9.414,106.90,1.1,?,?
1026,1518262700.0,41.243892967,-8.5546476,102.4,10.546,125.00,1.2,?,?
1027,1518262701.0,41.243844433,-8.554539717,102.6,10.649,120.70,1.0,?,?
1028,1518262702.0,41.243815367,-8.554424717,103.2,10.340,105.40,1.2,?,?
1029,1518262703.0,41.243823583,-8.554305233,103.6,10.546,80.00,1.0,?,?
1030,1518262704.0,41.243870017,-8.554198817,103.7,11.112,55.50,1.1,1.5,1.8
1031,1518262705.0,41.243945583,-8.5541255,104.2,11.215,32.30,1.0,?,?
1032,1518262706.0,41.2440431,-8.55409725,104.3,11.729,8.50,1.0,?,?
1033,1518262707.0,41.24415025,-8.55410625,105.0,12.861,352.80,1.0,?,?
1034,1518262708.0,41.244241317,-8.554162033,105.6,12.347,334.30,1.0,?,?
1035,1518262709.0,41.2442841,-8.55427615,104.8,11.421,302.90,1.0,?,?
1036,1518262710.0,41.24430465,-8.5544052,105.1,11.832,277.80,0.9,?,?
1037,1518262711.0,41.244304533,-8.554530517,105.2,11.987,259.40,0.9,?,?
1038,1518262712.0,41.244266117,-8.554640817,104.5,12.089,238.60,0.9,?,?
1039,1518262713.0,41.24420245,-8.554750833,104.8,12.501,225.40,0.9,?,?
1040,1518262714.0,41.24411555,-8.554826267,104.8,12.089,216.90,0.9,?,?
1041,1518262715.0,41.244043833,-8.55491825,104.3,11.266,222.80,0.9,?,?
1042,1518262716.0,41.243992517,-8.5550453,103.0,12.347,244.70,0.9,?,?
1043,1518262717.0,41.243956167,-8.555195933,102.0,14.302,257.70,0.9,?,?
1044,1518262718.0,41.243920567,-8.555363517,101.0,15.793,259.00,0.9,?,?
1045,1518262719.0,41.243889917,-8.5555534,101.0,16.771,258.60,0.9,?,?
1046,1518262720.0,41.243859467,-8.555751583,101.8,17.285,257.70,0.9,?,?
1047,1518262721.0,41.243826833,-8.55595645,102.7,17.748,256.90,0.9,?,?
1048,1518262722.0,41.243791283,-8.55616725,103.5,18.263,256.60,0.9,?,?
1049,1518262723.0,41.243756267,-8.556383817,104.5,18.777,256.90,0.8,?,?
1050,1518262724.0,41.243717717,-8.55660465,104.7,19.497,257.00,0.8,?,?
1051,1518262725.0,41.24367605,-8.556837183,104.4,20.423,257.10,0.8,?,?
1052,1518262726.0,41.24363205,-8.557076167,103.6,20.475,257.20,0.8,?,?
1053,1518262727.0,41.243585433,-8.55731865,102.5,21.144,256.70,0.8,?,?
1054,1518262728.0,41.243536067,-8.557570067,100.8,22.173,256.80,0.8,?,?
1055,1518262729.0,41.243487317,-8.5578333,99.0,23.099,257.30,0.9,?,?
1056,1518262730.0,41.24343775,-8.55810135,97.3,23.304,257.00,0.9,?,?
1057,1518262731.0,41.243387167,-8.558370717,95.5,23.253,256.60,0.9,?,?
1058,1518262732.0,41.2433385,-8.558643183,93.8,23.510,257.30,0.9,?,?
1059,1518262733.0,41.243291317,-8.558920467,92.3,23.973,257.70,1.0,?,?
1060,1518262734.0,41.243240217,-8.559199817,92.0,24.333,256.80,1.1,1.5,1.8
1061,1518262735.0,41.24318905,-8.559481,93.4,24.333,256.50,1.1,1.5,1.8
1062,1518262736.0,41.243138633,-8.5597629,94.8,24.230,256.60,1.1,1.5,1.8
1063,1518262737.0,41.243092283,-8.5600427,95.8,23.870,257.30,1.0,?,?
1064,1518262738.0,41.2430467,-8.560320117,96.8,23.664,257.30,1.1,?,?
1065,1518262739.0,41.243002217,-8.5605928,98.5,23.459,257.30,1.6,?,?
1066,1518262740.0,41.2429551,-8.560861833,99.9,23.099,256.80,1.7,?,?
1067,1518262741.0,41.242908483,-8.561120683,101.1,22.018,256.60,1.5,?,?
1068,1518262742.0,41.242861383,-8.561367217,102.1,20.784,256.00,1.5,?,?
1069,1518262743.0,41.242818617,-8.56159565,102.8,19.086,255.70,1.5,?,?
1070,1518262744.0,41.242782083,-8.56179975,103.5,16.719,257.20,1.5,?,?
1071,1518262745.0,41.24276035,-8.56196965,104.1,14.044,259.40,1.5,?,?
1072,1518262746.0,41.242760617,-8.562115967,105.4,11.832,268.80,1.5,?,?
1073,1518262747.0,41.24277975,-8.562254017,105.2,11.112,284.90,1.5,?,?
1074,1518262748.0,41.242828867,-8.562373317,106.0,11.369,299.80,1.1,1.5,1.8
1075,1518262749.0,41.242871333,-8.562492667,107.3,11.369,294.80,1.1,?,?
1076,1518262750.0,41.242892767,-8.56261875,108.1,11.318,279.10,1.1,?,?
1077,1518262751.0,41.242870567,-8.562743033,108.5,11.678,255.40,1.0,?,?
1078,1518262752.0,41.242830167,-8.5628671,109.3,12.038,243.00,1.1,?,?
1079,1518262753.0,41.242723633,-8.562898783,109.2,11.524,202.80,1.4,?,?
1080,1518262754.0,41.242634533,-8.562914867,110.0,11.369,180.70,1.4,?,?
1081,1518262755.0,41.24253395,-8.562883317,109.3,12.038,157.70,1.7,2.4,3.0
1082,1518262756.0,41.2424468,-8.562799267,108.5,12.964,136.10,1.2,?,?
1083,1518262757.0,41.24237155,-8.562678633,108.3,14.044,125.30,1.2,?,?
1084,1518262758.0,41.242298333,-8.56256365,108.0,12.810,128.00,1.5,?,?
1085,1518262759.0,41.2422075,-8.5624643,107.8,12.758,144.50,1.5,?,?
1086,1518262760.0,41.242097433,-8.562395767,107.7,13.427,160.70,1.5,?,?
1087,1518262761.0,41.2419776,-8.562353033,108.2,13.993,168.30,1.5,?,?
1088,1518262762.0,41.241851267,-8.56231615,108.3,14.404,169.00,1.5,?,?
1089,1518262763.0,41.241726883,-8.562284667,109.0,14.713,170.10,1.5,?,?
1090,1518262764.0,41.241592267,-8.562260167,109.2,15.125,173.50,1.5,?,?
1091,1518262765.0,41.24145115,-8.562243333,109.3,15.742,176.40,1.5,?,?
1092,1518262766.0,41.24130985,-8.562234583,110.1,16.256,177.80,1.5,?,?
1093,1518262767.0,41.24116555,-8.5622288,110.8,16.462,178.70,1.5,?,?
1094,1518262768.0,41.24102105,-8.562224417,111.4,16.359,179.30,1.1,?,?
1095,1518262769.0,41.240885183,-8.562224133,113.1,15.948,179.50,1.1,?,?
1096,1518262770.0,41.240752983,-8.562223133,115.3,15.639,178.80,1.1,?,?
1097,1518262771.0,41.240619183,-8.562234817,115.6,15.330,181.70,1.2,?,?
1098,1518262772.0,41.240477,-8.5622508,115.8,15.639,187.80,1.2,?,?
1099,1518262773.0,41.240334567,-8.562289517,115.8,16.102,194.90,1.7,?,?
1100,1518262774.0,41.240198883,-8.56235895,115.6,16.411,204.20,1.7,?,?
1101,1518262775.0,41.240071917,-8.56245335,115.7,16.617,214.20,1.4,?,?
1102,1518262776.0,41.239959417,-8.5625769,115.2,16.925,223.50,1.4,?,?
1103,1518262777.0,41.239849883,-8.562729517,114.5,17.954,230.00,1.4,?,?
1104,1518262778.0,41.23974555,-8.5629056,113.8,18.932,234.60,1.4,?,?
1105,1518262779.0,41.2396489,-8.563095817,113.1,19.497,237.80,1.7,?,?
1106,1518262780.0,41.2395619,-8.563294567,112.1,19.446,241.20,1.7,?,?
1107,1518262781.0,41.2394859,-8.563502283,111.0,19.497,245.10,1.7,?,?
1108,1518262782.0,41.239420733,-8.563714367,109.7,19.240,249.00,2.7,5.0,5.7
1109,1518262783.0,41.239367067,-8.56394475,108.3,19.960,253.50,2.7,5.0,5.7
1110,1518262784.0,41.239321133,-8.56417195,107.6,20.012,256.20,3.7,5.6,6.7
1111,1518262785.0,41.239273167,-8.564410967,107.1,20.578,257.20,2.5,1.0,2.7
1112,1518262786.0,41.2391247,-8.564636917,108.6,22.481,242.70,2.5,1.0,2.7
1113,1518262787.0,41.239052467,-8.564881217,109.1,21.607,246.90,4.4,1.0,4.5
1114,1518262788.0,41.238986883,-8.565089533,108.2,20.321,247.60,2.5,1.0,2.7
1115,1518262789.0,41.2389311,-8.5652963,107.2,19.497,248.10,3.1,7.9,8.5
1116,1518262790.0,41.238923567,-8.565407583,104.8,15.639,248.10,3.1,7.9,8.5
1117,1518262791.0,41.23890515,-8.565517783,104.2,11.987,245.60,2.4,?,?
1118,1518262792.0,41.2388753,-8.565625717,103.6,9.877,243.00,2.4,?,?
1119,1518262793.0,41.238852617,-8.565700183,104.1,7.357,236.00,2.4,?,?
1120,1518262794.0,41.238858617,-8.565753767,102.6,4.116,223.10,2.1,?,?
1121,1518262795.0,41.2388261,-8.5657527,101.8,3.858,163.60,2.1,?,?
1122,1518262796.0,41.238810117,-8.565715767,102.5,4.373,119.20,1.9,?,?
1123,1518262797.0,41.238800267,-8.565662833,101.9,5.607,101.10,2.4,?,?
1124,1518262798.0,41.238804133,-8.56560675,101.0,5.916,87.30,2.5,?,?
1125,1518262799.0,41.238853183,-8.565565983,100.2,6.585,52.80,1.9,?,?
1126,1518262800.0,41.238882467,-8.565487217,100.6,7.562,54.80,1.9,?,?
1127,1518262801.0,41.23891535,-8.565395533,100.9,8.797,60.90,2.7,?,?
1128,1518262802.0,41.23895465,-8.5652821,101.5,10.495,65.90,2.9,4.2,5.1
1129,1518262803.0,41.2389971,-8.565159367,102.0,11.626,67.50,1.9,2.7,3.3
1130,1518262804.0,41.2390357,-8.565027267,102.7,12.347,69.60,1.9,2.7,3.3
1131,1518262805.0,41.239077,-8.56488725,103.2,12.861,70.20,1.9,2.7,3.3
1132,1518262806.0,41.239116017,-8.564745733,103.7,12.913,71.20,1.9,2.7,3.3
1133,1518262807.0,41.23915285,-8.564602017,104.1,12.861,72.40,5.4,1.0,5.5
1134,1518262811.0,41.2391846,-8.5644583,103.8,?,?,7.3,1.0,7.3
1135,1518262812.0,41.239301733,-8.563866967,105.0,12.758,74.80,9.6,1.0,9.6
1136,1518262813.0,41.239307017,-8.56368465,104.4,12.810,73.80,9.6,1.0,9.6
1137,1518262814.0,41.239327567,-8.563548333,103.8,12.141,67.00,9.6,1.0,9.6
1138,1518262815.0,41.239382683,-8.5634401,103.8,11.781,58.00,9.6,1.0,9.6
1139,1518262816.0,41.239658183,-8.562954833,107.8,18.366,51.80,5.4,?,?
1140,1518262817.0,41.239784117,-8.5627971,107.7,18.829,43.90,9.6,?,?
1141,1518262818.0,41.2400318,-8.562438983,109.6,18.160,35.70,2.9,?,?
1142,1518262819.0,41.24019625,-8.56230505,110.1,18.160,26.40,3.5,5.5,6.6
1143,1518262820.0,41.2403596,-8.56220975,110.8,18.829,19.70,2.5,1.0,2.7
1144,1518262821.0,41.2405416,-8.562154933,110.9,20.578,12.10,9.6,1.0,9.6
1145,1518262822.0,41.240702433,-8.5621353,111.0,20.629,1.40,9.4,1.0,9.5
1146,1518262823.0,41.240883417,-8.562135533,110.2,20.629,358.50,9.4,1.0,9.5
1147,1518262824.0,41.241064133,-8.562140067,109.2,20.423,358.10,9.4,1.0,9.5
1148,1518262825.0,41.241227167,-8.562167067,108.4,19.909,357.80,2.9,?,?
1149,1518262826.0,41.241413767,-8.56218765,108.0,19.549,357.90,3.1,?,?
1150,1518262827.0,41.241589617,-8.562206367,107.5,19.034,356.00,1.7,?,?
1151,1518262828.0,41.241755917,-8.562257967,106.9,17.697,349.80,2.9,?,?
1152,1518262829.0,41.241906433,-8.562302633,106.8,15.999,344.00,2.7,?,?
1153,1518262830.0,41.242050233,-8.562361783,107.5,14.456,341.00,2.7,?,?
1154,1518262831.0,41.242167267,-8.562405233,107.2,12.861,343.60,2.7,?,?
1155,1518262832.0,41.242269583,-8.56240935,106.9,10.958,0.00,1.5,?,?
1156,1518262833.0,41.242386767,-8.562379217,107.5,11.318,16.60,1.5,?,?
1157,1518262834.0,41.24248375,-8.562323767,107.1,12.089,26.10,1.7,2.5,3.0
1158,1518262835.0,41.24257365,-8.562242567,106.6,13.067,34.50,1.1,1.5,1.8
1159,1518262836.0,41.242653083,-8.5621457,107.0,13.015,45.90,1.1,1.5,1.8
1160,1518262837.0,41.242719017,-8.5620227,106.4,13.530,59.70,1.1,1.5,1.8
1161,1518262838.0,41.242758867,-8.561861117,106.7,14.559,74.40,1.0,?,?
1162,1518262839.0,41.242790017,-8.561680083,106.4,15.742,80.80,1.0,?,?
1163,1518262840.0,41.242818983,-8.561492683,105.5,17.080,80.60,1.1,?,?
1164,1518262841.0,41.2428513,-8.561287317,104.6,18.366,79.20,1.0,?,?
1165,1518262842.0,41.242887683,-8.5610645,103.9,19.652,77.80,1.3,?,?
1166,1518262843.0,41.242929017,-8.56082735,103.0,20.989,77.10,1.0,?,?
1167,1518262844.0,41.24297295,-8.56057695,102.2,22.121,77.00,1.3,?,?
1168,1518262845.0,41.243018283,-8.560316533,101.1,22.893,76.80,1.3,?,?
1169,1518262846.0,41.24306525,-8.560044017,99.4,23.767,77.00,1.3,?,?
1170,1518262847.0,41.243119867,-8.5597625,97.6,24.436,76.80,1.1,?,?
1171,1518262848.0,41.243177183,-8.55947635,96.8,24.693,77.10,1.0,?,?
1172,1518262849.0,41.243232033,-8.559188533,94.7,24.899,77.30,0.8,?,?
1173,1518262850.0,41.243284717,-8.558896883,94.6,25.002,77.10,0.8,?,?
1174,1518262851.0,41.243328967,-8.558608283,96.5,24.642,76.70,0.8,?,?
1175,1518262852.0,41.243377483,-8.55832435,97.8,24.127,76.60,1.0,?,?
1176,1518262853.0,41.243424217,-8.558045583,99.2,23.767,76.60,1.0,?,?
1177,1518262854.0,41.243466517,-8.557767467,99.4,23.459,77.00,1.0,?,?
1178,1518262855.0,41.2435125,-8.557497383,100.7,23.099,77.30,1.0,?,?
1179,1518262856.0,41.243557,-8.557231033,102.0,22.841,77.50,1.0,?,?
1180,1518262857.0,41.243601883,-8.556965167,102.4,22.738,77.40,0.8,?,?
1181,1518262858.0,41.243648933,-8.5566996,102.1,22.790,77.20,0.9,?,?
1182,1518262859.0,41.2436971,-8.556433383,101.8,22.944,76.90,0.8,?,?
1183,1518262860.0,41.243746783,-8.556168867,101.1,23.150,76.80,0.9,?,?
1184,1518262861.0,41.24379685,-8.55590295,100.2,23.099,76.50,0.8,?,?
1185,1518262862.0,41.243845717,-8.555643333,99.3,22.224,76.50,0.8,?,?
1186,1518262863.0,41.243888433,-8.55540135,98.9,20.012,76.80,0.8,?,?
1187,1518262864.0,41.243924933,-8.555190267,99.2,16.874,77.20,0.9,?,?
1188,1518262865.0,41.243954083,-8.55501865,99.9,13.273,78.70,0.8,?,?
1189,1518262866.0,41.243967333,-8.5548839,100.3,10.340,87.40,0.8,?,?
1190,1518262867.0,41.243949017,-8.5547667,101.2,9.466,104.70,1.0,?,?
1191,1518262868.0,41.243896467,-8.554654733,102.2,10.237,124.80,1.0,?,?
1192,1518262869.0,41.243843783,-8.554553533,102.6,10.495,122.70,1.0,?,?
1193,1518262870.0,41.243811983,-8.554440733,103.2,10.340,105.80,1.0,?,?
1194,1518262871.0,41.243812733,-8.5543253,103.7,10.186,84.10,1.0,?,?
1195,1518262872.0,41.2438552,-8.554217883,103.9,10.752,58.40,1.0,?,?
1196,1518262873.0,41.2439249,-8.554135017,104.5,11.061,38.60,1.0,?,?
1197,1518262874.0,41.244017867,-8.554095917,104.8,11.266,13.80,1.1,1.5,1.8
1198,1518262875.0,41.244120383,-8.5540953,104.9,12.192,355.80,1.1,1.5,1.8
1199,1518262876.0,41.24420485,-8.55414795,106.3,11.781,335.60,1.0,?,?
1200,1518262877.0,41.24427115,-8.554245483,106.5,11.421,311.40,0.9,?,?
1201,1518262878.0,41.244304133,-8.554375333,107.2,11.884,282.50,1.0,?,?
1202,1518262879.0,41.24430105,-8.554511683,107.7,12.655,261.80,1.0,?,?
1203,1518262880.0,41.244260017,-8.554641117,107.9,12.758,243.80,1.3,?,?
1204,1518262881.0,41.2441742,-8.554729267,107.9,13.015,220.70,1.0,?,?
1205,1518262882.0,41.244078083,-8.554810367,107.7,13.324,214.70,1.0,?,?
1206,1518262883.0,41.244020283,-8.5549209,108.3,12.655,234.30,0.8,?,?
1207,1518262884.0,41.24396865,-8.555066417,106.4,14.250,249.10,0.9,?,?
1208,1518262885.0,41.243924867,-8.555241783,104.1,15.948,258.60,0.9,?,?
1209,1518262886.0,41.24388625,-8.5554305,102.8,17.337,259.30,0.9,?,?
1210,1518262887.0,41.243852317,-8.5556347,102.6,18.108,258.30,0.9,?,?
1211,1518262888.0,41.243815117,-8.555849217,102.6,18.623,257.00,0.9,?,?
1212,1518262889.0,41.24377735,-8.556069617,102.9,19.034,256.80,0.8,?,?
1213,1518262890.0,41.243736,-8.556290083,103.2,19.086,256.70,0.8,?,?
1214,1518262891.0,41.243695217,-8.5565132,103.0,19.395,256.90,0.8,?,?
1215,1518262892.0,41.243653383,-8.556744483,102.4,20.115,257.00,0.8,?,?
1216,1518262893.0,41.243611267,-8.556983933,102.0,20.835,257.10,0.8,?,?
1217,1518262894.0,41.243567817,-8.557233467,101.1,21.658,257.20,0.8,?,?
1218,1518262895.0,41.243524467,-8.5574948,99.5,22.636,257.30,0.8,?,?
1219,1518262896.0,41.243479383,-8.557769817,97.9,23.767,257.00,0.8,?,?
1220,1518262897.0,41.24343015,-8.558049833,96.4,24.127,256.50,0.8,?,?
1221,1518262898.0,41.243380467,-8.558330033,94.9,24.230,256.70,0.8,?,?
1222,1518262899.0,41.243331833,-8.5586173,93.4,24.899,257.50,0.9,?,?
1223,1518262900.0,41.243281967,-8.55891425,91.9,25.774,257.70,0.9,?,?
1224,1518262901.0,41.2432307,-8.559215717,91.4,26.134,257.80,0.9,?,?
1225,1518262902.0,41.243178033,-8.55951525,92.9,26.082,256.80,0.9,?,?
1226,1518262903.0,41.243123983,-8.559813467,94.7,25.979,256.10,0.9,?,?
1227,1518262904.0,41.243075033,-8.5601096,95.7,25.311,257.20,0.8,?,?
1228,1518262905.0,41.243025383,-8.560404083,96.9,25.053,257.10,1.0,?,?
1229,1518262906.0,41.24297645,-8.560697283,98.1,24.796,257.40,1.0,?,?
1230,1518262907.0,41.2429264,-8.5609817,99.5,24.385,257.00,1.1,?,?
1231,1518262908.0,41.24287605,-8.561254333,100.9,23.459,256.20,1.0,?,?
1232,1518262909.0,41.242831017,-8.5615063,102.2,21.452,255.90,1.0,?,?
1233,1518262910.0,41.24279555,-8.561728383,103.3,18.777,256.90,1.0,?,?
1234,1518262911.0,41.2427685,-8.561906633,104.3,14.970,258.60,1.4,?,?
1235,1518262912.0,41.24275495,-8.56206315,104.7,12.141,265.10,1.5,?,?
1236,1518262913.0,41.242776117,-8.562208683,105.9,11.112,283.00,1.5,?,?
1237,1518262914.0,41.242813833,-8.562332683,106.3,11.266,298.80,1.5,?,?
1238,1518262915.0,41.2428628,-8.562449167,106.2,11.421,304.00,1.5,?,?
1239,1518262916.0,41.242885267,-8.56257155,106.1,10.803,286.30,1.0,?,?
1240,1518262917.0,41.242878417,-8.56269945,107.3,11.472,263.30,1.0,?,?
1241,1518262918.0,41.242838433,-8.56281605,107.5,11.781,243.30,1.0,?,?
1242,1518262919.0,41.242763417,-8.56290375,108.1,11.987,222.50,1.6,?,?
1243,1518262920.0,41.24266035,-8.562917183,109.3,12.089,188.80,1.8,?,?
1244,1518262921.0,41.242556333,-8.562896733,109.6,12.758,165.80,1.9,?,?
1245,1518262922.0,41.242466633,-8.562821883,109.3,13.376,141.30,1.9,?,?
1246,1518262923.0,41.242384917,-8.5626972,109.0,15.228,125.60,2.2,?,?
1247,1518262924.0,41.242300633,-8.562557067,108.2,16.359,125.60,2.2,?,?
1248,1518262925.0,41.24218375,-8.562412183,106.8,18.160,135.90,2.2,?,?
1249,1518262926.0,41.24203515,-8.562268733,104.0,20.835,144.30,2.6,?,?
1250,1518262927.0,41.241909767,-8.56222475,104.3,19.189,157.10,2.6,?,?
1251,1518262928.0,41.241759017,-8.5621606,104.2,18.932,161.90,2.6,?,?
1252,1518262929.0,41.241639733,-8.562166967,104.3,16.051,171.80,2.8,?,?
1253,1518262930.0,41.24150945,-8.562160517,104.4,15.742,175.00,2.1,?,?
1254,1518262931.0,41.241374,-8.5621666,104.4,16.462,177.10,1.6,?,?
1255,1518262932.0,41.24123435,-8.562176283,104.8,16.771,178.80,1.5,?,?
1256,1518262933.0,41.2410953,-8.56220725,104.9,17.182,180.30,1.5,?,?
1257,1518262934.0,41.240944267,-8.56221515,105.1,17.388,180.30,2.1,?,?
1258,1518262935.0,41.240789683,-8.562215217,105.3,17.337,179.10,1.5,?,?
1259,1518262936.0,41.240638183,-8.56221485,107.9,17.131,178.80,1.5,?,?
1260,1518262937.0,41.240493983,-8.5622343,106.9,16.514,183.20,1.1,?,?
1261,1518262938.0,41.240354817,-8.562265017,108.2,16.874,189.80,1.5,?,?
1262,1518262939.0,41.240215017,-8.56232505,109.1,17.285,199.30,1.8,?,?
1263,1518262940.0,41.240080817,-8.5624152,110.1,17.491,208.90,2.0,?,?
1264,1518262941.0,41.2399597,-8.562534717,111.2,17.645,220.00,1.4,?,?
1265,1518262942.0,41.23985505,-8.562685217,112.1,17.954,229.20,1.4,?,?
1266,1518262943.0,41.239760733,-8.562855767,112.6,18.366,234.10,1.4,?,?
1267,1518262944.0,41.239666683,-8.563035233,112.3,18.623,235.80,1.4,?,?
1268,1518262945.0,41.23957795,-8.563226517,111.5,19.086,238.80,1.8,?,?
1269,1518262946.0,41.239497333,-8.5634314,110.4,19.652,243.30,1.8,?,?
1270,1518262947.0,41.2394281,-8.563650283,109.2,20.166,248.40,2.9,5.1,5.9
1271,1518262948.0,41.239369067,-8.5638827,108.8,20.732,252.20,1.8,2.5,3.1
1272,1518262952.0,41.239316633,-8.564123733,107.4,?,?,2.9,5.1,5.9
1273,1518262953.0,41.239146767,-8.565144967,109.0,21.915,261.30,10.0,1.0,10.1
1274,1518262954.0,41.239115567,-8.565403567,109.5,21.967,262.40,10.0,1.0,10.1
1275,1518262955.0,41.2389721,-8.565390467,107.2,15.022,246.70,5.0,?,?
1276,1518262956.0,41.238908567,-8.56552945,106.6,12.501,241.50,5.0,?,?
1277,1518262957.0,41.238861183,-8.565631283,106.2,9.311,235.60,5.0,?,?
1278,1518262958.0,41.23882645,-8.56569475,106.1,6.225,223.10,6.9,?,?
1279,1518262959.0,41.238895733,-8.5657337,106.8,1.440,244.10,3.9,?,?
1280,1518262960.0,41.2388854,-8.565737133,105.9,0.360,96.30,2.1,?,?
1281,1518262961.0,41.238890867,-8.565730583,107.2,0.412,71.50,1.8,?,?
1282,1518262962.0,41.238898883,-8.565718183,109.5,0.206,77.00,1.8,?,?
1283,1518262963.0,41.238903117,-8.56570505,111.3,0.206,76.10,1.8,?,?
1284,1518262964.0,41.2389063,-8.565694783,112.7,0.206,69.80,1.8,?,?
1285,1518262965.0,41.2389087,-8.565689183,113.6,0.206,69.60,1.7,?,?
1286,1518262966.0,41.238910317,-8.565683333,114.4,0.206,65.00,1.7,?,?
1287,1518262967.0,41.2389074,-8.565674133,115.2,0.257,200.50,1.7,?,?
1288,1518262968.0,41.238885783,-8.56568065,116.0,2.881,195.50,1.7,?,?
1289,1518262969.0,41.238856333,-8.5656736,116.2,3.395,154.70,1.5,?,?
1290,1518262970.0,41.2388366,-8.565646783,114.2,4.476,97.60,1.7,?,?
1291,1518262971.0,41.238847117,-8.5656208,113.5,4.064,68.30,1.6,?,?
1292,1518262972.0,41.238861817,-8.565574583,111.5,5.247,56.80,1.6,?,?
1293,1518262973.0,41.23888405,-8.5655162,109.6,6.328,55.40,1.6,?,?
1294,1518262974.0,41.23891825,-8.565443067,108.5,7.665,56.20,2.8,4.2,5.0
1295,1518262975.0,41.2389466,-8.565353483,107.7,8.643,62.00,2.8,4.2,5.0
1296,1518262976.0,41.238971267,-8.5652369,107.6,10.237,70.10,2.5,?,?
1297,1518262977.0,41.23899795,-8.565102467,106.4,11.935,74.60,2.5,?,?
1298,1518262978.0,41.239006333,-8.564961083,104.6,12.913,80.80,2.5,?,?
1299,1518262979.0,41.239018967,-8.564813083,102.3,13.530,82.40,2.5,?,?
1300,1518262980.0,41.239004517,-8.5646546,99.1,13.993,88.20,2.5,?,?
1301,1518262994.0,41.238987817,-8.564508733,95.8,?,?,11.0,?,?
1302,1518262995.0,41.236789967,-8.561530717,60.5,23.510,6.60,28.5,0.1,28.5
1303,1518262996.0,41.23726995,-8.5615536,60.5,22.584,3.60,28.5,0.1,28.5
1304,1518262997.0,41.23758585,-8.561557333,60.5,27.883,358.80,28.5,0.1,28.5
1305,1518262998.0,41.240954067,-8.562158617,109.8,19.549,0.00,2.7,4.2,5.0
1306,1518262999.0,41.241132883,-8.562164917,109.2,19.652,358.70,2.7,4.2,5.0
1307,1518263000.0,41.241307883,-8.562171133,108.4,19.703,358.70,2.7,4.2,5.0
1308,1518263001.0,41.241482217,-8.562179383,108.0,19.652,358.30,2.7,4.2,5.0
1309,1518263002.0,41.241654933,-8.562192567,107.7,19.652,357.20,2.7,4.2,5.0
1310,1518263003.0,41.241811017,-8.56223525,107.6,18.520,351.10,2.7,4.2,5.0
1311,1518263004.0,41.241947783,-8.562299983,108.9,17.080,345.40,2.5,?,?
1312,1518263005.0,41.242072067,-8.562367,109.7,15.176,341.20,2.5,?,?
1313,1518263006.0,41.24217615,-8.562406567,109.2,12.450,345.10,1.6,?,?
1314,1518263007.0,41.242284533,-8.56239875,111.8,11.678,5.00,1.6,?,?
1315,1518263008.0,41.242383533,-8.5623827,107.8,11.626,15.00,1.8,2.6,3.1
1316,1518263009.0,41.242484983,-8.5623251,107.1,12.604,26.50,1.8,2.6,3.1
1317,1518263010.0,41.24257955,-8.562237817,107.0,13.273,37.30,1.8,2.6,3.1
1318,1518263011.0,41.242659867,-8.5621305,107.3,13.684,48.40,1.8,2.6,3.1
1319,1518263012.0,41.242723267,-8.561992183,106.8,14.044,62.00,1.1,1.4,1.8
1320,1518263013.0,41.2427628,-8.561825483,106.5,15.022,75.60,1.1,1.4,1.8
1321,1518263014.0,41.242793583,-8.561641083,106.0,16.256,79.80,1.1,1.4,1.8
1322,1518263015.0,41.2428194,-8.5614423,105.6,17.491,80.70,1.0,?,?
1323,1518263016.0,41.2428452,-8.561227683,105.1,18.777,81.20,1.5,?,?
1324,1518263017.0,41.2428758,-8.560997367,104.5,20.115,80.50,1.5,?,?
1325,1518263018.0,41.242913,-8.5607518,103.5,21.555,79.40,1.5,?,?
1326,1518263019.0,41.242954417,-8.560492967,102.5,22.687,78.50,1.8,?,?
1327,1518263020.0,41.242998933,-8.560232033,101.2,22.738,77.30,1.8,?,?
1328,1518263021.0,41.243044517,-8.559968383,99.4,22.790,77.10,1.8,?,?
1329,1518263022.0,41.243093383,-8.559693133,98.5,23.562,76.90,1.2,?,?
1330,1518263023.0,41.2431448,-8.559411633,97.2,24.436,77.00,1.2,?,?
1331,1518263024.0,41.243223517,-8.55912575,95.8,25.259,76.90,0.9,?,?
1332,1518263025.0,41.243254983,-8.558828867,99.0,25.208,77.70,0.9,?,?
1333,1518263026.0,41.243304617,-8.558536883,99.4,25.053,76.50,1.0,?,?
1334,1518263027.0,41.243356283,-8.5582487,99.8,24.693,76.70,1.2,1.5,1.9
1335,1518263028.0,41.24340535,-8.557963183,100.4,24.590,77.10,1.2,1.5,1.9
1336,1518263029.0,41.243456383,-8.557678533,101.8,24.333,77.30,1.1,1.4,1.8
1337,1518263030.0,41.243506817,-8.557395483,103.7,24.179,77.30,1.0,?,?
1338,1518263031.0,41.243553317,-8.5571122,105.3,24.025,77.60,1.0,?,?
1339,1518263032.0,41.243602017,-8.556828367,105.5,24.127,77.50,0.9,?,?
1340,1518263033.0,41.243652617,-8.5565445,105.0,24.333,77.20,0.9,?,?
1341,1518263034.0,41.2437052,-8.556260967,104.2,24.385,76.80,1.0,?,?
1342,1518263035.0,41.243759267,-8.55597975,102.9,24.230,76.00,0.9,?,?
1343,1518263036.0,41.243813217,-8.555704233,101.8,23.562,75.60,0.9,?,?
1344,1518263037.0,41.24386315,-8.555443767,101.0,21.812,76.20,0.8,?,?
1345,1518263038.0,41.243904683,-8.555219617,101.9,18.211,76.80,0.9,?,?
1346,1518263039.0,41.243937033,-8.5550344,103.3,14.662,78.20,1.1,?,?
1347,1518263040.0,41.243951133,-8.554880383,103.4,12.038,88.30,1.0,?,?
1348,1518263041.0,41.243930017,-8.554745383,103.1,11.524,107.00,1.0,?,?
1349,1518263042.0,41.243871383,-8.554598333,102.8,13.633,122.70,0.9,?,?
1350,1518263043.0,41.2437989,-8.55445595,102.5,14.765,126.70,0.9,?,?
1351,1518263044.0,41.2437099,-8.554329533,102.1,14.507,138.40,0.9,?,?
1352,1518263045.0,41.243596467,-8.554237717,101.6,14.919,156.10,0.9,?,?
1353,1518263046.0,41.243465417,-8.554182833,101.5,15.845,167.30,1.0,?,?
1354,1518263047.0,41.243326183,-8.554142933,101.8,16.411,170.00,1.0,?,?
1355,1518263048.0,41.243186833,-8.55410485,101.9,16.051,169.10,0.8,?,?
1356,1518263049.0,41.24305495,-8.5540686,102.0,14.765,168.40,1.1,?,?
1357,1518263050.0,41.24294165,-8.55403715,102.1,12.295,168.30,1.5,?,?
1358,1518263051.0,41.242852633,-8.554008467,102.0,9.311,165.80,1.5,?,?
1359,1518263052.0,41.242785933,-8.553958683,102.2,8.025,141.50,1.5,?,?
1360,1518263053.0,41.242744717,-8.553874567,102.9,9.003,112.30,1.5,?,?
1361,1518263054.0,41.242728683,-8.553760933,104.0,10.752,94.00,2.1,?,?
1362,1518263055.0,41.24273285,-8.553639283,105.9,11.266,85.10,2.1,?,?
1363,1518263056.0,41.24273325,-8.553495117,105.8,12.244,83.60,2.2,?,?
1364,1518263057.0,41.242739633,-8.553352367,105.5,12.552,82.20,2.1,?,?
1365,1518263058.0,41.242736883,-8.553204983,106.8,12.192,86.00,2.1,?,?
1366,1518263059.0,41.2427302,-8.55307465,108.3,10.546,90.50,2.1,?,?
1367,1518263060.0,41.2427183,-8.552973717,109.3,7.922,94.50,2.1,?,?
1368,1518263061.0,41.2427116,-8.552891433,109.6,6.328,95.30,2.1,?,?
1369,1518263062.0,41.24270165,-8.5528049,111.6,6.791,102.50,1.5,?,?
1370,1518263063.0,41.24268855,-8.55270705,113.2,8.077,102.50,1.5,?,?
1371,1518263064.0,41.2426689,-8.552608533,114.1,8.591,103.30,1.5,?,?
1372,1518263065.0,41.242645933,-8.5525152,115.1,8.231,104.40,1.5,?,?
1373,1518263066.0,41.242625317,-8.552441183,115.9,6.533,104.20,1.5,?,?
1374,1518263067.0,41.24260575,-8.55238345,116.3,4.784,107.20,1.5,?,?
1375,1518263068.0,41.2425915,-8.552340133,116.4,3.292,111.10,1.5,?,?
1376,1518263069.0,41.242582633,-8.55231345,116.3,2.006,111.60,1.5,?,?
1377,1518263070.0,41.242576067,-8.552299233,115.6,0.720,112.20,1.6,?,?
1378,1518263071.0,41.242567767,-8.5522893,113.8,0.103,270.00,1.6,?,?
1379,1518263072.0,41.242563667,-8.552290367,112.3,0.514,288.90,1.6,?,?
1380,1518263073.0,41.242563333,-8.55229035,111.9,0.257,104.00,1.4,?,?
1381,1518263074.0,41.242561317,-8.5522816,111.8,1.132,113.70,1.4,?,?
1382,1518263075.0,41.242558933,-8.5522732,111.8,1.132,119.10,1.6,?,?
1383,1518263076.0,41.242552817,-8.5522551,112.0,2.109,116.20,1.6,?,?
1384,1518263077.0,41.24254525,-8.5522345,112.1,2.212,118.70,1.6,?,?
1385,1518263078.0,41.242540417,-8.55221305,112.4,2.006,115.20,0.9,?,?
1386,1518263079.0,41.242538817,-8.552193833,113.5,1.543,114.30,0.9,?,?
1387,1518263080.0,41.2425337,-8.552174833,114.2,1.852,114.00,0.9,?,?
1388,1518263081.0,41.242521933,-8.5521465,114.8,3.035,119.30,0.9,?,?
1389,1518263082.0,41.24250625,-8.5521118,115.1,3.858,121.20,0.9,?,?
1390,1518263083.0,41.24248125,-8.552069583,116.8,5.453,130.30,1.1,?,?
1391,1518263084.0,41.242450267,-8.5520145,118.5,6.533,129.00,1.5,?,?
1392,1518263085.0,41.242417617,-8.5519593,119.3,6.533,129.10,1.5,?,?
1393,1518263086.0,41.242381417,-8.55190155,119.9,6.688,127.70,1.5,?,?
1394,1518263087.0,41.242345433,-8.55183525,120.3,7.202,126.60,1.5,?,?
1395,1518263088.0,41.242305033,-8.5517617,120.7,7.871,126.40,1.5,?,?
1396,1518263089.0,41.242268333,-8.5516842,120.7,7.820,123.80,1.3,?,?
1397,1518263090.0,41.242236533,-8.5516008,120.9,8.025,116.40,1.3,?,?
1398,1518263091.0,41.242206867,-8.55150925,121.4,8.540,110.90,1.3,?,?
1399,1518263092.0,41.2421791,-8.551410017,122.0,9.106,108.00,1.3,?,?
1400,1518263093.0,41.24215315,-8.551304167,122.4,9.466,106.20,1.5,?,?
1401,1518263094.0,41.242130117,-8.5511932,123.5,9.723,104.30,1.5,?,?
1402,1518263095.0,41.2421072,-8.551080667,125.8,9.774,103.00,1.5,?,?
1403,1518263096.0,41.242080217,-8.55096625,127.1,9.980,103.90,1.5,?,?
1404,1518263097.0,41.242050433,-8.550847733,128.0,10.392,105.00,1.5,?,?
1405,1518263098.0,41.242024017,-8.550725383,129.2,10.803,105.00,1.5,?,?
1406,1518263099.0,41.2420015,-8.550599983,130.7,10.855,103.40,1.5,?,?
1407,1518263100.0,41.241999867,-8.550464883,129.8,11.112,98.20,1.5,?,?
1408,1518263101.0,41.241985183,-8.550322383,129.5,11.884,96.90,1.5,?,?
1409,1518263102.0,41.2419601,-8.550180567,130.6,12.604,101.50,1.8,3.0,3.5
1410,1518263103.0,41.241949217,-8.5500115,131.6,14.250,103.70,1.8,3.0,3.5
1411,1518263104.0,41.24191735,-8.549844117,131.0,15.228,105.20,1.8,3.0,3.5
1412,1518263105.0,41.24187985,-8.549658083,131.5,16.205,105.00,1.7,2.6,3.1
1413,1518263106.0,41.241846867,-8.54946115,131.8,16.977,103.50,1.5,?,?
1414,1518263107.0,41.241814717,-8.5492658,131.8,16.565,103.30,1.5,?,?
1415,1518263108.0,41.24177455,-8.549082067,134.1,15.845,102.60,1.5,?,?
1416,1518263109.0,41.241743933,-8.548911733,135.2,14.353,101.10,1.5,?,?
1417,1518263110.0,41.241720133,-8.548753283,136.5,13.067,100.80,1.5,?,?
1418,1518263111.0,41.241704433,-8.548599117,139.4,11.884,102.10,1.5,?,?
1419,1518263112.0,41.241676683,-8.548468367,140.0,10.958,105.30,1.5,?,?
1420,1518263113.0,41.241646317,-8.548353683,140.2,10.237,108.90,1.5,?,?
1421,1518263114.0,41.241617783,-8.5482506,140.2,9.311,109.90,1.5,?,?
1422,1518263115.0,41.241593967,-8.5481635,138.9,7.614,108.50,1.5,?,?
1423,1518263116.0,41.241579133,-8.548093033,138.2,5.556,104.50,1.5,?,?
1424,1518263117.0,41.2415671,-8.548045733,137.8,3.292,106.90,1.5,?,?
1425,1518263118.0,41.241558633,-8.548022367,137.7,1.338,115.50,1.5,?,?
1426,1518263119.0,41.2415449,-8.548007817,137.4,1.389,137.40,1.5,?,?
1427,1518263120.0,41.2415216,-8.5479917,137.8,2.829,154.80,1.5,?,?
1428,1518263121.0,41.2414847,-8.547972317,137.7,4.733,162.50,1.6,?,?
1429,1518263122.0,41.24143455,-8.547958617,137.6,6.225,170.50,1.6,?,?
1430,1518263123.0,41.24138235,-8.547952967,137.8,6.379,175.90,1.5,?,?
1431,1518263124.0,41.241323783,-8.547956333,137.9,6.688,185.00,1.5,?,?
1432,1518263125.0,41.241266,-8.54797215,139.6,7.717,188.90,1.3,?,?
1433,1518263126.0,41.2411926,-8.54798775,140.8,8.746,189.90,1.3,?,?
1434,1518263127.0,41.2411104,-8.548007,142.0,9.774,191.00,1.3,?,?
1435,1518263128.0,41.241018083,-8.54802475,143.0,10.803,192.20,1.5,?,?
1436,1518263129.0,41.240919617,-8.54805185,143.4,11.626,190.70,1.5,?,?
1437,1518263130.0,41.240812633,-8.5480752,143.7,12.604,188.70,1.5,?,?
1438,1518263131.0,41.240704367,-8.548090883,144.1,12.552,184.90,1.5,?,?
1439,1518263132.0,41.2405891,-8.54809235,144.4,12.810,178.90,1.5,?,?
1440,1518263133.0,41.240471417,-8.548076333,144.8,13.324,173.00,1.6,?,?
1441,1518263134.0,41.240341267,-8.548054133,144.4,14.147,169.40,1.5,?,?
1442,1518263135.0,41.240205817,-8.54802705,143.9,15.073,169.20,1.5,?,?
1443,1518263136.0,41.240063783,-8.547990717,143.4,16.514,168.40,1.7,?,?
1444,1518263137.0,41.239915883,-8.54795535,142.2,17.594,170.10,1.8,3.0,3.5
1445,1518263138.0,41.239752867,-8.547915633,140.6,18.880,170.30,1.8,3.0,3.5
1446,1518263139.0,41.239583283,-8.54787445,139.0,19.497,169.90,1.8,3.0,3.5
1447,1518263140.0,41.2394086,-8.547826683,138.7,20.321,167.90,1.8,3.0,3.5
1448,1518263141.0,41.239227483,-8.547783833,138.0,20.886,169.20,1.9,3.0,3.6
1449,1518263142.0,41.239047567,-8.54773435,140.1,21.247,170.30,1.3,?,?
1450,1518263143.0,41.238863033,-8.54769135,141.4,21.761,170.50,1.1,?,?
1451,1518263144.0,41.238674117,-8.5476463,141.7,21.658,170.00,1.2,?,?
1452,1518263145.0,41.238482933,-8.5475997,141.2,21.555,169.90,1.2,?,?
1453,1518263146.0,41.238291533,-8.547549283,141.0,21.401,169.00,1.2,?,?
1454,1518263147.0,41.238103067,-8.547501667,140.5,21.041,169.70,1.8,2.6,3.2
1455,1518263148.0,41.23791615,-8.54745515,140.0,20.784,169.80,1.8,2.6,3.2
1456,1518263149.0,41.237733883,-8.547409467,139.5,20.321,169.60,1.8,2.6,3.2
1457,1518263150.0,41.237559533,-8.547368267,139.0,?,?,1.8,3.0,3.5
1458,1518263151.0,41.237393133,-8.547334,138.2,18.314,171.40,1.8,2.6,3.2
1459,1518263152.0,41.23723865,-8.547302133,137.5,16.925,171.30,1.8,2.6,3.2
1460,1518263153.0,41.237102667,-8.54725785,136.9,15.279,163.30,1.5,?,?
1461,1518263154.0,41.2369839,-8.547187517,136.7,14.559,150.00,1.5,?,?
1462,1518263155.0,41.2368895,-8.547080983,136.6,14.765,133.60,1.1,?,?
1463,1518263156.0,41.236815567,-8.54693845,135.7,15.125,118.80,1.1,?,?
1464,1518263157.0,41.23676755,-8.546771333,135.1,15.485,106.60,1.1,?,?
1465,1518263158.0,41.2367281,-8.546593883,133.9,15.691,102.90,1.2,?,?
1466,1518263159.0,41.236690083,-8.54641405,132.8,15.845,104.40,1.5,?,?
1467,1518263160.0,41.2366506,-8.546231067,131.5,16.154,105.80,1.5,?,?
1468,1518263161.0,41.236610317,-8.546045633,130.3,16.359,106.20,1.5,?,?
1469,1518263162.0,41.23656945,-8.545859417,129.4,16.462,106.40,1.5,?,?
1470,1518263163.0,41.2365284,-8.545671683,128.8,16.617,106.00,1.5,?,?
1471,1518263164.0,41.236487383,-8.545481517,128.2,16.668,106.00,1.5,?,?
1472,1518263165.0,41.2364441,-8.545293883,127.8,16.462,106.60,1.5,?,?
1473,1518263166.0,41.236405283,-8.5451085,127.6,15.793,106.30,1.5,?,?
1474,1518263167.0,41.2363644,-8.544937967,127.0,14.610,106.80,1.8,2.6,3.2
1475,1518263168.0,41.236333467,-8.54478235,127.2,13.015,106.40,1.8,2.6,3.2
1476,1518263169.0,41.236302233,-8.544646317,127.3,11.112,107.30,1.8,2.6,3.2
1477,1518263170.0,41.236267317,-8.544538267,126.8,8.951,111.80,1.5,?,?
1478,1518263171.0,41.23624045,-8.544459833,126.7,6.122,113.90,1.5,?,?
1479,1518263172.0,41.236218583,-8.544409783,126.1,3.601,116.50,1.5,?,?
1480,1518263173.0,41.23620575,-8.544377983,125.4,2.006,114.10,1.5,?,?
1481,1518263174.0,41.236195133,-8.544360633,124.6,0.823,98.20,1.5,?,?
1482,1518263175.0,41.236195067,-8.544352,124.0,0.103,310.40,1.5,?,?
1483,1518263176.0,41.236192383,-8.54434725,123.1,0.206,261.70,1.5,?,?
1484,1518263177.0,41.236187,-8.54434515,122.0,0.154,193.70,1.5,?,?
1485,1518263178.0,41.236183783,-8.544345533,121.3,0.051,214.70,1.0,?,?
1486,1518263179.0,41.236180467,-8.54434625,120.7,0.103,190.20,1.0,?,?
1487,1518263180.0,41.236178067,-8.5443467,120.3,0.051,180.60,1.0,?,?
1488,1518263181.0,41.236174067,-8.54434575,119.5,0.103,183.80,1.0,?,?
1489,1518263182.0,41.236169717,-8.544345017,118.6,0.154,191.50,1.0,?,?
1490,1518263183.0,41.23616995,-8.5443395,118.4,0.463,91.40,0.8,?,?
1491,1518263184.0,41.236171633,-8.54432675,118.7,1.286,92.20,0.8,?,?
1492,1518263185.0,41.23617715,-8.5442907,118.8,3.755,75.40,0.8,?,?
1493,1518263186.0,41.236196767,-8.54424645,119.5,4.733,58.00,0.8,?,?
1494,1518263187.0,41.236226167,-8.5442123,120.1,4.527,38.40,0.8,?,?
1495,1518263188.0,41.236274133,-8.544186083,121.2,5.556,21.90,0.9,?,?
1496,1518263189.0,41.236323717,-8.544161067,121.8,6.379,18.00,1.0,?,?
1497,1518263190.0,41.236386567,-8.544131383,122.5,7.717,19.60,0.9,?,?
1498,1518263191.0,41.236453967,-8.544092017,122.9,8.643,24.90,0.9,?,?
1499,1518263192.0,41.23653185,-8.5440392,123.7,10.135,27.60,1.0,?,?
1500,1518263193.0,41.236621617,-8.54397695,124.5,11.318,28.00,0.9,?,?
1501,1518263194.0,41.236721183,-8.543913733,125.7,12.398,26.50,0.9,?,?
1502,1518263195.0,41.23683085,-8.543849383,126.8,13.478,24.80,0.8,?,?
1503,1518263196.0,41.236948217,-8.543778,127.3,14.765,25.00,0.8,?,?
1504,1518263197.0,41.23707565,-8.5436995,127.4,16.154,24.90,0.8,?,?
1505,1518263198.0,41.237208683,-8.5436172,127.4,16.462,24.80,0.9,?,?
1506,1518263199.0,41.237341083,-8.5435347,127.8,16.205,25.50,0.9,?,?
1507,1518263200.0,41.237474067,-8.543451817,128.5,16.462,24.90,0.9,?,?
1508,1518263201.0,41.23761055,-8.5433672,129.4,16.822,25.20,0.9,?,?
1509,1518263202.0,41.237748617,-8.54328185,130.3,17.028,25.40,0.9,?,?
1510,1518263203.0,41.2378878,-8.543196133,131.0,17.080,25.10,0.9,?,?
1511,1518263204.0,41.238027667,-8.543114667,131.8,16.977,25.20,0.9,?,?
1512,1518263205.0,41.238158233,-8.543022833,132.5,16.308,25.20,0.9,?,?
1513,1518263206.0,41.238291117,-8.542943283,133.0,15.588,25.10,1.2,1.5,1.9
1514,1518263207.0,41.238416833,-8.542870867,133.5,14.559,25.10,1.2,1.8,2.2
1515,1518263208.0,41.238521517,-8.542812567,133.9,11.987,24.10,1.2,1.8,2.2
1516,1518263209.0,41.238608783,-8.54275725,134.0,9.877,26.20,1.6,2.0,2.6
1517,1518263210.0,41.2386702,-8.54271305,134.0,6.945,31.70,1.2,1.8,2.2
1518,1518263211.0,41.238705067,-8.542676683,134.2,4.218,47.80,1.3,1.8,2.3
1519,1518263212.0,41.238720033,-8.542634433,134.4,3.601,77.20,1.3,1.8,2.3
1520,1518263213.0,41.238724817,-8.542579617,133.4,4.167,98.00,2.4,4.1,4.8
1521,1518263214.0,41.238715333,-8.5425217,133.4,5.144,108.00,2.4,4.1,4.8
1522,1518263215.0,41.238704567,-8.5424441,133.3,6.688,107.80,2.2,?,?
1523,1518263216.0,41.23868785,-8.54235905,133.1,8.077,107.00,2.2,?,?
1524,1518263217.0,41.2386621,-8.5422616,133.7,8.848,109.40,2.2,?,?
1525,1518263218.0,41.238617217,-8.542164783,131.9,8.231,110.70,1.5,?,?
1526,1518263219.0,41.238599333,-8.54208675,131.6,6.894,107.70,1.5,?,?
1527,1518263220.0,41.2385971,-8.54202685,132.3,4.681,104.20,1.5,?,?
1528,1518263221.0,41.2385898,-8.541988967,133.8,3.035,102.70,1.5,?,?
1529,1518263222.0,41.238593217,-8.541962283,134.6,2.727,78.60,1.5,?,?
1530,1518263223.0,41.238611217,-8.541935883,135.9,2.881,56.40,1.6,?,?
1531,1518263224.0,41.238643283,-8.54190755,136.9,4.321,32.90,1.6,?,?
1532,1518263225.0,41.2386959,-8.54188065,137.1,5.813,24.00,1.6,?,?
1533,1518263226.0,41.238744867,-8.541850567,137.6,6.585,23.40,1.6,?,?
1534,1518263227.0,41.23879485,-8.541818683,138.3,6.533,25.50,2.1,?,?
1535,1518263228.0,41.238838383,-8.54178785,139.0,6.019,26.10,1.4,?,?
1536,1518263229.0,41.238882017,-8.541754983,139.2,6.173,26.30,1.0,?,?
1537,1518263230.0,41.2389277,-8.541723217,139.3,6.173,26.60,1.0,?,?
1538,1518263231.0,41.23897415,-8.54169225,139.5,6.070,26.60,1.0,?,?
1539,1518263232.0,41.239017683,-8.541660917,139.8,5.607,27.80,1.0,?,?
1540,1518263233.0,41.239054083,-8.54163555,140.4,4.579,28.10,1.0,?,?
1541,1518263234.0,41.239084517,-8.541616683,141.1,3.704,25.80,1.0,?,?
1542,1518263235.0,41.239106567,-8.541610483,141.8,2.366,8.20,1.0,?,?
1543,1518263236.0,41.239123717,-8.541605817,142.0,1.029,347.00,0.9,?,?
1544,1518263237.0,41.239124733,-8.5416032,142.0,0.412,228.60,1.1,?,?
1545,1518263238.0,41.239117167,-8.541601583,142.1,1.132,191.70,0.9,?,?
1546,1518263239.0,41.23910645,-8.541609,141.7,1.389,199.00,0.9,?,?
1547,1518263240.0,41.239099583,-8.541620533,140.6,1.543,210.30,0.9,?,?
1548,1518263241.0,41.2390872,-8.54162765,139.8,1.543,194.30,1.0,?,?
1549,1518263242.0,41.239074933,-8.541628333,139.4,1.440,175.00,0.9,?,?
1550,1518263243.0,41.239068383,-8.541609767,139.3,1.492,130.40,1.0,?,?
1551,1518263244.0,41.239062533,-8.541593983,138.9,1.235,106.30,1.2,?,?
1552,1518263245.0,41.239056,-8.541589333,139.6,0.514,90.30,1.0,?,?
1553,1518263246.0,41.23904485,-8.54157755,141.1,0.051,2.80,1.5,?,?
1554,1518263247.0,41.2390382,-8.54157475,139.6,0.103,234.70,1.5,?,?
1555,1518263248.0,41.2390191,-8.54157775,138.1,0.206,122.30,1.3,?,?
1556,1518263249.0,41.239009133,-8.541568333,136.5,0.051,163.40,1.3,?,?
1557,1518263250.0,41.2389992,-8.54156965,134.8,0.257,149.70,1.3,?,?
1558,1518263251.0,41.2389948,-8.541570933,133.6,0.206,166.30,1.3,?,?
1559,1518263252.0,41.23899175,-8.54156985,132.6,0.257,157.20,1.3,?,?
1560,1518263253.0,41.2389889,-8.541569767,131.8,0.206,151.80,1.3,?,?
1561,1518263254.0,41.2389828,-8.541567417,130.3,0.257,148.90,1.3,?,?
1562,1518263255.0,41.238979433,-8.541566867,129.6,0.257,154.40,1.3,?,?
1563,1518263256.0,41.2389795,-8.541567767,129.7,0.206,155.40,1.3,?,?
1564,1518263257.0,41.238979867,-8.541569617,130.0,0.154,143.10,1.3,?,?
1565,1518263258.0,41.238980783,-8.54157235,130.5,0.051,151.60,1.3,?,?
1566,1518263259.0,41.238980067,-8.541573817,130.7,0.051,136.00,1.1,?,?
1567,1518263260.0,41.2389791,-8.541575533,130.8,0.051,158.90,1.1,?,?
1568,1518263261.0,41.238979217,-8.5415775,131.1,0.051,114.30,0.9,?,?
1569,1518263262.0,41.238978933,-8.5415792,131.3,0.051,141.60,0.9,?,?
1570,1518263263.0,41.238981383,-8.541581117,132.3,0.000,121.40,1.0,?,?
1571,1518263264.0,41.238980667,-8.54158125,132.8,0.000,176.90,1.0,?,?
1572,1518263265.0,41.238976783,-8.541577433,132.5,0.051,112.00,1.0,?,?
1573,1518263266.0,41.238976483,-8.541581583,133.0,0.051,270.20,1.0,?,?
1574,1518263267.0,41.23897695,-8.54158475,134.5,0.051,44.30,1.0,?,?
1575,1518263268.0,41.238979167,-8.541587483,135.7,0.000,272.10,1.0,?,?
1576,1518263269.0,41.2389826,-8.5415897,136.9,0.000,130.70,1.0,?,?
1577,1518263270.0,41.2389882,-8.54159245,138.4,0.000,247.40,1.0,?,?
1578,1518263271.0,41.238992717,-8.541594217,139.7,0.051,261.00,1.0,?,?
1579,1518263272.0,41.23899525,-8.541592317,139.4,0.000,0.40,1.0,?,?
1580,1518263273.0,41.238995917,-8.54159025,139.2,0.000,219.80,1.1,?,?
1581,1518263274.0,41.238996817,-8.541589867,139.3,0.000,102.10,1.1,?,?
1582,1518263275.0,41.238997717,-8.541589533,139.3,0.000,82.40,1.1,?,?
1583,1518263276.0,41.238999483,-8.541589983,139.4,0.000,283.10,1.1,?,?
1584,1518263277.0,41.239000483,-8.541591517,139.8,0.051,268.30,1.3,?,?
1585,1518263278.0,41.239001917,-8.5415935,140.1,0.051,277.90,1.1,?,?
1586,1518263279.0,41.23900075,-8.541593717,140.1,0.000,239.20,1.3,?,?
1587,1518263280.0,41.239002133,-8.54159515,140.4,0.000,229.40,1.1,?,?
1588,1518263281.0,41.23900175,-8.541593767,140.0,0.051,252.00,1.1,?,?
1589,1518263282.0,41.239001583,-8.54159175,139.5,0.051,346.10,1.0,?,?
1590,1518263283.0,41.239002217,-8.5415935,139.5,0.000,29.90,1.0,?,?
1591,1518263284.0,41.239002333,-8.541594383,139.5,0.051,104.70,1.0,?,?
1592,1518263285.0,41.2390019,-8.541591733,139.4,0.051,102.60,0.9,?,?
1593,1518263286.0,41.23900145,-8.541590183,139.5,0.051,89.40,0.9,?,?
1594,1518263287.0,41.239001667,-8.541589367,139.7,0.000,138.40,1.0,?,?
1595,1518263288.0,41.239002,-8.541589117,139.9,0.000,211.50,1.0,?,?
