,gpstime,latitude,longitude,altitude,speed,heading,hpdop,vdop,pdop
0,1518257199.0,41.23983715,-8.542060783,-52.6,0.154,323.50,2.5,1.0,2.7
1,1518257200.0,41.23983745,-8.542061183,-52.7,0.103,324.70,2.5,1.0,2.7
2,1518257201.0,41.239837367,-8.542061267,-52.6,0.051,322.70,2.5,1.0,2.7
3,1518257202.0,41.2398374,-8.54206145,-52.6,0.103,319.40,2.5,1.0,2.7
4,1518257203.0,41.23983745,-8.542061667,-52.6,0.051,324.60,2.5,1.0,2.7
5,1518257204.0,41.2398376,-8.54206195,-52.6,0.051,316.10,2.5,1.0,2.7
6,1518257205.0,41.239837767,-8.542062167,-52.6,0.103,321.40,2.5,1.0,2.7
7,1518257206.0,41.239837867,-8.542062383,-52.6,0.051,320.60,2.5,1.0,2.7
8,1518257207.0,41.239837917,-8.542062583,-52.6,0.103,319.20,2.5,1.0,2.7
9,1518257208.0,41.239838083,-8.542062783,-52.6,0.051,316.90,2.5,1.0,2.7
10,1518257209.0,41.239838217,-8.542062983,-52.6,0.051,325.60,2.5,1.0,2.7
11,1518257210.0,41.239838367,-8.5420632,-52.6,0.051,320.90,2.5,1.0,2.7
12,1518257211.0,41.239838433,-8.542063417,-52.6,0.051,315.10,2.5,1.0,2.7
13,1518257212.0,41.239838567,-8.542063717,-52.7,0.103,320.00,2.5,1.0,2.7
14,1518257213.0,41.239838633,-8.542063817,-52.7,0.103,318.10,2.5,1.0,2.7
15,1518257214.0,41.2398388,-8.542064033,-52.7,0.103,319.20,2.5,1.0,2.7
16,1518257215.0,41.239838967,-8.5420642,-52.7,0.051,320.40,2.5,1.0,2.7
17,1518257216.0,41.239838983,-8.542064283,-52.8,0.051,314.10,2.5,1.0,2.7
18,1518257217.0,41.239839067,-8.542064433,-52.8,0.051,317.80,2.5,1.0,2.7
19,1518257218.0,41.239839267,-8.542064633,-52.8,0.051,312.30,2.5,1.0,2.7
20,1518257219.0,41.239839317,-8.542064767,-52.8,0.051,313.70,2.5,1.0,2.7
21,1518257220.0,41.239839517,-8.542065033,-52.9,0.051,318.70,2.5,1.0,2.7
22,1518257221.0,41.239839833,-8.5420654,-52.9,0.103,321.30,2.5,1.0,2.7
23,1518257222.0,41.23984,-8.542065583,-53.0,0.103,315.20,2.5,1.0,2.7
24,1518257223.0,41.239840167,-8.5420658,-53.0,0.103,318.50,2.5,1.0,2.7
25,1518257224.0,41.239840367,-8.542065983,-53.0,0.051,320.60,2.5,1.0,2.7
26,1518257225.0,41.2398405,-8.542066117,-53.1,0.051,322.70,2.5,1.0,2.7
27,1518257226.0,41.239840667,-8.542066367,-53.1,0.103,317.40,2.5,1.0,2.7
28,1518257227.0,41.239840767,-8.542066533,-53.1,0.103,324.00,2.5,1.0,2.7
29,1518257228.0,41.2398409,-8.5420667,-53.2,0.103,326.00,2.5,1.0,2.7
30,1518257229.0,41.239841083,-8.542066967,-53.2,0.103,319.50,2.5,1.0,2.7
31,1518257230.0,41.239841333,-8.54206725,-53.3,0.103,325.30,2.5,1.0,2.7
32,1518257231.0,41.239841683,-8.542067617,-53.4,0.154,323.00,2.5,1.0,2.7
33,1518257232.0,41.239841933,-8.5420679,-53.4,0.103,321.90,2.5,1.0,2.7
34,1518257233.0,41.239842267,-8.54206815,-53.5,0.051,322.40,2.5,1.0,2.7
35,1518257234.0,41.23984255,-8.54206845,-53.5,0.103,323.10,2.5,1.0,2.7
36,1518257235.0,41.23984275,-8.542068733,-53.6,0.103,322.90,2.5,1.0,2.7
37,1518257236.0,41.23984305,-8.542069117,-53.6,0.103,320.40,2.5,1.0,2.7
38,1518257237.0,41.239843317,-8.542069433,-53.7,0.103,326.50,2.5,1.0,2.7
39,1518257238.0,41.239843467,-8.5420697,-53.6,0.103,324.50,2.5,1.0,2.7
40,1518257239.0,41.239843517,-8.542070067,-53.6,0.103,323.10,2.5,1.0,2.7
41,1518257240.0,41.239843683,-8.542070467,-53.7,0.103,326.60,2.5,1.0,2.7
42,1518257241.0,41.23984385,-8.542070917,-53.7,0.154,321.70,2.5,1.0,2.7
43,1518257242.0,41.23984395,-8.542071167,-53.7,0.103,328.10,2.5,1.0,2.7
44,1518257243.0,41.239844033,-8.542071633,-53.6,0.103,327.30,2.5,1.0,2.7
45,1518257244.0,41.239844183,-8.54207205,-53.7,0.103,322.40,2.5,1.0,2.7
46,1518257245.0,41.239844367,-8.542072383,-53.7,0.103,326.50,2.5,1.0,2.7
47,1518257246.0,41.239844033,-8.5420724,-53.6,0.051,326.00,2.5,1.0,2.7
48,1518257247.0,41.239059367,-8.541628167,146.2,0.000,289.80,1.5,2.4,2.8
49,1518257248.0,41.239059533,-8.5416283,146.2,0.000,357.10,1.5,2.4,2.8
50,1518257249.0,41.2390598,-8.541628617,146.1,0.051,324.20,1.5,2.4,2.8
51,1518257250.0,41.239060083,-8.541628883,146.1,0.051,331.40,1.5,2.4,2.8
52,1518257251.0,41.239060233,-8.541629117,146.1,0.051,325.00,1.5,2.4,2.8
53,1518257252.0,41.239060333,-8.54162925,146.0,0.051,312.80,1.5,2.4,2.8
54,1518257253.0,41.239060267,-8.541629217,146.0,0.051,310.10,1.5,2.4,2.8
55,1518257254.0,41.239060367,-8.541629267,146.0,0.051,331.50,1.5,2.4,2.8
56,1518257255.0,41.239060383,-8.541629333,146.0,0.051,328.30,1.5,2.4,2.8
57,1518257256.0,41.239060433,-8.541629333,146.0,0.051,331.30,1.5,2.4,2.8
58,1518257257.0,41.239060433,-8.5416294,145.9,0.051,327.40,1.5,2.4,2.8
59,1518257258.0,41.239060333,-8.541629383,145.9,0.051,321.10,1.5,2.4,2.8
60,1518257259.0,41.239060383,-8.541629517,145.9,0.051,329.20,1.5,2.4,2.8
61,1518257260.0,41.239060467,-8.541629617,145.9,0.051,329.40,1.5,2.4,2.8
62,1518257261.0,41.239060383,-8.54162995,145.9,0.051,332.60,1.5,2.4,2.8
63,1518257262.0,41.239060367,-8.541630083,145.9,0.051,330.30,1.5,2.4,2.8
64,1518257263.0,41.239060267,-8.541630133,146.0,0.000,325.70,1.5,2.4,2.8
65,1518257264.0,41.2390603,-8.541630283,146.0,0.051,314.10,1.5,2.4,2.8
66,1518257265.0,41.23906025,-8.541630267,146.0,0.000,335.50,1.5,2.4,2.8
67,1518257266.0,41.2390602,-8.541630283,146.0,0.000,305.60,1.5,2.4,2.8
68,1518257267.0,41.239060167,-8.5416303,146.0,0.051,327.80,1.5,2.4,2.8
69,1518257268.0,41.23906015,-8.541630383,146.0,0.051,321.00,1.5,2.4,2.8
70,1518257269.0,41.239060083,-8.541630333,146.0,0.000,61.50,1.5,2.4,2.8
71,1518257270.0,41.23906015,-8.541630483,145.9,0.051,327.10,1.5,2.4,2.8
72,1518257271.0,41.239060233,-8.54163045,145.9,0.051,344.00,1.5,2.4,2.8
73,1518257272.0,41.239060317,-8.541630483,145.9,0.051,331.60,1.5,2.4,2.8
74,1518257273.0,41.239060433,-8.54163055,145.9,0.051,339.80,1.5,2.4,2.8
75,1518257274.0,41.23906045,-8.541630567,145.8,0.051,337.10,1.5,2.4,2.8
76,1518257275.0,41.2390604,-8.54163065,145.9,0.051,318.00,1.5,2.4,2.8
77,1518257276.0,41.23906035,-8.541630533,145.9,0.051,334.40,1.5,2.4,2.8
78,1518257277.0,41.239060417,-8.541630617,145.8,0.051,332.50,1.5,2.4,2.8
79,1518257278.0,41.2390605,-8.541630733,145.8,0.051,328.50,1.5,2.4,2.8
80,1518257279.0,41.2390605,-8.541630683,145.8,0.051,328.80,1.5,2.4,2.8
81,1518257280.0,41.239060517,-8.541630717,145.8,0.051,314.30,1.5,2.4,2.8
82,1518257281.0,41.239060533,-8.54163065,145.8,0.051,334.30,1.5,2.4,2.8
83,1518257282.0,41.239060567,-8.541630617,145.7,0.051,352.10,1.5,2.4,2.8
84,1518257283.0,41.2390606,-8.54163065,145.7,0.051,325.70,1.5,2.4,2.8
85,1518257284.0,41.2390606,-8.541630617,145.7,0.051,326.10,1.5,2.4,2.8
86,1518257285.0,41.239060583,-8.541630583,145.7,0.051,329.10,1.5,2.4,2.8
87,1518257286.0,41.23906065,-8.541630633,145.7,0.051,331.00,1.5,2.4,2.8
88,1518257287.0,41.239060667,-8.541630583,145.7,0.051,330.60,1.5,2.4,2.8
89,1518257288.0,41.239060583,-8.541630517,145.7,0.000,332.10,1.5,2.4,2.8
90,1518257289.0,41.239060583,-8.541630567,145.7,0.051,326.40,1.5,2.4,2.8
91,1518257290.0,41.23906055,-8.541630533,145.7,0.051,330.90,1.5,2.4,2.8
92,1518257291.0,41.23906065,-8.5416305,145.7,0.051,335.50,1.5,2.4,2.8
93,1518257292.0,41.239060867,-8.541630683,145.6,0.051,340.90,1.5,2.4,2.8
94,1518257293.0,41.23906095,-8.541630833,145.6,0.051,328.00,1.5,2.4,2.8
95,1518257294.0,41.239061433,-8.541631333,145.4,0.051,338.50,1.5,2.4,2.8
96,1518257295.0,41.239061833,-8.541631717,145.3,0.051,331.20,1.5,2.4,2.8
97,1518257296.0,41.239062167,-8.541632033,145.2,0.051,335.30,1.5,2.4,2.8
98,1518257297.0,41.239061767,-8.541631467,145.3,0.051,332.20,1.5,2.4,2.8
99,1518257298.0,41.23906165,-8.541631283,145.3,0.051,322.30,1.5,2.4,2.8
100,1518257299.0,41.2390616,-8.5416311,145.3,0.051,341.90,1.5,2.4,2.8
101,1518257300.0,41.23906155,-8.541630983,145.3,0.051,334.70,1.5,2.4,2.8
102,1518257301.0,41.239061533,-8.541630917,145.3,0.000,341.00,1.5,2.4,2.8
103,1518257302.0,41.239061583,-8.541630917,145.3,0.051,332.20,1.5,2.4,2.8
104,1518257303.0,41.23906165,-8.5416309,145.3,0.051,346.80,1.5,2.4,2.8
105,1518257304.0,41.239061717,-8.541630867,145.2,0.051,333.90,1.5,2.4,2.8
106,1518257305.0,41.23906175,-8.541630767,145.2,0.051,340.40,1.5,2.4,2.8
107,1518257306.0,41.239061833,-8.541630767,145.2,0.051,352.20,1.5,2.4,2.8
108,1518257307.0,41.239062033,-8.541630717,145.1,0.051,328.70,1.5,2.4,2.8
109,1518257308.0,41.239062067,-8.5416308,145.1,0.051,341.40,1.5,2.4,2.8
110,1518257309.0,41.239062283,-8.541630583,145.0,0.051,330.20,1.5,2.4,2.8
111,1518257310.0,41.239062433,-8.541630367,144.9,0.051,341.50,1.5,2.4,2.8
112,1518257311.0,41.2390625,-8.54163025,144.9,0.051,336.80,1.5,2.4,2.8
113,1518257312.0,41.2390625,-8.5416301,144.8,0.051,332.70,1.5,2.4,2.8
114,1518257313.0,41.239062533,-8.541629967,144.8,0.051,334.30,1.5,2.4,2.8
115,1518257314.0,41.239062683,-8.54162995,144.7,0.051,338.00,1.5,2.4,2.8
116,1518257315.0,41.239062817,-8.541629733,144.7,0.051,352.20,1.5,2.4,2.8
117,1518257316.0,41.23906295,-8.54162965,144.6,0.051,347.30,1.5,2.4,2.8
118,1518257317.0,41.239063117,-8.54162965,144.6,0.051,339.90,1.5,2.4,2.8
119,1518257318.0,41.239063317,-8.5416297,144.5,0.051,340.70,1.5,2.4,2.8
120,1518257319.0,41.239063517,-8.541629667,144.4,0.051,330.10,1.5,2.4,2.8
121,1518257320.0,41.239063583,-8.541629567,144.4,0.051,329.20,1.5,2.4,2.8
122,1518257321.0,41.239063833,-8.5416295,144.3,0.103,347.90,1.5,2.4,2.8
123,1518257322.0,41.239063983,-8.541629533,144.2,0.051,347.10,1.5,2.4,2.8
124,1518257323.0,41.239064233,-8.54162965,144.1,0.051,351.30,1.5,2.4,2.8
125,1518257324.0,41.239064183,-8.54162955,144.1,0.051,333.40,1.5,2.4,2.8
126,1518257325.0,41.239064117,-8.54162945,144.1,0.051,337.60,1.5,2.4,2.8
127,1518257326.0,41.23906405,-8.541629417,144.1,0.051,340.40,1.5,2.4,2.8
128,1518257327.0,41.239063967,-8.54162935,144.1,0.051,345.40,1.5,2.4,2.8
129,1518257328.0,41.239064083,-8.541629367,144.1,0.051,336.70,1.5,2.4,2.8
130,1518257329.0,41.23906415,-8.54162935,144.0,0.051,346.30,1.5,2.4,2.8
131,1518257330.0,41.239064317,-8.54162945,143.9,0.051,340.30,1.5,2.4,2.8
132,1518257331.0,41.239064333,-8.541629467,143.9,0.051,349.70,1.5,2.4,2.8
133,1518257332.0,41.23906425,-8.541629883,143.9,0.051,334.00,1.5,2.4,2.8
134,1518257333.0,41.239064233,-8.5416301,143.8,0.051,342.10,1.5,2.4,2.8
135,1518257334.0,41.239064217,-8.541630133,143.8,0.000,344.40,1.5,2.4,2.8
136,1518257335.0,41.239064217,-8.541630083,143.8,0.000,350.30,1.5,2.4,2.8
137,1518257336.0,41.239064333,-8.54163005,143.7,0.051,333.80,1.5,2.4,2.8
138,1518257337.0,41.23906445,-8.541630083,143.7,0.051,347.30,1.5,2.4,2.8
139,1518257338.0,41.239064583,-8.5416301,143.7,0.051,340.30,1.5,2.4,2.8
140,1518257339.0,41.23906475,-8.541630083,143.6,0.051,337.20,1.5,2.4,2.8
141,1518257340.0,41.239064933,-8.541630017,143.5,0.051,346.50,1.5,2.4,2.8
142,1518257341.0,41.239065117,-8.541629967,143.4,0.051,346.20,1.5,2.4,2.8
143,1518257342.0,41.2390652,-8.541629917,143.4,0.051,359.00,1.5,2.4,2.8
144,1518257343.0,41.239065333,-8.54163005,143.3,0.051,340.70,1.5,2.4,2.8
145,1518257344.0,41.239065383,-8.541630067,143.3,0.051,338.80,1.5,2.4,2.8
146,1518257345.0,41.239065417,-8.54163,143.3,0.051,345.50,1.5,2.4,2.8
147,1518257346.0,41.239065383,-8.541629933,143.3,0.000,349.10,1.5,2.4,2.8
148,1518257347.0,41.239065383,-8.541630017,143.2,0.000,347.10,1.5,2.4,2.8
149,1518257348.0,41.239065517,-8.541630083,143.2,0.051,334.90,1.5,2.4,2.8
150,1518257349.0,41.2390657,-8.541630067,143.1,0.051,330.40,1.5,2.4,2.8
151,1518257350.0,41.2390659,-8.541630167,143.0,0.051,332.60,1.5,2.4,2.8
152,1518257351.0,41.239065933,-8.541630167,143.0,0.051,326.00,1.5,2.4,2.8
153,1518257352.0,41.239066017,-8.5416302,142.9,0.051,335.60,1.5,2.4,2.8
154,1518257353.0,41.2390661,-8.5416302,142.9,0.051,332.60,1.5,2.4,2.8
155,1518257354.0,41.239066267,-8.541630167,142.8,0.051,338.70,1.5,2.4,2.8
156,1518257355.0,41.239066283,-8.541630167,142.8,0.000,5.30,1.5,2.4,2.8
157,1518257356.0,41.239066633,-8.541630017,142.6,0.051,335.20,1.5,2.4,2.8
158,1518257357.0,41.239066883,-8.541629883,142.5,0.051,332.90,1.5,2.4,2.8
159,1518257358.0,41.2390669,-8.541629933,142.4,0.051,321.90,1.5,2.4,2.8
160,1518257359.0,41.239066867,-8.54162995,142.4,0.000,350.50,1.5,2.4,2.8
161,1518257360.0,41.23906685,-8.541630017,142.4,0.051,319.20,1.5,2.4,2.8
162,1518257361.0,41.239066833,-8.541630067,142.4,0.051,342.90,1.5,2.4,2.8
163,1518257362.0,41.239066733,-8.5416301,142.4,0.051,331.80,1.5,2.4,2.8
164,1518257363.0,41.239066783,-8.5416303,142.4,0.051,338.00,1.5,2.4,2.8
165,1518257364.0,41.239066717,-8.541630383,142.4,0.000,324.70,1.5,2.4,2.8
166,1518257365.0,41.2390666,-8.54163035,142.4,0.000,341.20,1.5,2.4,2.8
167,1518257366.0,41.23906655,-8.54163045,142.4,0.051,332.80,1.5,2.4,2.8
168,1518257367.0,41.239066467,-8.54163045,142.4,0.051,333.60,1.5,2.4,2.8
169,1518257368.0,41.2390664,-8.5416305,142.5,0.051,332.70,1.5,2.4,2.8
170,1518257369.0,41.239066283,-8.541630583,142.5,0.051,326.40,1.5,2.4,2.8
171,1518257370.0,41.239066117,-8.541630567,142.6,0.051,345.90,1.5,2.4,2.8
172,1518257371.0,41.239065867,-8.541630583,142.6,0.051,314.40,1.5,2.4,2.8
173,1518257372.0,41.239065517,-8.541630883,142.7,0.000,339.40,1.5,2.4,2.8
174,1518257373.0,41.239065217,-8.541631017,142.8,0.000,74.00,1.5,2.4,2.8
175,1518257374.0,41.239065133,-8.541631183,142.8,0.051,319.70,1.5,2.4,2.8
176,1518257375.0,41.239065133,-8.54163145,142.9,0.051,338.60,1.5,2.4,2.8
177,1518257376.0,41.23906495,-8.541631483,142.9,0.051,125.50,1.5,2.4,2.8
178,1518257377.0,41.239064783,-8.54163155,143.0,0.051,326.40,1.5,2.4,2.8
179,1518257378.0,41.239064467,-8.54163135,143.1,0.051,314.80,1.5,2.4,2.8
180,1518257379.0,41.239064317,-8.541631433,143.1,0.051,328.00,1.5,2.4,2.8
181,1518257380.0,41.239063983,-8.5416313,143.2,0.000,24.90,1.5,2.4,2.8
182,1518257381.0,41.2390639,-8.541631367,143.2,0.103,327.10,1.5,2.4,2.8
183,1518257382.0,41.239063717,-8.541631383,143.2,0.000,358.00,1.5,2.4,2.8
184,1518257383.0,41.239063417,-8.541631117,143.3,0.051,330.60,1.5,2.4,2.8
185,1518257384.0,41.239063183,-8.541630983,143.3,0.000,343.70,1.5,2.4,2.8
186,1518257385.0,41.239068017,-8.54162905,144.5,0.103,327.00,1.6,?,?
187,1518257386.0,41.239069183,-8.541630517,144.9,0.103,330.80,1.6,?,?
188,1518257387.0,41.2390606,-8.5416333,144.6,0.051,135.40,2.2,4.1,4.6
189,1518257388.0,41.23905615,-8.541631467,144.8,0.000,8.50,2.2,4.1,4.6
190,1518257389.0,41.239054267,-8.541630983,145.3,0.051,139.90,2.2,4.1,4.6
191,1518257390.0,41.23905255,-8.541630817,145.8,0.000,158.60,2.2,4.1,4.6
192,1518257391.0,41.239051183,-8.541630133,146.3,0.000,254.80,1.5,2.4,2.8
193,1518257392.0,41.23905045,-8.541629383,146.6,0.000,103.70,1.5,2.4,2.8
194,1518257393.0,41.2390497,-8.541628683,146.9,0.000,171.70,1.5,2.4,2.8
195,1518257394.0,41.239049483,-8.54162835,147.0,0.051,323.30,1.5,2.4,2.8
196,1518257395.0,41.239049383,-8.541628117,147.2,0.000,3.20,1.5,2.4,2.8
197,1518257396.0,41.2390491,-8.541627867,147.3,0.051,122.60,1.5,2.4,2.8
198,1518257397.0,41.239048833,-8.5416276,147.5,0.000,158.40,1.5,2.4,2.8
199,1518257398.0,41.239048833,-8.541627217,147.6,0.000,304.40,1.5,2.4,2.8
200,1518257399.0,41.239049033,-8.541627133,147.6,0.000,347.90,1.5,2.4,2.8
201,1518257400.0,41.239048833,-8.541626683,147.7,0.000,71.40,1.5,2.4,2.8
202,1518257401.0,41.23904915,-8.541626983,147.7,0.051,322.30,1.5,2.4,2.8
203,1518257402.0,41.23904945,-8.54162715,147.7,0.051,326.30,1.5,2.4,2.8
204,1518257403.0,41.2390498,-8.541627233,147.7,0.051,328.10,1.5,2.4,2.8
205,1518257404.0,41.239050033,-8.541627183,147.8,0.103,323.40,1.5,2.4,2.8
206,1518257405.0,41.239050117,-8.541627133,147.8,0.051,342.10,1.5,2.4,2.8
207,1518257406.0,41.239050033,-8.541626833,147.8,0.051,318.50,1.5,2.4,2.8
208,1518257407.0,41.2390501,-8.541626633,147.8,0.051,320.60,1.5,2.4,2.8
209,1518257408.0,41.239050167,-8.541626417,147.8,0.000,19.00,1.5,2.4,2.8
210,1518257409.0,41.2390504,-8.541626217,147.8,0.051,332.80,1.5,2.4,2.8
211,1518257410.0,41.2390498,-8.541625167,147.8,0.051,328.00,1.5,2.4,2.8
212,1518257411.0,41.239050433,-8.5416258,147.7,0.051,329.00,1.5,2.4,2.8
213,1518257412.0,41.239050633,-8.5416259,147.7,0.051,329.70,1.5,2.4,2.8
214,1518257413.0,41.239050933,-8.541626033,147.6,0.103,332.20,1.5,2.4,2.8
215,1518257414.0,41.239051,-8.541625967,147.6,0.051,338.40,1.5,2.4,2.8
216,1518257415.0,41.23905105,-8.541625883,147.6,0.051,333.20,1.5,2.4,2.8
217,1518257416.0,41.239050733,-8.541625617,147.6,0.000,354.20,1.5,2.4,2.8
218,1518257417.0,41.239050617,-8.541625467,147.6,0.051,334.40,1.5,2.4,2.8
219,1518257418.0,41.2390506,-8.541625367,147.6,0.000,343.80,1.5,2.4,2.8
220,1518257419.0,41.2390507,-8.541625317,147.5,0.051,337.90,1.5,2.4,2.8
221,1518257420.0,41.2390508,-8.54162525,147.5,0.051,343.00,1.5,2.4,2.8
222,1518257421.0,41.239050817,-8.54162525,147.4,0.051,323.90,1.5,2.4,2.8
223,1518257422.0,41.239050833,-8.541625233,147.4,0.000,358.90,1.5,2.4,2.8
224,1518257423.0,41.23905085,-8.541625183,147.4,0.000,18.30,1.5,2.4,2.8
225,1518257424.0,41.23905095,-8.541625133,147.4,0.051,334.40,1.5,2.4,2.8
226,1518257425.0,41.239051017,-8.541624917,147.4,0.051,347.60,1.5,2.4,2.8
227,1518257426.0,41.239051183,-8.541624817,147.4,0.051,329.20,1.5,2.4,2.8
228,1518257427.0,41.239051233,-8.5416247,147.3,0.051,338.80,1.5,2.4,2.8
229,1518257428.0,41.239051317,-8.54162465,147.3,0.051,329.60,1.5,2.4,2.8
230,1518257429.0,41.239051417,-8.5416246,147.3,0.051,334.30,1.5,2.4,2.8
231,1518257430.0,41.239051417,-8.5416245,147.3,0.051,335.80,1.5,2.4,2.8
232,1518257431.0,41.239051317,-8.541624383,147.3,0.051,338.30,1.5,2.4,2.8
233,1518257432.0,41.239051233,-8.541624267,147.3,0.051,324.60,1.5,2.4,2.8
234,1518257433.0,41.239051217,-8.5416241,147.3,0.000,352.30,1.5,2.4,2.8
235,1518257434.0,41.239051317,-8.541624,147.3,0.051,333.50,1.5,2.4,2.8
236,1518257435.0,41.23905135,-8.5416238,147.2,0.051,346.40,1.5,2.4,2.8
237,1518257436.0,41.239051467,-8.5416239,147.2,0.051,334.80,1.5,2.4,2.8
238,1518257437.0,41.239051583,-8.541623933,147.1,0.051,338.60,1.5,2.4,2.8
239,1518257438.0,41.239051667,-8.541623967,147.1,0.051,337.20,1.5,2.4,2.8
240,1518257439.0,41.239051917,-8.5416241,147.1,0.051,338.90,1.5,2.4,2.8
241,1518257440.0,41.239052233,-8.5416243,147.0,0.051,335.10,1.5,2.4,2.8
242,1518257441.0,41.239051733,-8.5416235,147.2,0.051,327.00,1.6,2.4,2.8
243,1518257442.0,41.23905185,-8.541623417,147.2,0.000,339.30,1.6,2.4,2.8
244,1518257443.0,41.239052517,-8.541623467,146.9,0.051,346.70,1.6,2.4,2.8
245,1518257444.0,41.239053167,-8.5416237,146.7,0.051,331.80,1.6,2.4,2.8
246,1518257445.0,41.239053767,-8.541623267,146.6,0.051,345.70,1.6,2.4,2.8
247,1518257446.0,41.239054233,-8.541623033,146.4,0.051,333.60,1.6,2.4,2.8
248,1518257447.0,41.239054167,-8.5416223,146.5,0.051,340.20,1.6,2.4,2.8
249,1518257448.0,41.239054683,-8.541622317,146.3,0.051,334.70,1.6,2.4,2.8
250,1518257449.0,41.239054067,-8.54162135,146.5,0.051,353.70,1.6,2.4,2.8
251,1518257450.0,41.239053683,-8.54162085,146.6,0.000,274.60,1.6,2.4,2.8
252,1518257451.0,41.23905375,-8.541620617,146.6,0.051,344.50,1.6,2.4,2.8
253,1518257452.0,41.239053733,-8.541620367,146.6,0.051,358.40,1.6,2.4,2.8
254,1518257453.0,41.239053917,-8.541620333,146.5,0.000,350.60,1.6,2.4,2.8
255,1518257454.0,41.239054,-8.541620267,146.5,0.000,27.30,1.6,2.4,2.8
256,1518257455.0,41.239054233,-8.541620317,146.4,0.000,339.50,1.6,2.4,2.8
257,1518257456.0,41.239054483,-8.541620267,146.3,0.051,344.60,1.6,2.4,2.8
258,1518257457.0,41.2390548,-8.541620283,146.2,0.051,342.30,1.6,2.4,2.8
259,1518257458.0,41.239055067,-8.541620317,146.1,0.051,338.50,1.6,2.4,2.8
260,1518257459.0,41.239055333,-8.5416203,146.1,0.051,341.20,1.6,2.4,2.8
261,1518257460.0,41.239055667,-8.541620433,146.0,0.051,333.00,1.6,2.4,2.8
262,1518257461.0,41.2390559,-8.541620417,145.9,0.051,344.70,1.6,2.4,2.8
263,1518257462.0,41.239056133,-8.541620383,145.8,0.051,352.20,1.6,2.4,2.8
264,1518257463.0,41.239056533,-8.541620533,145.7,0.051,335.00,1.6,2.4,2.8
265,1518257464.0,41.239056817,-8.5416206,145.6,0.051,341.30,1.6,2.4,2.8
266,1518257465.0,41.23905705,-8.541620517,145.5,0.000,7.70,1.6,2.4,2.8
267,1518257466.0,41.239057467,-8.541620683,145.4,0.051,343.10,1.6,2.4,2.8
268,1518257467.0,41.239057867,-8.54162085,145.3,0.000,348.30,1.6,2.4,2.8
269,1518257468.0,41.239058283,-8.54162105,145.1,0.051,327.00,1.6,2.4,2.8
270,1518257469.0,41.239058733,-8.541621217,145.0,0.051,330.70,1.6,2.4,2.8
271,1518257470.0,41.239059167,-8.541621283,144.8,0.051,330.10,1.6,2.4,2.8
272,1518257471.0,41.239059417,-8.541621333,144.7,0.051,292.30,1.6,2.4,2.8
273,1518257472.0,41.239055433,-8.54162225,144.9,0.566,206.40,1.6,2.4,2.8
274,1518257473.0,41.23904685,-8.5416254,144.7,1.183,201.30,1.6,2.4,2.8
275,1518257474.0,41.239031017,-8.541630817,144.7,2.161,202.80,1.6,2.4,2.8
276,1518257475.0,41.23900645,-8.541642983,144.6,3.344,204.20,1.6,2.4,2.8
277,1518257476.0,41.238975633,-8.54166155,144.2,4.116,205.60,1.6,2.4,2.8
278,1518257477.0,41.23894265,-8.5416853,143.5,4.527,206.30,1.6,2.4,2.8
279,1518257478.0,41.2389048,-8.5417143,142.7,5.299,207.20,1.6,2.4,2.8
280,1518257479.0,41.2388595,-8.541745283,142.1,5.916,206.60,1.6,2.4,2.8
281,1518257480.0,41.23881065,-8.54177655,141.4,6.173,205.30,1.6,2.4,2.8
282,1518257481.0,41.238760433,-8.541808,140.7,6.173,205.30,1.6,2.4,2.8
283,1518257482.0,41.238712,-8.541840633,140.2,5.916,207.70,1.6,2.4,2.8
284,1518257483.0,41.238670317,-8.54187175,139.5,4.887,210.70,1.6,2.4,2.8
285,1518257484.0,41.238640967,-8.541897233,139.1,3.241,216.80,1.6,2.4,2.8
286,1518257485.0,41.238624117,-8.541917717,138.8,2.006,228.70,1.6,2.4,2.8
287,1518257486.0,41.238614917,-8.541932667,138.6,1.389,239.10,1.6,2.4,2.8
288,1518257487.0,41.2386053,-8.54195555,138.4,2.418,243.70,1.6,2.4,2.8
289,1518257488.0,41.2386002,-8.54199545,138.2,3.858,262.70,1.6,2.4,2.8
290,1518257489.0,41.238603517,-8.54205275,137.7,5.556,277.80,1.3,?,?
291,1518257490.0,41.238611183,-8.542124983,137.6,6.688,282.40,1.3,?,?
292,1518257491.0,41.238625017,-8.542205867,137.1,7.305,285.00,1.7,?,?
293,1518257492.0,41.23863885,-8.542293667,136.8,7.614,284.30,1.3,?,?
294,1518257493.0,41.238654367,-8.542380333,136.2,7.459,284.00,1.3,?,?
295,1518257494.0,41.2386696,-8.542459333,135.5,6.636,285.20,1.3,?,?
296,1518257495.0,41.23868255,-8.542525617,135.0,5.299,286.50,1.3,?,?
297,1518257496.0,41.23869625,-8.542569817,134.4,3.550,290.30,1.3,?,?
298,1518257497.0,41.23871265,-8.54258715,133.8,1.801,305.70,1.3,?,?
299,1518257498.0,41.238719333,-8.542598117,133.3,0.720,308.90,1.3,?,?
300,1518257499.0,41.238720433,-8.542604617,132.9,0.257,288.90,1.3,?,?
301,1518257500.0,41.238721417,-8.542608833,132.2,0.309,293.70,1.3,?,?
302,1518257501.0,41.238723283,-8.542614333,131.0,0.412,294.60,1.3,?,?
303,1518257502.0,41.23872435,-8.5426198,130.4,0.463,288.70,1.3,?,?
304,1518257503.0,41.2387262,-8.542623933,129.3,0.257,308.80,1.3,?,?
305,1518257504.0,41.238726183,-8.5426273,129.2,0.154,25.30,1.3,?,?
306,1518257505.0,41.238725183,-8.5426305,129.8,0.206,58.30,1.3,?,?
307,1518257506.0,41.2387271,-8.5426287,128.9,0.103,27.50,1.3,?,?
308,1518257507.0,41.238727717,-8.542644767,128.2,2.006,267.20,1.6,?,?
309,1518257508.0,41.2387182,-8.5426845,127.5,4.321,249.30,1.3,?,?
310,1518257509.0,41.238693,-8.54272785,126.4,5.247,228.20,1.6,?,?
311,1518257510.0,41.2386543,-8.54276225,128.3,6.173,209.80,1.3,?,?
312,1518257511.0,41.2385988,-8.5427974,128.3,7.974,204.30,1.6,2.4,2.8
313,1518257512.0,41.238534533,-8.542836583,128.4,8.385,204.20,1.6,2.4,2.8
314,1518257513.0,41.238465033,-8.542884367,129.4,9.517,204.90,1.6,2.4,2.8
315,1518257514.0,41.238382633,-8.542938017,129.5,10.803,205.50,1.6,2.4,2.8
316,1518257515.0,41.238291333,-8.542998117,129.2,11.884,205.80,1.6,2.4,2.8
317,1518257516.0,41.238195267,-8.54305945,128.9,12.089,205.20,1.6,2.4,2.8
318,1518257517.0,41.238092433,-8.54312265,128.6,12.964,204.70,1.6,2.4,2.8
319,1518257518.0,41.237982317,-8.543189733,128.3,13.787,204.80,1.6,2.4,2.8
320,1518257519.0,41.23786495,-8.543261133,128.0,14.610,205.00,1.6,2.4,2.8
321,1518257520.0,41.237741167,-8.5433364,127.6,15.382,205.20,1.6,2.4,2.8
322,1518257521.0,41.23761145,-8.543408883,126.9,15.793,204.90,1.6,2.4,2.8
323,1518257522.0,41.237481883,-8.543483917,126.4,15.433,204.70,1.6,2.4,2.8
324,1518257523.0,41.237360317,-8.543556417,125.8,14.199,204.70,1.6,2.4,2.8
325,1518257524.0,41.23725155,-8.543628217,125.5,13.170,205.40,1.6,2.4,2.8
326,1518257525.0,41.23714025,-8.5436948,127.2,13.015,205.60,1.6,2.4,2.8
327,1518257526.0,41.237034583,-8.543762033,127.8,12.707,205.60,1.6,2.4,2.8
328,1518257527.0,41.236932017,-8.54382645,127.5,12.501,205.50,1.6,2.4,2.8
329,1518257528.0,41.236828767,-8.543890133,126.8,12.707,204.90,1.6,2.4,2.8
330,1518257529.0,41.236723367,-8.54395395,125.8,12.913,204.90,1.6,2.4,2.8
331,1518257530.0,41.236617283,-8.544017417,124.9,12.810,204.70,1.6,2.4,2.8
332,1518257531.0,41.236518167,-8.5440768,124.1,11.524,204.80,1.6,2.4,2.8
333,1518257532.0,41.236432183,-8.544129167,123.4,9.774,204.90,1.6,2.4,2.8
334,1518257533.0,41.23636455,-8.544184717,123.3,8.025,212.70,1.6,2.4,2.8
335,1518257534.0,41.2363168,-8.544246567,122.8,7.048,229.50,1.6,2.4,2.8
336,1518257535.0,41.236287417,-8.5443162,122.3,6.688,247.70,1.6,2.4,2.8
337,1518257536.0,41.23627195,-8.544394483,121.8,6.842,263.90,1.3,?,?
338,1518257537.0,41.2362731,-8.544472983,121.7,6.791,278.20,1.6,2.4,2.8
339,1518257538.0,41.2362834,-8.54455155,121.0,7.099,286.30,1.6,2.4,2.8
340,1518257539.0,41.236299933,-8.54463455,120.6,7.665,285.70,1.6,2.4,2.8
341,1518257540.0,41.236318183,-8.54472195,120.3,8.025,284.20,1.6,2.4,2.8
342,1518257541.0,41.2363391,-8.544813433,119.9,8.283,286.60,1.6,2.4,2.8
343,1518257542.0,41.236366233,-8.544906317,119.7,8.488,291.80,1.6,2.4,2.8
344,1518257543.0,41.23639095,-8.545004,120.2,8.643,289.30,1.6,2.4,2.8
345,1518257544.0,41.236414633,-8.54510335,120.2,8.746,286.60,1.6,2.4,2.8
346,1518257545.0,41.236435183,-8.545207417,120.2,9.003,285.10,1.3,?,?
347,1518257546.0,41.23645225,-8.545312917,120.5,8.797,285.60,1.5,?,?
348,1518257547.0,41.23646905,-8.54541665,120.8,8.437,286.20,1.5,?,?
349,1518257548.0,41.23648535,-8.54551405,121.0,8.025,284.50,1.5,?,?
350,1518257549.0,41.236495167,-8.545611183,121.4,8.128,277.50,1.5,?,?
351,1518257550.0,41.236507017,-8.545711983,121.5,8.591,279.50,1.5,?,?
352,1518257551.0,41.236526517,-8.5458141,121.8,9.003,285.70,1.6,?,?
353,1518257552.0,41.2365492,-8.5459196,122.1,9.466,287.30,1.6,?,?
354,1518257553.0,41.236574833,-8.546028917,122.4,9.877,288.00,1.6,?,?
355,1518257554.0,41.236603333,-8.546143367,123.0,10.392,289.20,1.6,?,?
356,1518257555.0,41.23663725,-8.546264333,123.2,11.009,290.80,1.6,?,?
357,1518257556.0,41.236667617,-8.546393267,123.5,11.472,287.20,1.6,?,?
358,1518257557.0,41.236698717,-8.546527517,124.0,11.832,287.60,1.6,?,?
359,1518257558.0,41.236742583,-8.546663083,126.4,12.141,288.20,1.6,2.4,2.8
360,1518257559.0,41.236781867,-8.546795367,127.3,12.038,289.60,1.6,2.4,2.8
361,1518257560.0,41.236825217,-8.54692375,128.0,11.884,294.90,1.6,2.4,2.8
362,1518257561.0,41.236880183,-8.5470433,128.2,11.626,304.90,1.1,?,?
363,1518257562.0,41.236957683,-8.547128333,127.9,11.472,321.20,1.1,?,?
364,1518257563.0,41.237056567,-8.547182517,126.0,11.832,335.20,1.1,?,?
365,1518257564.0,41.237166483,-8.5472228,124.9,12.604,345.00,1.4,?,?
366,1518257565.0,41.2372838,-8.5472532,123.0,12.861,350.00,1.5,?,?
367,1518257566.0,41.237400683,-8.547277733,121.9,12.964,350.90,1.5,?,?
368,1518257567.0,41.237512167,-8.547310683,121.0,13.170,350.70,1.6,2.4,2.8
369,1518257568.0,41.237626733,-8.547342717,120.7,13.427,350.50,1.6,2.4,2.8
370,1518257569.0,41.237743217,-8.547373617,120.0,13.736,350.60,2.0,4.2,4.7
371,1518257570.0,41.237865783,-8.547402583,120.1,14.199,350.40,1.6,2.4,2.8
372,1518257571.0,41.237988733,-8.547431817,120.3,14.044,350.00,2.1,4.2,4.7
373,1518257572.0,41.238110017,-8.54745995,120.8,13.890,350.20,2.1,4.2,4.7
374,1518257573.0,41.238233817,-8.547486467,121.4,14.096,351.00,2.1,4.2,4.7
375,1518257574.0,41.238359167,-8.5475129,122.1,14.250,350.50,2.1,4.2,4.7
376,1518257575.0,41.23848605,-8.547542033,122.9,14.507,349.90,2.1,4.2,4.7
377,1518257576.0,41.238609867,-8.54756885,126.5,14.662,350.10,2.1,4.2,4.7
378,1518257577.0,41.238739717,-8.5475996,127.9,14.816,349.90,2.1,4.2,4.7
379,1518257578.0,41.2388717,-8.547631833,128.8,14.919,349.70,2.1,4.2,4.7
380,1518257579.0,41.239002317,-8.547664583,129.6,14.662,349.50,1.6,2.4,2.9
381,1518257580.0,41.239127383,-8.547697917,130.4,13.993,348.80,1.6,2.4,2.9
382,1518257581.0,41.2392465,-8.547730383,130.8,13.273,348.40,1.6,2.4,2.9
383,1518257582.0,41.239360267,-8.547762617,131.1,12.758,348.20,1.6,2.4,2.9
384,1518257583.0,41.239470967,-8.54779245,131.6,12.450,349.00,1.6,2.4,2.9
385,1518257584.0,41.239580867,-8.547819267,132.3,12.501,350.30,1.6,2.4,2.9
386,1518257585.0,41.2396951,-8.5478439,133.2,12.810,350.80,1.6,2.4,2.9
387,1518257586.0,41.23981025,-8.5478688,134.2,13.067,350.80,1.6,2.4,2.9
388,1518257587.0,41.2399288,-8.5478941,134.9,13.478,351.10,1.6,2.4,2.9
389,1518257588.0,41.240049533,-8.547921083,135.4,13.787,350.40,1.6,2.4,2.9
390,1518257589.0,41.240173383,-8.5479489,136.1,14.147,350.40,1.6,2.4,2.9
391,1518257590.0,41.240298933,-8.5479772,136.7,14.250,350.50,1.6,2.4,2.9
392,1518257591.0,41.2404246,-8.548004883,137.3,14.250,350.80,1.6,2.4,2.9
393,1518257592.0,41.240547633,-8.54803085,137.6,13.941,351.60,1.6,2.4,2.9
394,1518257593.0,41.240668067,-8.54804635,136.9,13.684,356.00,1.4,?,?
395,1518257594.0,41.240793183,-8.548038917,133.3,13.376,5.50,1.4,?,?
396,1518257595.0,41.240905933,-8.548022067,133.8,13.015,12.00,1.4,?,?
397,1518257596.0,41.241020967,-8.54799095,133.8,12.655,12.20,1.6,2.4,2.9
398,1518257597.0,41.241129817,-8.547961567,134.1,11.935,11.20,1.6,2.4,2.9
399,1518257598.0,41.241230733,-8.547939467,134.0,10.855,8.50,1.6,2.4,2.9
400,1518257599.0,41.2413194,-8.547926017,134.3,9.363,4.90,1.6,2.4,2.9
401,1518257600.0,41.241397367,-8.547919233,134.1,8.025,2.60,1.6,2.4,2.9
402,1518257601.0,41.241462917,-8.54791925,133.8,6.636,357.70,1.6,2.4,2.9
403,1518257602.0,41.241517533,-8.547935033,133.8,5.916,339.10,1.6,2.4,2.9
404,1518257603.0,41.2415617,-8.547983833,133.7,6.894,309.80,1.6,2.4,2.9
405,1518257604.0,41.241591133,-8.5480608,134.1,8.077,290.60,1.6,2.4,2.9
406,1518257605.0,41.24161575,-8.54814585,135.5,8.437,288.40,1.6,2.4,2.9
407,1518257606.0,41.241647733,-8.548238133,134.5,9.003,290.00,1.2,?,?
408,1518257607.0,41.2416739,-8.548349333,133.7,10.186,289.10,1.2,?,?
409,1518257608.0,41.24170035,-8.548470117,133.1,10.700,286.00,1.2,?,?
410,1518257609.0,41.241724433,-8.548593883,132.5,10.855,284.60,1.2,?,?
411,1518257610.0,41.241746633,-8.548726683,131.7,11.626,281.40,1.2,?,?
412,1518257611.0,41.2417674,-8.548868983,131.0,12.450,280.30,1.2,?,?
413,1518257612.0,41.2417888,-8.549016833,130.6,12.964,280.70,1.2,?,?
414,1518257613.0,41.2418093,-8.549168733,130.4,13.067,280.70,1.2,?,?
415,1518257614.0,41.2418301,-8.549318067,130.3,12.707,281.00,1.2,?,?
416,1518257615.0,41.241851933,-8.549462533,130.2,12.295,282.10,1.2,?,?
417,1518257616.0,41.241878983,-8.549599383,130.3,11.987,283.20,1.6,2.4,2.9
418,1518257617.0,41.241906483,-8.549733867,130.3,11.678,283.90,1.6,2.4,2.9
419,1518257618.0,41.241933883,-8.549867017,129.8,11.472,285.30,1.2,?,?
420,1518257619.0,41.2419596,-8.549999867,128.6,11.472,286.60,1.2,?,?
421,1518257620.0,41.241986,-8.55013445,127.7,11.472,285.80,1.2,?,?
422,1518257621.0,41.2420045,-8.550272783,126.8,11.626,279.20,1.2,?,?
423,1518257622.0,41.242009483,-8.550414167,126.2,11.832,271.80,1.2,?,?
424,1518257623.0,41.242009333,-8.550553133,125.7,11.575,269.50,1.4,?,?
425,1518257624.0,41.24202185,-8.550689917,125.0,11.266,276.00,1.4,?,?
426,1518257625.0,41.242039767,-8.55082255,124.0,11.266,280.70,1.9,?,?
427,1518257626.0,41.24207235,-8.550962133,122.6,11.987,286.00,1.8,?,?
428,1518257627.0,41.242108817,-8.551102467,120.8,12.347,288.20,1.8,?,?
429,1518257628.0,41.242144183,-8.551241083,118.6,12.295,287.60,1.8,?,?
430,1518257629.0,41.242183783,-8.551373683,115.8,11.884,289.00,1.6,?,?
431,1518257630.0,41.242229583,-8.55149775,112.5,11.421,293.10,1.7,?,?
432,1518257631.0,41.242275967,-8.551612817,109.4,10.906,296.80,1.7,?,?
433,1518257632.0,41.242326117,-8.551716,106.5,10.289,302.50,1.6,?,?
434,1518257633.0,41.242380133,-8.551806383,103.9,9.672,309.20,1.6,?,?
435,1518257634.0,41.242436717,-8.551881567,99.5,9.003,310.90,1.4,?,?
436,1518257635.0,41.2424846,-8.551959133,98.0,8.180,311.40,1.3,?,?
437,1518257636.0,41.242526467,-8.552024333,96.4,7.099,311.60,1.7,?,?
438,1518257637.0,41.242570583,-8.552078417,93.9,6.328,315.70,1.4,?,?
439,1518257638.0,41.242600433,-8.5521105,92.4,4.476,323.10,2.0,?,?
440,1518257639.0,41.242626517,-8.55214155,90.3,3.241,326.30,1.7,?,?
441,1518257640.0,41.242640417,-8.552164267,89.0,1.698,326.90,1.7,?,?
442,1518257641.0,41.242645417,-8.552182867,89.7,0.772,323.30,1.4,?,?
443,1518257642.0,41.242652717,-8.552184633,92.2,0.257,286.40,1.3,?,?
444,1518257643.0,41.242646783,-8.552190967,88.8,0.360,301.70,1.3,?,?
445,1518257644.0,41.24264715,-8.5522,89.0,1.183,299.90,1.3,?,?
446,1518257645.0,41.24265435,-8.55223095,89.5,3.601,290.30,1.3,?,?
447,1518257646.0,41.242661667,-8.5522787,93.0,4.784,285.80,1.3,?,?
448,1518257647.0,41.2426586,-8.552328667,100.1,5.196,279.90,1.3,?,?
449,1518257648.0,41.242662567,-8.552395483,104.4,6.276,278.30,2.1,4.2,4.7
450,1518257649.0,41.24266945,-8.552480533,106.9,7.614,282.40,1.2,?,?
451,1518257650.0,41.242682717,-8.55257565,108.7,8.231,283.90,1.2,?,?
452,1518257651.0,41.2426977,-8.5526752,109.3,8.797,282.50,1.2,?,?
453,1518257652.0,41.242715083,-8.552786717,109.5,9.929,282.50,1.2,?,?
454,1518257653.0,41.242731267,-8.5529136,109.5,11.061,280.20,1.2,?,?
455,1518257654.0,41.2427434,-8.553047933,109.0,11.524,276.20,1.3,?,?
456,1518257655.0,41.242750733,-8.553182367,107.8,11.678,271.70,1.2,?,?
457,1518257656.0,41.242755367,-8.553319233,106.6,11.678,270.30,1.2,?,?
458,1518257657.0,41.2427587,-8.553452333,105.8,11.421,269.20,1.3,?,?
459,1518257658.0,41.242761817,-8.5535797,104.8,10.392,271.50,1.5,?,?
460,1518257659.0,41.242762567,-8.553691417,104.1,9.054,271.90,1.6,?,?
461,1518257660.0,41.24276975,-8.553787767,102.7,7.717,275.60,1.6,?,?
462,1518257661.0,41.242784333,-8.553871583,102.0,6.739,289.60,1.6,?,?
463,1518257662.0,41.242821417,-8.5539344,102.0,6.482,317.10,1.6,?,?
464,1518257663.0,41.242878167,-8.5539666,102.0,7.254,345.00,1.6,?,?
465,1518257664.0,41.242970033,-8.55398275,101.5,9.723,351.40,1.5,?,?
466,1518257665.0,41.243056467,-8.554014083,98.6,11.061,347.90,2.0,?,?
467,1518257666.0,41.2431494,-8.5540467,96.3,11.729,346.30,1.5,?,?
468,1518257667.0,41.243250467,-8.554079367,94.3,12.089,346.00,1.5,?,?
469,1518257668.0,41.243353517,-8.554111217,92.3,11.884,346.60,1.5,?,?
470,1518257669.0,41.243454017,-8.55414145,90.3,11.369,347.00,1.5,?,?
471,1518257670.0,41.243549433,-8.5541713,88.6,10.649,346.30,1.5,?,?
472,1518257671.0,41.2436336,-8.554195817,87.0,9.106,348.10,1.5,?,?
473,1518257672.0,41.2437121,-8.554209083,85.5,8.334,355.50,1.5,?,?
474,1518257673.0,41.2437863,-8.554196217,86.2,8.540,12.50,1.3,?,?
475,1518257674.0,41.243859233,-8.554155667,87.6,9.363,27.50,1.5,?,?
476,1518257675.0,41.243934783,-8.55410745,88.7,9.569,26.30,1.4,?,?
477,1518257676.0,41.24402145,-8.554076467,89.3,9.466,10.00,1.4,?,?
478,1518257677.0,41.244108117,-8.554077717,89.7,9.569,350.90,1.4,?,?
479,1518257678.0,41.2441885,-8.5541157,89.5,9.877,332.20,1.2,?,?
480,1518257679.0,41.244257583,-8.55418585,89.5,10.083,315.00,1.4,?,?
481,1518257680.0,41.244291717,-8.554284167,89.4,9.723,293.10,1.4,?,?
482,1518257681.0,41.244312167,-8.554389217,90.4,9.774,272.50,1.4,?,?
483,1518257682.0,41.244297383,-8.554501983,92.5,9.929,252.20,1.2,?,?
484,1518257683.0,41.244253317,-8.554603,94.0,10.186,232.30,1.2,?,?
485,1518257684.0,41.24419,-8.554684833,94.5,10.443,217.30,1.2,?,?
486,1518257685.0,41.244115967,-8.5547626,95.3,10.649,216.20,1.2,?,?
487,1518257686.0,41.244046933,-8.554851767,95.4,10.906,226.00,1.2,?,?
488,1518257687.0,41.243992917,-8.554961433,95.2,11.369,241.70,1.2,?,?
489,1518257688.0,41.243956533,-8.555091967,95.5,12.141,256.10,1.2,?,?
490,1518257689.0,41.243929567,-8.55523385,95.7,12.604,259.10,1.2,?,?
491,1518257690.0,41.243904083,-8.555378083,95.7,12.398,257.40,1.0,?,?
492,1518257691.0,41.24387875,-8.555525017,96.4,12.244,257.40,1.0,?,?
493,1518257692.0,41.243854483,-8.555669783,97.2,12.089,257.70,1.0,?,?
494,1518257693.0,41.243831783,-8.5558066,97.9,11.318,257.70,1.0,?,?
495,1518257694.0,41.243809133,-8.5559368,98.6,10.958,257.00,1.0,?,?
496,1518257695.0,41.24378585,-8.556067217,99.3,11.215,256.40,1.0,?,?
497,1518257696.0,41.243762067,-8.55619975,99.9,11.421,256.70,1.0,?,?
498,1518257697.0,41.243736883,-8.556331733,99.9,11.575,256.70,1.3,2.0,2.4
499,1518257698.0,41.243713533,-8.556464467,100.5,11.729,256.60,1.3,2.0,2.4
500,1518257699.0,41.24369005,-8.556603033,101.3,11.884,256.60,1.3,2.0,2.4
501,1518257700.0,41.24366705,-8.55674165,101.9,11.884,257.30,1.3,2.0,2.4
502,1518257701.0,41.243643083,-8.556879783,102.4,11.832,257.10,1.3,2.0,2.4
503,1518257702.0,41.243619217,-8.557017167,102.7,11.781,257.20,1.3,2.0,2.4
504,1518257703.0,41.243595417,-8.557154333,102.7,11.884,257.10,1.3,2.0,2.4
505,1518257704.0,41.243570783,-8.557292967,102.5,11.987,256.80,1.3,2.0,2.4
506,1518257705.0,41.243545333,-8.557433717,101.9,12.141,256.50,1.3,2.0,2.4
507,1518257706.0,41.24351945,-8.55757485,101.4,12.089,256.40,1.3,2.0,2.4
508,1518257707.0,41.24349455,-8.55771515,100.8,12.038,256.80,1.3,2.0,2.4
509,1518257708.0,41.24347045,-8.557855333,100.2,12.038,257.30,1.3,2.0,2.4
510,1518257709.0,41.243446567,-8.557995283,99.7,11.987,257.50,1.3,2.0,2.4
511,1518257710.0,41.243422733,-8.558134833,99.1,11.935,257.50,1.3,2.0,2.4
512,1518257711.0,41.24339915,-8.558274367,98.4,11.987,257.50,1.3,2.0,2.4
513,1518257712.0,41.243373667,-8.558415517,97.8,12.244,256.70,1.3,2.0,2.4
514,1518257713.0,41.24334815,-8.5585588,97.2,12.398,256.80,1.8,2.2,2.9
515,1518257714.0,41.243324,-8.558702333,96.6,12.295,257.30,1.3,2.0,2.4
516,1518257715.0,41.243299583,-8.55884525,96.0,12.244,257.40,1.3,2.0,2.4
517,1518257716.0,41.243276517,-8.558987567,95.7,12.141,257.50,1.3,2.0,2.4
518,1518257717.0,41.243254167,-8.559128867,95.7,12.038,257.20,1.3,2.0,2.4
519,1518257718.0,41.243231017,-8.559265583,96.0,11.626,257.00,1.3,2.0,2.4
520,1518257719.0,41.243207783,-8.559398833,96.6,11.369,257.70,1.3,2.0,2.4
521,1518257720.0,41.243184167,-8.559532467,97.2,11.524,257.30,1.3,2.0,2.4
522,1518257721.0,41.243160967,-8.559669117,97.8,11.832,257.40,1.3,2.0,2.4
523,1518257722.0,41.24313705,-8.559807817,98.4,11.987,257.60,1.3,2.0,2.4
524,1518257723.0,41.243112567,-8.559948317,99.0,12.141,257.20,1.3,2.0,2.4
525,1518257724.0,41.243087683,-8.560090567,99.6,12.295,257.00,1.3,2.0,2.4
526,1518257725.0,41.24306195,-8.5602338,100.3,12.347,256.70,1.3,2.0,2.4
527,1518257726.0,41.243036933,-8.56037705,100.9,12.347,257.10,1.3,2.0,2.4
528,1518257727.0,41.243011833,-8.560520833,101.6,12.398,257.20,1.3,2.0,2.4
529,1518257728.0,41.242987367,-8.560666467,102.3,12.552,257.20,1.3,2.0,2.4
530,1518257729.0,41.242962217,-8.560813167,102.9,12.655,257.60,1.3,2.0,2.4
531,1518257730.0,41.242936967,-8.5609607,103.6,12.707,257.40,1.3,2.0,2.4
532,1518257731.0,41.242910583,-8.561108333,104.3,12.707,256.70,1.3,2.0,2.4
533,1518257732.0,41.242883,-8.5612591,105.0,13.221,256.20,1.3,2.0,2.4
534,1518257733.0,41.242854083,-8.561416967,105.8,13.839,256.40,1.3,2.0,2.4
535,1518257734.0,41.242825317,-8.56157675,106.5,13.684,257.00,1.3,2.0,2.4
536,1518257735.0,41.242798083,-8.56173255,107.1,13.170,257.10,1.3,2.0,2.4
537,1518257736.0,41.242772667,-8.56187865,107.5,12.089,257.20,1.3,2.0,2.4
538,1518257737.0,41.24275325,-8.56201185,107.6,10.803,260.20,1.3,2.0,2.4
539,1518257738.0,41.242753667,-8.562132483,107.7,9.569,275.30,1.3,2.0,2.4
540,1518257739.0,41.242777567,-8.562239733,107.6,9.311,295.70,1.3,2.0,2.4
541,1518257740.0,41.2428197,-8.5623341,107.6,9.517,305.70,1.3,2.0,2.4
542,1518257741.0,41.242858083,-8.562428833,107.9,9.363,297.80,1.3,2.0,2.4
543,1518257742.0,41.242879333,-8.562534033,107.6,9.157,280.30,1.3,2.0,2.4
544,1518257743.0,41.242879667,-8.56264165,107.4,9.311,263.10,1.3,2.0,2.4
545,1518257744.0,41.2428533,-8.562747883,107.6,9.466,244.20,1.3,2.0,2.4
546,1518257745.0,41.242801167,-8.56283655,107.5,9.723,224.20,1.3,2.0,2.4
547,1518257746.0,41.242726933,-8.56289825,107.6,9.723,204.40,1.3,2.0,2.4
548,1518257747.0,41.242643483,-8.562925183,107.1,9.774,184.20,1.3,2.0,2.4
549,1518257748.0,41.242556317,-8.56291115,106.8,9.929,164.70,1.3,2.0,2.4
550,1518257749.0,41.2424746,-8.5628604,106.6,10.289,147.00,1.3,2.0,2.4
551,1518257750.0,41.242407433,-8.562782633,106.6,10.186,131.90,1.3,2.0,2.4
552,1518257751.0,41.242355183,-8.5626952,106.4,9.517,122.80,1.3,2.0,2.4
553,1518257752.0,41.242304117,-8.56260315,106.5,9.106,125.50,1.3,2.0,2.4
554,1518257753.0,41.242248483,-8.562519583,106.7,9.209,134.90,1.3,2.0,2.4
555,1518257754.0,41.2421821,-8.562451333,107.2,9.672,148.10,1.3,2.0,2.4
556,1518257755.0,41.242103533,-8.562400883,107.4,10.135,161.00,1.3,2.0,2.4
557,1518257756.0,41.242013367,-8.56236585,107.7,10.700,167.10,1.3,2.0,2.4
558,1518257757.0,41.241916967,-8.5623353,108.3,11.009,167.50,1.3,2.0,2.4
559,1518257758.0,41.241817883,-8.562305467,108.8,11.421,167.50,1.3,2.0,2.4
560,1518257759.0,41.241716583,-8.562279633,109.2,11.524,169.70,1.3,2.0,2.4
561,1518257760.0,41.24161505,-8.562259267,109.7,11.318,172.00,0.9,?,?
562,1518257761.0,41.241508583,-8.56224425,110.0,11.472,175.30,1.0,?,?
563,1518257762.0,41.241403883,-8.562233933,110.3,11.832,177.80,1.3,2.0,2.4
564,1518257763.0,41.241301117,-8.5622279,111.0,11.729,178.50,1.3,2.0,2.4
565,1518257764.0,41.241198133,-8.562225817,111.8,11.524,179.60,1.3,2.0,2.4
566,1518257765.0,41.241095933,-8.562224767,112.5,11.369,179.50,1.3,2.0,2.4
567,1518257766.0,41.240994583,-8.562224133,113.1,11.318,179.40,1.3,2.0,2.4
568,1518257767.0,41.240893283,-8.562223333,113.7,11.266,179.20,1.3,2.0,2.4
569,1518257768.0,41.240792617,-8.56222315,114.1,11.266,179.40,1.3,2.0,2.4
570,1518257769.0,41.24069005,-8.5622224,114.5,11.472,179.40,1.3,2.0,2.4
571,1518257770.0,41.240585533,-8.56222245,114.7,11.781,180.00,1.3,2.0,2.4
572,1518257771.0,41.2404798,-8.562232733,114.9,12.038,184.90,1.3,2.0,2.4
573,1518257772.0,41.24037675,-8.562258217,114.9,11.935,192.10,1.3,2.0,2.4
574,1518257773.0,41.2402756,-8.562297633,114.9,11.729,199.30,1.3,2.0,2.4
575,1518257774.0,41.240180683,-8.562354883,114.6,11.626,207.20,1.3,2.0,2.4
576,1518257775.0,41.240089,-8.56242295,114.4,11.626,213.30,1.3,2.0,2.4
577,1518257776.0,41.240005067,-8.56250635,114.1,11.626,219.90,1.3,2.0,2.4
578,1518257777.0,41.239929267,-8.562603,113.7,11.678,226.10,1.3,2.0,2.4
579,1518257778.0,41.239859333,-8.562708467,113.2,11.987,230.30,1.3,2.0,2.4
580,1518257779.0,41.239791817,-8.562820067,112.7,12.089,232.50,1.3,2.0,2.4
581,1518257780.0,41.239725117,-8.5629351,112.2,12.192,233.10,1.3,2.0,2.4
582,1518257781.0,41.23966045,-8.563052783,111.7,12.192,234.70,1.3,2.0,2.4
583,1518257782.0,41.239601117,-8.563172917,110.9,11.935,238.30,1.3,2.0,2.4
584,1518257783.0,41.239545533,-8.563293467,110.4,11.884,240.90,1.3,2.0,2.4
585,1518257784.0,41.23949865,-8.563423567,109.2,12.038,245.10,1.3,2.0,2.4
586,1518257785.0,41.239453133,-8.563552783,108.2,11.935,248.00,1.3,2.0,2.4
587,1518257786.0,41.23942035,-8.5636837,107.9,12.038,253.00,1.3,2.0,2.4
588,1518257787.0,41.2393854,-8.563818617,107.3,12.141,252.20,1.3,2.0,2.4
589,1518257788.0,41.239343967,-8.5639543,107.2,11.987,252.90,1.3,2.0,2.4
590,1518257789.0,41.239309767,-8.56408345,106.1,11.524,251.80,2.1,2.7,3.4
591,1518257790.0,41.239278133,-8.564214483,104.1,11.421,252.30,6.8,1.0,6.9
592,1518257791.0,41.2392431,-8.564353283,102.1,11.626,252.10,6.8,1.0,6.9
593,1518257792.0,41.239160367,-8.564572817,103.1,13.684,249.70,6.8,1.0,6.9
594,1518257793.0,41.23923415,-8.564742133,102.9,13.633,257.90,2.3,1.0,2.5
595,1518257794.0,41.2392026,-8.564869817,103.2,11.832,255.60,2.3,1.0,2.5
596,1518257795.0,41.239158467,-8.56499145,103.3,11.369,250.10,2.3,?,?
597,1518257796.0,41.23910075,-8.565043683,103.8,11.678,249.20,2.0,?,?
598,1518257797.0,41.239060917,-8.565174383,103.2,12.089,248.50,2.0,?,?
599,1518257798.0,41.239006433,-8.5653123,104.2,12.552,246.30,1.1,?,?
600,1518257799.0,41.238955867,-8.565454767,104.7,12.758,244.70,1.1,?,?
601,1518257800.0,41.238897033,-8.565587433,104.5,12.604,243.40,1.1,?,?
602,1518257801.0,41.2388417,-8.565721083,104.9,12.347,243.20,1.1,?,?
603,1518257802.0,41.238791317,-8.565849133,105.4,12.038,242.70,1.3,2.0,2.4
604,1518257803.0,41.238745883,-8.565976567,106.5,11.678,242.60,1.3,2.0,2.4
605,1518257804.0,41.238698167,-8.566098183,107.0,11.318,242.00,1.3,2.0,2.4
606,1518257805.0,41.238652133,-8.566214917,107.3,10.752,242.10,1.3,2.0,2.4
607,1518257806.0,41.238609133,-8.566324833,107.6,10.083,242.20,1.3,2.0,2.4
608,1518257807.0,41.238570567,-8.5664248,107.9,8.951,243.10,1.3,2.0,2.4
609,1518257808.0,41.238540033,-8.566510667,108.2,7.151,245.20,1.3,2.0,2.4
610,1518257809.0,41.2385199,-8.56657325,108.3,4.579,247.20,1.3,2.0,2.4
611,1518257810.0,41.238496783,-8.56660395,108.4,3.087,209.60,1.3,2.0,2.4
612,1518257811.0,41.23846715,-8.566603467,108.6,3.447,161.30,1.3,2.0,2.4
613,1518257812.0,41.238445417,-8.566579867,108.3,3.498,128.30,1.3,2.0,2.4
614,1518257813.0,41.238436017,-8.56656155,108.1,1.801,123.00,1.4,?,?
615,1518257814.0,41.23843395,-8.566563283,108.2,0.154,241.90,1.3,2.0,2.4
616,1518257815.0,41.238443767,-8.566567217,108.7,1.492,334.50,1.2,?,?
617,1518257816.0,41.238453883,-8.566576017,109.1,1.440,323.80,1.4,2.1,2.5
618,1518257817.0,41.238459233,-8.566586733,110.3,0.823,300.30,2.7,2.5,3.7
619,1518257818.0,41.238461933,-8.566584433,110.8,0.926,101.20,1.3,2.0,2.4
620,1518257819.0,41.2384619,-8.566550983,111.1,3.550,95.40,1.8,2.1,2.8
621,1518257820.0,41.238468967,-8.566507317,111.3,3.858,81.40,1.8,2.1,2.8
622,1518257821.0,41.238482317,-8.566469033,111.4,3.395,65.90,1.3,2.0,2.4
623,1518257822.0,41.238495133,-8.566438467,111.3,2.572,57.30,1.3,2.0,2.4
624,1518257823.0,41.2385041,-8.56641855,111.1,1.440,56.80,1.3,2.0,2.4
625,1518257824.0,41.238509317,-8.566408367,111.1,0.720,58.30,1.3,2.0,2.4
626,1518257825.0,41.238511833,-8.566402317,111.2,0.309,72.50,1.3,2.0,2.4
627,1518257826.0,41.238513633,-8.56639915,111.1,0.000,238.90,1.2,?,?
628,1518257827.0,41.238515383,-8.56639775,110.7,0.154,42.40,1.4,?,?
629,1518257828.0,41.23852055,-8.566382667,110.8,1.852,53.00,1.3,2.0,2.4
630,1518257829.0,41.238535467,-8.5663549,110.8,3.447,50.80,1.8,2.1,2.8
631,1518257830.0,41.238556117,-8.56631515,110.8,4.784,55.40,1.8,2.1,2.8
632,1518257831.0,41.2385828,-8.566259983,110.8,6.225,58.50,1.8,2.1,2.8
633,1518257832.0,41.23861155,-8.56619325,110.7,6.739,61.10,1.8,2.1,2.8
634,1518257833.0,41.2386442,-8.566115533,110.6,8.077,61.30,1.8,2.1,2.8
635,1518257834.0,41.238685167,-8.566017733,110.6,10.237,60.90,1.8,2.1,2.8
636,1518257835.0,41.2387318,-8.5659042,110.3,11.369,61.50,1.8,2.1,2.8
637,1518257836.0,41.2387783,-8.56578935,110.3,11.009,62.00,1.8,2.1,2.8
638,1518257837.0,41.238824883,-8.565671417,110.2,11.266,62.60,1.8,2.1,2.8
639,1518257838.0,41.238871917,-8.565549383,110.1,11.626,63.20,1.8,2.1,2.8
640,1518257839.0,41.238918383,-8.565425117,110.1,11.729,63.80,1.8,2.1,2.8
641,1518257840.0,41.238962817,-8.565300117,110.0,11.575,65.00,1.8,2.1,2.8
642,1518257841.0,41.239004617,-8.565175283,110.1,11.318,66.50,1.2,?,?
643,1518257842.0,41.239043433,-8.56505145,110.2,11.163,66.70,1.2,?,?
644,1518257843.0,41.2390793,-8.564928967,110.0,11.163,67.50,1.2,?,?
645,1518257844.0,41.23911595,-8.564805967,109.6,11.421,67.30,1.2,?,?
646,1518257845.0,41.2391498,-8.5646779,109.1,11.575,69.20,1.4,?,?
647,1518257846.0,41.239182217,-8.564547933,108.8,11.575,71.00,1.4,?,?
648,1518257847.0,41.239214467,-8.56442295,108.2,11.215,71.90,1.5,?,?
649,1518257848.0,41.239243417,-8.564291517,109.3,11.009,74.50,23.3,?,?
650,1518257849.0,41.239265783,-8.5641579,109.6,11.266,77.10,38.4,?,?
651,1518257850.0,41.239267567,-8.564016833,109.7,11.369,86.30,38.4,?,?
652,1518257851.0,41.239301683,-8.563888717,110.0,11.266,79.90,38.4,?,?
653,1518257852.0,41.239314717,-8.5637405,110.1,10.958,78.40,38.4,?,?
654,1518257853.0,41.239365667,-8.563615367,110.4,10.752,72.30,23.2,?,?
655,1518257854.0,41.239396883,-8.563483267,110.7,10.752,71.20,23.2,?,?
656,1518257855.0,41.23943705,-8.5633607,111.0,10.752,66.70,23.2,?,?
657,1518257856.0,41.239487483,-8.56325035,111.4,10.649,60.90,8.2,?,?
658,1518257857.0,41.2395395,-8.563138167,111.9,10.752,57.40,8.2,?,?
659,1518257858.0,41.239595967,-8.56302685,112.4,11.112,55.10,8.2,?,?
660,1518257859.0,41.239656767,-8.5629151,112.9,11.421,53.40,8.2,?,?
661,1518257860.0,41.239721867,-8.562806533,113.4,11.729,52.20,2.1,?,?
662,1518257861.0,41.2397887,-8.562696417,113.7,11.678,50.10,1.1,?,?
663,1518257862.0,41.239859067,-8.56258275,114.0,11.626,48.20,1.1,?,?
664,1518257863.0,41.239934367,-8.562482017,114.4,11.472,42.90,1.2,?,?
665,1518257864.0,41.240012933,-8.562394267,114.5,11.421,36.50,1.2,?,?
666,1518257865.0,41.240098983,-8.562320267,114.8,11.524,30.10,1.1,?,?
667,1518257866.0,41.24019365,-8.562260517,115.2,11.729,23.60,1.1,?,?
668,1518257867.0,41.240294367,-8.562215717,115.6,11.832,17.10,1.2,?,?
669,1518257868.0,41.2404016,-8.562183217,115.7,11.935,10.50,1.1,?,?
670,1518257869.0,41.24051125,-8.562166333,115.6,12.038,4.40,1.0,?,?
671,1518257870.0,41.2406221,-8.562163283,115.2,12.141,0.50,1.0,?,?
672,1518257871.0,41.24073445,-8.5621703,114.7,11.987,359.20,1.0,?,?
673,1518257872.0,41.24084755,-8.562180133,113.7,11.781,359.10,0.9,?,?
674,1518257873.0,41.2409591,-8.562185983,112.3,11.729,358.80,0.9,?,?
675,1518257874.0,41.24106625,-8.5621898,111.6,11.832,358.90,0.9,?,?
676,1518257875.0,41.241174267,-8.5621931,110.7,11.987,359.00,0.9,?,?
677,1518257876.0,41.2412846,-8.562198233,109.6,12.141,358.40,0.9,?,?
678,1518257877.0,41.241395583,-8.562205433,108.4,12.141,357.30,0.9,?,?
679,1518257878.0,41.241503567,-8.562210183,107.9,12.038,357.00,0.9,?,?
680,1518257879.0,41.241611617,-8.562223283,107.2,11.781,354.40,0.9,?,?
681,1518257880.0,41.241717583,-8.562241117,106.3,11.575,351.80,0.9,?,?
682,1518257881.0,41.241820917,-8.5622656,105.4,11.421,348.40,1.0,?,?
683,1518257882.0,41.241920533,-8.562295833,104.7,11.163,345.60,0.9,?,?
684,1518257883.0,41.242014867,-8.562329317,103.9,10.546,344.20,0.9,?,?
685,1518257884.0,41.2421026,-8.562361317,103.0,9.826,344.40,0.9,?,?
686,1518257885.0,41.242186133,-8.562389267,102.3,9.363,346.10,0.9,?,?
687,1518257886.0,41.242268033,-8.562405517,101.8,9.106,356.00,0.9,?,?
688,1518257887.0,41.242345683,-8.5623896,101.8,9.106,14.50,0.9,?,?
689,1518257888.0,41.242417333,-8.562342517,101.9,9.157,33.00,0.9,?,?
690,1518257889.0,41.242484367,-8.562275683,101.8,8.951,38.20,0.9,?,?
691,1518257890.0,41.24255175,-8.562229633,103.4,9.003,28.60,1.5,2.8,3.2
692,1518257891.0,41.242621317,-8.5621725,103.8,9.106,29.60,1.3,2.0,2.4
693,1518257892.0,41.2426816,-8.562098,104.3,9.003,44.10,1.3,2.0,2.4
694,1518257893.0,41.242723283,-8.5620078,104.4,9.003,61.80,1.3,2.0,2.4
695,1518257894.0,41.2427469,-8.561904083,104.6,9.672,76.80,1.4,2.0,2.5
696,1518257895.0,41.242768317,-8.561785833,104.5,10.546,79.50,1.3,2.0,2.4
697,1518257896.0,41.242794217,-8.5616645,104.7,11.266,77.90,1.3,2.0,2.4
698,1518257897.0,41.242819483,-8.561531683,104.6,11.987,77.60,1.3,2.0,2.4
699,1518257898.0,41.242843467,-8.5613906,104.3,12.398,77.50,1.3,2.0,2.4
700,1518257899.0,41.242866417,-8.56125055,104.5,12.295,77.50,1.3,2.0,2.4
701,1518257900.0,41.242889183,-8.561106667,104.5,12.450,77.30,1.3,2.0,2.4
702,1518257901.0,41.24291225,-8.560960033,104.3,12.604,77.30,1.3,2.0,2.4
703,1518257902.0,41.24293545,-8.56081245,103.9,12.604,77.30,1.3,2.0,2.4
704,1518257903.0,41.242959233,-8.5606643,103.5,12.707,77.30,1.3,2.0,2.4
705,1518257904.0,41.242984517,-8.56051445,103.0,12.913,76.80,1.3,2.0,2.4
706,1518257905.0,41.243010217,-8.5603643,102.4,12.913,76.70,1.3,2.0,2.4
707,1518257906.0,41.243036233,-8.5602134,101.8,12.964,76.80,1.3,2.0,2.4
708,1518257907.0,41.24306125,-8.56006275,101.1,13.067,77.20,1.3,2.0,2.4
709,1518257908.0,41.243084917,-8.55991025,100.3,13.170,77.40,1.3,2.0,2.4
710,1518257909.0,41.24311005,-8.559756733,99.5,13.170,77.40,1.3,2.0,2.4
711,1518257910.0,41.243135767,-8.559602483,98.8,13.221,77.50,1.3,2.0,2.4
712,1518257911.0,41.243162567,-8.559447583,98.0,13.273,77.00,1.3,2.0,2.4
713,1518257912.0,41.243189867,-8.559291783,97.2,13.427,76.90,1.3,2.0,2.4
714,1518257913.0,41.243217333,-8.559136083,96.7,13.376,76.90,1.3,2.0,2.4
715,1518257914.0,41.243244217,-8.558984133,96.8,12.913,77.10,1.3,2.0,2.4
716,1518257915.0,41.24326965,-8.55884005,97.3,12.141,76.90,1.3,2.0,2.4
717,1518257916.0,41.2432941,-8.5587028,98.1,11.626,76.90,1.3,2.0,2.4
718,1518257917.0,41.24331855,-8.5585668,98.8,11.729,76.90,1.3,2.0,2.4
719,1518257918.0,41.24334255,-8.558429167,99.5,11.884,77.50,1.3,2.0,2.4
720,1518257919.0,41.24336765,-8.558294233,100.2,11.626,77.30,1.3,2.0,2.4
721,1518257920.0,41.243392583,-8.558160183,100.9,11.472,77.00,1.3,2.0,2.4
722,1518257921.0,41.243417667,-8.558026667,101.7,11.524,76.80,1.3,2.0,2.4
723,1518257922.0,41.243442067,-8.55789255,102.4,11.575,77.30,1.3,2.0,2.4
724,1518257923.0,41.24346615,-8.55775785,103.1,11.626,77.40,1.3,2.0,2.4
725,1518257924.0,41.2434902,-8.557623583,103.9,11.626,77.40,1.3,2.0,2.4
726,1518257925.0,41.243514017,-8.557490083,104.6,11.472,77.30,1.3,2.0,2.4
727,1518257926.0,41.24353765,-8.557357317,105.3,11.472,77.20,1.3,2.0,2.4
728,1518257927.0,41.243561267,-8.557225067,105.9,11.421,77.10,1.3,2.0,2.4
729,1518257928.0,41.24358515,-8.557091383,106.2,11.575,77.10,1.3,2.0,2.4
730,1518257929.0,41.243609233,-8.55695515,106.4,11.781,77.10,1.3,2.0,2.4
731,1518257930.0,41.243631717,-8.556814317,106.4,12.038,77.20,1.3,2.0,2.4
732,1518257931.0,41.243653917,-8.55667335,106.5,11.935,77.30,1.3,2.0,2.4
733,1518257932.0,41.243676817,-8.556535717,106.4,11.678,77.00,1.3,2.0,2.4
734,1518257933.0,41.2436983,-8.556398317,106.3,11.626,77.00,1.3,2.0,2.4
735,1518257934.0,41.243716533,-8.556258083,105.8,11.678,77.00,1.3,2.0,2.4
736,1518257935.0,41.243738067,-8.556118167,105.3,11.987,77.10,1.3,2.0,2.4
737,1518257936.0,41.24376145,-8.555976267,104.9,12.244,77.10,1.3,2.0,2.4
738,1518257937.0,41.243786167,-8.555832833,104.4,12.347,76.70,1.3,2.0,2.4
739,1518257938.0,41.24381135,-8.55569,103.9,12.244,76.70,1.3,2.0,2.4
740,1518257939.0,41.24383655,-8.555547967,103.6,12.192,76.80,1.3,2.0,2.4
741,1518257940.0,41.243861933,-8.555409183,103.5,11.832,76.60,1.3,2.0,2.4
742,1518257941.0,41.243886667,-8.5552745,103.6,11.472,76.70,1.3,2.0,2.4
743,1518257942.0,41.243910067,-8.555146733,104.0,10.803,76.90,1.3,2.0,2.4
744,1518257943.0,41.243931933,-8.55502635,104.4,10.135,77.10,1.3,2.0,2.4
745,1518257944.0,41.243946517,-8.554914783,104.8,9.054,82.50,1.3,2.0,2.4
746,1518257945.0,41.24394445,-8.5548145,105.1,8.128,98.00,1.3,2.0,2.4
747,1518257946.0,41.243919933,-8.554724583,105.1,8.128,117.30,1.3,2.0,2.4
748,1518257947.0,41.243880017,-8.554641617,104.9,8.540,126.40,1.3,2.0,2.4
749,1518257948.0,41.243842417,-8.5545545,104.9,8.694,118.60,1.0,?,?
750,1518257949.0,41.24382055,-8.55445985,105.1,8.797,103.30,1.0,?,?
751,1518257950.0,41.2438175,-8.554359717,104.8,8.797,84.90,1.0,?,?
752,1518257951.0,41.243839667,-8.554258417,104.4,8.797,67.10,1.0,?,?
753,1518257952.0,41.2438836,-8.55417195,104.0,8.900,49.00,1.0,?,?
754,1518257953.0,41.243947967,-8.554112467,103.6,8.951,28.50,1.0,?,?
755,1518257954.0,41.24402605,-8.554079683,103.4,9.054,9.10,1.0,?,?
756,1518257955.0,41.244103317,-8.554078667,102.6,9.157,350.50,1.0,?,?
757,1518257956.0,41.244177633,-8.554112183,101.5,9.157,332.80,0.9,?,?
758,1518257957.0,41.244243517,-8.554175267,100.5,9.106,315.70,0.9,?,?
759,1518257958.0,41.244285667,-8.5542596,99.6,8.797,295.20,0.9,?,?
760,1518257959.0,41.24429965,-8.55436065,98.9,8.746,276.10,0.9,?,?
761,1518257960.0,41.244296067,-8.5544632,98.8,8.643,261.50,0.9,?,?
762,1518257961.0,41.2442757,-8.5545608,99.1,8.797,246.30,0.8,?,?
763,1518257962.0,41.244230767,-8.554646733,99.2,8.900,229.20,0.8,?,?
764,1518257963.0,41.24417055,-8.554714867,99.1,9.003,215.40,0.8,?,?
765,1518257964.0,41.24410535,-8.554777783,99.4,8.746,215.10,0.8,?,?
766,1518257965.0,41.244045667,-8.554848767,99.3,8.848,225.10,0.8,?,?
767,1518257966.0,41.243995617,-8.554938283,99.0,9.877,238.90,0.8,?,?
768,1518257967.0,41.243957967,-8.55505215,98.8,11.009,252.50,0.8,?,?
769,1518257968.0,41.24393105,-8.555183467,98.6,11.729,258.80,0.9,?,?
770,1518257969.0,41.2439094,-8.555321583,98.2,11.832,258.40,0.8,?,?
771,1518257970.0,41.243886583,-8.555460183,98.3,11.781,257.70,0.8,?,?
772,1518257971.0,41.243864767,-8.55559495,98.5,11.524,257.20,0.8,?,?
773,1518257972.0,41.24384335,-8.555728033,98.8,11.318,257.20,0.8,?,?
774,1518257973.0,41.243821567,-8.555860817,99.3,11.266,257.50,0.8,?,?
775,1518257974.0,41.243799083,-8.555992617,99.8,11.266,257.30,0.8,?,?
776,1518257975.0,41.243777383,-8.556121317,99.7,11.318,256.70,1.3,2.0,2.4
777,1518257976.0,41.243752017,-8.556252383,100.6,11.472,256.60,1.3,2.0,2.4
778,1518257977.0,41.243726567,-8.556386083,101.6,11.678,257.00,1.3,2.0,2.4
779,1518257978.0,41.2437022,-8.556517917,102.1,11.678,256.60,1.3,2.0,2.4
780,1518257979.0,41.243677333,-8.556653183,102.5,11.781,257.00,1.3,2.0,2.4
781,1518257980.0,41.243652583,-8.556790167,102.8,11.832,257.10,1.3,2.0,2.4
782,1518257981.0,41.243627167,-8.556929033,103.3,11.832,257.10,1.3,2.0,2.4
783,1518257982.0,41.243602617,-8.5570658,103.5,11.781,257.00,1.3,2.0,2.4
784,1518257983.0,41.243577583,-8.5572033,103.4,11.884,256.70,1.3,2.0,2.4
785,1518257984.0,41.243552417,-8.5573426,103.1,12.089,256.90,1.3,2.0,2.4
786,1518257985.0,41.243526667,-8.55748615,102.6,12.398,257.00,1.3,2.0,2.4
787,1518257986.0,41.243501683,-8.557629533,102.1,12.347,257.40,1.3,2.0,2.4
788,1518257987.0,41.243477317,-8.55777325,101.5,12.347,257.50,1.3,2.0,2.4
789,1518257988.0,41.243453067,-8.557917383,100.8,12.398,257.60,1.3,2.0,2.4
790,1518257989.0,41.24342855,-8.558061933,100.2,12.398,257.40,1.3,2.0,2.4
791,1518257990.0,41.243403033,-8.558206033,99.6,12.398,256.70,1.3,2.0,2.4
792,1518257991.0,41.243376917,-8.5583505,99.0,12.450,256.80,1.3,2.0,2.4
793,1518257992.0,41.243349917,-8.558494533,98.2,12.450,256.70,1.3,2.0,2.4
794,1518257993.0,41.24332295,-8.55863875,97.4,12.450,256.50,1.3,2.0,2.4
795,1518257994.0,41.24329665,-8.558783467,96.7,12.450,257.00,1.3,2.0,2.4
796,1518257995.0,41.243271633,-8.558928533,96.0,12.450,257.30,1.3,2.0,2.4
797,1518257996.0,41.243247333,-8.559072517,95.7,12.295,257.40,1.3,2.0,2.4
798,1518257997.0,41.243223817,-8.559213517,96.0,11.935,257.30,1.3,2.0,2.4
799,1518257998.0,41.243200733,-8.559350033,96.7,11.524,257.40,1.3,2.0,2.4
800,1518257999.0,41.2431783,-8.559484917,97.4,11.524,257.60,1.3,2.0,2.4
801,1518258000.0,41.2431556,-8.559621233,98.1,11.832,257.30,1.3,2.0,2.4
802,1518258001.0,41.243132217,-8.559762017,98.8,12.192,257.60,1.3,2.0,2.4
803,1518258002.0,41.243108967,-8.559903533,99.4,12.141,257.70,1.3,2.0,2.4
804,1518258003.0,41.24308405,-8.560047033,100.1,12.552,256.70,1.3,2.0,2.4
805,1518258004.0,41.24305645,-8.56020245,100.9,13.890,256.60,1.3,2.0,2.4
806,1518258005.0,41.243026233,-8.560374083,101.8,15.382,256.90,1.3,2.0,2.4
807,1518258006.0,41.242993083,-8.560560483,102.6,16.565,256.90,1.3,2.0,2.4
808,1518258007.0,41.242959967,-8.56075825,103.5,17.285,257.60,1.3,2.0,2.4
809,1518258008.0,41.242926633,-8.5609517,104.4,16.514,257.40,1.3,2.0,2.4
810,1518258009.0,41.2428924,-8.561144867,105.3,16.719,256.80,1.3,2.0,2.4
811,1518258010.0,41.242857633,-8.561337283,106.2,16.411,256.50,1.3,2.0,2.4
812,1518258011.0,41.24282515,-8.56151935,107.0,15.279,256.60,1.3,2.0,2.4
813,1518258012.0,41.24279495,-8.561689617,107.6,14.199,256.70,1.3,2.0,2.4
814,1518258013.0,41.242771817,-8.561846717,108.3,12.810,257.20,1.3,2.0,2.4
815,1518258014.0,41.242752633,-8.561988483,108.5,11.369,260.60,1.3,2.0,2.4
816,1518258015.0,41.2427493,-8.562117683,108.6,10.340,273.70,1.3,2.0,2.4
817,1518258016.0,41.242773533,-8.562237467,108.6,10.392,292.60,1.3,2.0,2.4
818,1518258017.0,41.2428165,-8.562347917,108.6,10.752,303.10,1.4,2.0,2.4
819,1518258018.0,41.24285735,-8.56245815,108.4,10.700,295.90,1.3,2.0,2.4
820,1518258019.0,41.242873967,-8.562572533,108.6,9.877,275.40,1.3,2.0,2.4
821,1518258020.0,41.242863033,-8.562687033,108.7,9.774,255.20,1.3,2.0,2.4
822,1518258021.0,41.242821333,-8.562788933,108.7,9.929,233.60,1.3,2.0,2.4
823,1518258022.0,41.242756567,-8.562864867,108.5,9.929,213.80,1.4,2.0,2.4
824,1518258023.0,41.242674617,-8.56291255,108.6,9.774,195.30,1.4,2.0,2.4
825,1518258024.0,41.242587233,-8.562920417,108.5,9.723,176.20,1.4,2.0,2.4
826,1518258025.0,41.242502483,-8.5628905,108.3,9.929,157.20,1.3,2.0,2.4
827,1518258026.0,41.24242725,-8.5628255,108.2,10.340,139.40,1.3,2.0,2.4
828,1518258027.0,41.242368667,-8.562737333,108.1,10.392,124.60,1.4,2.0,2.4
829,1518258028.0,41.242318667,-8.562641767,107.7,9.826,120.30,1.4,2.0,2.4
830,1518258029.0,41.2422679,-8.56254955,107.7,9.672,129.60,1.4,2.0,2.4
831,1518258030.0,41.242201267,-8.562473217,107.9,9.877,146.10,1.3,2.0,2.4
832,1518258031.0,41.242116983,-8.56241625,108.3,11.009,159.30,1.3,2.0,2.4
833,1518258032.0,41.24201895,-8.562377717,109.1,11.832,166.90,1.3,2.0,2.4
834,1518258033.0,41.241916383,-8.562342967,109.8,11.832,167.20,1.3,2.0,2.4
835,1518258034.0,41.2418122,-8.5623098,110.2,11.832,166.70,1.3,2.0,2.4
836,1518258035.0,41.241706033,-8.56228205,110.6,12.038,170.00,1.3,2.0,2.4
837,1518258036.0,41.241600717,-8.562261583,111.0,11.729,173.00,1.3,2.0,2.4
838,1518258037.0,41.241497017,-8.562248333,111.3,11.575,175.90,1.4,2.0,2.5
839,1518258038.0,41.241395417,-8.562239283,111.7,11.421,177.50,1.3,2.0,2.4
840,1518258039.0,41.241294467,-8.562234117,112.1,11.215,178.70,1.3,2.0,2.4
841,1518258040.0,41.24119385,-8.562230683,112.6,11.215,179.50,1.3,2.0,2.4
842,1518258041.0,41.2410968,-8.562227917,112.8,11.215,179.90,1.3,2.0,2.4
843,1518258042.0,41.241000033,-8.562226917,112.7,11.318,180.00,1.3,2.0,2.4
844,1518258043.0,41.240899883,-8.562225417,112.8,11.369,178.90,1.3,2.0,2.4
845,1518258044.0,41.24079885,-8.56222295,112.8,11.369,178.50,1.3,2.0,2.4
846,1518258045.0,41.240696283,-8.5622202,113.0,11.575,178.80,1.3,2.0,2.4
847,1518258046.0,41.24059125,-8.562219867,113.1,11.781,180.20,1.3,2.0,2.4
848,1518258047.0,41.240484083,-8.56223,113.1,12.038,185.50,1.3,2.0,2.4
849,1518258048.0,41.240376167,-8.562256583,113.2,12.192,194.10,1.3,2.0,2.4
850,1518258049.0,41.2402706,-8.5623008,113.2,12.244,201.10,1.3,2.0,2.4
851,1518258050.0,41.240170183,-8.56235935,113.3,12.089,207.30,1.4,2.0,2.5
852,1518258051.0,41.2400771,-8.5624331,113.4,11.987,214.30,1.4,2.0,2.5
853,1518258052.0,41.239989583,-8.5625168,113.7,11.935,221.00,1.4,2.0,2.5
854,1518258053.0,41.239908417,-8.562612733,114.2,12.038,226.80,1.4,2.0,2.5
855,1518258054.0,41.239836383,-8.562720033,114.2,11.987,231.20,1.3,2.0,2.4
856,1518258055.0,41.239769217,-8.562830333,114.2,11.781,232.60,1.3,2.0,2.4
857,1518258056.0,41.239705333,-8.562942317,113.9,11.678,233.80,1.3,2.0,2.4
858,1518258057.0,41.239642833,-8.563056583,113.5,11.678,235.60,1.3,2.0,2.4
859,1518258058.0,41.2395782,-8.56316795,113.3,11.884,238.10,1.3,2.0,2.4
860,1518258059.0,41.239521367,-8.563288,112.9,11.935,241.40,1.3,2.0,2.4
861,1518258060.0,41.239472333,-8.563416817,112.2,12.244,244.30,1.3,2.0,2.4
862,1518258061.0,41.239432633,-8.563552833,111.3,12.501,246.90,1.3,2.0,2.4
863,1518258062.0,41.23939145,-8.56368765,110.7,12.450,249.50,1.4,2.0,2.4
864,1518258063.0,41.239358167,-8.563826967,109.7,12.398,253.80,1.3,2.0,2.4
865,1518258064.0,41.239327767,-8.563967467,109.1,12.089,255.10,1.3,?,?
866,1518258065.0,41.2393017,-8.56410585,108.0,11.832,256.80,1.9,2.1,2.8
867,1518258066.0,41.23927795,-8.564246767,106.8,11.935,258.20,4.2,10.3,11.1
868,1518258067.0,41.239253483,-8.564391767,105.8,12.295,258.50,4.2,10.3,11.1
869,1518258068.0,41.23921,-8.56454785,106.0,12.861,255.80,4.2,10.3,11.1
870,1518258069.0,41.239182183,-8.564697233,105.9,11.575,252.60,4.2,10.3,11.1
871,1518258070.0,41.23914345,-8.564844983,105.7,11.266,250.60,4.2,10.3,11.1
872,1518258071.0,41.239098517,-8.564962533,105.9,11.369,247.60,3.5,?,?
873,1518258072.0,41.2390489,-8.565076933,104.9,11.729,245.20,2.6,?,?
874,1518258073.0,41.239002133,-8.5652088,107.0,12.089,247.10,2.6,?,?
875,1518258074.0,41.238958317,-8.565342683,107.3,12.244,246.90,2.5,?,?
876,1518258075.0,41.238906383,-8.56547255,108.1,12.244,245.70,2.5,?,?
877,1518258076.0,41.2388563,-8.565603,109.4,11.987,244.10,2.5,?,?
878,1518258077.0,41.238809367,-8.565733117,110.9,11.678,243.60,2.5,?,?
879,1518258078.0,41.238774533,-8.565853433,111.2,11.369,243.20,1.4,2.0,2.4
880,1518258079.0,41.23873905,-8.565965383,110.6,10.752,242.60,1.4,2.0,2.4
881,1518258080.0,41.2386996,-8.566072,110.5,9.877,242.00,1.4,2.0,2.4
882,1518258081.0,41.238664967,-8.566165133,110.5,8.180,242.80,1.4,2.0,2.4
883,1518258082.0,41.23863885,-8.566240967,110.4,6.122,245.60,1.4,2.0,2.4
884,1518258083.0,41.238626483,-8.566298467,110.0,3.961,252.70,1.4,2.0,2.4
885,1518258084.0,41.238614783,-8.5663358,109.8,2.727,242.00,1.4,2.0,2.4
886,1518258085.0,41.238593567,-8.56635155,109.5,2.624,195.50,1.9,2.1,2.8
887,1518258086.0,41.238574467,-8.5663417,108.9,2.778,155.80,1.3,2.0,2.4
888,1518258087.0,41.238557567,-8.566324483,108.5,2.727,130.80,1.4,?,?
889,1518258088.0,41.2385524,-8.566317533,108.2,1.029,132.60,1.3,?,?
890,1518258089.0,41.23855235,-8.566315767,107.9,0.051,241.70,1.3,2.0,2.4
891,1518258090.0,41.238559983,-8.566317533,107.9,1.080,341.50,1.3,2.0,2.4
892,1518258091.0,41.238573483,-8.566325317,108.3,1.235,334.20,1.2,?,?
893,1518258092.0,41.238571967,-8.566318617,107.6,0.463,305.20,1.2,?,?
894,1518258093.0,41.238565933,-8.566304967,107.1,1.492,110.90,1.2,?,?
895,1518258094.0,41.238563933,-8.566269567,106.9,3.498,90.70,1.2,?,?
896,1518258095.0,41.238570883,-8.566223933,106.8,4.527,69.30,1.2,?,?
897,1518258096.0,41.238589583,-8.566175033,106.8,5.453,59.30,1.2,?,?
898,1518258097.0,41.238617867,-8.566114533,106.8,6.276,59.30,1.2,?,?
899,1518258098.0,41.238652183,-8.5660446,106.8,7.459,58.50,1.2,?,?
900,1518258099.0,41.23869425,-8.565956467,106.8,9.414,59.60,1.2,?,?
901,1518258100.0,41.238743933,-8.565847767,106.8,11.266,60.90,1.3,?,?
902,1518258101.0,41.238795267,-8.565731833,107.4,11.421,61.40,1.8,2.1,2.8
903,1518258102.0,41.238845817,-8.56561545,108.0,11.421,62.20,1.8,2.1,2.8
904,1518258103.0,41.238894767,-8.565495033,108.4,11.626,63.90,1.8,2.1,2.8
905,1518258104.0,41.2389405,-8.5653714,108.7,11.575,66.20,1.8,2.1,2.8
906,1518258105.0,41.238987483,-8.565246783,108.8,11.472,65.50,1.4,?,?
907,1518258106.0,41.239030817,-8.565121483,108.8,11.318,66.80,1.4,?,?
908,1518258107.0,41.239072983,-8.564996767,108.7,11.318,67.40,1.4,?,?
909,1518258108.0,41.239114383,-8.56487315,108.5,11.266,67.30,1.5,?,?
910,1518258109.0,41.239153833,-8.564751767,108.4,11.061,68.70,1.4,?,?
911,1518258110.0,41.239187383,-8.56462925,108.1,11.009,71.20,1.4,?,?
912,1518258111.0,41.239218017,-8.564506133,108.1,11.061,72.80,1.4,?,?
913,1518258112.0,41.239246967,-8.564376633,107.9,11.626,73.70,2.5,?,?
914,1518258113.0,41.239280783,-8.564237067,108.5,12.398,72.90,2.5,?,?
915,1518258114.0,41.239328067,-8.564131667,108.0,11.215,66.00,20.3,?,?
916,1518258115.0,41.239366833,-8.56400455,107.8,11.266,73.90,20.4,?,?
917,1518258116.0,41.239398817,-8.563888517,107.9,11.112,72.60,3.7,?,?
918,1518258117.0,41.239429017,-8.56377655,108.2,10.546,72.30,5.7,2.5,6.2
919,1518258118.0,41.239472667,-8.5636636,108.0,10.495,70.00,5.7,?,?
920,1518258119.0,41.239512833,-8.563554567,108.0,10.495,68.10,3.0,?,?
921,1518258120.0,41.239557333,-8.563444817,108.1,10.752,63.70,3.0,?,?
922,1518258121.0,41.239601117,-8.563330233,108.3,11.112,61.10,1.7,?,?
923,1518258122.0,41.239643017,-8.563183417,109.9,11.472,57.50,1.3,?,?
924,1518258123.0,41.239694683,-8.563023183,112.6,11.626,54.90,1.3,?,?
925,1518258124.0,41.2397548,-8.562895017,114.0,11.626,52.30,1.3,?,?
926,1518258125.0,41.239813533,-8.562783583,114.5,11.472,51.20,1.3,?,?
927,1518258126.0,41.239874833,-8.562677133,115.0,11.369,49.80,1.3,?,?
928,1518258127.0,41.239939117,-8.562574467,115.3,11.318,47.50,1.3,?,?
929,1518258128.0,41.240010733,-8.562480217,115.6,11.369,41.30,1.3,?,?
930,1518258129.0,41.240092383,-8.56239555,115.8,11.729,34.30,1.4,?,?
931,1518258130.0,41.240183283,-8.562322367,115.9,12.089,27.70,1.3,?,?
932,1518258131.0,41.240282767,-8.5622639,115.9,12.398,20.70,1.3,?,?
933,1518258132.0,41.2403883,-8.562220067,115.6,12.450,13.90,1.6,?,?
934,1518258133.0,41.240494417,-8.562193817,115.3,11.935,7.00,1.6,?,?
935,1518258134.0,41.240597517,-8.562186333,115.5,11.472,1.40,1.3,2.0,2.4
936,1518258135.0,41.24069785,-8.56218695,115.3,11.369,358.90,1.9,2.4,3.0
937,1518258136.0,41.240791567,-8.562192217,114.2,11.421,358.80,1.9,2.4,3.0
938,1518258137.0,41.24089125,-8.562195017,113.3,11.575,358.70,1.9,2.4,3.0
939,1518258138.0,41.240994683,-8.562196683,112.5,11.781,359.00,1.9,2.4,3.0
940,1518258139.0,41.241100983,-8.562197533,111.7,11.987,359.30,1.9,2.4,3.0
941,1518258140.0,41.24120935,-8.562198867,110.9,12.192,359.00,1.9,2.4,3.0
942,1518258141.0,41.241319417,-8.562200667,110.0,12.347,358.80,1.9,2.4,3.0
943,1518258142.0,41.24142995,-8.562205067,109.4,12.347,357.50,2.3,4.0,4.6
944,1518258143.0,41.241539883,-8.562210883,108.9,12.141,356.60,1.9,2.4,3.0
945,1518258144.0,41.241647317,-8.5622266,108.6,11.987,353.00,1.9,2.4,3.0
946,1518258145.0,41.241752917,-8.562247633,108.2,11.832,350.20,1.9,2.4,3.0
947,1518258146.0,41.241856,-8.5622756,107.8,11.626,347.10,3.3,5.2,6.2
948,1518258147.0,41.2419556,-8.56230975,107.3,11.369,344.00,3.3,5.2,6.2
949,1518258148.0,41.242049617,-8.562346383,106.7,10.700,342.90,1.6,2.9,3.3
950,1518258149.0,41.242136633,-8.562379617,106.0,9.826,344.40,1.6,2.9,3.3
951,1518258150.0,41.242214867,-8.562402533,105.6,8.540,350.20,1.6,2.9,3.3
952,1518258151.0,41.24227635,-8.562405533,105.5,6.276,3.40,1.6,2.9,3.3
953,1518258152.0,41.2423292,-8.56239105,105.5,5.813,18.90,1.6,2.9,3.3
954,1518258153.0,41.242379067,-8.5623571,106.2,6.431,34.70,0.9,?,?
955,1518258154.0,41.242441,-8.562310767,105.3,7.614,37.80,0.9,?,?
956,1518258155.0,41.2425054,-8.562260167,105.1,8.488,30.80,0.9,?,?
957,1518258156.0,41.2425734,-8.562213117,105.1,8.900,25.80,0.9,?,?
958,1518258157.0,41.242640267,-8.562158983,105.1,9.054,33.10,1.0,?,?
959,1518258158.0,41.242694783,-8.562082133,105.2,9.209,50.50,1.0,?,?
960,1518258159.0,41.242731883,-8.56198055,105.0,9.929,69.10,1.0,?,?
961,1518258160.0,41.242755583,-8.5618585,104.9,11.061,80.00,1.0,?,?
962,1518258161.0,41.24278085,-8.561725933,104.8,12.141,79.70,1.0,?,?
963,1518258162.0,41.242806333,-8.561582033,104.2,12.552,78.40,1.0,?,?
964,1518258163.0,41.242831717,-8.56143825,103.7,12.295,77.40,1.0,?,?
965,1518258164.0,41.242857683,-8.561296383,103.1,12.192,77.10,1.0,?,?
966,1518258165.0,41.242882183,-8.561154183,102.5,12.141,77.20,1.0,?,?
967,1518258166.0,41.242906667,-8.561012417,101.8,12.141,77.10,1.0,?,?
968,1518258167.0,41.242930667,-8.56087035,101.3,12.141,77.40,1.0,?,?
969,1518258168.0,41.242954817,-8.560728717,100.6,12.089,77.20,1.0,?,?
970,1518258169.0,41.242979,-8.560587067,100.0,12.089,77.10,1.0,?,?
971,1518258170.0,41.243002883,-8.56044615,99.4,12.038,77.00,1.0,?,?
972,1518258171.0,41.243026867,-8.560305017,98.8,12.089,77.20,1.0,?,?
973,1518258172.0,41.243050017,-8.560165467,98.2,11.987,77.20,1.0,?,?
974,1518258173.0,41.243073433,-8.56002535,97.5,11.987,77.40,1.0,?,?
975,1518258174.0,41.243097067,-8.559885467,96.9,11.935,77.80,1.0,?,?
976,1518258175.0,41.243121483,-8.559745367,96.4,11.935,77.60,1.0,?,?
977,1518258176.0,41.24314625,-8.559607367,95.8,11.832,76.90,1.1,?,?
978,1518258177.0,41.243170667,-8.559469917,95.3,11.781,76.80,1.1,?,?
979,1518258178.0,41.24319415,-8.55933245,94.7,11.832,77.40,1.1,?,?
980,1518258179.0,41.243217883,-8.559195617,94.2,11.729,77.10,1.1,?,?
981,1518258180.0,41.2432418,-8.559060683,94.1,11.524,76.70,1.1,?,?
982,1518258181.0,41.243264933,-8.5589282,94.5,11.369,76.60,1.1,?,?
983,1518258182.0,41.243287767,-8.558796417,95.1,11.369,76.70,1.1,?,?
984,1518258183.0,41.243311283,-8.55866335,95.8,11.421,76.40,1.0,?,?
985,1518258184.0,41.243333967,-8.558526467,96.6,11.626,76.90,1.0,?,?
986,1518258185.0,41.24335595,-8.5583891,97.4,11.678,77.40,1.0,?,?
987,1518258186.0,41.2433775,-8.558251083,98.2,11.884,77.70,1.0,?,?
988,1518258187.0,41.243399817,-8.55811255,98.9,11.832,77.20,1.0,?,?
989,1518258188.0,41.243422567,-8.557974267,99.6,11.832,77.00,1.0,?,?
990,1518258189.0,41.243445,-8.55783655,100.3,11.781,77.30,1.0,?,?
991,1518258190.0,41.2434678,-8.557699717,101.1,11.626,77.30,1.0,?,?
992,1518258191.0,41.243490517,-8.5575656,101.7,11.472,77.30,1.0,?,?
993,1518258192.0,41.243512667,-8.55743185,102.5,11.318,77.40,1.0,?,?
994,1518258193.0,41.243534333,-8.557296983,103.3,11.369,77.50,1.0,?,?
995,1518258194.0,41.243558133,-8.557165217,103.9,11.266,76.80,1.0,?,?
996,1518258195.0,41.243581117,-8.557029317,104.3,11.729,76.70,1.0,?,?
997,1518258196.0,41.2436046,-8.55688975,104.5,11.987,76.90,1.0,?,?
998,1518258197.0,41.243628083,-8.5567477,104.6,12.141,77.40,1.0,?,?
999,1518258198.0,41.243651233,-8.556604733,104.8,12.192,77.60,1.0,?,?
1000,1518258199.0,41.2436749,-8.556463467,104.9,12.089,77.10,1.0,?,?
1001,1518258200.0,41.243699333,-8.55632485,104.8,11.935,76.80,1.0,?,?
1002,1518258201.0,41.243723933,-8.556186633,104.5,12.089,76.60,1.0,?,?
1003,1518258202.0,41.243752183,-8.556050217,104.2,12.141,76.50,1.0,?,?
1004,1518258203.0,41.243780917,-8.555912867,103.7,12.244,76.30,1.0,?,?
1005,1518258204.0,41.243811383,-8.5557771,103.1,12.244,76.50,1.0,?,?
1006,1518258205.0,41.243843633,-8.555641633,102.8,12.295,76.90,1.1,?,?
1007,1518258206.0,41.243869283,-8.555502433,102.3,11.987,77.40,1.1,?,?
1008,1518258207.0,41.243893283,-8.555367383,102.1,11.524,77.50,1.1,?,?
1009,1518258208.0,41.243915733,-8.555237467,102.1,11.009,77.70,1.1,?,?
1010,1518258209.0,41.243937383,-8.555114133,102.3,10.340,77.40,1.1,?,?
1011,1518258210.0,41.243958667,-8.5549994,102.6,9.517,77.10,1.1,?,?
1012,1518258211.0,41.24397415,-8.554891367,102.9,8.746,83.40,1.0,?,?
1013,1518258212.0,41.243965383,-8.5547881,103.2,8.591,105.10,1.1,?,?
1014,1518258213.0,41.24393115,-8.5546938,103.1,9.106,123.70,1.1,?,?
1015,1518258214.0,41.243889633,-8.554601583,102.9,9.311,123.30,1.1,?,?
1016,1518258215.0,41.243852767,-8.554504,102.8,9.157,113.20,1.0,?,?
1017,1518258216.0,41.243835817,-8.554398067,102.5,9.157,93.00,1.0,?,?
1018,1518258217.0,41.243847567,-8.5542918,102.3,9.260,73.20,1.0,?,?
1019,1518258218.0,41.243888117,-8.554196933,102.1,9.414,53.00,1.0,?,?
1020,1518258219.0,41.243949917,-8.554122967,101.7,9.620,31.20,1.1,?,?
1021,1518258220.0,41.244029,-8.554082533,101.4,9.826,10.80,1.1,?,?
1022,1518258221.0,41.244118283,-8.554086517,101.3,9.826,351.00,1.1,?,?
1023,1518258222.0,41.244197467,-8.5541201,100.8,9.929,332.90,1.1,?,?
1024,1518258223.0,41.244262983,-8.554183233,100.2,9.826,316.40,1.1,?,?
1025,1518258224.0,41.244309617,-8.554275367,99.7,9.414,295.50,0.8,?,?
1026,1518258225.0,41.244322517,-8.554382567,99.2,9.363,273.80,0.8,?,?
1027,1518258226.0,41.244307517,-8.554488517,98.8,9.466,254.10,0.8,?,?
1028,1518258227.0,41.2442622,-8.554588483,98.7,9.723,235.70,0.8,?,?
1029,1518258228.0,41.244199583,-8.554669267,98.6,9.929,219.40,0.8,?,?
1030,1518258229.0,41.244126583,-8.554738367,98.6,9.929,213.70,0.8,?,?
1031,1518258230.0,41.24405825,-8.554816517,98.5,9.877,223.20,0.8,?,?
1032,1518258231.0,41.244002267,-8.5549085,98.2,10.186,236.60,0.8,?,?
1033,1518258232.0,41.2439639,-8.555021833,97.8,11.009,252.00,0.8,?,?
1034,1518258233.0,41.243938883,-8.5551538,97.4,12.089,258.70,0.9,?,?
1035,1518258234.0,41.243915117,-8.555296017,97.2,12.501,258.40,1.0,?,?
1036,1518258235.0,41.243890433,-8.5554393,97.2,12.398,257.90,1.0,?,?
1037,1518258236.0,41.24386705,-8.555569817,97.0,12.089,256.90,1.6,2.9,3.3
1038,1518258237.0,41.24384215,-8.555704883,97.6,11.729,256.90,1.6,2.9,3.3
1039,1518258238.0,41.243817983,-8.555837233,98.4,11.575,256.70,1.7,2.9,3.3
1040,1518258239.0,41.243793683,-8.55596925,99.2,11.421,256.70,1.7,2.9,3.3
1041,1518258240.0,41.2437694,-8.556101817,100.2,11.318,257.10,1.7,2.9,3.3
1042,1518258241.0,41.243744267,-8.556236583,101.3,11.215,257.10,1.7,2.9,3.3
1043,1518258242.0,41.243720067,-8.55637045,102.1,11.163,257.10,1.4,2.0,2.4
1044,1518258243.0,41.2436961,-8.556506183,102.6,11.575,257.00,1.4,2.0,2.4
1045,1518258244.0,41.243671133,-8.5566443,102.9,11.884,256.80,1.4,2.0,2.4
1046,1518258245.0,41.243646233,-8.556784067,103.2,11.987,257.10,1.4,2.0,2.4
1047,1518258246.0,41.243621433,-8.556924583,103.4,12.038,257.10,1.4,2.0,2.4
1048,1518258247.0,41.24359635,-8.557065583,103.5,12.141,256.90,1.4,2.0,2.4
1049,1518258248.0,41.243571117,-8.557208017,103.4,12.244,257.00,1.4,2.0,2.4
1050,1518258249.0,41.243545883,-8.557352983,102.9,12.552,256.90,1.4,2.0,2.4
1051,1518258250.0,41.243520067,-8.557498917,102.4,12.552,256.90,1.4,2.0,2.4
1052,1518258251.0,41.243493783,-8.557644967,101.8,12.552,256.70,1.4,2.0,2.4
1053,1518258252.0,41.24346795,-8.55779135,101.2,12.604,257.00,1.4,2.0,2.4
1054,1518258253.0,41.243442717,-8.55793825,100.6,12.604,257.30,1.4,2.0,2.4
1055,1518258254.0,41.2434174,-8.558085367,100.0,12.604,257.30,1.4,2.0,2.4
1056,1518258255.0,41.243392067,-8.558232767,99.3,12.655,257.20,1.4,2.0,2.4
1057,1518258256.0,41.243366617,-8.558380567,98.7,12.707,257.00,1.4,2.0,2.4
1058,1518258257.0,41.243341167,-8.558528983,98.1,12.758,257.10,1.4,2.0,2.4
1059,1518258258.0,41.243315567,-8.558677633,97.4,12.758,257.50,1.4,2.0,2.4
1060,1518258259.0,41.24329055,-8.558826767,96.8,12.810,257.50,1.4,2.0,2.4
1061,1518258260.0,41.2432654,-8.558975567,96.4,12.707,257.60,1.4,2.0,2.4
1062,1518258261.0,41.243240117,-8.559122667,96.3,12.552,257.10,1.4,2.0,2.4
1063,1518258262.0,41.2432141,-8.55926885,96.8,12.501,256.70,1.4,2.0,2.4
1064,1518258263.0,41.243188633,-8.559413867,97.6,12.450,257.10,1.4,2.0,2.4
1065,1518258264.0,41.243163267,-8.559558817,98.4,12.501,257.20,1.4,2.0,2.4
1066,1518258265.0,41.2431373,-8.559705583,99.2,12.810,257.00,1.4,2.0,2.4
1067,1518258266.0,41.2431097,-8.559863167,100.0,14.044,256.90,1.4,2.0,2.4
1068,1518258267.0,41.243079467,-8.56003625,100.9,15.536,257.10,1.4,2.0,2.4
1069,1518258268.0,41.24304665,-8.560225433,101.8,16.874,257.20,1.4,2.0,2.4
1070,1518258269.0,41.243012133,-8.5604285,102.8,17.954,257.50,1.4,2.0,2.4
1071,1518258270.0,41.242976017,-8.560641483,103.8,18.674,257.40,1.4,2.0,2.4
1072,1518258271.0,41.242939517,-8.560861417,104.9,19.034,257.60,1.4,2.0,2.4
1073,1518258272.0,41.24290225,-8.561077217,105.9,18.314,257.10,1.4,2.0,2.4
1074,1518258273.0,41.242865933,-8.561279733,106.9,16.925,256.50,1.4,2.0,2.4
1075,1518258274.0,41.242832,-8.561468517,107.8,15.691,256.60,1.4,2.0,2.4
1076,1518258275.0,41.242801367,-8.561643117,108.6,14.404,257.10,1.4,2.0,2.4
1077,1518258276.0,41.242775517,-8.561800167,109.2,12.707,257.50,1.4,2.0,2.4
1078,1518258277.0,41.242753833,-8.56193725,109.4,10.803,258.10,1.4,2.0,2.4
1079,1518258278.0,41.242741,-8.56205385,109.3,8.951,264.20,1.4,2.0,2.4
1080,1518258279.0,41.2427507,-8.562157983,109.4,8.385,284.70,1.4,2.0,2.4
1081,1518258280.0,41.242782633,-8.562252517,109.5,8.951,301.00,1.4,2.0,2.4
1082,1518258281.0,41.2428237,-8.562347717,109.6,9.569,302.40,1.4,2.0,2.4
1083,1518258282.0,41.242857667,-8.562450283,109.5,9.826,292.00,1.4,2.0,2.4
1084,1518258283.0,41.242873833,-8.56256345,109.6,9.877,275.60,1.4,2.0,2.4
1085,1518258284.0,41.242865017,-8.562681683,109.4,10.032,256.70,1.4,2.0,2.4
1086,1518258285.0,41.24282655,-8.562786983,109.3,9.877,235.90,1.4,2.0,2.4
1087,1518258286.0,41.2427615,-8.562865683,109.2,9.877,214.60,1.4,2.0,2.4
1088,1518258287.0,41.242680533,-8.5629084,109.1,9.877,195.20,1.4,2.0,2.4
1089,1518258288.0,41.242593667,-8.56291645,108.8,9.774,176.40,1.4,2.0,2.4
1090,1518258289.0,41.242508433,-8.562889,108.4,9.929,157.80,1.4,2.0,2.4
1091,1518258290.0,41.242433583,-8.562825333,108.2,10.340,139.40,1.4,2.0,2.4
1092,1518258291.0,41.242375833,-8.56273975,108.4,10.289,124.10,1.4,2.0,2.4
1093,1518258292.0,41.24232935,-8.562645967,108.6,10.083,121.40,1.4,2.0,2.4
1094,1518258293.0,41.242275167,-8.562554117,108.6,10.032,131.70,1.4,2.0,2.4
1095,1518258294.0,41.2422068,-8.562478383,108.8,10.186,147.00,1.4,2.0,2.4
1096,1518258295.0,41.242124883,-8.562422317,109.2,10.803,158.50,1.4,2.0,2.4
1097,1518258296.0,41.24202875,-8.562382733,109.8,11.626,166.00,1.4,2.0,2.4
1098,1518258297.0,41.2419256,-8.5623482,110.4,11.935,167.70,1.4,2.0,2.4
1099,1518258298.0,41.24182025,-8.562316517,110.7,11.832,168.20,1.4,2.0,2.4
1100,1518258299.0,41.241714733,-8.562289933,111.0,11.781,170.00,1.4,2.0,2.4
1101,1518258300.0,41.241609383,-8.562272517,111.3,11.472,173.70,1.1,?,?
1102,1518258301.0,41.24150435,-8.56225495,111.6,11.318,175.10,1.4,2.0,2.4
1103,1518258302.0,41.241404683,-8.562245333,112.0,11.061,177.60,1.4,2.0,2.4
1104,1518258303.0,41.24130575,-8.562239867,112.6,10.855,178.90,1.4,2.0,2.4
1105,1518258304.0,41.241206683,-8.562234983,113.2,10.855,178.80,1.4,2.0,2.4
1106,1518258305.0,41.241107517,-8.562230617,113.8,11.061,179.00,1.4,2.0,2.4
1107,1518258306.0,41.24100685,-8.562226667,114.3,11.369,179.10,1.4,2.0,2.4
1108,1518258307.0,41.2409038,-8.562221933,114.4,11.729,179.50,1.4,2.0,2.4
1109,1518258308.0,41.24079715,-8.562220267,114.6,12.038,180.10,1.4,2.0,2.4
1110,1518258309.0,41.2406883,-8.5622201,114.9,12.141,180.50,1.4,2.0,2.4
1111,1518258310.0,41.240579117,-8.562219267,115.0,12.089,179.90,1.4,2.0,2.4
1112,1518258311.0,41.240471983,-8.56222415,115.1,11.832,183.60,1.4,2.0,2.4
1113,1518258312.0,41.240366617,-8.5622483,115.3,11.884,193.30,1.4,2.0,2.4
1114,1518258313.0,41.240265883,-8.562292867,115.4,11.781,201.30,1.4,2.0,2.4
1115,1518258314.0,41.240169567,-8.562350717,115.4,11.678,207.00,1.4,2.0,2.4
1116,1518258315.0,41.240078583,-8.562419833,115.5,11.575,212.90,1.4,2.0,2.4
1117,1518258316.0,41.239992467,-8.562498267,115.7,11.524,219.00,1.4,2.0,2.4
1118,1518258317.0,41.239913617,-8.56258875,115.8,11.575,224.80,1.4,2.0,2.4
1119,1518258318.0,41.239842483,-8.562689867,115.8,11.575,230.10,1.4,2.0,2.4
1120,1518258319.0,41.2397764,-8.562798767,115.6,11.781,232.40,1.4,2.0,2.4
1121,1518258320.0,41.239712333,-8.562911867,115.3,11.884,233.30,1.4,2.0,2.4
1122,1518258321.0,41.239653017,-8.5630311,115.0,11.987,235.20,1.4,2.0,2.4
1123,1518258322.0,41.239599017,-8.5631564,114.3,12.089,238.40,1.4,2.0,2.4
1124,1518258323.0,41.239548783,-8.56328355,113.3,11.987,242.00,1.4,2.0,2.4
1125,1518258324.0,41.239502367,-8.563413917,112.3,11.987,246.60,1.4,2.0,2.4
1126,1518258325.0,41.239459467,-8.5635471,111.3,12.089,248.00,1.4,2.0,2.4
1127,1518258326.0,41.23942185,-8.5636813,110.6,12.141,250.90,1.4,2.0,2.4
1128,1518258327.0,41.239386133,-8.5638201,110.3,12.244,254.20,1.5,?,?
1129,1518258328.0,41.239360167,-8.563961817,109.9,12.141,253.90,1.4,2.0,2.4
1130,1518258329.0,41.239331,-8.564094967,108.8,11.575,254.20,2.3,2.5,3.4
1131,1518258330.0,41.239302667,-8.5642285,108.8,11.421,254.40,2.4,1.0,2.6
1132,1518258331.0,41.23928525,-8.564362967,110.6,11.215,257.80,2.4,1.0,2.6
1133,1518258332.0,41.2392828,-8.5644843,113.6,10.546,263.30,12.0,1.0,12.1
1134,1518258333.0,41.239232733,-8.564571567,115.2,9.414,247.10,7.6,1.0,7.6
1135,1518258334.0,41.239208383,-8.564732183,114.0,11.729,249.80,3.9,?,?
1136,1518258335.0,41.239166,-8.56486575,113.8,11.832,247.20,2.8,?,?
1137,1518258336.0,41.239111267,-8.56498655,113.1,11.729,246.70,1.3,?,?
1138,1518258337.0,41.239062517,-8.565113,113.0,11.884,247.50,1.2,?,?
1139,1518258338.0,41.239011967,-8.56524285,113.2,11.832,246.30,1.2,?,?
1140,1518258339.0,41.238954517,-8.565374667,113.2,11.832,244.00,1.2,?,?
1141,1518258340.0,41.2389133,-8.56550915,114.8,11.678,244.30,1.2,?,?
1142,1518258341.0,41.238864333,-8.565640617,114.9,11.524,243.00,1.2,?,?
1143,1518258342.0,41.238814317,-8.5657644,114.9,11.369,242.00,1.2,?,?
1144,1518258343.0,41.2387655,-8.565884617,114.8,11.215,242.10,1.3,?,?
1145,1518258344.0,41.2387167,-8.566003617,111.8,10.958,241.70,1.9,3.5,4.0
1146,1518258345.0,41.23867185,-8.5661183,111.4,10.546,242.10,1.9,3.5,4.0
1147,1518258346.0,41.2386312,-8.566230017,111.2,9.980,243.30,1.9,3.5,4.0
1148,1518258347.0,41.238593617,-8.5663358,111.2,9.363,244.00,1.9,3.5,4.0
1149,1518258348.0,41.238559767,-8.5664319,111.2,8.283,244.10,1.9,3.5,4.0
1150,1518258349.0,41.23853235,-8.5665103,111.5,6.379,244.00,1.9,3.5,4.0
1151,1518258350.0,41.2385128,-8.5665644,111.7,4.064,241.70,1.9,3.5,4.0
1152,1518258351.0,41.23848725,-8.5665849,111.6,2.932,188.70,1.4,2.0,2.4
1153,1518258352.0,41.238461633,-8.566577633,111.1,3.241,147.90,1.4,2.0,2.4
1154,1518258353.0,41.23845235,-8.566564033,110.1,2.778,120.20,1.2,?,?
1155,1518258354.0,41.23844925,-8.566563767,109.6,0.772,112.40,1.4,2.0,2.4
1156,1518258355.0,41.2384457,-8.566565867,109.8,0.360,299.60,1.4,2.0,2.4
1157,1518258356.0,41.238445783,-8.566567067,109.6,1.543,327.90,1.8,2.0,2.7
1158,1518258357.0,41.238453833,-8.566572383,109.8,1.389,315.60,1.8,2.0,2.7
1159,1518258358.0,41.238458383,-8.566577667,110.0,0.412,282.90,1.8,2.0,2.7
1160,1518258359.0,41.23846005,-8.566558633,110.1,2.572,91.70,1.8,2.0,2.7
1161,1518258360.0,41.23846775,-8.566512483,110.1,4.579,80.40,1.8,2.0,2.7
1162,1518258361.0,41.238483983,-8.566457633,110.1,5.093,70.20,1.8,2.0,2.7
1163,1518258362.0,41.238511567,-8.5664002,110.0,6.019,57.20,1.8,2.0,2.7
1164,1518258363.0,41.238548733,-8.5663343,110.0,7.357,54.20,1.8,2.0,2.7
1165,1518258364.0,41.238591467,-8.566249883,109.9,9.311,58.10,1.8,2.0,2.7
1166,1518258365.0,41.238639383,-8.5661454,109.8,11.061,59.70,1.8,2.0,2.7
1167,1518258366.0,41.23868845,-8.566033317,109.7,10.906,60.60,1.8,2.0,2.7
1168,1518258367.0,41.2387375,-8.565919533,109.6,11.009,61.70,1.8,2.0,2.7
1169,1518258368.0,41.2387871,-8.565800083,109.5,11.524,62.30,1.8,2.0,2.7
1170,1518258369.0,41.238836333,-8.56567795,109.4,11.678,62.70,1.8,2.0,2.7
1171,1518258370.0,41.238884567,-8.56555445,109.4,11.626,63.40,1.8,2.0,2.7
1172,1518258371.0,41.238931417,-8.5654305,109.3,11.626,64.10,1.8,2.0,2.7
1173,1518258372.0,41.238974583,-8.565304567,109.4,11.472,66.20,1.5,?,?
1174,1518258373.0,41.239016533,-8.565178333,109.2,11.266,67.70,1.3,?,?
1175,1518258374.0,41.239055983,-8.5650556,108.9,11.215,68.00,1.3,?,?
1176,1518258375.0,41.2390973,-8.564935617,108.6,11.112,67.50,1.3,?,?
1177,1518258376.0,41.239142533,-8.564817467,108.3,11.009,67.80,1.3,?,?
1178,1518258377.0,41.239182433,-8.564696667,108.0,11.163,69.40,1.3,?,?
1179,1518258378.0,41.239216283,-8.564572517,107.9,11.266,71.40,1.3,?,?
1180,1518258379.0,41.2392438,-8.56445025,107.8,11.112,73.20,1.4,?,?
1181,1518258380.0,41.23927595,-8.564318967,108.4,11.524,73.10,3.4,?,?
1182,1518258381.0,41.239304217,-8.5641903,110.2,11.524,74.50,5.6,2.6,6.2
1183,1518258382.0,41.239307633,-8.5640456,110.0,11.009,81.80,5.6,1.0,5.7
1184,1518258383.0,41.239257383,-8.56387665,110.1,11.987,95.30,5.6,1.0,5.7
1185,1518258384.0,41.239328967,-8.563771467,111.9,11.061,79.30,5.6,1.0,5.7
1186,1518258385.0,41.239372617,-8.563651367,112.6,11.112,72.50,18.3,?,?
1187,1518258386.0,41.239426517,-8.563537083,112.9,11.369,69.60,18.3,?,?
1188,1518258387.0,41.239480833,-8.56342495,112.5,11.575,65.90,3.0,?,?
1189,1518258388.0,41.2395414,-8.563308533,112.4,11.884,62.40,2.1,?,?
1190,1518258389.0,41.239603133,-8.563192,112.5,11.884,58.80,2.1,?,?
1191,1518258390.0,41.239660983,-8.56304465,114.2,12.089,56.20,1.7,?,?
1192,1518258391.0,41.23972315,-8.562916917,115.7,12.141,53.60,3.3,2.1,3.9
1193,1518258392.0,41.239782833,-8.562802967,116.8,12.089,52.20,1.8,2.0,2.7
1194,1518258393.0,41.239845933,-8.562691433,117.5,11.884,50.50,1.8,2.0,2.7
1195,1518258394.0,41.239913467,-8.562585583,117.9,11.781,46.80,1.8,2.0,2.7
1196,1518258395.0,41.239985967,-8.562487683,118.2,11.678,42.10,1.8,2.0,2.7
1197,1518258396.0,41.240066967,-8.562400967,118.5,11.626,35.40,1.8,2.0,2.7
1198,1518258397.0,41.2401561,-8.562328283,118.6,11.729,28.60,1.8,2.0,2.7
1199,1518258398.0,41.240254683,-8.562275333,119.3,11.678,22.10,1.8,2.0,2.7
1200,1518258399.0,41.24035465,-8.56223475,119.5,11.678,15.60,1.8,2.0,2.7
1201,1518258400.0,41.24045605,-8.5622084,119.2,11.678,9.10,1.8,2.0,2.7
1202,1518258401.0,41.240560333,-8.5621943,118.8,11.678,3.70,1.8,2.0,2.7
1203,1518258402.0,41.240665467,-8.562190683,118.5,11.781,0.00,1.8,2.0,2.7
1204,1518258403.0,41.240771667,-8.562191917,117.9,11.935,358.90,1.8,2.0,2.7
1205,1518258404.0,41.24087665,-8.562192633,117.4,11.781,358.60,1.8,2.0,2.7
1206,1518258405.0,41.240980783,-8.562196817,116.7,11.575,358.00,2.3,2.5,3.4
1207,1518258406.0,41.24108645,-8.562201417,116.2,11.626,358.10,1.0,?,?
1208,1518258407.0,41.24119485,-8.5622043,115.7,11.781,358.60,1.0,?,?
1209,1518258408.0,41.241299,-8.562207483,115.2,11.935,359.30,1.0,?,?
1210,1518258409.0,41.241403533,-8.56220935,114.5,12.038,358.90,1.0,?,?
1211,1518258410.0,41.241509067,-8.562214783,114.0,12.089,357.10,1.0,?,?
1212,1518258411.0,41.241614733,-8.5622262,113.4,11.935,354.10,1.0,?,?
1213,1518258412.0,41.24171855,-8.5622442,112.7,11.678,351.10,1.0,?,?
1214,1518258413.0,41.24182085,-8.562270717,112.1,11.575,347.80,1.0,?,?
1215,1518258414.0,41.241919333,-8.56230345,111.8,11.163,345.00,0.9,?,?
1216,1518258415.0,41.24201055,-8.56233555,111.3,10.340,344.20,0.9,?,?
1217,1518258416.0,41.242095117,-8.562366167,110.7,9.569,345.40,0.9,?,?
1218,1518258417.0,41.242176183,-8.562394833,110.2,9.054,346.70,0.9,?,?
1219,1518258418.0,41.242253717,-8.562411667,109.9,8.591,355.20,1.0,?,?
1220,1518258419.0,41.242331767,-8.562400417,109.1,8.797,14.10,0.8,?,?
1221,1518258420.0,41.24240375,-8.562350233,108.4,9.260,32.80,0.8,?,?
1222,1518258421.0,41.242474283,-8.5622888,107.6,9.363,34.10,0.8,?,?
1223,1518258422.0,41.2425483,-8.562236067,107.0,9.517,28.90,0.8,?,?
1224,1518258423.0,41.242619267,-8.562179283,106.6,9.466,33.10,0.8,?,?
1225,1518258424.0,41.2426805,-8.562107717,106.1,9.209,47.80,1.1,?,?
1226,1518258425.0,41.242721817,-8.56201375,105.7,9.311,65.10,1.1,?,?
1227,1518258426.0,41.242746367,-8.561902783,105.5,9.929,79.70,1.2,?,?
1228,1518258427.0,41.2427707,-8.561780067,105.3,10.803,79.90,1.2,?,?
1229,1518258428.0,41.24279815,-8.561645333,105.0,11.832,77.70,1.2,?,?
1230,1518258429.0,41.242828767,-8.5615016,104.6,12.655,76.70,1.2,?,?
1231,1518258430.0,41.242858383,-8.5613565,104.0,12.552,76.80,1.4,?,?
1232,1518258431.0,41.24288635,-8.561212583,103.3,12.450,77.00,1.4,?,?
1233,1518258432.0,41.242913217,-8.561069217,102.7,12.398,77.10,1.4,?,?
1234,1518258433.0,41.242939767,-8.560925933,102.0,12.398,77.10,1.4,?,?
1235,1518258434.0,41.242965833,-8.560782667,101.3,12.347,77.20,1.4,?,?
1236,1518258435.0,41.242991217,-8.5606393,100.7,12.347,77.40,1.4,?,?
1237,1518258436.0,41.243016133,-8.560495983,100.0,12.347,77.50,1.4,?,?
1238,1518258437.0,41.243040333,-8.560351683,99.3,12.347,77.30,1.4,?,?
1239,1518258438.0,41.243065333,-8.560208517,98.7,12.295,77.30,1.4,?,?
1240,1518258439.0,41.243091233,-8.560065317,98.1,12.398,76.60,1.2,?,?
1241,1518258440.0,41.2431164,-8.559921233,97.4,12.398,76.90,1.2,?,?
1242,1518258441.0,41.24314075,-8.559776517,96.7,12.552,77.20,1.2,?,?
1243,1518258442.0,41.243164583,-8.5596311,96.0,12.501,77.30,1.2,?,?
1244,1518258443.0,41.243189367,-8.559486217,95.2,12.501,77.00,1.1,?,?
1245,1518258444.0,41.243214267,-8.5593413,94.5,12.450,77.00,1.1,?,?
1246,1518258445.0,41.243239017,-8.559195933,93.9,12.398,77.00,1.1,?,?
1247,1518258446.0,41.243263717,-8.5590537,93.8,12.192,77.60,1.1,?,?
1248,1518258447.0,41.2432879,-8.558916083,94.2,11.678,77.40,1.1,?,?
1249,1518258448.0,41.24331225,-8.558782167,94.9,11.472,76.70,1.1,?,?
1250,1518258449.0,41.243336967,-8.5586488,95.6,11.472,76.40,1.1,?,?
1251,1518258450.0,41.243361467,-8.558514217,96.3,11.678,76.70,1.0,?,?
1252,1518258451.0,41.243386367,-8.558376683,97.0,11.884,76.80,1.2,?,?
1253,1518258452.0,41.2434114,-8.558238067,97.8,11.987,76.90,1.2,?,?
1254,1518258453.0,41.243436067,-8.558098833,98.5,11.987,77.10,1.2,?,?
1255,1518258454.0,41.24345995,-8.557959333,99.3,11.935,77.50,1.2,?,?
1256,1518258455.0,41.243483483,-8.5578233,100.0,11.626,77.30,1.2,?,?
1257,1518258456.0,41.243506483,-8.557690817,100.7,11.318,77.00,1.2,?,?
1258,1518258457.0,41.243529233,-8.557559167,101.5,11.163,77.00,1.0,?,?
1259,1518258458.0,41.2435519,-8.557428133,102.2,11.163,77.00,1.0,?,?
1260,1518258459.0,41.24357365,-8.557298417,102.8,11.009,77.50,1.0,?,?
1261,1518258460.0,41.243594567,-8.55717085,103.3,10.855,77.60,1.0,?,?
1262,1518258461.0,41.2436156,-8.557043167,103.7,10.906,77.50,1.0,?,?
1263,1518258462.0,41.243637167,-8.556914817,103.8,11.009,77.30,1.0,?,?
1264,1518258463.0,41.243659317,-8.556785583,103.9,11.163,77.10,1.0,?,?
1265,1518258464.0,41.243681917,-8.556655117,104.0,11.318,77.10,1.0,?,?
1266,1518258465.0,41.243704583,-8.556524617,104.0,11.215,77.00,1.0,?,?
1267,1518258466.0,41.243727267,-8.556393167,104.0,11.472,77.00,1.0,?,?
1268,1518258467.0,41.24375025,-8.556259533,103.6,11.729,77.00,1.0,?,?
1269,1518258468.0,41.243773833,-8.55612215,103.1,12.089,77.00,1.1,?,?
1270,1518258469.0,41.2437982,-8.555981,102.5,12.295,77.10,1.1,?,?
1271,1518258470.0,41.243822717,-8.55583965,101.9,12.141,77.30,1.1,?,?
1272,1518258471.0,41.243846733,-8.5556999,101.3,12.038,77.30,1.1,?,?
1273,1518258472.0,41.2438708,-8.5555626,100.9,11.729,77.00,1.1,?,?
1274,1518258473.0,41.243894733,-8.555429167,100.7,11.318,76.80,1.1,?,?
1275,1518258474.0,41.243918117,-8.5553005,100.7,10.958,76.70,1.1,?,?
1276,1518258475.0,41.243940333,-8.55517715,101.0,10.289,76.80,1.1,?,?
1277,1518258476.0,41.243960583,-8.555060833,101.4,9.672,77.40,1.2,?,?
1278,1518258477.0,41.243977717,-8.554952417,101.7,9.003,79.00,1.2,?,?
1279,1518258478.0,41.243984033,-8.55485485,102.1,7.717,88.70,1.2,?,?
1280,1518258479.0,41.2439607,-8.554756167,102.3,8.128,114.40,1.2,?,?
1281,1518258480.0,41.243919867,-8.554665733,102.4,9.054,126.80,1.1,?,?
1282,1518258481.0,41.243873467,-8.554571467,102.4,9.826,123.80,1.0,?,?
1283,1518258482.0,41.243845867,-8.554466217,102.4,9.620,105.90,1.0,?,?
1284,1518258483.0,41.243840517,-8.554355717,102.3,9.466,86.00,1.1,?,?
1285,1518258484.0,41.243859333,-8.554251317,102.2,9.517,66.60,1.1,?,?
1286,1518258485.0,41.243907867,-8.554160583,102.0,9.517,45.20,1.2,?,?
1287,1518258486.0,41.243978267,-8.554096617,102.0,9.620,24.70,1.2,?,?
1288,1518258487.0,41.244057517,-8.554073133,101.7,9.672,4.30,1.2,?,?
1289,1518258488.0,41.24414075,-8.554085083,101.6,9.929,344.80,1.2,?,?
1290,1518258489.0,41.244220917,-8.554135067,101.4,?,?,0.8,?,?
1291,1518258490.0,41.244285283,-8.554217633,101.2,9.929,307.20,1.1,?,?
1292,1518258491.0,41.244322267,-8.554320983,100.8,9.826,289.10,1.0,?,?
1293,1518258492.0,41.244327033,-8.554432383,100.7,9.620,268.70,1.0,?,?
1294,1518258493.0,41.244305567,-8.554537217,100.7,9.620,249.10,0.8,?,?
1295,1518258494.0,41.244253967,-8.5546278,100.5,9.672,228.50,0.8,?,?
1296,1518258495.0,41.244185717,-8.554699783,100.4,9.826,214.20,0.8,?,?
1297,1518258496.0,41.2441134,-8.554769667,100.3,9.774,216.20,0.8,?,?
1298,1518258497.0,41.244048233,-8.5548506,100.1,9.877,227.60,0.8,?,?
1299,1518258498.0,41.243997733,-8.554952917,99.5,?,?,0.8,?,?
1300,1518258499.0,41.2439653,-8.55507425,99.2,11.318,255.40,0.8,?,?
1301,1518258500.0,41.243942383,-8.555206317,98.8,11.781,259.10,0.8,?,?
1302,1518258501.0,41.243920333,-8.555343383,98.5,11.987,258.50,0.8,?,?
1303,1518258502.0,41.243896233,-8.55548505,98.6,11.987,257.10,0.8,?,?
1304,1518258503.0,41.243871567,-8.555624433,98.9,11.832,257.00,0.8,?,?
1305,1518258504.0,41.24384785,-8.555759933,99.4,11.626,257.20,0.8,?,?
1306,1518258505.0,41.243824267,-8.555894133,99.9,11.421,257.10,0.8,?,?
1307,1518258506.0,41.243801517,-8.556028483,99.8,11.369,256.80,2.4,2.5,3.5
1308,1518258507.0,41.243778583,-8.55616465,99.8,11.369,256.80,2.4,2.5,3.5
1309,1518258508.0,41.243756617,-8.556296533,99.8,11.318,256.80,2.4,2.5,3.5
1310,1518258509.0,41.243733833,-8.556429417,100.2,11.472,256.90,2.4,2.5,3.5
1311,1518258510.0,41.243709733,-8.556566933,100.5,11.884,257.00,2.4,2.5,3.5
1312,1518258511.0,41.243684767,-8.5567097,100.9,12.244,257.30,2.4,2.5,3.5
1313,1518258512.0,41.2436586,-8.5568554,101.6,12.295,257.20,2.4,2.5,3.5
1314,1518258513.0,41.243632967,-8.556997317,101.9,12.141,256.80,2.4,2.5,3.5
1315,1518258514.0,41.243607617,-8.55713675,102.0,12.038,256.70,2.4,2.5,3.5
1316,1518258515.0,41.24358245,-8.557276,101.8,12.089,256.90,2.4,2.5,3.5
1317,1518258516.0,41.243557283,-8.557417583,101.2,12.398,257.10,2.4,2.5,3.5
1318,1518258517.0,41.243531817,-8.557561667,100.6,12.450,257.20,2.4,2.5,3.5
1319,1518258518.0,41.243506467,-8.557706233,100.0,12.450,257.30,2.4,2.5,3.5
1320,1518258519.0,41.243481267,-8.557851283,99.4,12.501,257.40,2.4,2.5,3.5
1321,1518258520.0,41.243455667,-8.557996583,98.7,12.552,257.00,2.4,2.5,3.5
1322,1518258521.0,41.243428367,-8.558141067,98.0,12.552,256.60,1.4,2.0,2.4
1323,1518258522.0,41.243399833,-8.558283433,97.4,12.604,256.60,1.4,2.0,2.4
1324,1518258523.0,41.243370017,-8.5584243,97.1,12.604,256.60,1.4,2.0,2.4
1325,1518258524.0,41.24334155,-8.558569683,96.7,12.707,256.60,1.4,2.0,2.4
1326,1518258525.0,41.243314467,-8.558717117,96.2,12.758,257.30,1.4,2.0,2.4
1327,1518258526.0,41.2432879,-8.558865333,95.8,12.758,257.40,1.4,2.0,2.4
1328,1518258527.0,41.2432613,-8.5590129,95.6,12.655,257.00,1.4,2.0,2.4
1329,1518258528.0,41.243236283,-8.559158067,95.8,12.244,257.70,1.4,2.0,2.4
1330,1518258529.0,41.243212383,-8.5592963,96.5,11.678,257.70,1.4,2.0,2.4
1331,1518258530.0,41.2431888,-8.559429267,97.4,11.369,257.20,1.4,2.0,2.4
1332,1518258531.0,41.243165083,-8.559562117,98.4,11.421,257.10,1.4,2.0,2.4
1333,1518258532.0,41.243141083,-8.559696533,99.2,11.678,257.00,1.4,2.0,2.4
1334,1518258533.0,41.24311715,-8.559832783,100.0,11.832,257.10,1.4,2.0,2.4
1335,1518258534.0,41.2430933,-8.559969567,100.7,11.832,257.30,1.4,2.0,2.4
1336,1518258535.0,41.2430702,-8.560106267,101.5,11.781,257.70,1.4,2.0,2.4
1337,1518258536.0,41.243047567,-8.5602426,102.2,11.781,257.70,1.4,2.0,2.4
1338,1518258537.0,41.24302255,-8.560379367,103.0,11.832,256.50,1.4,2.0,2.4
1339,1518258538.0,41.242998917,-8.560516433,103.7,11.781,256.80,1.4,2.0,2.4
1340,1518258539.0,41.242974667,-8.560653383,104.5,11.781,256.80,1.4,2.0,2.4
1341,1518258540.0,41.242950733,-8.560790717,105.2,11.832,257.10,1.4,2.0,2.4
1342,1518258541.0,41.242927033,-8.560928433,105.9,11.832,257.30,1.4,2.0,2.4
1343,1518258542.0,41.24290425,-8.561066517,106.6,11.832,257.70,1.4,2.0,2.4
1344,1518258543.0,41.242881817,-8.561204433,107.3,11.832,257.90,1.4,2.0,2.4
1345,1518258544.0,41.2428592,-8.561342433,107.9,11.832,257.70,1.4,2.0,2.4
1346,1518258545.0,41.242836067,-8.561480333,108.5,11.781,257.40,1.4,2.0,2.4
1347,1518258546.0,41.242812033,-8.561618233,109.2,11.884,256.70,1.4,2.0,2.4
1348,1518258547.0,41.242785183,-8.561755567,109.7,11.935,255.20,1.4,2.0,2.4
1349,1518258548.0,41.242757183,-8.561893683,110.0,11.987,254.70,1.4,2.0,2.4
1350,1518258549.0,41.24274265,-8.562037617,109.8,11.832,264.60,1.4,2.0,2.4
1351,1518258550.0,41.242757717,-8.562177283,109.9,11.729,285.00,1.4,2.0,2.4
1352,1518258551.0,41.2428086,-8.56230375,109.9,12.347,304.40,1.4,2.0,2.4
1353,1518258552.0,41.242857333,-8.56243295,109.9,12.655,294.60,1.4,2.0,2.4
1354,1518258553.0,41.242876517,-8.562575783,109.6,12.552,273.70,1.4,2.0,2.4
1355,1518258554.0,41.242853383,-8.562717783,109.6,12.398,250.00,1.4,2.0,2.4
1356,1518258555.0,41.242788617,-8.562831667,109.5,12.295,222.70,1.4,2.0,2.4
1357,1518258556.0,41.242692767,-8.562897183,109.0,12.295,198.00,1.4,2.0,2.4
1358,1518258557.0,41.242583717,-8.562903683,108.8,12.244,172.50,1.7,3.1,3.6
1359,1518258558.0,41.242480483,-8.562850483,108.5,12.964,148.80,1.4,2.0,2.4
1360,1518258559.0,41.242401517,-8.56275485,108.6,12.655,130.20,1.4,2.0,2.4
1361,1518258560.0,41.242335167,-8.5626354,108.4,12.141,123.60,1.4,2.0,2.4
1362,1518258561.0,41.242266667,-8.562527567,108.5,11.524,132.90,1.4,2.0,2.4
1363,1518258562.0,41.242180967,-8.562446233,108.7,11.678,149.50,1.4,2.0,2.4
1364,1518258563.0,41.24209175,-8.562394017,109.3,11.678,161.90,1.4,2.0,2.4
1365,1518258564.0,41.24199435,-8.562359367,110.1,11.524,167.80,1.4,2.0,2.4
1366,1518258565.0,41.241893483,-8.562325583,110.8,11.575,167.40,1.4,2.0,2.4
1367,1518258566.0,41.241789483,-8.5622945,111.3,11.884,167.60,1.4,2.0,2.4
1368,1518258567.0,41.241683217,-8.562273283,111.8,12.038,172.10,1.4,2.0,2.4
1369,1518258568.0,41.241577583,-8.562257733,112.2,11.781,174.70,1.4,2.0,2.4
1370,1518258569.0,41.241468783,-8.562244417,112.7,11.884,177.10,1.4,2.0,2.4
1371,1518258570.0,41.241361317,-8.562241433,113.2,11.884,178.10,1.4,2.0,2.4
1372,1518258571.0,41.241256917,-8.562236017,113.7,11.575,178.90,1.4,2.0,2.4
1373,1518258572.0,41.24115205,-8.562230817,114.1,11.729,178.90,1.4,2.0,2.4
1374,1518258573.0,41.241046583,-8.562227717,114.7,11.781,179.10,1.4,2.0,2.4
1375,1518258574.0,41.240940267,-8.562224333,115.1,11.987,179.00,1.4,2.0,2.4
1376,1518258575.0,41.240833517,-8.56222175,115.5,11.935,179.00,1.4,2.0,2.4
1377,1518258576.0,41.24072665,-8.562219567,115.8,11.935,179.00,1.4,2.0,2.4
1378,1518258577.0,41.240619,-8.562216667,116.1,11.987,179.30,1.4,2.0,2.4
1379,1518258578.0,41.240511433,-8.562220383,116.2,12.038,183.20,1.4,2.0,2.4
1380,1518258579.0,41.240403417,-8.56223455,116.2,11.987,190.00,1.4,2.0,2.4
1381,1518258580.0,41.240297667,-8.5622678,116.4,12.038,196.90,1.4,2.0,2.4
1382,1518258581.0,41.240195617,-8.562318433,116.1,11.987,205.00,1.7,3.1,3.6
1383,1518258582.0,41.240101183,-8.562386967,115.6,11.935,212.00,1.7,3.1,3.6
1384,1518258583.0,41.240013217,-8.56246975,115.1,11.987,218.20,1.7,3.1,3.6
1385,1518258584.0,41.23993495,-8.562568167,114.5,12.038,224.60,1.7,3.1,3.6
1386,1518258585.0,41.2398613,-8.562674433,114.0,12.038,229.00,1.7,3.1,3.6
1387,1518258586.0,41.2397927,-8.562786117,113.6,12.038,232.30,1.7,3.1,3.6
1388,1518258587.0,41.239727683,-8.56290065,113.2,11.987,234.20,1.7,3.1,3.6
1389,1518258588.0,41.239665017,-8.563018583,112.7,12.089,235.70,1.7,3.1,3.6
1390,1518258589.0,41.239605467,-8.5631392,112.2,12.141,238.30,1.4,2.0,2.4
1391,1518258590.0,41.239546867,-8.56326445,112.2,12.089,240.50,1.4,2.0,2.4
1392,1518258591.0,41.2394961,-8.563392183,111.8,11.987,244.10,1.4,2.0,2.4
1393,1518258592.0,41.23945175,-8.563523717,111.3,11.987,248.30,1.4,2.0,2.4
1394,1518258593.0,41.239410117,-8.563657117,110.8,12.244,249.40,1.4,2.0,2.4
1395,1518258594.0,41.2393728,-8.56379825,110.6,12.398,252.70,1.4,2.0,2.4
1396,1518258595.0,41.2393379,-8.56393575,109.6,12.295,253.30,1.4,2.0,2.4
1397,1518258596.0,41.239305983,-8.564072933,108.9,12.089,253.70,2.5,2.5,3.6
1398,1518258597.0,41.239274833,-8.564211833,108.0,12.141,253.70,2.3,1.0,2.5
1399,1518258598.0,41.239246417,-8.564349433,107.2,11.935,254.50,4.7,1.0,4.8
1400,1518258599.0,41.2391869,-8.564529483,109.9,12.141,255.50,4.7,1.0,4.8
1401,1518258600.0,41.2392233,-8.5646934,112.5,13.170,255.50,4.7,1.0,4.8
1402,1518258601.0,41.239179067,-8.564752733,112.8,11.678,249.60,3.2,?,?
1403,1518258602.0,41.23913755,-8.564904583,111.0,11.626,248.40,2.7,?,?
1404,1518258603.0,41.239086433,-8.5650152,111.0,11.729,248.70,1.7,?,?
1405,1518258604.0,41.239039733,-8.565159767,110.1,11.884,248.00,1.7,?,?
1406,1518258605.0,41.23899485,-8.565295033,109.8,11.832,247.70,1.4,?,?
1407,1518258606.0,41.2389524,-8.5654234,110.4,11.575,248.70,1.3,?,?
1408,1518258607.0,41.238921617,-8.565557433,108.0,10.958,245.10,1.5,2.0,2.5
1409,1518258608.0,41.23888765,-8.56567155,106.3,10.392,244.10,1.5,2.0,2.5
1410,1518258609.0,41.238850383,-8.565777267,105.7,9.723,242.50,1.5,2.0,2.5
1411,1518258610.0,41.238809817,-8.5658766,105.7,9.003,241.70,1.7,?,?
1412,1518258611.0,41.238770783,-8.56596855,106.0,8.180,241.60,1.5,2.0,2.5
1413,1518258612.0,41.238737783,-8.566049233,106.2,7.254,241.50,1.5,2.0,2.5
1414,1518258613.0,41.238710333,-8.56612045,106.2,6.122,242.00,1.4,2.0,2.4
1415,1518258614.0,41.238689583,-8.566177183,106.0,4.630,243.90,1.4,2.0,2.4
1416,1518258615.0,41.238676817,-8.566218583,106.0,2.984,243.50,1.4,2.0,2.4
1417,1518258616.0,41.238662067,-8.5662473,106.1,2.675,225.80,1.4,2.0,2.4
1418,1518258617.0,41.2386367,-8.566253117,106.3,2.881,177.30,1.4,2.0,2.4
1419,1518258618.0,41.238611417,-8.5662412,106.8,2.778,147.60,1.4,2.0,2.4
1420,1518258619.0,41.23859485,-8.56622325,106.7,2.264,129.50,1.4,2.0,2.4
1421,1518258620.0,41.23859405,-8.566221367,106.9,0.103,57.30,1.4,2.0,2.4
1422,1518258621.0,41.238597533,-8.566220733,107.1,0.875,352.70,1.4,2.0,2.4
1423,1518258622.0,41.238606233,-8.5662174,107.0,1.698,347.60,1.4,2.0,2.4
1424,1518258623.0,41.2386112,-8.566220783,106.9,1.132,316.00,1.8,2.0,2.7
1425,1518258624.0,41.23860395,-8.566205683,106.8,0.926,107.40,1.8,2.0,2.7
1426,1518258625.0,41.238603233,-8.566171383,107.1,3.858,86.60,1.8,2.0,2.7
1427,1518258626.0,41.238615833,-8.566120767,107.3,5.350,67.70,1.8,2.0,2.7
1428,1518258627.0,41.238635967,-8.5660616,107.2,5.813,61.40,1.8,2.0,2.7
1429,1518258628.0,41.238658467,-8.566000917,107.2,6.482,58.40,1.8,2.0,2.7
1430,1518258629.0,41.238693883,-8.565923617,107.1,8.540,58.90,1.8,2.0,2.7
1431,1518258630.0,41.238738467,-8.565824183,107.1,10.649,60.20,1.8,2.0,2.7
1432,1518258631.0,41.238787133,-8.565708967,107.0,11.318,62.00,1.8,2.0,2.7
1433,1518258632.0,41.23883405,-8.565591483,107.0,11.215,63.50,1.8,2.0,2.7
1434,1518258633.0,41.238881583,-8.565469833,107.0,11.575,63.80,1.8,2.0,2.7
1435,1518258634.0,41.238927433,-8.565344233,107.0,11.832,65.30,1.8,2.0,2.7
1436,1518258635.0,41.238971633,-8.565216833,107.1,11.832,66.30,1.8,2.0,2.7
1437,1518258636.0,41.239016467,-8.56508675,107.2,11.935,67.00,1.8,2.0,2.7
1438,1518258637.0,41.239060933,-8.564954433,107.3,12.089,67.90,1.8,2.0,2.7
1439,1518258638.0,41.2391064,-8.56482395,107.5,12.089,67.10,1.8,2.0,2.7
1440,1518258639.0,41.239145367,-8.564690567,107.7,12.038,69.90,1.8,2.0,2.7
1441,1518258640.0,41.239181017,-8.564557217,107.9,11.884,72.00,1.8,2.0,2.7
1442,1518258641.0,41.23921275,-8.564426267,108.1,11.575,73.40,1.4,?,?
1443,1518258642.0,41.239247217,-8.564296017,108.6,11.524,72.00,2.4,?,?
1444,1518258643.0,41.239283783,-8.564168317,109.9,11.421,70.40,3.4,?,?
1445,1518258644.0,41.239323317,-8.5640309,109.2,11.832,69.90,3.4,?,?
1446,1518258645.0,41.239409517,-8.563922533,107.2,11.832,60.30,3.4,?,?
1447,1518258646.0,41.239428717,-8.563785383,108.6,11.421,70.60,3.4,?,?
1448,1518258647.0,41.239454217,-8.563651467,110.1,11.472,73.00,3.4,?,?
1449,1518258648.0,41.239467267,-8.5635155,112.0,11.524,72.80,1.8,2.0,2.7
1450,1518258649.0,41.2395054,-8.563384317,112.7,11.575,68.00,1.4,?,?
1451,1518258650.0,41.239553517,-8.56325965,113.3,11.678,62.40,1.3,?,?
1452,1518258651.0,41.239605117,-8.56313385,114.0,11.626,57.50,1.3,?,?
1453,1518258652.0,41.23966185,-8.563017417,114.4,11.678,55.10,1.3,?,?
1454,1518258653.0,41.239718967,-8.56290535,114.5,11.832,54.00,1.3,?,?
1455,1518258654.0,41.239779417,-8.562793417,114.7,11.781,52.20,1.3,?,?
1456,1518258655.0,41.239843583,-8.562684217,114.9,11.781,50.10,1.4,?,?
1457,1518258656.0,41.239910667,-8.562578283,115.1,11.832,47.60,1.4,?,?
1458,1518258657.0,41.239985967,-8.562479667,115.3,11.781,41.70,1.4,?,?
1459,1518258658.0,41.240068267,-8.5623931,115.6,11.884,34.60,1.8,2.0,2.7
1460,1518258659.0,41.240156667,-8.562320367,116.1,11.884,28.20,1.8,2.0,2.7
1461,1518258660.0,41.2402519,-8.562261783,116.4,11.935,22.20,1.8,2.0,2.7
1462,1518258661.0,41.24035225,-8.5622172,116.6,11.935,16.20,1.8,2.0,2.7
1463,1518258662.0,41.240457767,-8.562189733,116.6,11.884,8.20,1.8,2.0,2.7
1464,1518258663.0,41.240563267,-8.562174633,116.8,11.987,2.60,2.0,3.8,4.3
1465,1518258664.0,41.240668183,-8.562168467,116.7,11.935,0.00,1.8,2.0,2.7
1466,1518258665.0,41.2407738,-8.562169867,116.5,11.935,358.40,1.8,2.0,2.7
1467,1518258666.0,41.24088,-8.562173383,116.2,11.987,358.30,1.8,2.0,2.7
1468,1518258667.0,41.240986317,-8.562175967,115.8,11.935,359.10,1.8,2.0,2.7
1469,1518258668.0,41.2410925,-8.562177467,115.3,11.884,359.30,1.4,2.0,2.4
1470,1518258669.0,41.2411988,-8.562179367,114.7,11.884,359.20,1.4,2.0,2.4
1471,1518258670.0,41.24130505,-8.562181683,114.0,11.832,359.00,1.4,2.0,2.4
1472,1518258671.0,41.2414111,-8.562186033,113.4,11.832,358.10,1.4,2.0,2.4
1473,1518258672.0,41.2415172,-8.56219425,112.9,11.832,355.90,1.4,2.0,2.4
1474,1518258673.0,41.24162305,-8.562207683,112.4,11.832,353.40,1.4,2.0,2.4
1475,1518258674.0,41.241727783,-8.562227967,111.9,11.781,350.60,1.4,2.0,2.4
1476,1518258675.0,41.241831567,-8.5622564,111.5,11.781,347.00,1.4,2.0,2.4
1477,1518258676.0,41.241934167,-8.5622917,111.0,11.781,344.60,1.4,2.0,2.4
1478,1518258677.0,41.24203645,-8.56233005,110.2,11.781,343.80,1.4,2.0,2.4
1479,1518258678.0,41.242138733,-8.562371133,109.5,11.884,343.40,1.4,2.0,2.4
1480,1518258679.0,41.242242183,-8.562393167,108.9,11.678,356.20,1.4,2.0,2.4
1481,1518258680.0,41.24234605,-8.562379033,108.6,11.781,12.90,1.4,2.0,2.4
1482,1518258681.0,41.242443283,-8.562328883,108.1,11.575,26.40,1.8,3.0,3.5
1483,1518258682.0,41.242532183,-8.562258583,108.0,11.421,33.80,1.8,3.0,3.5
1484,1518258683.0,41.242612233,-8.5621744,108.3,11.369,41.70,1.8,3.0,3.5
1485,1518258684.0,41.2426805,-8.562073967,108.5,11.369,53.80,0.8,?,?
1486,1518258685.0,41.2427316,-8.561954783,108.3,11.626,68.90,0.8,?,?
1487,1518258686.0,41.242759,-8.56181925,108.0,11.781,79.70,1.1,?,?
1488,1518258687.0,41.242782167,-8.561682133,107.2,12.038,79.80,1.1,?,?
1489,1518258688.0,41.242806817,-8.56154485,106.2,12.038,77.90,1.3,?,?
1490,1518258689.0,41.242832367,-8.561407333,105.3,11.987,77.50,1.3,?,?
1491,1518258690.0,41.242857917,-8.561269617,104.3,11.987,77.40,1.3,?,?
1492,1518258691.0,41.242883983,-8.5611317,103.3,11.987,77.00,1.3,?,?
1493,1518258692.0,41.2429101,-8.560993517,102.4,11.987,76.80,1.3,?,?
1494,1518258693.0,41.242935933,-8.560854983,101.5,11.987,77.00,1.3,?,?
1495,1518258694.0,41.2429613,-8.560716167,100.7,11.935,77.30,1.3,?,?
1496,1518258695.0,41.24298665,-8.560576933,99.8,12.089,77.00,1.3,?,?
1497,1518258696.0,41.243012967,-8.5604377,99.1,12.038,76.50,1.4,?,?
1498,1518258697.0,41.243039367,-8.5602992,98.3,11.987,76.60,1.4,?,?
1499,1518258698.0,41.243064417,-8.560161083,97.5,11.935,77.30,1.4,?,?
1500,1518258699.0,41.24308905,-8.560021167,96.8,12.038,77.50,1.4,?,?
1501,1518258700.0,41.2431134,-8.559881783,96.1,12.038,77.60,1.4,?,?
1502,1518258701.0,41.2431369,-8.559742267,95.4,11.987,77.80,1.4,?,?
1503,1518258702.0,41.243159583,-8.5596017,94.7,12.038,77.70,1.4,?,?
1504,1518258703.0,41.243184583,-8.559462467,94.0,11.987,76.50,1.1,?,?
1505,1518258704.0,41.24320965,-8.559323417,93.3,11.987,76.70,1.1,?,?
1506,1518258705.0,41.243234217,-8.559184983,92.8,11.884,77.10,1.1,?,?
1507,1518258706.0,41.24325865,-8.559048683,92.8,11.678,77.00,1.1,?,?
1508,1518258707.0,41.243281183,-8.55891465,93.2,11.112,76.80,1.1,?,?
1509,1518258708.0,41.243302717,-8.5587838,93.9,11.009,77.00,1.1,?,?
1510,1518258709.0,41.2433246,-8.558654233,94.6,11.061,77.10,1.1,?,?
1511,1518258710.0,41.2433471,-8.558523083,95.4,11.318,77.10,1.1,?,?
1512,1518258711.0,41.2433704,-8.5583904,96.1,11.472,76.90,1.3,?,?
1513,1518258712.0,41.243394133,-8.558256267,96.9,11.575,76.70,1.2,?,?
1514,1518258713.0,41.243417883,-8.558121217,97.7,11.575,77.00,1.2,?,?
1515,1518258714.0,41.243441567,-8.5579863,98.5,11.678,76.90,1.2,?,?
1516,1518258715.0,41.243464933,-8.557851517,99.2,11.575,77.10,1.2,?,?
1517,1518258716.0,41.243488033,-8.557717133,99.9,11.575,77.30,1.2,?,?
1518,1518258717.0,41.2435107,-8.557582267,100.7,11.626,77.50,1.2,?,?
1519,1518258718.0,41.243533233,-8.557447833,101.4,11.575,77.30,1.2,?,?
1520,1518258719.0,41.243555417,-8.5573131,102.1,11.626,77.20,1.0,?,?
1521,1518258720.0,41.243577933,-8.557178117,102.6,11.678,77.40,1.0,?,?
1522,1518258721.0,41.243600467,-8.5570406,102.9,11.935,77.80,1.0,?,?
1523,1518258722.0,41.243623833,-8.556902167,103.0,11.987,77.50,1.1,?,?
1524,1518258723.0,41.243647433,-8.556763,103.0,11.935,77.10,1.1,?,?
1525,1518258724.0,41.243669167,-8.556622217,102.9,11.781,76.90,1.1,?,?
1526,1518258725.0,41.243691917,-8.556483767,102.8,11.832,77.20,1.1,?,?
1527,1518258726.0,41.243715367,-8.556345833,102.6,11.832,77.10,1.1,?,?
1528,1518258727.0,41.24374055,-8.556207567,102.2,12.038,76.50,1.1,?,?
1529,1518258728.0,41.243766133,-8.556068317,101.8,12.038,76.50,1.1,?,?
1530,1518258729.0,41.243792133,-8.5559293,101.3,12.038,76.40,1.1,?,?
1531,1518258730.0,41.243818283,-8.555791683,100.8,11.935,76.20,1.1,?,?
1532,1518258731.0,41.243844533,-8.555655117,100.3,11.832,76.20,1.1,?,?
1533,1518258732.0,41.24386965,-8.555519167,100.0,11.678,76.70,1.1,?,?
1534,1518258733.0,41.2438935,-8.555384683,99.9,11.472,77.20,1.1,?,?
1535,1518258734.0,41.24391635,-8.555252733,100.1,11.215,77.30,1.1,?,?
1536,1518258735.0,41.243939467,-8.555122833,100.5,11.112,76.60,1.1,?,?
1537,1518258736.0,41.2439602,-8.55499605,101.0,10.546,78.70,1.1,?,?
1538,1518258737.0,41.243970067,-8.554880567,101.3,9.260,87.50,1.1,?,?
1539,1518258738.0,41.243958817,-8.554781783,101.7,8.077,106.70,1.1,?,?
1540,1518258739.0,41.243927317,-8.554689333,101.8,8.231,122.30,1.1,?,?
1541,1518258740.0,41.24388225,-8.554604283,101.9,8.746,126.10,1.0,?,?
1542,1518258741.0,41.243841617,-8.554510933,101.8,8.951,114.80,1.0,?,?
1543,1518258742.0,41.243820033,-8.554406533,101.8,9.157,95.50,1.0,?,?
1544,1518258743.0,41.243825567,-8.55430095,101.6,9.157,76.30,1.0,?,?
1545,1518258744.0,41.243859667,-8.554204967,101.3,9.106,55.60,1.0,?,?
1546,1518258745.0,41.243917083,-8.554128483,101.0,9.209,34.60,1.1,?,?
1547,1518258746.0,41.243991817,-8.554083333,101.1,9.363,16.50,1.1,?,?
1548,1518258747.0,41.24407235,-8.554071217,101.0,9.311,359.00,1.1,?,?
1549,1518258748.0,41.244152783,-8.554091183,100.7,9.311,341.30,1.1,?,?
1550,1518258749.0,41.24422505,-8.554146083,100.6,9.466,323.10,1.1,?,?
1551,1518258750.0,41.2442788,-8.5542289,100.4,9.106,302.50,0.8,?,?
1552,1518258751.0,41.244312167,-8.554330867,99.8,9.157,283.10,0.9,?,?
1553,1518258752.0,41.2443183,-8.554440417,99.8,9.106,265.00,0.9,?,?
1554,1518258753.0,41.2442966,-8.554543483,99.8,9.209,245.50,0.8,?,?
1555,1518258754.0,41.244249067,-8.554634633,100.1,9.414,229.30,0.8,?,?
1556,1518258755.0,41.244185117,-8.554710683,100.3,9.569,217.50,0.8,?,?
1557,1518258756.0,41.24411425,-8.5547861,100.6,9.929,218.70,0.8,?,?
1558,1518258757.0,41.244047983,-8.554871783,100.6,10.495,228.40,0.8,?,?
1559,1518258758.0,41.243995183,-8.554979717,100.2,11.318,242.80,0.8,?,?
1560,1518258759.0,41.243962283,-8.555110517,99.9,12.038,256.20,0.8,?,?
1561,1518258760.0,41.24393875,-8.555251783,99.6,12.398,259.70,0.8,?,?
1562,1518258761.0,41.24391505,-8.555391617,99.4,12.038,258.30,0.8,?,?
1563,1518258762.0,41.243891533,-8.555528433,99.7,11.575,257.50,0.8,?,?
1564,1518258763.0,41.243868217,-8.555660517,100.1,11.318,257.30,0.8,?,?
1565,1518258764.0,41.243844083,-8.555790567,100.6,11.215,256.60,0.8,?,?
1566,1518258765.0,41.24382055,-8.555922,101.1,11.318,257.00,0.8,?,?
1567,1518258766.0,41.2437972,-8.556054467,101.6,11.421,257.30,0.8,?,?
1568,1518258767.0,41.243772317,-8.556187483,101.4,11.575,257.30,1.8,3.0,3.5
1569,1518258768.0,41.243746317,-8.556321583,101.9,11.678,257.20,1.4,2.0,2.5
1570,1518258769.0,41.243719433,-8.55645575,102.7,11.781,256.40,1.4,2.0,2.5
1571,1518258770.0,41.243693,-8.556589583,103.1,11.884,256.20,1.4,2.0,2.5
1572,1518258771.0,41.243667017,-8.556725717,103.3,11.935,256.50,1.4,2.0,2.5
1573,1518258772.0,41.24364145,-8.5568626,103.5,11.832,257.00,1.4,2.0,2.5
1574,1518258773.0,41.243616767,-8.55699945,103.6,11.832,257.10,1.4,2.0,2.5
1575,1518258774.0,41.243592283,-8.557136483,103.6,11.832,257.00,1.4,2.0,2.5
1576,1518258775.0,41.243567233,-8.557274717,103.3,11.987,256.70,1.4,2.0,2.5
1577,1518258776.0,41.243541233,-8.557414733,102.7,12.192,256.30,1.4,2.0,2.5
1578,1518258777.0,41.243514833,-8.557555933,102.1,12.192,256.60,1.4,2.0,2.5
1579,1518258778.0,41.243489217,-8.557697517,101.5,12.244,256.90,1.4,2.0,2.5
1580,1518258779.0,41.243463917,-8.557839783,100.8,12.295,257.10,1.4,2.0,2.5
1581,1518258780.0,41.243438867,-8.5579832,100.2,12.398,257.30,1.4,2.0,2.5
1582,1518258781.0,41.243414217,-8.5581271,99.5,12.398,257.40,1.4,2.0,2.5
1583,1518258782.0,41.24339015,-8.558271917,98.8,12.501,257.70,1.4,2.0,2.5
1584,1518258783.0,41.243365317,-8.5584174,98.0,12.552,257.40,1.4,2.0,2.5
1585,1518258784.0,41.243339933,-8.558563517,97.3,12.604,257.20,1.4,2.0,2.5
1586,1518258785.0,41.243314417,-8.558710217,96.6,12.655,257.10,1.5,2.0,2.5
1587,1518258786.0,41.2432898,-8.558857583,95.9,12.655,258.00,1.5,2.0,2.5
1588,1518258787.0,41.243265883,-8.559004917,95.4,12.604,258.10,1.5,2.0,2.5
1589,1518258788.0,41.243240817,-8.559148817,95.3,12.244,257.00,1.5,2.0,2.5
1590,1518258789.0,41.243214733,-8.559289467,96.1,11.884,257.00,1.5,2.0,2.5
1591,1518258790.0,41.243186533,-8.559436017,97.6,12.501,256.70,1.5,2.0,2.5
1592,1518258791.0,41.243157383,-8.559589717,98.9,13.530,256.70,1.5,2.0,2.5
1593,1518258792.0,41.243127417,-8.559754667,100.0,14.713,256.90,1.5,2.0,2.5
1594,1518258793.0,41.24309635,-8.559932867,100.9,15.845,257.20,1.5,2.0,2.5
1595,1518258794.0,41.243064217,-8.560120067,101.9,16.411,257.50,1.5,2.0,2.5
1596,1518258795.0,41.243031583,-8.56031125,102.7,16.565,257.30,1.5,2.0,2.5
1597,1518258796.0,41.242999267,-8.560502667,103.7,16.462,257.20,1.5,2.0,2.5
1598,1518258797.0,41.242966683,-8.56069275,104.6,16.308,256.90,1.5,2.0,2.5
1599,1518258798.0,41.24293465,-8.560881717,105.4,16.205,257.00,1.5,2.0,2.5
1600,1518258799.0,41.242901917,-8.5610688,106.2,16.051,257.10,1.8,2.0,2.7
1601,1518258800.0,41.242869733,-8.561252533,107.0,15.691,256.80,1.5,2.0,2.5
1602,1518258801.0,41.242836467,-8.561430317,107.9,15.228,256.10,1.5,2.0,2.5
1603,1518258802.0,41.242804083,-8.5616018,108.7,14.559,256.00,1.5,2.0,2.5
1604,1518258803.0,41.242774217,-8.561762133,109.3,13.376,256.40,1.5,2.0,2.5
1605,1518258804.0,41.242747917,-8.56190855,109.5,12.038,258.60,1.5,2.0,2.5
1606,1518258805.0,41.242732433,-8.562041683,109.4,10.803,266.10,1.5,2.0,2.5
1607,1518258806.0,41.242745417,-8.562165117,109.3,10.083,283.60,1.5,2.0,2.5
1608,1518258807.0,41.242780133,-8.5622763,109.1,10.186,298.90,1.5,2.0,2.5
1609,1518258808.0,41.242827167,-8.562383,108.9,10.495,302.90,1.5,2.0,2.5
1610,1518258809.0,41.2428629,-8.56249465,108.8,10.598,290.80,1.5,2.0,2.5
1611,1518258810.0,41.242873983,-8.56261255,108.4,10.392,272.60,1.5,2.0,2.5
1612,1518258811.0,41.242850417,-8.562730683,108.4,10.237,248.30,1.5,2.0,2.5
1613,1518258812.0,41.242797367,-8.562829567,108.2,10.289,225.70,1.8,3.0,3.5
1614,1518258813.0,41.242724533,-8.5628935,107.6,10.237,205.00,1.5,2.0,2.5
1615,1518258814.0,41.242636167,-8.56291725,107.5,10.186,183.30,1.5,2.0,2.5
1616,1518258815.0,41.24254595,-8.562898567,107.4,10.289,162.80,1.5,2.0,2.5
1617,1518258816.0,41.24246445,-8.562837083,107.2,10.855,142.00,1.5,2.0,2.5
1618,1518258817.0,41.242397417,-8.562745183,107.7,11.009,126.70,1.5,2.0,2.5
1619,1518258818.0,41.242337367,-8.56263475,108.0,11.061,124.60,1.5,2.0,2.5
1620,1518258819.0,41.242272017,-8.562528567,108.2,11.266,132.10,1.5,2.0,2.5
1621,1518258820.0,41.242192783,-8.562445683,108.8,11.266,146.80,1.5,2.0,2.5
1622,1518258821.0,41.242097167,-8.5623895,109.0,11.678,160.80,1.5,2.0,2.5
1623,1518258822.0,41.24199705,-8.562351683,109.6,11.575,166.90,1.5,2.0,2.5
1624,1518258823.0,41.241895383,-8.562320333,110.3,11.369,168.80,1.5,2.0,2.5
1625,1518258824.0,41.241792367,-8.562292517,110.7,11.678,169.50,1.5,2.0,2.5
1626,1518258825.0,41.241688183,-8.562269533,111.2,11.781,171.30,1.5,2.0,2.5
1627,1518258826.0,41.241584317,-8.562250217,111.7,11.626,172.70,1.5,2.0,2.5
1628,1518258827.0,41.241479217,-8.562237517,112.3,11.626,175.90,1.5,2.0,2.5
1629,1518258828.0,41.241374467,-8.562229967,112.7,11.678,178.10,1.5,2.0,2.5
1630,1518258829.0,41.2412724,-8.56222565,113.2,11.524,179.30,1.5,2.0,2.5
1631,1518258830.0,41.2411732,-8.56221935,113.2,11.524,178.80,1.5,2.0,2.5
1632,1518258831.0,41.241070017,-8.56221725,113.8,11.575,179.00,1.5,2.0,2.5
1633,1518258832.0,41.240964883,-8.562216117,114.4,11.729,179.10,1.5,2.0,2.5
1634,1518258833.0,41.240859067,-8.562215183,115.0,11.729,179.40,1.5,2.0,2.5
1635,1518258834.0,41.240753367,-8.5622135,115.5,11.729,179.00,1.5,2.0,2.5
1636,1518258835.0,41.240646767,-8.562208717,115.9,11.729,177.60,1.5,2.0,2.5
1637,1518258836.0,41.240540383,-8.562207933,116.3,11.884,180.40,1.5,2.0,2.5
1638,1518258837.0,41.240434183,-8.562217467,116.6,11.832,186.30,1.5,2.0,2.5
1639,1518258838.0,41.240329667,-8.562244883,116.6,11.781,195.10,1.5,2.0,2.5
1640,1518258839.0,41.240229483,-8.562293283,116.7,11.832,203.30,1.5,2.0,2.5
1641,1518258840.0,41.240133717,-8.562355333,116.7,11.781,210.10,1.8,3.0,3.5
1642,1518258841.0,41.24004375,-8.562430567,116.8,11.781,216.10,1.8,3.0,3.5
1643,1518258842.0,41.239961767,-8.562520083,116.8,11.884,222.30,1.8,3.0,3.5
1644,1518258843.0,41.239886533,-8.56262125,116.6,11.884,228.50,1.8,3.0,3.5
1645,1518258844.0,41.239816967,-8.562730283,116.4,11.935,231.20,1.8,3.0,3.5
1646,1518258845.0,41.239750883,-8.562842333,116.1,11.884,232.80,1.8,3.0,3.5
1647,1518258846.0,41.239687483,-8.56295695,115.7,11.884,234.20,1.8,3.0,3.5
1648,1518258847.0,41.239625917,-8.563074267,115.2,11.987,235.50,1.8,3.0,3.5
1649,1518258848.0,41.2395685,-8.563195267,114.6,11.935,238.50,1.8,3.0,3.5
1650,1518258849.0,41.239519567,-8.563319683,113.2,11.987,241.90,1.2,?,?
1651,1518258850.0,41.239474283,-8.56344765,112.3,11.935,246.20,1.2,?,?
1652,1518258851.0,41.2394343,-8.563583367,111.6,12.089,250.00,1.5,?,?
1653,1518258852.0,41.239398067,-8.5637266,111.3,12.295,252.50,1.3,?,?
1654,1518258853.0,41.239356117,-8.563871283,111.1,12.347,253.50,2.5,?,?
1655,1518258854.0,41.239325633,-8.5640067,110.3,12.038,253.50,1.8,3.0,3.5
1656,1518258855.0,41.239296033,-8.5641455,109.7,11.987,254.50,4.0,?,?
1657,1518258856.0,41.239270867,-8.564291367,109.4,12.295,256.70,2.3,?,?
1658,1518258857.0,41.23925195,-8.564451267,109.4,13.067,259.80,4.0,?,?
1659,1518258858.0,41.239219983,-8.56458525,112.4,12.141,257.90,2.9,?,?
1660,1518258859.0,41.2391902,-8.564711483,113.2,11.884,253.80,3.1,?,?
1661,1518258860.0,41.23916085,-8.56484935,115.3,11.781,252.60,2.7,?,?
1662,1518258861.0,41.239119767,-8.56496245,113.9,11.524,249.70,2.5,?,?
1663,1518258862.0,41.239070267,-8.565087567,112.9,11.626,247.60,2.5,?,?
1664,1518258863.0,41.23902055,-8.565209367,112.4,11.678,245.90,2.5,?,?
1665,1518258864.0,41.2389757,-8.5653355,112.6,11.626,246.30,1.2,?,?
1666,1518258865.0,41.238922617,-8.565461133,113.4,11.575,245.40,1.2,?,?
1667,1518258866.0,41.238880633,-8.565586467,112.8,11.626,244.90,1.2,?,?
1668,1518258867.0,41.238832867,-8.565708417,112.7,11.369,243.50,1.2,?,?
1669,1518258868.0,41.238788767,-8.565824983,112.4,10.598,243.10,1.2,?,?
1670,1518258869.0,41.238753833,-8.565927433,112.1,9.672,243.10,1.5,2.0,2.5
1671,1518258870.0,41.238719833,-8.566022717,111.7,8.540,243.30,1.5,2.0,2.5
1672,1518258871.0,41.238692067,-8.566100217,111.5,6.379,244.40,1.5,2.0,2.5
1673,1518258872.0,41.238672167,-8.566156083,111.3,4.373,243.30,1.5,2.0,2.5
1674,1518258873.0,41.238642833,-8.566186217,111.3,3.807,203.10,1.5,2.0,2.5
1675,1518258874.0,41.23861165,-8.566178983,111.1,3.961,147.90,1.5,2.0,2.5
1676,1518258875.0,41.2385979,-8.566155983,110.6,2.675,115.10,1.5,2.0,2.5
1677,1518258876.0,41.23859395,-8.566150483,110.9,0.206,116.30,1.5,2.0,2.5
1678,1518258877.0,41.238594133,-8.566151683,111.0,0.566,312.10,1.5,2.0,2.5
1679,1518258878.0,41.238602217,-8.5661596,110.9,1.646,339.80,1.5,2.0,2.5
1680,1518258879.0,41.23861225,-8.566171417,111.0,1.492,311.40,1.5,2.0,2.5
1681,1518258880.0,41.238616617,-8.56617795,111.3,0.463,97.80,1.8,2.0,2.7
1682,1518258881.0,41.2386187,-8.566148167,111.3,3.961,86.70,1.8,2.0,2.7
1683,1518258882.0,41.238633217,-8.56609485,111.3,5.505,69.80,1.8,2.0,2.7
1684,1518258883.0,41.238655367,-8.5660351,111.0,5.762,62.20,1.9,2.0,2.7
1685,1518258884.0,41.238683917,-8.565968117,110.8,7.048,60.00,1.9,2.0,2.7
1686,1518258885.0,41.2387198,-8.565882967,110.6,9.003,61.10,1.9,2.0,2.7
1687,1518258886.0,41.238760317,-8.565787217,110.3,9.311,60.80,1.9,2.0,2.7
1688,1518258887.0,41.23880495,-8.565682067,110.2,10.598,61.00,1.9,2.0,2.7
1689,1518258888.0,41.23885365,-8.565560433,110.0,12.141,62.70,1.9,2.0,2.7
1690,1518258889.0,41.238903083,-8.5654296,109.9,12.501,64.00,1.9,2.0,2.7
1691,1518258890.0,41.2389485,-8.56529825,109.9,11.987,66.00,1.9,2.0,2.7
1692,1518258891.0,41.238991117,-8.565168117,109.8,11.781,67.30,1.9,2.0,2.7
1693,1518258892.0,41.239031833,-8.56503815,109.7,11.729,68.10,1.9,2.0,2.7
1694,1518258893.0,41.23907275,-8.564907467,109.7,11.832,68.40,1.9,2.0,2.7
1695,1518258894.0,41.239115317,-8.564778917,109.7,11.729,67.50,1.9,2.0,2.7
1696,1518258895.0,41.23915395,-8.5646486,109.8,11.678,69.20,1.9,2.0,2.7
1697,1518258896.0,41.23918955,-8.564518933,110.0,11.575,71.30,1.9,2.0,2.7
1698,1518258897.0,41.239221017,-8.564385617,110.3,11.678,73.90,1.6,?,?
1699,1518258898.0,41.239249083,-8.564250417,110.5,11.729,75.40,15.8,?,?
1700,1518258899.0,41.239285933,-8.564130867,111.4,11.112,72.40,15.8,?,?
1701,1518258900.0,41.2393396,-8.564007483,112.9,11.472,65.70,15.8,?,?
1702,1518258901.0,41.239382133,-8.5638775,112.5,11.421,72.00,15.7,?,?
1703,1518258902.0,41.23941035,-8.56374375,112.6,11.524,74.50,15.7,?,?
1704,1518258903.0,41.239442517,-8.56360875,112.7,11.524,72.60,3.3,?,?
1705,1518258904.0,41.239476183,-8.563479067,112.9,11.575,70.00,1.6,?,?
1706,1518258905.0,41.239513817,-8.5633463,113.6,11.575,67.50,1.6,?,?
1707,1518258906.0,41.239564033,-8.56321935,114.4,11.884,61.80,1.6,?,?
1708,1518258907.0,41.239618733,-8.563094567,115.2,11.729,57.30,1.6,?,?
1709,1518258908.0,41.239676567,-8.562982433,115.1,11.781,55.40,1.6,?,?
1710,1518258909.0,41.23973325,-8.56287125,115.4,11.832,53.50,1.9,2.0,2.7
1711,1518258910.0,41.239794067,-8.56276125,115.7,11.781,51.50,1.9,2.0,2.7
1712,1518258911.0,41.23985835,-8.562653733,116.1,11.832,49.80,1.9,2.0,2.7
1713,1518258912.0,41.239926283,-8.562549767,116.4,11.832,47.00,1.9,2.0,2.7
1714,1518258913.0,41.24000045,-8.562452617,116.6,11.781,42.20,1.9,2.0,2.7
1715,1518258914.0,41.24008355,-8.562368467,116.8,11.832,34.20,1.9,2.0,2.7
1716,1518258915.0,41.240175467,-8.5622992,116.8,11.935,26.40,1.9,2.0,2.7
1717,1518258916.0,41.240273517,-8.56224495,116.9,11.987,19.50,1.9,2.0,2.7
1718,1518258917.0,41.240375683,-8.562205983,116.8,11.987,13.10,1.9,2.0,2.7
1719,1518258918.0,41.24047975,-8.56218435,116.6,11.935,6.30,1.9,2.0,2.7
1720,1518258919.0,41.24058565,-8.562176567,116.3,11.935,0.70,1.9,2.0,2.7
1721,1518258920.0,41.24069175,-8.562176667,115.9,11.987,358.00,1.9,2.0,2.7
1722,1518258921.0,41.240797567,-8.562178933,115.6,11.987,357.30,1.9,2.0,2.7
1723,1518258922.0,41.240903417,-8.5621827,115.2,11.935,357.80,1.9,2.0,2.7
1724,1518258923.0,41.241009717,-8.562183883,114.6,11.935,359.30,1.9,2.0,2.7
1725,1518258924.0,41.241115733,-8.562182333,113.9,11.884,0.40,1.9,2.0,2.7
1726,1518258925.0,41.241222083,-8.56218255,113.2,11.884,0.00,1.5,2.0,2.5
1727,1518258926.0,41.241328467,-8.562185817,112.4,11.884,358.00,1.5,2.0,2.5
1728,1518258927.0,41.241435383,-8.56218945,111.9,11.987,358.30,1.9,2.0,2.7
1729,1518258928.0,41.241541683,-8.5621964,111.6,11.884,356.60,1.9,2.0,2.7
1730,1518258929.0,41.241655833,-8.562214733,110.6,11.832,353.70,1.1,?,?
1731,1518258930.0,41.24176485,-8.562237183,109.7,11.832,349.40,1.2,?,?
1732,1518258931.0,41.2418728,-8.562268667,109.0,11.832,345.50,1.1,?,?
1733,1518258932.0,41.241978917,-8.562308467,108.4,11.781,343.00,1.1,?,?
1734,1518258933.0,41.242081967,-8.562349,107.5,11.832,343.90,1.1,?,?
1735,1518258934.0,41.242185733,-8.562383083,106.7,11.524,348.40,0.9,?,?
1736,1518258935.0,41.242283533,-8.562400933,105.5,10.443,358.00,0.9,?,?
1737,1518258936.0,41.242374383,-8.562394,105.1,10.032,12.80,0.8,?,?
1738,1518258937.0,41.242461117,-8.562358383,104.7,10.032,25.90,1.0,?,?
1739,1518258938.0,41.2425449,-8.5623001,104.2,10.392,33.40,1.0,?,?
1740,1518258939.0,41.242620717,-8.562224983,104.6,10.443,38.60,1.0,?,?
1741,1518258940.0,41.2426871,-8.5621379,105.0,10.495,47.30,1.0,?,?
1742,1518258941.0,41.24273785,-8.562031117,104.7,10.906,62.10,1.0,?,?
1743,1518258942.0,41.242769,-8.561902917,104.6,11.832,76.30,1.3,?,?
1744,1518258943.0,41.2427927,-8.561753067,104.3,13.581,80.00,1.3,?,?
1745,1518258944.0,41.242820067,-8.561586833,103.6,14.765,78.30,1.3,?,?
1746,1518258945.0,41.242848633,-8.561418383,102.9,14.507,77.60,1.3,?,?
1747,1518258946.0,41.242876733,-8.561251867,102.1,14.250,77.50,1.3,?,?
1748,1518258947.0,41.242905067,-8.56108655,101.3,14.147,77.30,1.3,?,?
1749,1518258948.0,41.24293405,-8.560922683,100.5,14.096,76.80,1.3,?,?
1750,1518258949.0,41.242962333,-8.560759367,99.8,13.993,77.10,1.3,?,?
1751,1518258950.0,41.242990617,-8.560596967,99.0,13.941,77.10,1.3,?,?
1752,1518258951.0,41.2430189,-8.560435317,98.3,13.890,77.00,1.3,?,?
1753,1518258952.0,41.243046867,-8.560274683,97.5,13.736,77.10,1.3,?,?
1754,1518258953.0,41.24307465,-8.560114717,96.7,13.787,77.00,1.3,?,?
1755,1518258954.0,41.24310205,-8.5599564,96.0,13.633,77.10,1.3,?,?
1756,1518258955.0,41.2431288,-8.559802733,95.2,13.015,77.20,1.3,?,?
1757,1518258956.0,41.24315405,-8.5596575,94.5,12.141,77.40,1.3,?,?
1758,1518258957.0,41.243177467,-8.5595205,93.9,11.524,77.50,1.3,?,?
1759,1518258958.0,41.243200533,-8.5593849,93.2,11.626,77.40,1.3,?,?
1760,1518258959.0,41.243223633,-8.559249367,92.7,11.678,77.30,1.3,?,?
1761,1518258960.0,41.243246633,-8.559115233,92.4,11.421,77.10,1.3,?,?
1762,1518258961.0,41.243268417,-8.558985683,92.6,10.855,77.30,1.3,?,?
1763,1518258962.0,41.24328835,-8.558863433,93.0,10.135,77.00,1.1,?,?
1764,1518258963.0,41.243307933,-8.558739767,93.5,10.649,76.50,1.1,?,?
1765,1518258964.0,41.243329817,-8.5586072,94.1,11.626,76.70,1.1,?,?
1766,1518258965.0,41.243352717,-8.558468183,94.8,12.038,77.20,1.3,?,?
1767,1518258966.0,41.243375983,-8.55832985,95.5,11.781,77.00,1.3,?,?
1768,1518258967.0,41.243399217,-8.55819305,96.2,11.678,77.00,1.3,?,?
1769,1518258968.0,41.243422483,-8.558057783,96.9,11.524,76.80,1.3,?,?
1770,1518258969.0,41.243445433,-8.557923483,97.6,11.472,77.00,1.3,?,?
1771,1518258970.0,41.243468533,-8.5577901,98.3,11.421,77.00,1.2,?,?
1772,1518258971.0,41.243491583,-8.557657083,99.0,11.421,77.10,1.2,?,?
1773,1518258972.0,41.243514533,-8.557523917,99.7,11.472,77.20,1.2,?,?
1774,1518258973.0,41.243537583,-8.5573905,100.4,11.472,77.00,1.2,?,?
1775,1518258974.0,41.243560583,-8.557256683,101.1,11.421,77.10,0.9,?,?
1776,1518258975.0,41.243583967,-8.5571212,101.5,11.729,77.40,0.9,?,?
1777,1518258976.0,41.24360835,-8.556983817,101.9,11.935,77.40,0.9,?,?
1778,1518258977.0,41.2436331,-8.55684485,102.0,12.089,77.40,1.0,?,?
1779,1518258978.0,41.243657683,-8.556703917,102.1,12.244,77.60,1.0,?,?
1780,1518258979.0,41.243682167,-8.55656275,102.2,12.141,77.50,1.0,?,?
1781,1518258980.0,41.24370675,-8.556423067,102.2,11.987,77.20,1.0,?,?
1782,1518258981.0,41.243731983,-8.556283633,101.9,12.089,76.60,1.0,?,?
1783,1518258982.0,41.243758217,-8.556143,101.5,12.295,76.50,1.1,?,?
1784,1518258983.0,41.243784467,-8.5560008,101.1,12.347,76.80,1.1,?,?
1785,1518258984.0,41.24380965,-8.55585975,100.6,12.141,77.40,1.1,?,?
1786,1518258985.0,41.243833667,-8.5557199,100.1,12.038,77.50,1.1,?,?
1787,1518258986.0,41.243857367,-8.55558185,99.7,11.781,77.30,1.1,?,?
1788,1518258987.0,41.2438811,-8.555447317,99.5,11.472,76.90,1.1,?,?
1789,1518258988.0,41.243904533,-8.555316133,99.6,11.163,76.50,1.1,?,?
1790,1518258989.0,41.243926567,-8.5551887,99.8,10.546,76.40,1.3,?,?
1791,1518258990.0,41.24394675,-8.55506815,100.1,9.929,76.00,1.3,?,?
1792,1518258991.0,41.243964317,-8.5549565,100.5,9.157,78.90,1.3,?,?
1793,1518258992.0,41.243968,-8.55485325,101.1,8.385,93.30,1.3,?,?
1794,1518258993.0,41.243948967,-8.55475915,101.3,8.231,113.10,1.3,?,?
1795,1518258994.0,41.24391175,-8.55466645,101.3,8.848,124.10,1.1,?,?
1796,1518258995.0,41.243869917,-8.554574733,101.4,9.157,122.00,1.1,?,?
1797,1518258996.0,41.24383995,-8.55447465,101.5,9.157,107.50,1.1,?,?
1798,1518258997.0,41.243833733,-8.554369633,101.4,9.106,87.60,1.1,?,?
1799,1518258998.0,41.243851417,-8.554266767,101.2,9.209,67.80,1.1,?,?
1800,1518258999.0,41.243891083,-8.554176717,100.9,9.209,47.40,1.1,?,?
1801,1518259000.0,41.243955933,-8.554111117,100.8,9.414,27.60,1.3,?,?
1802,1518259001.0,41.2440341,-8.554077367,100.8,9.569,9.90,1.3,?,?
1803,1518259002.0,41.244114133,-8.554079817,100.5,9.466,351.00,1.3,?,?
1804,1518259003.0,41.24419185,-8.55411565,100.3,9.569,332.20,1.3,?,?
1805,1518259004.0,41.244257583,-8.554183883,100.1,9.723,313.60,1.3,?,?
1806,1518259005.0,41.244297633,-8.554277083,99.9,9.620,293.40,1.4,?,?
1807,1518259006.0,41.244316133,-8.55438695,100.0,9.517,273.10,1.0,?,?
1808,1518259007.0,41.244306183,-8.554497667,99.9,9.363,253.60,1.0,?,?
1809,1518259008.0,41.2442661,-8.554594833,100.1,9.466,234.20,0.9,?,?
1810,1518259009.0,41.244203283,-8.554671767,100.1,9.672,219.40,0.8,?,?
1811,1518259010.0,41.244133183,-8.55474265,100.3,9.826,216.60,0.8,?,?
1812,1518259011.0,41.24406565,-8.554819183,100.5,9.980,224.80,0.8,?,?
1813,1518259012.0,41.2440082,-8.554911683,100.5,10.392,237.80,0.8,?,?
1814,1518259013.0,41.2439687,-8.5550237,100.3,10.855,251.00,0.8,?,?
1815,1518259014.0,41.243942917,-8.55515255,100.0,11.781,258.30,0.7,?,?
1816,1518259015.0,41.2439186,-8.555290583,99.7,12.244,257.70,0.7,?,?
1817,1518259016.0,41.24389405,-8.555429783,99.6,11.935,257.60,0.7,?,?
1818,1518259017.0,41.243869967,-8.55556395,99.8,11.524,257.40,0.7,?,?
1819,1518259018.0,41.243846117,-8.555697817,100.3,11.318,257.10,0.7,?,?
1820,1518259019.0,41.243823067,-8.555829867,100.8,11.318,257.20,0.7,?,?
1821,1518259020.0,41.24379945,-8.555963767,101.4,11.421,257.10,0.7,?,?
1822,1518259021.0,41.24377575,-8.556097483,101.9,11.575,256.60,0.7,?,?
1823,1518259022.0,41.2437518,-8.55623145,102.4,11.575,257.00,0.7,?,?
1824,1518259023.0,41.243728833,-8.556366933,102.9,11.729,257.30,0.7,?,?
1825,1518259024.0,41.243706167,-8.556497667,102.8,11.781,257.10,0.7,?,?
1826,1518259025.0,41.243683767,-8.556629767,102.8,11.884,257.80,0.7,?,?
1827,1518259026.0,41.2436608,-8.556767133,102.6,11.884,257.60,1.8,3.3,3.7
1828,1518259027.0,41.24363675,-8.556905717,102.4,11.832,256.90,1.8,3.3,3.7
1829,1518259028.0,41.243612283,-8.557044017,102.1,11.781,256.80,1.8,3.3,3.7
1830,1518259029.0,41.243587767,-8.557182967,101.6,11.935,257.00,1.8,3.3,3.7
1831,1518259030.0,41.243562833,-8.557323633,100.9,12.038,257.10,1.8,3.3,3.7
1832,1518259031.0,41.2435363,-8.55746785,100.0,12.141,257.20,1.8,3.3,3.7
1833,1518259032.0,41.243510283,-8.557612183,99.2,12.244,257.30,1.8,3.3,3.7
1834,1518259033.0,41.243484267,-8.557756367,98.4,12.244,257.10,1.8,3.3,3.7
1835,1518259034.0,41.243458067,-8.55790065,97.6,12.295,256.90,1.8,3.3,3.7
1836,1518259035.0,41.243432283,-8.558045067,96.9,12.398,257.10,1.8,3.3,3.7
1837,1518259036.0,41.243406533,-8.558190083,96.2,12.501,257.10,1.8,3.3,3.7
1838,1518259037.0,41.243380383,-8.558335267,95.5,12.501,256.70,1.8,3.3,3.7
1839,1518259038.0,41.24335405,-8.5584813,94.9,12.604,256.80,1.8,3.3,3.7
1840,1518259039.0,41.24332825,-8.558627833,94.2,12.604,257.20,1.8,3.3,3.7
1841,1518259040.0,41.243302717,-8.55877505,93.5,12.655,257.30,1.8,3.3,3.7
1842,1518259041.0,41.243277883,-8.558922833,92.9,12.707,257.60,1.8,3.3,3.7
1843,1518259042.0,41.243253383,-8.559069183,92.6,12.501,257.60,1.8,3.3,3.7
1844,1518259043.0,41.243229183,-8.559210783,92.9,11.987,257.40,1.8,3.3,3.7
1845,1518259044.0,41.243206133,-8.5593456,93.6,11.369,257.20,1.8,3.3,3.7
1846,1518259045.0,41.24318345,-8.55947705,94.3,11.266,257.00,1.8,3.3,3.7
1847,1518259046.0,41.243160367,-8.55960875,95.0,11.369,256.90,1.8,3.3,3.7
1848,1518259047.0,41.24313755,-8.55974205,95.7,11.575,257.20,1.8,3.3,3.7
1849,1518259048.0,41.243114617,-8.559876783,96.4,11.626,257.40,1.8,3.3,3.7
1850,1518259049.0,41.243091483,-8.560013233,97.3,11.626,257.30,1.5,2.0,2.5
1851,1518259050.0,41.24306805,-8.560149517,98.2,11.575,257.30,1.5,2.0,2.5
1852,1518259051.0,41.243045067,-8.560285167,99.0,11.575,257.50,1.5,2.0,2.5
1853,1518259052.0,41.24302145,-8.560420267,99.8,11.575,257.20,1.5,2.0,2.5
1854,1518259053.0,41.24299825,-8.56055575,100.6,11.626,257.40,1.5,2.0,2.5
1855,1518259054.0,41.24297405,-8.560690783,101.3,11.626,256.80,1.5,2.0,2.5
1856,1518259055.0,41.24294975,-8.560825983,102.1,11.626,256.80,1.5,2.0,2.5
1857,1518259056.0,41.2429254,-8.560961283,102.8,11.626,256.70,1.5,2.0,2.5
1858,1518259057.0,41.242901967,-8.5610966,103.6,11.626,257.20,1.5,2.0,2.5
1859,1518259058.0,41.242878883,-8.561231633,104.3,11.575,257.50,1.5,2.0,2.5
1860,1518259059.0,41.24285645,-8.561366517,105.1,11.626,257.60,1.5,2.0,2.5
1861,1518259060.0,41.24283405,-8.561501533,105.7,11.626,257.40,1.5,2.0,2.5
1862,1518259061.0,41.242809483,-8.561636167,106.3,11.678,255.90,1.9,2.0,2.8
1863,1518259062.0,41.242783067,-8.5617708,106.9,11.678,255.10,1.5,2.0,2.5
1864,1518259063.0,41.2427583,-8.561901117,107.2,10.958,256.20,1.5,2.0,2.5
1865,1518259064.0,41.24274305,-8.562024933,107.3,10.135,263.70,1.5,2.0,2.5
1866,1518259065.0,41.242749067,-8.56213895,107.3,9.414,278.60,1.5,2.0,2.5
1867,1518259066.0,41.242780483,-8.5622433,107.2,9.466,297.50,1.5,2.0,2.5
1868,1518259067.0,41.242824683,-8.5623418,107.2,9.929,302.70,1.5,2.0,2.5
1869,1518259068.0,41.242868817,-8.562445317,106.9,10.340,297.80,1.5,2.0,2.5
1870,1518259069.0,41.242889433,-8.562557783,106.6,10.237,281.50,1.5,2.0,2.5
1871,1518259070.0,41.242874267,-8.5626683,107.0,9.826,257.00,1.5,2.0,2.5
1872,1518259071.0,41.242837483,-8.5627729,106.8,9.774,236.50,1.5,2.0,2.5
1873,1518259072.0,41.242775867,-8.562856117,106.4,10.032,216.00,1.5,2.0,2.5
1874,1518259073.0,41.242696,-8.5629082,106.2,10.083,198.40,1.5,2.0,2.5
1875,1518259074.0,41.24260525,-8.562921633,106.3,10.237,178.70,1.5,2.0,2.5
1876,1518259075.0,41.242515017,-8.562890183,106.4,10.495,157.40,1.5,2.0,2.5
1877,1518259076.0,41.242433717,-8.562817683,107.0,11.061,139.30,1.5,2.0,2.5
1878,1518259077.0,41.242371583,-8.56271945,106.9,11.061,123.90,1.5,2.0,2.5
1879,1518259078.0,41.242315567,-8.562609217,106.9,11.061,121.70,1.5,2.0,2.5
1880,1518259079.0,41.2422498,-8.562510417,106.8,11.009,134.10,1.9,2.0,2.8
1881,1518259080.0,41.242168817,-8.562433233,107.2,11.061,149.30,1.5,2.0,2.5
1882,1518259081.0,41.2420734,-8.562381583,107.4,11.575,162.80,1.5,2.0,2.5
1883,1518259082.0,41.24197375,-8.5623491,108.1,11.575,169.30,1.5,2.0,2.5
1884,1518259083.0,41.2418727,-8.562315683,108.7,11.626,166.60,1.5,2.0,2.5
1885,1518259084.0,41.241769033,-8.562283517,109.2,11.884,168.00,1.5,2.0,2.5
1886,1518259085.0,41.241663783,-8.562260917,109.7,11.987,172.10,1.5,2.0,2.5
1887,1518259086.0,41.241558283,-8.562244517,110.3,11.884,174.70,1.5,2.0,2.5
1888,1518259087.0,41.241452167,-8.562234283,110.8,11.935,176.90,1.5,2.0,2.5
1889,1518259088.0,41.2413457,-8.562229817,111.5,11.781,179.20,1.5,2.0,2.5
1890,1518259089.0,41.24123995,-8.562227333,112.4,11.678,179.40,1.5,2.0,2.5
1891,1518259090.0,41.24113415,-8.562224,113.1,11.781,178.90,1.5,2.0,2.5
1892,1518259091.0,41.241026767,-8.562218933,113.9,11.884,178.60,1.5,2.0,2.5
1893,1518259092.0,41.240919783,-8.562216233,114.4,11.987,178.70,1.5,2.0,2.5
1894,1518259093.0,41.240812317,-8.56221415,115.0,11.987,178.90,1.5,2.0,2.5
1895,1518259094.0,41.240704533,-8.562211717,115.4,11.987,179.10,1.5,2.0,2.5
1896,1518259095.0,41.240596583,-8.562212267,115.7,11.987,181.20,1.5,2.0,2.5
1897,1518259096.0,41.240488767,-8.562221717,115.8,12.038,185.40,1.5,2.0,2.5
1898,1518259097.0,41.240382467,-8.562244983,115.8,11.987,191.60,1.5,2.0,2.5
1899,1518259098.0,41.240278283,-8.562284417,115.8,12.089,198.50,1.5,2.0,2.5
1900,1518259099.0,41.240178267,-8.562339,116.0,11.987,205.10,1.8,2.9,3.4
1901,1518259100.0,41.2400835,-8.56240695,116.1,11.987,212.20,1.8,2.9,3.4
1902,1518259101.0,41.239995233,-8.562489967,116.2,12.089,219.00,1.8,2.9,3.4
1903,1518259102.0,41.239914583,-8.56258685,116.1,12.089,225.50,1.8,2.9,3.4
1904,1518259103.0,41.239841033,-8.562693183,115.9,12.141,229.90,1.8,2.9,3.4
1905,1518259104.0,41.239773033,-8.562806167,115.5,12.141,232.90,1.8,2.9,3.4
1906,1518259105.0,41.2397082,-8.56292235,115.0,12.141,234.10,1.8,2.9,3.4
1907,1518259106.0,41.239644717,-8.563040783,114.4,12.141,235.00,1.8,2.9,3.4
1908,1518259107.0,41.239584817,-8.563162083,113.7,12.141,237.50,1.8,2.9,3.4
1909,1518259108.0,41.239541883,-8.563288,110.6,12.141,242.10,1.2,?,?
1910,1518259109.0,41.2395005,-8.563415367,108.9,12.141,245.20,1.1,?,?
1911,1518259110.0,41.239457033,-8.563550267,108.4,12.244,248.70,1.1,?,?
1912,1518259111.0,41.2394153,-8.563683833,108.0,12.295,250.30,1.3,?,?
1913,1518259112.0,41.239365883,-8.563825,108.6,12.347,252.50,1.4,?,?
1914,1518259113.0,41.239324083,-8.563963617,108.1,12.038,253.70,1.8,2.9,3.4
1915,1518259114.0,41.2392968,-8.564099883,107.2,11.729,255.90,1.7,?,?
1916,1518259115.0,41.239274183,-8.5642372,106.2,11.626,258.20,4.1,?,?
1917,1518259116.0,41.2392534,-8.56436885,106.0,11.215,259.20,9.0,?,?
1918,1518259117.0,41.239226783,-8.564490867,106.8,10.752,257.60,9.0,?,?
1919,1518259118.0,41.23916725,-8.564647017,109.1,12.089,252.90,3.8,?,?
1920,1518259119.0,41.23910835,-8.56481975,111.0,12.141,253.00,2.6,?,?
1921,1518259120.0,41.23906545,-8.564944017,112.2,12.038,249.40,2.4,?,?
1922,1518259121.0,41.239025717,-8.56506795,113.4,11.935,247.90,2.3,?,?
1923,1518259122.0,41.238974867,-8.565202217,115.0,11.884,246.20,1.7,?,?
1924,1518259123.0,41.238925433,-8.565332217,116.2,11.987,245.40,1.3,?,?
1925,1518259124.0,41.2388804,-8.565467417,116.7,11.935,245.40,1.3,?,?
1926,1518259125.0,41.23884215,-8.565597883,116.4,11.884,244.60,1.6,2.0,2.5
1927,1518259126.0,41.23880785,-8.565727317,115.3,11.781,244.80,1.6,2.0,2.5
1928,1518259127.0,41.238769433,-8.565848983,114.6,11.112,243.70,1.6,2.0,2.5
1929,1518259128.0,41.23873235,-8.565960167,114.1,10.032,243.20,1.6,2.0,2.5
1930,1518259129.0,41.238699833,-8.5660556,113.7,8.283,243.30,1.6,2.0,2.5
1931,1518259130.0,41.238673167,-8.5661284,113.5,6.173,243.00,1.6,2.0,2.5
1932,1518259131.0,41.238653567,-8.566180917,113.2,4.373,240.80,1.5,2.0,2.5
1933,1518259132.0,41.23862795,-8.56620935,112.7,3.550,208.70,1.5,2.0,2.5
1934,1518259133.0,41.238602133,-8.566210117,112.3,3.292,162.80,1.5,2.0,2.5
1935,1518259134.0,41.238589467,-8.5661963,111.8,2.161,132.90,1.5,2.0,2.5
1936,1518259135.0,41.238584683,-8.56618995,111.4,0.257,97.40,1.5,2.0,2.5
1937,1518259136.0,41.238586,-8.56618875,111.1,0.463,332.40,1.5,2.0,2.5
1938,1518259137.0,41.238594367,-8.566187517,110.9,1.286,357.10,1.5,2.0,2.5
1939,1518259138.0,41.2386053,-8.5661864,110.8,1.492,347.90,1.5,2.0,2.5
1940,1518259139.0,41.2386126,-8.56619005,110.6,0.926,314.10,1.9,2.0,2.8
1941,1518259140.0,41.238612767,-8.56618845,110.3,0.514,126.10,1.5,2.0,2.5
1942,1518259141.0,41.2386088,-8.566162567,110.1,3.035,98.70,1.5,2.0,2.5
1943,1518259142.0,41.238612583,-8.566119217,109.8,4.218,79.30,1.5,2.0,2.5
1944,1518259143.0,41.238628333,-8.566068583,109.6,4.733,63.90,1.5,2.0,2.5
1945,1518259144.0,41.238654383,-8.56601635,109.4,5.762,56.10,1.5,2.0,2.5
1946,1518259145.0,41.238689433,-8.565946817,109.2,7.922,57.60,1.5,2.0,2.5
1947,1518259146.0,41.23873465,-8.56585445,109.0,10.135,58.70,1.9,2.0,2.8
1948,1518259147.0,41.238784417,-8.565744083,108.9,11.061,60.30,1.9,2.0,2.8
1949,1518259148.0,41.23883385,-8.565628433,108.8,11.369,61.90,1.9,2.0,2.8
1950,1518259149.0,41.2388847,-8.565501683,108.8,12.398,63.40,1.9,2.0,2.8
1951,1518259150.0,41.238934083,-8.565366583,108.7,12.758,64.70,1.5,2.0,2.5
1952,1518259151.0,41.238980183,-8.56523035,108.7,12.552,66.00,1.5,2.0,2.5
1953,1518259152.0,41.2390205,-8.565094917,108.7,12.244,68.10,1.5,2.0,2.5
1954,1518259153.0,41.23906195,-8.564963233,108.5,12.038,68.20,1.1,?,?
1955,1518259154.0,41.23910295,-8.564830617,107.9,12.089,68.60,1.3,?,?
1956,1518259155.0,41.239145383,-8.5646988,107.8,11.987,69.10,1.5,2.0,2.5
1957,1518259156.0,41.239180567,-8.564565383,108.0,11.832,71.60,1.5,2.0,2.5
1958,1518259157.0,41.239214083,-8.564433233,108.4,11.524,72.20,1.5,2.0,2.5
1959,1518259158.0,41.239245883,-8.564301667,109.0,11.472,72.90,1.7,?,?
1960,1518259159.0,41.239278617,-8.564171217,109.7,11.472,72.80,1.9,?,?
1961,1518259160.0,41.239309383,-8.56404425,110.9,11.575,73.80,5.4,?,?
1962,1518259161.0,41.2393403,-8.563920717,111.3,11.369,77.00,1.8,?,?
1963,1518259162.0,41.239376433,-8.5637955,110.4,11.626,74.80,1.8,?,?
1964,1518259163.0,41.23940725,-8.563655,111.6,11.678,73.20,1.9,2.0,2.8
1965,1518259164.0,41.239443433,-8.5635176,112.6,11.729,69.80,1.9,2.0,2.8
1966,1518259165.0,41.239487917,-8.563387083,113.5,11.935,64.60,1.9,2.0,2.8
1967,1518259166.0,41.239535917,-8.56325985,114.3,11.884,61.90,1.9,2.0,2.8
1968,1518259167.0,41.239606,-8.56314085,114.1,11.832,57.90,1.3,?,?
1969,1518259168.0,41.2396814,-8.56301165,115.2,12.038,55.60,1.3,?,?
1970,1518259169.0,41.2397466,-8.562892767,115.5,12.089,53.60,1.3,?,?
1971,1518259170.0,41.239812067,-8.56277765,115.7,12.038,51.90,1.3,?,?
1972,1518259171.0,41.2398789,-8.56266555,115.7,12.089,49.90,1.3,?,?
1973,1518259172.0,41.23995115,-8.562557917,115.7,12.089,46.30,1.3,?,?
1974,1518259173.0,41.240031283,-8.562459117,115.8,12.089,40.70,2.0,3.4,3.9
1975,1518259174.0,41.24011685,-8.5623749,116.0,12.089,33.40,1.9,2.0,2.8
1976,1518259175.0,41.240210133,-8.5623042,116.2,12.192,26.60,1.9,2.0,2.8
1977,1518259176.0,41.240309067,-8.56224955,116.2,12.192,19.40,1.9,2.0,2.8
1978,1518259177.0,41.240412383,-8.562212633,116.1,12.192,12.10,2.0,3.4,3.9
1979,1518259178.0,41.24051735,-8.562191667,115.9,12.192,5.90,1.9,2.0,2.8
1980,1518259179.0,41.240623167,-8.562182617,115.5,12.089,1.80,1.9,2.0,2.8
1981,1518259180.0,41.240730617,-8.562182317,115.2,12.141,358.90,1.9,2.0,2.8
1982,1518259181.0,41.240838083,-8.562183183,114.6,12.141,359.00,1.9,2.0,2.8
1983,1518259182.0,41.240945883,-8.562184367,114.0,12.192,359.10,1.9,2.0,2.8
1984,1518259183.0,41.241053883,-8.5621867,113.5,12.141,359.00,1.9,2.0,2.8
1985,1518259184.0,41.2411618,-8.562189183,112.8,12.141,358.80,1.9,2.0,2.8
1986,1518259185.0,41.241269783,-8.562192067,112.0,12.141,358.90,1.9,2.0,2.8
1987,1518259186.0,41.241375783,-8.56219665,111.0,12.089,358.50,0.8,?,?
1988,1518259187.0,41.241483,-8.562195367,109.3,12.038,357.90,0.8,?,?
1989,1518259188.0,41.241590967,-8.56220585,108.8,12.038,354.90,1.9,2.0,2.8
1990,1518259189.0,41.241698117,-8.562224167,108.4,11.935,351.40,1.9,2.0,2.8
1991,1518259190.0,41.241804217,-8.562250983,108.0,11.987,347.80,1.9,2.0,2.8
1992,1518259191.0,41.24190845,-8.5622849,107.6,11.987,345.00,1.9,2.0,2.8
1993,1518259192.0,41.242012217,-8.56232275,107.0,11.935,344.10,1.9,2.0,2.8
1994,1518259193.0,41.24211245,-8.56236095,106.4,11.369,343.90,1.9,2.0,2.8
1995,1518259194.0,41.242203667,-8.562393383,105.9,10.032,346.80,1.9,2.0,2.8
1996,1518259195.0,41.2422895,-8.56239845,105.7,9.363,4.10,1.9,2.0,2.8
1997,1518259196.0,41.2423694,-8.562368583,105.4,9.414,23.20,1.9,2.0,2.8
1998,1518259197.0,41.242444567,-8.562315783,105.3,9.569,32.70,1.9,2.0,2.8
1999,1518259198.0,41.242520367,-8.56225895,105.1,9.723,31.00,1.9,2.0,2.8
2000,1518259199.0,41.242594633,-8.5622023,105.1,9.620,33.10,1.9,2.0,2.8
2001,1518259200.0,41.242660417,-8.56213235,105.2,9.517,43.50,1.9,2.0,2.8
2002,1518259201.0,41.242711533,-8.56204175,105.2,9.826,59.90,1.9,2.0,2.8
2003,1518259202.0,41.24274275,-8.561928767,105.1,10.649,75.80,1.9,2.0,2.8
2004,1518259203.0,41.2427671,-8.561798917,104.9,11.781,78.70,1.9,2.0,2.8
2005,1518259204.0,41.242792117,-8.5616574,104.4,12.552,77.60,1.9,2.0,2.8
2006,1518259205.0,41.242818033,-8.561507533,103.8,13.118,77.30,2.3,3.0,3.7
2007,1518259206.0,41.242844567,-8.5613527,103.0,13.376,77.40,2.3,3.0,3.7
2008,1518259207.0,41.24287135,-8.561194933,102.3,13.684,77.50,2.3,3.0,3.7
2009,1518259208.0,41.242898483,-8.561037533,101.5,13.530,77.50,2.3,3.0,3.7
2010,1518259209.0,41.242926067,-8.560880883,100.8,13.427,77.00,2.3,3.0,3.7
2011,1518259210.0,41.242953117,-8.56072465,100.0,13.376,77.00,2.3,3.0,3.7
2012,1518259211.0,41.2429798,-8.56056885,99.2,13.324,77.20,2.3,3.0,3.7
2013,1518259212.0,41.243006517,-8.560412967,98.5,13.376,77.20,2.3,3.0,3.7
2014,1518259213.0,41.243033517,-8.560257767,97.8,13.376,77.00,2.3,3.0,3.7
2015,1518259214.0,41.243060783,-8.560103017,97.0,13.273,76.80,2.3,3.0,3.7
2016,1518259215.0,41.243087433,-8.559948317,96.3,13.273,77.20,2.3,3.0,3.7
2017,1518259216.0,41.243113533,-8.559794467,95.6,13.118,77.30,2.3,3.0,3.7
2018,1518259217.0,41.24313945,-8.5596444,94.9,12.707,77.10,2.3,3.0,3.7
2019,1518259218.0,41.24316375,-8.559501267,94.3,11.935,77.30,2.3,3.0,3.7
2020,1518259219.0,41.243186583,-8.559366967,93.6,11.215,77.30,2.3,3.0,3.7
2021,1518259220.0,41.243209183,-8.559234633,93.0,11.421,76.90,2.3,3.0,3.7
2022,1518259221.0,41.243232967,-8.559098483,92.9,11.781,76.50,2.3,3.0,3.7
2023,1518259222.0,41.243256933,-8.55896215,93.1,11.626,76.70,2.3,3.0,3.7
2024,1518259223.0,41.243280483,-8.558828217,93.7,11.369,76.70,2.3,3.0,3.7
2025,1518259224.0,41.243303783,-8.558695383,94.4,11.369,76.70,2.3,3.0,3.7
2026,1518259225.0,41.243326683,-8.558561717,95.2,11.472,77.10,2.3,3.0,3.7
2027,1518259226.0,41.243349533,-8.558426233,95.9,11.678,77.30,2.3,3.0,3.7
2028,1518259227.0,41.243372167,-8.558289533,96.7,11.729,77.60,2.3,3.0,3.7
2029,1518259228.0,41.243395433,-8.5581522,97.4,11.781,77.20,2.3,3.0,3.7
2030,1518259229.0,41.2434185,-8.558014667,98.1,11.781,77.40,2.3,3.0,3.7
2031,1518259230.0,41.243441433,-8.5578764,98.8,11.832,77.50,2.3,3.0,3.7
2032,1518259231.0,41.243464283,-8.557738133,99.6,11.884,77.50,2.3,3.0,3.7
2033,1518259232.0,41.243487517,-8.557599967,100.4,11.832,77.30,2.3,3.0,3.7
2034,1518259233.0,41.243510933,-8.55746195,101.1,11.832,77.20,2.3,3.0,3.7
2035,1518259234.0,41.243534517,-8.557324017,101.8,11.832,77.10,2.3,3.0,3.7
2036,1518259235.0,41.2435585,-8.557185567,102.5,11.884,77.00,2.3,3.0,3.7
2037,1518259236.0,41.24358295,-8.5570452,102.8,12.141,76.90,2.3,3.0,3.7
2038,1518259237.0,41.243607983,-8.556903567,103.0,12.244,76.80,2.3,3.0,3.7
2039,1518259238.0,41.243632683,-8.55676155,103.1,12.192,77.00,2.3,3.0,3.7
2040,1518259239.0,41.2436571,-8.556620383,103.2,12.089,77.00,2.3,3.0,3.7
2041,1518259240.0,41.243681333,-8.556479717,103.2,12.089,77.10,2.3,3.0,3.7
2042,1518259241.0,41.24370575,-8.556338683,103.1,12.141,77.00,2.3,3.0,3.7
2043,1518259242.0,41.243730767,-8.556196267,102.8,12.347,76.80,2.0,3.0,3.5
2044,1518259243.0,41.243756,-8.556052983,102.3,12.398,76.80,2.0,3.0,3.5
2045,1518259244.0,41.2437815,-8.555910067,101.8,12.295,76.60,2.0,3.0,3.5
2046,1518259245.0,41.243807017,-8.55576865,101.4,12.141,76.40,2.0,3.0,3.5
2047,1518259246.0,41.243831933,-8.5556278,100.9,12.089,76.90,2.0,3.0,3.5
2048,1518259247.0,41.243855717,-8.555488233,100.7,11.935,77.40,2.0,3.0,3.5
2049,1518259248.0,41.243878817,-8.555350767,100.6,11.729,77.40,2.0,3.0,3.5
2050,1518259249.0,41.2439016,-8.555216167,100.9,11.472,77.20,2.3,3.0,3.7
2051,1518259250.0,41.243924633,-8.55508355,101.3,11.369,76.80,2.3,3.0,3.7
2052,1518259251.0,41.243945417,-8.554954617,101.8,10.700,78.60,2.3,3.0,3.7
2053,1518259252.0,41.243949433,-8.554836117,102.2,9.363,92.90,2.3,3.0,3.7
2054,1518259253.0,41.243926833,-8.554732067,102.5,8.900,114.60,2.3,3.0,3.7
2055,1518259254.0,41.243884783,-8.5546395,102.4,9.157,126.70,2.3,3.0,3.7
2056,1518259255.0,41.24384105,-8.554546533,102.4,9.260,121.60,2.3,3.0,3.7
2057,1518259256.0,41.243814417,-8.554443217,102.7,9.209,103.90,1.1,?,?
2058,1518259257.0,41.243808267,-8.554337417,103.0,9.260,83.80,1.1,?,?
2059,1518259258.0,41.243832633,-8.5542376,102.6,9.414,63.70,1.1,?,?
2060,1518259259.0,41.243883867,-8.55415035,102.4,9.620,42.50,1.3,?,?
2061,1518259260.0,41.2439572,-8.554091883,102.3,9.826,22.50,1.3,?,?
2062,1518259261.0,41.244041417,-8.554068267,102.2,9.929,3.20,1.0,?,?
2063,1518259262.0,41.244128433,-8.55408565,102.1,9.929,343.20,0.9,?,?
2064,1518259263.0,41.244206567,-8.55414225,102.1,9.980,323.90,0.9,?,?
2065,1518259264.0,41.244263517,-8.5542281,102.3,9.980,302.70,1.0,?,?
2066,1518259265.0,41.244298667,-8.5543391,102.3,10.032,281.40,0.8,?,?
2067,1518259266.0,41.244301083,-8.55445815,102.4,10.083,259.20,0.7,?,?
2068,1518259267.0,41.244267683,-8.554562717,102.6,10.083,240.00,0.7,?,?
2069,1518259268.0,41.244209967,-8.554653233,102.5,10.186,223.20,0.7,?,?
2070,1518259269.0,41.244139433,-8.554726567,102.3,10.032,215.30,0.7,?,?
2071,1518259270.0,41.244070717,-8.5548022,102.2,10.083,222.20,0.7,?,?
2072,1518259271.0,41.244011167,-8.5549002,101.8,10.855,237.70,0.7,?,?
2073,1518259272.0,41.243969233,-8.555023567,101.2,11.884,251.00,0.8,?,?
2074,1518259273.0,41.243941633,-8.555161217,100.7,12.141,258.30,0.8,?,?
2075,1518259274.0,41.243919183,-8.555301417,100.3,12.141,258.00,0.8,?,?
2076,1518259275.0,41.24389515,-8.55544015,100.3,11.832,257.20,0.7,?,?
2077,1518259276.0,41.243871133,-8.555575733,100.5,11.575,257.10,0.7,?,?
2078,1518259277.0,41.24384715,-8.555708833,101.0,11.524,257.20,0.7,?,?
2079,1518259278.0,41.243823317,-8.555841967,101.6,11.524,256.90,0.7,?,?
2080,1518259279.0,41.243799183,-8.55597645,102.1,11.575,256.90,0.7,?,?
2081,1518259280.0,41.243774733,-8.556112467,102.7,11.729,256.70,0.7,?,?
2082,1518259281.0,41.243750533,-8.556249567,103.2,11.832,257.00,0.7,?,?
2083,1518259282.0,41.2437269,-8.556387983,103.6,11.884,257.30,0.7,?,?
2084,1518259283.0,41.243702083,-8.556528583,103.7,12.141,257.10,0.7,?,?
2085,1518259284.0,41.243677567,-8.556670033,103.7,12.192,257.30,0.7,?,?
2086,1518259285.0,41.24365285,-8.5568116,103.7,12.141,257.20,0.7,?,?
2087,1518259286.0,41.243627967,-8.55695345,103.6,12.038,257.20,0.7,?,?
2088,1518259287.0,41.243603433,-8.5570945,103.5,12.089,257.20,0.7,?,?
2089,1518259288.0,41.2435789,-8.557235733,103.2,12.244,257.00,0.7,?,?
2090,1518259289.0,41.243553883,-8.5573787,102.5,12.347,257.10,0.7,?,?
2091,1518259290.0,41.24352875,-8.557523117,101.6,12.398,257.20,1.6,2.0,2.5
2092,1518259291.0,41.243503517,-8.5576681,100.5,12.450,257.30,1.6,2.0,2.5
2093,1518259292.0,41.243478183,-8.5578137,99.5,12.501,257.30,1.6,2.0,2.5
2094,1518259293.0,41.2434525,-8.5579595,98.5,12.501,257.10,1.6,2.0,2.5
2095,1518259294.0,41.2434267,-8.55810555,97.6,12.604,257.00,1.6,2.0,2.5
2096,1518259295.0,41.243400717,-8.558251917,96.7,12.655,256.90,1.6,2.0,2.5
2097,1518259296.0,41.243374617,-8.5583989,95.9,12.655,256.90,1.6,2.0,2.5
2098,1518259297.0,41.243348917,-8.558546567,95.0,12.758,257.30,1.6,2.0,2.5
2099,1518259298.0,41.243323317,-8.55869465,94.3,12.758,257.30,1.6,2.0,2.5
2100,1518259299.0,41.243297833,-8.558843267,93.5,12.810,257.30,1.6,2.0,2.5
2101,1518259300.0,41.243272183,-8.55899135,93.0,12.707,257.30,1.6,2.0,2.5
2102,1518259301.0,41.24324735,-8.55913715,92.8,12.450,257.50,1.6,2.0,2.5
2103,1518259302.0,41.24322395,-8.5592776,93.2,11.884,257.60,1.6,2.0,2.5
2104,1518259303.0,41.243201267,-8.5594124,93.8,11.421,257.50,1.6,2.0,2.5
2105,1518259304.0,41.243178933,-8.559546083,94.5,11.524,257.40,1.6,2.0,2.5
2106,1518259305.0,41.2431558,-8.559680233,95.0,11.678,257.10,1.6,2.0,2.5
2107,1518259306.0,41.24313265,-8.559816183,95.7,11.832,257.20,1.6,2.0,2.5
2108,1518259307.0,41.243109133,-8.559953133,96.3,11.832,257.10,1.6,2.0,2.5
2109,1518259308.0,41.2430859,-8.560090617,96.9,11.832,257.20,1.6,2.0,2.5
2110,1518259309.0,41.2430625,-8.560228067,97.5,11.781,257.40,1.6,2.0,2.5
2111,1518259310.0,41.2430393,-8.560365517,98.2,11.832,257.60,1.6,2.0,2.5
2112,1518259311.0,41.243015867,-8.560503233,98.8,11.884,257.50,1.6,2.0,2.5
2113,1518259312.0,41.242991517,-8.56064055,99.5,11.832,257.10,1.6,2.0,2.5
2114,1518259313.0,41.242967917,-8.56077835,100.2,11.781,257.30,1.6,2.0,2.5
2115,1518259314.0,41.242944,-8.56091555,100.8,11.832,257.10,1.6,2.0,2.5
2116,1518259315.0,41.242919517,-8.561052917,101.4,11.832,256.90,1.9,2.0,2.8
2117,1518259316.0,41.242895117,-8.56118995,102.0,11.781,256.70,1.6,2.0,2.5
2118,1518259317.0,41.242870517,-8.561327333,102.7,11.781,256.40,1.6,2.0,2.5
2119,1518259318.0,41.24284555,-8.561464317,103.3,11.832,256.30,1.6,2.0,2.5
2120,1518259319.0,41.24282075,-8.561602117,103.9,11.832,256.60,1.9,2.0,2.8
2121,1518259320.0,41.24279445,-8.561740217,104.5,12.038,255.30,1.9,2.0,2.8
2122,1518259321.0,41.242766483,-8.561877967,104.8,12.038,255.30,1.9,2.0,2.8
2123,1518259322.0,41.242753517,-8.5620149,105.0,11.575,265.20,1.9,2.0,2.8
2124,1518259323.0,41.242767567,-8.562144433,105.0,10.958,284.00,1.9,2.0,2.8
2125,1518259324.0,41.242804233,-8.562259883,105.0,10.649,299.10,1.9,2.0,2.8
2126,1518259325.0,41.242853367,-8.562367533,104.9,10.855,303.70,1.6,2.0,2.5
2127,1518259326.0,41.2428903,-8.56247625,104.5,10.598,293.40,1.6,2.0,2.5
2128,1518259327.0,41.24289875,-8.562587767,104.6,9.877,274.80,1.6,2.0,2.5
2129,1518259328.0,41.24287675,-8.562696583,104.9,9.672,250.90,1.6,2.0,2.5
2130,1518259329.0,41.242833833,-8.562794983,104.6,9.723,231.20,1.6,2.0,2.5
2131,1518259330.0,41.24276815,-8.5628683,104.6,9.723,212.30,1.6,2.0,2.5
2132,1518259331.0,41.242687517,-8.56290955,104.4,9.774,193.00,1.6,2.0,2.5
2133,1518259332.0,41.242599183,-8.562910717,104.5,9.877,172.50,1.6,2.0,2.5
2134,1518259333.0,41.242513833,-8.562871717,104.5,10.340,152.60,1.6,2.0,2.5
2135,1518259334.0,41.242442967,-8.56279595,104.7,10.546,133.20,1.6,2.0,2.5
2136,1518259335.0,41.242384617,-8.562698133,104.8,10.443,123.90,1.6,2.0,2.5
2137,1518259336.0,41.242326833,-8.562594817,104.9,10.855,125.40,1.6,2.0,2.5
2138,1518259337.0,41.242255933,-8.562497233,105.2,11.421,137.00,1.6,2.0,2.5
2139,1518259338.0,41.24216695,-8.562421433,105.5,11.935,152.40,1.6,2.0,2.5
2140,1518259339.0,41.242069867,-8.562371483,106.2,11.987,164.20,1.8,2.8,3.3
2141,1518259340.0,41.241968783,-8.562337533,107.1,11.678,168.10,1.6,2.0,2.5
2142,1518259341.0,41.24186715,-8.562306333,107.8,11.781,168.50,1.6,2.0,2.5
2143,1518259342.0,41.241760317,-8.5622784,108.5,11.987,169.70,1.6,2.0,2.5
2144,1518259343.0,41.2416529,-8.562256417,109.2,11.987,172.00,1.6,2.0,2.5
2145,1518259344.0,41.241545717,-8.562240517,109.8,11.935,175.00,1.6,2.0,2.5
2146,1518259345.0,41.241437983,-8.562230767,110.3,11.935,177.20,1.6,2.0,2.5
2147,1518259346.0,41.241330083,-8.562224717,111.1,11.781,178.50,1.6,2.0,2.5
2148,1518259347.0,41.241224183,-8.562221067,111.8,11.678,179.10,1.6,2.0,2.5
2149,1518259348.0,41.241116767,-8.562218433,112.6,11.884,179.10,1.6,2.0,2.5
2150,1518259349.0,41.24100855,-8.5622162,113.3,11.935,179.80,1.6,2.0,2.5
2151,1518259350.0,41.24089975,-8.562215783,113.9,11.987,180.30,1.6,2.0,2.5
2152,1518259351.0,41.24079085,-8.562216133,114.4,11.935,180.10,1.6,2.0,2.5
2153,1518259352.0,41.240682083,-8.562214283,114.8,11.987,178.80,1.6,2.0,2.5
2154,1518259353.0,41.240573267,-8.56221205,115.1,12.038,178.90,1.6,2.0,2.5
2155,1518259354.0,41.240464267,-8.562218717,115.4,12.141,184.50,1.6,2.0,2.6
2156,1518259355.0,41.2403578,-8.56224645,115.6,12.141,194.10,1.6,2.0,2.6
2157,1518259356.0,41.240255417,-8.562294767,115.6,12.089,203.20,1.8,2.8,3.3
2158,1518259357.0,41.240157933,-8.562358667,115.6,12.089,208.80,1.8,2.8,3.3
2159,1518259358.0,41.24006475,-8.56243205,115.6,11.987,214.20,1.8,2.8,3.3
2160,1518259359.0,41.239978583,-8.5625195,115.5,12.038,220.40,1.8,2.8,3.3
2161,1518259360.0,41.239899633,-8.56261865,115.3,12.089,226.10,1.8,2.8,3.3
2162,1518259361.0,41.239827,-8.56272625,115.0,12.141,230.40,1.8,2.8,3.3
2163,1518259362.0,41.23975835,-8.562838317,114.7,12.089,232.30,1.8,2.8,3.3
2164,1518259363.0,41.239692883,-8.56295375,114.1,12.089,233.80,1.8,2.8,3.3
2165,1518259364.0,41.239631283,-8.563074517,113.6,12.141,237.10,1.8,2.8,3.3
2166,1518259365.0,41.239574283,-8.5631993,112.9,12.244,240.30,1.8,2.8,3.3
2167,1518259366.0,41.239523017,-8.563329783,111.3,12.244,243.80,0.9,?,?
2168,1518259367.0,41.2394796,-8.5634649,110.0,12.347,247.00,0.9,?,?
2169,1518259368.0,41.239436367,-8.5636009,109.9,12.244,250.00,1.0,?,?
2170,1518259369.0,41.239394433,-8.563729267,109.8,12.244,252.40,1.0,?,?
2171,1518259370.0,41.239354433,-8.563865183,109.9,12.347,253.50,1.2,?,?
2172,1518259371.0,41.239319833,-8.564006917,109.5,12.244,252.70,1.6,?,?
2173,1518259372.0,41.2392863,-8.56414705,108.9,12.295,252.60,1.7,?,?
2174,1518259373.0,41.23925265,-8.5642874,108.2,12.295,252.50,3.6,?,?
2175,1518259374.0,41.23921755,-8.564429767,107.3,12.450,252.20,3.6,?,?
2176,1518259375.0,41.23917425,-8.564571067,107.6,12.295,251.50,3.6,?,?
2177,1518259376.0,41.239153017,-8.56471115,109.3,12.038,253.20,2.5,?,?
2178,1518259377.0,41.239117583,-8.564850533,109.8,11.832,251.30,2.5,?,?
2179,1518259378.0,41.239077433,-8.564979117,110.0,11.884,249.90,2.2,?,?
2180,1518259379.0,41.2390298,-8.565107367,110.2,11.884,248.00,1.5,?,?
2181,1518259380.0,41.238984883,-8.5652399,111.3,11.626,247.80,1.5,?,?
2182,1518259381.0,41.23894275,-8.565369133,112.3,11.061,246.60,1.5,?,?
2183,1518259382.0,41.238908533,-8.565490067,113.7,10.237,246.10,1.5,?,?
2184,1518259383.0,41.238874233,-8.565596283,114.8,8.900,245.90,3.0,4.7,5.6
2185,1518259384.0,41.238847867,-8.56568475,114.8,7.357,244.40,3.0,4.7,5.6
2186,1518259385.0,41.238825017,-8.565753517,114.3,5.247,242.90,1.6,2.0,2.6
2187,1518259386.0,41.238804617,-8.565796283,114.2,3.858,224.00,1.6,2.0,2.6
2188,1518259387.0,41.23877495,-8.565807433,114.1,3.755,176.20,1.6,2.0,2.6
2189,1518259388.0,41.238757033,-8.56578185,112.7,3.704,130.30,1.6,2.0,2.6
2190,1518259389.0,41.238748733,-8.565757483,112.2,1.801,104.30,1.0,?,?
2191,1518259390.0,41.238748767,-8.565740083,111.5,0.154,16.90,1.0,?,?
2192,1518259391.0,41.23875765,-8.565733567,110.8,1.286,332.00,1.2,?,?
2193,1518259392.0,41.238770033,-8.565731233,110.4,1.389,335.40,1.3,?,?
2194,1518259393.0,41.2387762,-8.565735817,110.3,0.617,307.90,2.0,2.9,3.5
2195,1518259394.0,41.238777917,-8.565723367,110.2,1.595,94.00,1.3,?,?
2196,1518259395.0,41.238785167,-8.565683,109.8,4.013,77.10,1.1,?,?
2197,1518259396.0,41.238803483,-8.5656357,109.6,4.939,64.40,2.0,2.9,3.5
2198,1518259397.0,41.23882345,-8.5655848,109.5,5.196,62.10,2.0,2.9,3.5
2199,1518259398.0,41.238849367,-8.565522733,109.5,6.688,62.40,2.0,2.9,3.5
2200,1518259399.0,41.238883467,-8.56543985,109.5,8.951,62.70,2.0,2.9,3.5
2201,1518259400.0,41.2389255,-8.5653333,109.7,11.061,63.60,1.3,?,?
2202,1518259401.0,41.2389718,-8.565215133,109.7,11.626,63.00,1.3,?,?
2203,1518259402.0,41.239015767,-8.565088717,109.8,12.141,64.80,1.3,?,?
2204,1518259403.0,41.239063617,-8.56496265,110.7,12.501,65.10,1.3,?,?
2205,1518259404.0,41.2391035,-8.564832733,111.2,12.141,68.20,1.1,?,?
2206,1518259405.0,41.239140883,-8.564694817,111.5,12.192,70.80,1.1,?,?
2207,1518259406.0,41.239177,-8.5645597,111.6,12.038,71.40,1.3,?,?
2208,1518259407.0,41.239210933,-8.5644257,111.5,11.781,71.10,1.4,?,?
2209,1518259408.0,41.239247033,-8.56428655,111.9,12.295,71.10,1.9,?,?
2210,1518259409.0,41.239284533,-8.564151067,112.5,12.244,70.40,3.5,?,?
2211,1518259410.0,41.239317667,-8.564017933,113.6,11.832,70.70,3.5,?,?
2212,1518259411.0,41.23935935,-8.563884,111.1,11.524,67.50,3.5,?,?
2213,1518259412.0,41.2393879,-8.56376055,111.6,11.472,69.90,3.5,?,?
2214,1518259413.0,41.239431,-8.563607117,113.1,11.729,70.00,2.4,?,?
2215,1518259414.0,41.239467633,-8.563468867,114.2,11.729,70.60,1.9,?,?
2216,1518259415.0,41.239503517,-8.56333855,114.7,11.781,67.40,1.9,?,?
2217,1518259416.0,41.239553583,-8.56321445,115.5,11.884,61.60,1.7,?,?
2218,1518259417.0,41.23961185,-8.563097567,116.4,11.884,57.60,1.7,?,?
2219,1518259418.0,41.239675483,-8.5629777,117.4,11.987,55.10,1.7,?,?
2220,1518259419.0,41.23973385,-8.56286365,117.9,12.089,52.90,1.3,?,?
2221,1518259420.0,41.2397954,-8.562751867,118.3,12.038,51.30,1.3,?,?
2222,1518259421.0,41.239851433,-8.562643517,118.3,11.987,50.00,1.3,?,?
2223,1518259422.0,41.239919767,-8.56253665,118.5,12.141,46.90,1.3,?,?
2224,1518259423.0,41.24000005,-8.5624359,118.6,12.038,41.20,1.3,?,?
2225,1518259424.0,41.2400881,-8.562350033,118.6,12.038,34.10,1.3,?,?
2226,1518259425.0,41.240185083,-8.562279667,118.5,12.141,26.90,1.3,?,?
2227,1518259426.0,41.240285517,-8.562230333,118.6,12.192,19.20,1.3,?,?
2228,1518259427.0,41.24038995,-8.562197283,118.6,12.192,12.40,1.1,?,?
2229,1518259428.0,41.240494217,-8.56218055,118.3,12.089,5.90,1.3,?,?
2230,1518259429.0,41.240601817,-8.56217605,118.0,12.141,0.60,1.0,?,?
2231,1518259430.0,41.240710467,-8.56217865,117.6,12.141,358.20,1.0,?,?
2232,1518259431.0,41.240818667,-8.562179183,116.9,12.141,358.60,1.0,?,?
2233,1518259432.0,41.240927967,-8.562182733,116.3,12.192,358.60,0.9,?,?
2234,1518259433.0,41.2410368,-8.562185867,115.7,12.089,358.80,0.9,?,?
2235,1518259434.0,41.241145583,-8.5621887,115.0,12.141,359.20,0.9,?,?
2236,1518259435.0,41.2412553,-8.562192317,114.4,12.089,0.00,0.9,?,?
2237,1518259436.0,41.24136555,-8.562197633,113.8,12.141,358.90,0.9,?,?
2238,1518259437.0,41.241473483,-8.562201317,113.3,12.089,357.80,1.0,?,?
2239,1518259438.0,41.24158065,-8.56220785,112.8,12.089,355.20,1.3,?,?
2240,1518259439.0,41.241687483,-8.562224233,112.3,11.987,351.40,1.3,?,?
2241,1518259440.0,41.241792517,-8.56224795,112.1,11.987,347.90,1.3,?,?
2242,1518259441.0,41.241897417,-8.5622802,111.7,11.935,345.30,1.3,?,?
2243,1518259442.0,41.242002717,-8.56231625,111.3,12.089,344.20,1.3,?,?
2244,1518259443.0,41.242108083,-8.562355133,110.6,12.141,344.60,1.2,?,?
2245,1518259444.0,41.24221335,-8.562383567,110.1,11.935,351.80,1.3,?,?
2246,1518259445.0,41.242317717,-8.56238195,109.7,11.884,6.90,1.2,?,?
2247,1518259446.0,41.24242085,-8.562347633,109.5,11.781,22.20,1.0,?,?
2248,1518259447.0,41.242516517,-8.56228875,109.3,11.781,32.40,1.0,?,?
2249,1518259448.0,41.242601317,-8.5622079,108.7,11.575,39.90,0.9,?,?
2250,1518259449.0,41.242676,-8.562110717,108.5,11.575,50.40,1.0,?,?
2251,1518259450.0,41.242725983,-8.56198855,108.2,11.781,66.60,1.1,?,?
2252,1518259451.0,41.242753867,-8.56185235,107.8,12.089,79.50,1.3,?,?
2253,1518259452.0,41.242774817,-8.56170685,107.3,12.244,80.20,1.3,?,?
2254,1518259453.0,41.2427968,-8.561561033,106.8,12.347,78.20,1.3,?,?
2255,1518259454.0,41.242821767,-8.561419533,106.1,12.089,77.30,1.3,?,?
2256,1518259455.0,41.242846017,-8.561283583,105.3,11.626,77.30,1.3,?,?
2257,1518259456.0,41.242869867,-8.561148283,104.4,11.626,77.80,1.3,?,?
2258,1518259457.0,41.242894533,-8.5610128,103.6,11.729,77.30,1.3,?,?
2259,1518259458.0,41.242919383,-8.560874,102.7,12.192,77.00,1.3,?,?
2260,1518259459.0,41.2429472,-8.56073085,101.8,12.450,76.60,1.3,?,?
2261,1518259460.0,41.2429775,-8.560587783,100.9,12.398,76.50,1.3,?,?
2262,1518259461.0,41.24300765,-8.560445233,99.9,12.347,76.40,1.3,?,?
2263,1518259462.0,41.243037667,-8.560302533,99.0,12.347,76.50,1.3,?,?
2264,1518259463.0,41.243065783,-8.560159833,98.1,12.398,77.10,1.3,?,?
2265,1518259464.0,41.24309305,-8.560016883,97.3,12.347,77.40,1.3,?,?
2266,1518259465.0,41.243119417,-8.559874117,96.4,12.347,77.40,1.3,?,?
2267,1518259466.0,41.2431446,-8.559731617,95.6,12.347,77.30,1.3,?,?
2268,1518259467.0,41.24316915,-8.559588333,94.9,12.295,77.30,1.3,?,?
2269,1518259468.0,41.24319395,-8.55944535,94.1,12.295,77.20,1.3,?,?
2270,1518259469.0,41.243218317,-8.55930275,93.3,12.295,77.40,1.3,?,?
2271,1518259470.0,41.243240833,-8.559160067,92.8,12.192,77.40,1.3,?,?
2272,1518259471.0,41.243263083,-8.559020267,92.7,11.884,76.70,1.3,?,?
2273,1518259472.0,41.24328735,-8.558885017,93.0,11.369,76.30,1.3,?,?
2274,1518259473.0,41.243310833,-8.5587527,93.6,11.266,77.00,1.3,?,?
2275,1518259474.0,41.24333485,-8.558620633,94.3,11.369,76.60,1.3,?,?
2276,1518259475.0,41.2433595,-8.558486917,95.0,11.575,76.50,1.3,?,?
2277,1518259476.0,41.243384767,-8.558351617,95.7,11.678,76.50,1.1,?,?
2278,1518259477.0,41.2434091,-8.558215567,96.4,11.678,77.30,1.1,?,?
2279,1518259478.0,41.243432217,-8.558077983,97.2,11.781,77.70,1.1,?,?
2280,1518259479.0,41.243455267,-8.557938733,98.0,11.884,77.40,1.1,?,?
2281,1518259480.0,41.24347955,-8.55780105,98.9,11.884,77.00,1.1,?,?
2282,1518259481.0,41.2435048,-8.557664033,99.7,11.884,77.00,1.1,?,?
2283,1518259482.0,41.243530017,-8.55752715,100.5,11.832,77.10,1.1,?,?
2284,1518259483.0,41.243555067,-8.55738955,101.3,11.884,77.10,1.1,?,?
2285,1518259484.0,41.243579533,-8.5572518,102.0,11.832,77.30,1.1,?,?
2286,1518259485.0,41.243603017,-8.55711195,102.5,12.038,77.80,0.9,?,?
2287,1518259486.0,41.243627017,-8.55697035,102.7,12.244,77.50,0.9,?,?
2288,1518259487.0,41.243652517,-8.55682895,102.8,12.244,77.30,0.9,?,?
2289,1518259488.0,41.2436761,-8.5566884,102.8,12.038,77.30,0.9,?,?
2290,1518259489.0,41.243696783,-8.556548833,102.8,12.089,77.00,0.9,?,?
2291,1518259490.0,41.243719133,-8.556408183,102.7,12.089,76.80,0.9,?,?
2292,1518259491.0,41.243742633,-8.556266017,102.3,12.192,76.80,0.9,?,?
2293,1518259492.0,41.2437678,-8.5561221,101.8,12.295,76.90,0.9,?,?
2294,1518259493.0,41.24379235,-8.555978433,101.3,12.295,77.10,0.9,?,?
2295,1518259494.0,41.243816317,-8.555835933,100.8,12.141,77.30,0.9,?,?
2296,1518259495.0,41.243839717,-8.55569395,100.3,12.141,77.50,0.8,?,?
2297,1518259496.0,41.243864183,-8.5555539,100.0,11.935,76.90,0.8,?,?
2298,1518259497.0,41.24388805,-8.555415667,99.8,11.781,76.90,0.8,?,?
2299,1518259498.0,41.243912683,-8.555281,99.9,11.524,76.60,0.9,?,?
2300,1518259499.0,41.243934767,-8.5551497,100.3,11.061,76.70,0.9,?,?
2301,1518259500.0,41.243956417,-8.555028383,100.7,9.826,77.00,0.9,?,?
2302,1518259501.0,41.243970867,-8.554927467,101.1,7.717,81.00,0.9,?,?
2303,1518259502.0,41.243972583,-8.554838733,101.6,6.894,92.40,0.9,?,?
2304,1518259503.0,41.243953967,-8.554751767,101.9,7.871,115.00,0.9,?,?
2305,1518259504.0,41.24391495,-8.554664467,101.8,9.414,125.80,1.1,?,?
2306,1518259505.0,41.2438715,-8.55456875,101.7,10.083,122.00,0.9,?,?
2307,1518259506.0,41.243844667,-8.554461433,101.4,9.774,103.10,0.9,?,?
2308,1518259507.0,41.243839367,-8.554348333,101.1,9.672,84.60,0.9,?,?
2309,1518259508.0,41.243863783,-8.554239983,100.8,9.672,63.50,0.9,?,?
2310,1518259509.0,41.243913033,-8.5541517,100.5,9.723,42.70,0.9,?,?
2311,1518259510.0,41.243988217,-8.55409435,100.3,9.929,21.10,0.9,?,?
2312,1518259511.0,41.244071017,-8.554069283,100.6,9.826,1.30,0.8,?,?
2313,1518259512.0,41.244151383,-8.55408915,100.7,9.723,341.40,0.8,?,?
2314,1518259513.0,41.24422575,-8.55414325,100.8,9.774,322.70,0.8,?,?
2315,1518259514.0,41.24427785,-8.554228283,100.9,9.620,301.30,0.9,?,?
2316,1518259515.0,41.244305083,-8.55433565,101.2,9.723,281.10,0.7,?,?
2317,1518259516.0,41.244302633,-8.5544486,101.6,9.723,261.30,0.7,?,?
2318,1518259517.0,41.24427,-8.554555333,101.6,10.083,242.90,0.7,?,?
2319,1518259518.0,41.244210867,-8.554647117,101.7,10.443,223.60,0.7,?,?
2320,1518259519.0,41.244135467,-8.55472085,101.7,10.752,213.10,0.7,?,?
2321,1518259520.0,41.24406175,-8.554805183,101.5,11.061,222.90,0.7,?,?
2322,1518259521.0,41.244002133,-8.55491365,101.0,11.678,239.40,0.9,?,?
2323,1518259522.0,41.243960783,-8.555044833,100.5,12.347,252.50,0.9,?,?
2324,1518259523.0,41.243936533,-8.555188717,100.0,12.501,260.70,0.9,?,?
2325,1518259524.0,41.24391395,-8.555332917,99.6,12.295,258.50,0.9,?,?
2326,1518259525.0,41.243888167,-8.55547265,99.6,11.884,256.80,0.7,?,?
2327,1518259526.0,41.2438627,-8.5556085,99.9,11.575,256.60,0.7,?,?
2328,1518259527.0,41.24383715,-8.5557438,100.5,11.524,256.90,0.7,?,?
2329,1518259528.0,41.2438124,-8.555879067,101.1,11.575,257.00,0.7,?,?
2330,1518259529.0,41.24378995,-8.556014367,101.6,11.729,257.00,0.7,?,?
2331,1518259530.0,41.243766567,-8.55615115,102.2,11.781,256.90,0.7,?,?
2332,1518259531.0,41.24374155,-8.556289217,102.7,11.832,257.10,0.7,?,?
2333,1518259532.0,41.243716667,-8.556428783,103.2,11.935,257.40,0.7,?,?
2334,1518259533.0,41.243693033,-8.556568467,103.3,12.141,257.40,0.7,?,?
2335,1518259534.0,41.243669083,-8.556709483,103.3,12.192,257.10,0.7,?,?
2336,1518259535.0,41.243644883,-8.55685075,103.3,12.141,257.00,0.7,?,?
2337,1518259536.0,41.243619233,-8.556992617,103.3,12.089,257.10,0.7,?,?
2338,1518259537.0,41.2435926,-8.557134267,103.3,12.141,257.00,0.7,?,?
2339,1518259538.0,41.2435661,-8.557275933,103.1,12.244,257.00,0.8,?,?
2340,1518259539.0,41.243540017,-8.55741905,102.6,12.398,257.30,0.8,?,?
2341,1518259540.0,41.24351385,-8.557561633,102.0,12.450,257.30,0.8,?,?
2342,1518259541.0,41.243486617,-8.557702567,101.3,12.450,257.00,0.7,?,?
2343,1518259542.0,41.243459967,-8.557845783,100.6,12.501,256.90,0.7,?,?
2344,1518259543.0,41.243433817,-8.557989683,100.0,12.501,256.90,0.7,?,?
2345,1518259544.0,41.24340705,-8.558134783,99.3,12.501,256.90,0.7,?,?
2346,1518259545.0,41.243380683,-8.558280533,98.6,12.604,257.10,0.7,?,?
2347,1518259546.0,41.24335585,-8.5584256,97.9,12.655,257.30,0.8,?,?
2348,1518259547.0,41.243331333,-8.558571417,97.0,12.655,257.50,0.8,?,?
2349,1518259548.0,41.243306183,-8.558719133,96.2,12.758,257.60,0.8,?,?
2350,1518259549.0,41.2432816,-8.558866983,95.4,12.758,257.70,0.8,?,?
2351,1518259550.0,41.2432568,-8.559014433,94.9,12.655,257.70,0.8,?,?
2352,1518259551.0,41.2432293,-8.559158033,95.0,12.295,257.10,0.8,?,?
2353,1518259552.0,41.243203317,-8.559294783,95.7,11.678,256.90,0.7,?,?
2354,1518259553.0,41.24317945,-8.559428183,96.6,11.369,257.10,0.7,?,?
2355,1518259554.0,41.24315715,-8.559560483,97.5,11.472,257.00,0.7,?,?
2356,1518259555.0,41.243132017,-8.5596962,98.4,11.729,257.30,0.7,?,?
2357,1518259556.0,41.243107033,-8.559833267,99.4,11.832,257.20,0.8,?,?
2358,1518259557.0,41.243081567,-8.559970567,100.3,11.832,256.90,0.9,?,?
2359,1518259558.0,41.243056033,-8.560108167,101.2,11.832,256.70,0.9,?,?
2360,1518259559.0,41.24303205,-8.5602452,102.1,11.781,257.00,0.8,?,?
2361,1518259560.0,41.243008617,-8.5603819,102.7,11.832,257.20,0.8,?,?
2362,1518259561.0,41.242985867,-8.560520083,103.3,11.832,257.10,0.8,?,?
2363,1518259562.0,41.242964,-8.56065655,103.8,11.781,256.80,0.8,?,?
2364,1518259563.0,41.242941617,-8.560795633,104.2,11.832,257.60,0.8,?,?
2365,1518259564.0,41.2429192,-8.560934467,104.8,11.935,257.00,0.8,?,?
2366,1518259565.0,41.242895167,-8.561073317,105.4,11.935,256.70,0.8,?,?
2367,1518259566.0,41.242870533,-8.561210467,106.0,11.832,256.30,0.9,?,?
2368,1518259567.0,41.242846733,-8.56134955,106.4,11.935,256.80,0.8,?,?
2369,1518259568.0,41.2428284,-8.561484617,106.5,11.781,256.60,0.9,?,?
2370,1518259569.0,41.242806333,-8.561623633,106.6,11.832,256.90,0.9,?,?
2371,1518259570.0,41.242782,-8.561766483,106.9,11.832,257.40,0.9,?,?
2372,1518259571.0,41.2427592,-8.561898217,107.0,10.752,257.40,0.9,?,?
2373,1518259572.0,41.242741883,-8.562019683,107.2,9.774,261.80,0.9,?,?
2374,1518259573.0,41.2427463,-8.5621315,107.3,8.900,280.30,0.9,?,?
2375,1518259574.0,41.242777783,-8.562232333,107.3,9.466,300.10,0.9,?,?
2376,1518259575.0,41.242824317,-8.562331917,107.2,10.289,301.80,0.8,?,?
2377,1518259576.0,41.24286555,-8.562436933,107.0,10.495,295.10,0.8,?,?
2378,1518259577.0,41.2428821,-8.562550233,107.0,10.340,280.40,0.9,?,?
2379,1518259578.0,41.2428685,-8.562672083,107.5,10.186,257.80,0.9,?,?
2380,1518259579.0,41.242828817,-8.56277675,107.7,10.237,237.40,0.9,?,?
2381,1518259580.0,41.24277075,-8.56286195,107.3,10.186,216.00,0.9,?,?
2382,1518259581.0,41.242682617,-8.562910883,107.3,10.495,194.80,0.8,?,?
2383,1518259582.0,41.24259085,-8.56290905,107.3,10.546,171.80,0.8,?,?
2384,1518259583.0,41.242502717,-8.562870033,107.3,10.855,152.10,1.1,?,?
2385,1518259584.0,41.242426417,-8.56279255,107.6,11.009,134.60,1.1,?,?
2386,1518259585.0,41.24236225,-8.562686217,107.8,11.112,123.80,1.1,?,?
2387,1518259586.0,41.242302033,-8.562576683,108.1,11.318,126.00,1.1,?,?
2388,1518259587.0,41.242227667,-8.562481767,108.1,11.524,139.70,1.1,?,?
2389,1518259588.0,41.24213895,-8.56241,108.4,11.626,154.20,1.2,?,?
2390,1518259589.0,41.242039933,-8.56236495,108.9,11.678,166.10,1.2,?,?
2391,1518259590.0,41.241938683,-8.5623275,110.1,11.678,167.70,1.3,?,?
2392,1518259591.0,41.241835517,-8.56228955,110.8,11.832,166.00,1.3,?,?
2393,1518259592.0,41.241729767,-8.562260267,111.3,12.089,171.40,1.2,?,?
2394,1518259593.0,41.241622567,-8.56223965,112.1,11.935,173.30,1.2,?,?
2395,1518259594.0,41.241518317,-8.562223333,112.5,11.884,175.20,1.1,?,?
2396,1518259595.0,41.241414017,-8.562217567,112.7,11.935,178.20,1.1,?,?
2397,1518259596.0,41.2413093,-8.562214267,113.1,11.781,179.10,1.1,?,?
2398,1518259597.0,41.241202,-8.562214283,113.8,11.729,179.20,1.1,?,?
2399,1518259598.0,41.241098517,-8.562217617,114.1,11.832,179.10,0.8,?,?
2400,1518259599.0,41.24099205,-8.562217133,114.5,11.935,178.80,0.8,?,?
2401,1518259600.0,41.2408853,-8.562217283,114.9,12.038,179.00,0.8,?,?
2402,1518259601.0,41.240778417,-8.562216983,115.2,11.987,179.00,0.8,?,?
2403,1518259602.0,41.240670067,-8.562213767,115.5,11.987,179.30,0.8,?,?
2404,1518259603.0,41.24056105,-8.56221435,115.8,12.038,182.20,0.8,?,?
2405,1518259604.0,41.240451967,-8.562226783,116.1,12.089,188.00,0.8,?,?
2406,1518259605.0,41.240343883,-8.562253717,116.2,12.089,195.20,0.9,?,?
2407,1518259606.0,41.240237767,-8.562299233,116.7,12.089,201.80,0.9,?,?
2408,1518259607.0,41.240135067,-8.562357367,117.3,12.089,208.30,0.9,?,?
2409,1518259608.0,41.24003885,-8.562429767,117.7,12.089,214.60,1.1,?,?
2410,1518259609.0,41.239950317,-8.562515067,118.0,12.141,221.40,1.1,?,?
2411,1518259610.0,41.2398728,-8.562617233,117.9,12.192,227.30,2.2,3.5,4.1
2412,1518259611.0,41.239800967,-8.562726733,117.7,12.192,230.80,2.2,3.5,4.1
2413,1518259612.0,41.239728817,-8.562841967,116.1,12.141,232.50,1.1,?,?
2414,1518259613.0,41.239662467,-8.562959233,115.1,12.141,234.80,1.1,?,?
2415,1518259614.0,41.23960145,-8.563082233,114.7,12.192,237.80,2.2,3.4,4.1
2416,1518259615.0,41.239545433,-8.5632099,114.2,12.192,241.00,2.2,3.4,4.1
2417,1518259616.0,41.23949595,-8.5633354,112.9,12.141,243.50,0.9,?,?
2418,1518259617.0,41.239449767,-8.563468083,111.8,12.501,246.10,0.9,?,?
2419,1518259618.0,41.239408867,-8.563600217,110.6,11.678,247.60,1.0,?,?
2420,1518259619.0,41.239376233,-8.5637442,109.7,12.244,252.60,1.1,?,?
2421,1518259620.0,41.2393415,-8.563888133,108.6,12.450,254.00,1.4,?,?
2422,1518259621.0,41.239311533,-8.56402515,107.5,11.935,254.70,1.6,?,?
2423,1518259622.0,41.239285967,-8.564160567,106.5,11.626,256.20,3.3,?,?
2424,1518259623.0,41.239263733,-8.564289317,105.4,11.112,257.60,4.2,?,?
2425,1518259624.0,41.239229067,-8.564387433,105.7,9.569,252.00,2.3,?,?
2426,1518259625.0,41.239206667,-8.564531917,103.1,11.832,250.60,2.0,?,?
2427,1518259626.0,41.239174433,-8.564667367,103.3,12.244,252.70,2.0,?,?
2428,1518259627.0,41.239142033,-8.564803617,102.9,11.935,252.40,2.0,?,?
2429,1518259628.0,41.239107317,-8.564934783,102.5,11.678,250.60,2.0,?,?
2430,1518259629.0,41.239064083,-8.565067383,103.5,11.678,249.00,1.6,?,?
2431,1518259630.0,41.2390219,-8.565201167,104.3,11.626,248.20,1.6,?,?
2432,1518259631.0,41.238985067,-8.5653236,104.1,11.061,248.60,1.6,?,?
2433,1518259632.0,41.23893475,-8.565456717,105.4,10.032,247.20,1.6,?,?
2434,1518259633.0,41.238890733,-8.56557165,108.9,8.540,246.00,1.6,?,?
2435,1518259634.0,41.238859983,-8.565659567,109.9,6.842,243.90,1.6,?,?
2436,1518259635.0,41.238836967,-8.565724917,110.7,4.887,242.80,3.7,4.5,5.8
2437,1518259636.0,41.238812533,-8.565762267,110.8,3.858,216.20,1.1,?,?
2438,1518259637.0,41.238781017,-8.565767267,110.7,3.653,166.70,1.5,?,?
2439,1518259638.0,41.2387656,-8.565740617,109.5,3.344,124.20,2.2,3.4,4.1
2440,1518259639.0,41.23876005,-8.5657246,108.8,1.595,98.10,1.3,?,?
2441,1518259640.0,41.238760883,-8.565722833,108.0,0.360,323.30,1.4,?,?
2442,1518259641.0,41.2387669,-8.56572995,108.3,1.389,341.50,2.0,2.9,3.5
2443,1518259642.0,41.238775883,-8.565740583,108.8,1.595,337.20,2.0,2.9,3.5
2444,1518259643.0,41.2387813,-8.565749783,109.1,0.772,300.40,2.0,2.9,3.5
2445,1518259644.0,41.238780817,-8.565740433,109.1,1.852,100.80,2.0,2.9,3.5
2446,1518259645.0,41.2387874,-8.5656949,109.1,5.093,77.00,2.0,2.9,3.5
2447,1518259646.0,41.238810233,-8.565632083,108.9,6.533,65.00,2.0,2.9,3.5
2448,1518259647.0,41.238840817,-8.5655626,108.8,7.408,60.80,2.0,2.9,3.5
2449,1518259648.0,41.238879333,-8.565471033,108.9,9.672,62.60,2.0,2.9,3.5
2450,1518259649.0,41.238924367,-8.565360733,108.8,11.061,62.50,2.3,2.9,3.7
2451,1518259650.0,41.23897275,-8.565239883,108.7,11.524,63.80,1.7,?,?
2452,1518259651.0,41.2390163,-8.5651062,109.3,12.501,67.00,1.3,?,?
2453,1518259652.0,41.239065983,-8.564967633,109.4,12.810,66.50,1.3,?,?
2454,1518259653.0,41.239102617,-8.564827767,109.6,12.244,69.50,1.3,?,?
2455,1518259654.0,41.239147433,-8.5646926,110.0,12.089,69.20,1.3,?,?
2456,1518259655.0,41.23919,-8.564551933,109.7,11.987,71.00,1.3,?,?
2457,1518259656.0,41.23921885,-8.564416267,109.1,11.575,73.10,1.4,?,?
2458,1518259657.0,41.239247667,-8.564284083,109.2,11.472,74.50,14.4,1.0,14.4
2459,1518259658.0,41.239274517,-8.564158333,109.8,10.958,75.30,4.9,3.2,5.8
2460,1518259659.0,41.23926025,-8.564017183,112.4,11.215,89.30,4.8,1.0,4.9
2461,1518259660.0,41.239231017,-8.56385245,112.8,12.552,99.00,4.0,2.3,4.6
2462,1518259661.0,41.239222933,-8.563731683,112.3,11.987,100.40,4.0,2.3,4.6
2463,1518259662.0,41.239191633,-8.563591283,113.1,11.781,100.30,2.5,?,?
2464,1518259663.0,41.2392869,-8.563465583,114.6,11.575,71.60,2.0,?,?
2465,1518259664.0,41.2393613,-8.563335867,115.0,11.884,64.80,3.5,?,?
2466,1518259665.0,41.239424633,-8.563210417,116.1,11.935,61.60,2.1,?,?
2467,1518259666.0,41.239495467,-8.563087633,116.8,11.884,58.00,2.1,?,?
2468,1518259667.0,41.239574567,-8.562969667,117.3,11.987,55.10,2.1,?,?
2469,1518259668.0,41.2396564,-8.562852917,117.6,12.089,53.50,2.1,?,?
2470,1518259669.0,41.239733267,-8.56274125,117.9,12.038,51.10,2.3,2.9,3.7
2471,1518259670.0,41.239804883,-8.56263395,118.5,12.038,49.70,2.3,2.9,3.7
2472,1518259671.0,41.239879133,-8.562528117,118.7,12.141,47.10,2.3,2.9,3.7
2473,1518259672.0,41.23996115,-8.562432467,118.9,12.089,40.60,2.3,2.9,3.7
2474,1518259673.0,41.240051667,-8.562350133,119.1,12.141,33.00,2.3,2.9,3.7
2475,1518259674.0,41.2401495,-8.562283217,119.3,12.192,25.70,1.2,?,?
2476,1518259675.0,41.24025795,-8.562231233,119.6,12.192,18.90,1.3,?,?
2477,1518259676.0,41.240369467,-8.562194567,119.2,12.141,12.50,1.6,?,?
2478,1518259677.0,41.24048225,-8.562173417,118.6,12.141,6.70,2.2,?,?
2479,1518259678.0,41.240596317,-8.562169283,117.7,12.141,1.60,1.2,?,?
2480,1518259679.0,41.2407092,-8.562169933,117.0,12.141,359.00,1.2,?,?
2481,1518259680.0,41.24082425,-8.562179,116.1,12.192,358.90,1.2,?,?
2482,1518259681.0,41.240937533,-8.5621859,115.2,12.192,358.70,1.2,?,?
2483,1518259682.0,41.241048817,-8.562191183,114.4,12.192,358.80,0.8,?,?
2484,1518259683.0,41.241158133,-8.562194617,113.6,12.141,358.90,0.8,?,?
2485,1518259684.0,41.241266517,-8.5621974,112.9,11.987,358.80,0.8,?,?
2486,1518259685.0,41.241374233,-8.562201267,112.2,11.987,358.60,0.8,?,?
2487,1518259686.0,41.241482883,-8.562207667,111.7,12.089,357.30,1.0,?,?
2488,1518259687.0,41.241590883,-8.56221495,111.2,12.089,354.80,1.0,?,?
2489,1518259688.0,41.2416983,-8.56222895,110.9,11.987,351.30,1.0,?,?
2490,1518259689.0,41.241805283,-8.562251367,110.4,11.987,348.30,1.0,?,?
2491,1518259690.0,41.241913867,-8.56228555,109.9,12.038,344.80,0.9,?,?
2492,1518259691.0,41.242020917,-8.56232545,109.2,11.987,343.10,1.1,?,?
2493,1518259692.0,41.242126083,-8.562368083,108.3,11.884,343.60,1.1,?,?
2494,1518259693.0,41.2422266,-8.562399083,107.7,10.855,350.30,1.1,?,?
2495,1518259694.0,41.24231895,-8.562399717,107.0,10.340,6.80,1.1,?,?
2496,1518259695.0,41.24240855,-8.562362833,106.7,10.340,23.10,1.1,?,?
2497,1518259696.0,41.24249225,-8.562305433,106.5,10.340,32.50,1.1,?,?
2498,1518259697.0,41.242570933,-8.5622422,106.2,10.237,34.90,0.9,?,?
2499,1518259698.0,41.24264635,-8.562173917,106.1,10.237,40.10,0.9,?,?
2500,1518259699.0,41.242709667,-8.562089467,105.9,10.392,53.20,0.8,?,?
2501,1518259700.0,41.2427546,-8.561975583,105.4,11.318,69.20,1.0,?,?
2502,1518259701.0,41.24278305,-8.561840517,104.8,12.295,79.20,1.3,?,?
2503,1518259702.0,41.242807367,-8.561696383,104.1,12.450,79.90,1.3,?,?
2504,1518259703.0,41.24283195,-8.561553717,103.3,12.192,78.00,1.3,?,?
2505,1518259704.0,41.242856833,-8.561412267,102.6,12.192,77.20,1.3,?,?
2506,1518259705.0,41.2428814,-8.561271183,101.8,12.141,77.60,1.3,?,?
2507,1518259706.0,41.242906383,-8.561130483,101.0,12.141,77.10,1.3,?,?
2508,1518259707.0,41.242931233,-8.560990483,100.2,12.141,76.30,1.3,?,?
2509,1518259708.0,41.242958183,-8.560849983,99.5,12.089,76.50,1.3,?,?
2510,1518259709.0,41.2429847,-8.560709917,98.7,12.141,76.50,1.1,?,?
2511,1518259710.0,41.243010333,-8.560570033,98.0,12.089,77.10,1.1,?,?
2512,1518259711.0,41.243036417,-8.56043015,97.3,12.089,77.00,1.1,?,?
2513,1518259712.0,41.243062917,-8.560290133,96.7,12.038,77.20,1.3,?,?
2514,1518259713.0,41.243088267,-8.56015,95.9,12.089,77.50,1.3,?,?
2515,1518259714.0,41.243113933,-8.560008917,95.3,12.141,77.30,1.3,?,?
2516,1518259715.0,41.243139317,-8.559867667,94.7,12.089,77.40,1.3,?,?
2517,1518259716.0,41.243163583,-8.559724883,94.1,12.141,77.10,1.3,?,?
2518,1518259717.0,41.2431878,-8.55958285,93.5,12.089,77.30,1.3,?,?
2519,1518259718.0,41.243212283,-8.5594419,92.9,12.089,77.00,1.3,?,?
2520,1518259719.0,41.24323635,-8.5593004,92.3,12.089,77.20,1.1,?,?
2521,1518259720.0,41.24325955,-8.559159767,91.8,11.987,77.30,1.1,?,?
2522,1518259721.0,41.24328265,-8.559021633,91.9,11.678,77.60,1.1,?,?
2523,1518259722.0,41.2433054,-8.558888367,92.3,11.318,77.10,1.1,?,?
2524,1518259723.0,41.243327517,-8.55875775,93.0,11.215,76.90,1.1,?,?
2525,1518259724.0,41.243350383,-8.5586264,93.7,11.369,76.90,1.1,?,?
2526,1518259725.0,41.24337415,-8.558492783,94.4,11.575,76.70,1.1,?,?
2527,1518259726.0,41.243398017,-8.558357483,95.1,11.678,76.70,1.1,?,?
2528,1518259727.0,41.243422083,-8.558221117,95.8,11.781,76.90,0.9,?,?
2529,1518259728.0,41.24344595,-8.558084183,96.6,11.781,76.90,0.9,?,?
2530,1518259729.0,41.243469833,-8.557946883,97.3,11.781,77.10,0.9,?,?
2531,1518259730.0,41.243493267,-8.557809267,98.0,11.832,77.30,0.9,?,?
2532,1518259731.0,41.243516083,-8.557671583,98.7,11.781,77.50,0.9,?,?
2533,1518259732.0,41.24353635,-8.55753135,99.7,11.832,77.10,0.8,?,?
2534,1518259733.0,41.243557433,-8.55739165,100.6,11.832,77.30,0.8,?,?
2535,1518259734.0,41.24357895,-8.557252433,101.5,11.884,77.30,0.8,?,?
2536,1518259735.0,41.243601383,-8.557111983,102.0,12.038,77.60,0.8,?,?
2537,1518259736.0,41.243625267,-8.556969433,102.4,12.244,77.10,0.8,?,?
2538,1518259737.0,41.243650283,-8.55682735,102.6,12.141,77.00,0.8,?,?
2539,1518259738.0,41.243675817,-8.556686067,102.7,12.141,76.80,0.9,?,?
2540,1518259739.0,41.2437013,-8.556545717,102.9,12.038,76.90,0.9,?,?
2541,1518259740.0,41.243726833,-8.5564055,102.9,12.141,76.70,0.9,?,?
2542,1518259741.0,41.243751583,-8.5562644,102.6,12.244,76.70,0.9,?,?
2543,1518259742.0,41.2437759,-8.5561218,102.2,12.347,76.80,0.9,?,?
2544,1518259743.0,41.243799483,-8.555978167,101.8,12.244,77.20,0.8,?,?
2545,1518259744.0,41.243823167,-8.555835533,101.3,12.141,77.30,0.8,?,?
2546,1518259745.0,41.24384645,-8.555694233,100.9,12.089,77.10,0.8,?,?
2547,1518259746.0,41.243870217,-8.555554133,100.5,12.038,76.70,0.8,?,?
2548,1518259747.0,41.243894417,-8.555416633,100.3,11.781,76.60,0.8,?,?
2549,1518259748.0,41.243918883,-8.555281717,100.3,11.524,76.50,0.8,?,?
2550,1518259749.0,41.243943,-8.555149,100.7,11.318,76.60,0.8,?,?
2551,1518259750.0,41.24396505,-8.555018683,101.1,10.906,77.60,0.8,?,?
2552,1518259751.0,41.2439743,-8.554896917,101.5,9.826,85.30,0.8,?,?
2553,1518259752.0,41.243968083,-8.5547863,101.8,8.951,102.60,0.9,?,?
2554,1518259753.0,41.243940983,-8.55469335,101.8,8.540,121.40,0.9,?,?
2555,1518259754.0,41.243902517,-8.554611667,101.7,8.591,126.60,1.1,?,?
2556,1518259755.0,41.243869,-8.554526517,101.5,8.488,116.90,1.3,?,?
2557,1518259756.0,41.243851867,-8.554431367,101.3,8.488,98.80,0.9,?,?
2558,1518259757.0,41.243859067,-8.554332567,101.1,8.591,78.30,0.9,?,?
2559,1518259758.0,41.243888717,-8.554237867,101.0,8.694,61.10,0.9,?,?
2560,1518259759.0,41.243939283,-8.554160117,100.8,8.746,42.20,0.9,?,?
2561,1518259760.0,41.244004067,-8.554106167,100.8,8.848,24.40,0.9,?,?
2562,1518259761.0,41.244072033,-8.554074017,100.9,8.848,7.40,0.9,?,?
2563,1518259762.0,41.244139383,-8.554078317,101.1,8.797,348.10,0.9,?,?
2564,1518259763.0,41.244205317,-8.554115167,101.3,8.900,329.00,0.8,?,?
2565,1518259764.0,41.24426025,-8.554181483,101.4,8.951,311.10,0.8,?,?
2566,1518259765.0,41.244293583,-8.554271733,101.5,8.797,292.00,0.7,?,?
2567,1518259766.0,41.244309567,-8.554373517,101.6,8.797,275.60,0.8,?,?
2568,1518259767.0,41.244298817,-8.554477083,101.7,8.848,257.00,0.7,?,?
2569,1518259768.0,41.244264233,-8.554572517,101.8,9.363,238.00,0.7,?,?
2570,1518259769.0,41.244204067,-8.554652417,101.7,10.083,220.90,0.7,?,?
2571,1518259770.0,41.244132017,-8.554724517,101.7,10.237,215.10,0.9,?,?
2572,1518259771.0,41.2440639,-8.554807467,101.3,10.340,225.60,0.8,?,?
2573,1518259772.0,41.244009017,-8.5549083,100.6,11.009,239.90,0.8,?,?
2574,1518259773.0,41.243967017,-8.555033017,100.2,11.729,251.30,0.8,?,?
2575,1518259774.0,41.2439402,-8.555168317,99.8,12.141,258.40,0.8,?,?
2576,1518259775.0,41.2439152,-8.555308983,99.5,12.141,257.70,0.8,?,?
2577,1518259776.0,41.2438887,-8.555449517,98.8,11.832,257.00,0.8,?,?
2578,1518259777.0,41.243864067,-8.555587,98.6,11.524,257.00,0.8,?,?
2579,1518259778.0,41.243839583,-8.555722767,98.8,11.472,256.90,0.7,?,?
2580,1518259779.0,41.243814617,-8.5558579,99.3,11.524,256.50,0.7,?,?
2581,1518259780.0,41.243789633,-8.555993833,99.8,11.678,256.60,0.7,?,?
2582,1518259781.0,41.243764167,-8.556131333,100.4,11.781,256.70,0.7,?,?
2583,1518259782.0,41.243739133,-8.55626905,101.0,11.832,256.70,0.7,?,?
2584,1518259783.0,41.243714133,-8.556407283,101.4,11.935,256.90,0.7,?,?
2585,1518259784.0,41.2436896,-8.5565466,101.6,12.089,256.90,0.7,?,?
2586,1518259785.0,41.24366515,-8.556687383,101.7,12.141,257.20,0.7,?,?
2587,1518259786.0,41.243640883,-8.5568286,101.6,12.089,257.30,0.7,?,?
2588,1518259787.0,41.2436164,-8.556969733,101.6,12.089,257.40,0.7,?,?
2589,1518259788.0,41.24359275,-8.557110667,101.5,12.089,257.60,0.7,?,?
2590,1518259789.0,41.243569267,-8.5572528,101.1,12.192,257.70,0.8,?,?
2591,1518259790.0,41.24354495,-8.557396833,100.3,12.398,257.30,0.7,?,?
2592,1518259791.0,41.24351985,-8.557541517,99.7,12.398,256.90,0.7,?,?
2593,1518259792.0,41.243494583,-8.557686433,98.9,12.398,257.00,0.7,?,?
2594,1518259793.0,41.2434692,-8.557831867,98.2,12.450,256.90,0.7,?,?
2595,1518259794.0,41.243443467,-8.557977683,97.5,12.501,256.90,0.7,?,?
2596,1518259795.0,41.2434169,-8.558124533,96.8,12.552,257.00,0.7,?,?
2597,1518259796.0,41.243390967,-8.55827155,96.1,12.604,257.00,0.7,?,?
2598,1518259797.0,41.243365717,-8.558419067,95.3,12.655,257.60,0.9,?,?
2599,1518259798.0,41.243340783,-8.55856745,94.5,12.707,257.80,0.8,?,?
2600,1518259799.0,41.2433154,-8.558716,93.6,12.758,257.40,0.8,?,?
2601,1518259800.0,41.2432901,-8.558865283,92.8,12.810,257.40,0.8,?,?
2602,1518259801.0,41.243263383,-8.5590163,92.3,12.758,257.40,2.2,2.9,3.6
2603,1518259802.0,41.243237517,-8.559163733,92.2,12.450,257.30,2.2,2.9,3.6
2604,1518259803.0,41.24321325,-8.559304617,92.6,11.781,257.50,2.2,2.9,3.6
2605,1518259804.0,41.243189783,-8.5594401,93.3,11.421,257.10,2.2,2.9,3.6
2606,1518259805.0,41.243165967,-8.559574167,94.2,11.524,256.80,2.2,2.9,3.6
2607,1518259806.0,41.24314175,-8.559711183,94.9,11.935,256.70,2.2,2.8,3.6
2608,1518259807.0,41.24311635,-8.559855417,95.7,12.655,256.90,2.2,2.8,3.6
2609,1518259808.0,41.243089517,-8.560008033,96.5,13.427,257.00,2.2,2.8,3.6
2610,1518259809.0,41.24306155,-8.560167867,97.5,14.044,257.20,2.2,2.8,3.6
2611,1518259810.0,41.243032967,-8.5603325,98.4,14.353,257.20,2.2,2.8,3.6
2612,1518259811.0,41.24300445,-8.560499983,99.3,14.507,257.80,2.2,2.8,3.6
2613,1518259812.0,41.242974283,-8.560669667,100.4,14.765,257.00,2.2,2.8,3.6
2614,1518259813.0,41.24294465,-8.560844033,101.4,15.176,257.10,2.2,2.8,3.6
2615,1518259814.0,41.242914067,-8.561020383,102.3,15.228,256.90,2.2,2.8,3.6
2616,1518259815.0,41.242882967,-8.561194633,103.3,14.970,256.50,2.2,2.8,3.6
2617,1518259816.0,41.24285095,-8.561363483,104.2,14.302,256.00,2.2,2.8,3.6
2618,1518259817.0,41.2428209,-8.561523433,105.1,13.427,256.00,2.2,2.8,3.6
2619,1518259818.0,41.2427934,-8.561673417,105.8,12.552,256.40,2.2,2.8,3.6
2620,1518259819.0,41.2427674,-8.561816583,106.4,12.141,256.70,2.2,2.8,3.6
2621,1518259820.0,41.24274515,-8.56195235,106.7,11.266,258.70,2.2,2.8,3.6
2622,1518259821.0,41.242736883,-8.562080067,106.8,10.340,269.80,2.2,2.8,3.6
2623,1518259822.0,41.242753783,-8.562198133,106.9,9.980,287.90,2.2,2.8,3.6
2624,1518259823.0,41.24279115,-8.562306633,106.9,10.237,300.00,2.3,3.5,4.2
2625,1518259824.0,41.242834733,-8.562414667,107.1,10.546,301.20,2.2,2.8,3.6
2626,1518259825.0,41.242868567,-8.562527583,107.2,10.598,293.70,2.2,2.8,3.6
2627,1518259826.0,41.242866933,-8.562648033,107.5,10.340,272.30,2.2,2.8,3.6
2628,1518259827.0,41.242841517,-8.562762467,107.4,10.135,251.30,2.2,2.8,3.6
2629,1518259828.0,41.24277855,-8.562852817,107.5,10.340,222.30,2.2,2.8,3.6
2630,1518259829.0,41.242695617,-8.562890467,106.8,10.495,200.00,0.8,?,?
2631,1518259830.0,41.242602133,-8.562900267,106.5,10.546,178.10,2.2,2.8,3.6
2632,1518259831.0,41.242510733,-8.5628729,106.5,10.855,157.70,2.2,2.8,3.6
2633,1518259832.0,41.242427167,-8.5627983,106.5,11.215,139.90,0.8,?,?
2634,1518259833.0,41.242365117,-8.56270155,105.8,10.803,125.90,0.9,?,?
2635,1518259834.0,41.242308367,-8.562601333,105.7,10.495,125.90,2.3,2.9,3.7
2636,1518259835.0,41.242244733,-8.56250895,105.8,10.443,135.50,2.2,2.8,3.6
2637,1518259836.0,41.242165717,-8.562433467,105.8,10.803,149.30,1.3,?,?
2638,1518259837.0,41.242073833,-8.562377467,106.1,11.266,161.90,1.2,?,?
2639,1518259838.0,41.241970767,-8.56233885,106.9,11.935,167.20,1.2,?,?
2640,1518259839.0,41.241869467,-8.56229815,107.6,12.038,166.60,1.1,?,?
2641,1518259840.0,41.241767133,-8.562258317,108.5,12.244,167.80,1.1,?,?
2642,1518259841.0,41.241662583,-8.562236283,109.3,12.089,172.30,1.1,?,?
2643,1518259842.0,41.24155615,-8.562220217,110.0,11.884,175.10,1.2,?,?
2644,1518259843.0,41.241448583,-8.562209817,110.6,11.935,177.50,1.1,?,?
2645,1518259844.0,41.241340167,-8.562203067,111.4,11.884,178.70,1.1,?,?
2646,1518259845.0,41.241233533,-8.562199667,112.1,11.678,178.80,1.1,?,?
2647,1518259846.0,41.24112455,-8.562202617,112.8,11.781,179.10,2.2,2.8,3.6
2648,1518259847.0,41.241016133,-8.56220465,113.5,11.935,178.70,2.2,2.8,3.6
2649,1518259848.0,41.240908033,-8.562204583,114.2,11.987,178.60,2.2,2.8,3.6
2650,1518259849.0,41.240800167,-8.56220435,114.7,11.987,178.80,2.2,2.8,3.6
2651,1518259850.0,41.240692433,-8.56220405,115.2,11.987,179.10,2.2,2.8,3.6
2652,1518259851.0,41.24058465,-8.562205517,115.6,11.987,180.40,2.2,2.8,3.6
2653,1518259852.0,41.240477,-8.56221555,115.9,12.089,185.30,2.2,2.8,3.6
2654,1518259853.0,41.240370867,-8.56224085,116.1,12.089,192.20,2.2,2.8,3.6
2655,1518259854.0,41.240267483,-8.562283267,116.1,12.089,199.40,2.3,3.5,4.2
2656,1518259855.0,41.2401684,-8.56234075,116.2,12.038,205.70,2.3,3.5,4.2
2657,1518259856.0,41.240075383,-8.562412717,116.2,11.987,212.10,2.3,3.5,4.2
2658,1518259857.0,41.239988983,-8.562498517,116.1,12.038,219.10,2.3,3.5,4.2
2659,1518259858.0,41.239910867,-8.562597933,115.9,12.089,226.10,2.3,3.5,4.2
2660,1518259859.0,41.23983995,-8.562707583,115.7,12.141,231.30,2.3,3.5,4.2
2661,1518259860.0,41.23977185,-8.562822683,115.4,12.141,232.90,2.3,3.5,4.2
2662,1518259861.0,41.239706383,-8.5629394,115.0,12.089,233.70,2.3,3.5,4.2
2663,1518259862.0,41.239644183,-8.563059217,114.5,12.141,235.80,2.3,3.5,4.2
2664,1518259863.0,41.239583567,-8.563178667,113.8,12.141,238.80,0.9,?,?
2665,1518259864.0,41.239526917,-8.5632992,112.8,12.141,241.90,0.9,?,?
2666,1518259865.0,41.23948405,-8.563431483,111.7,12.244,246.00,0.9,?,?
2667,1518259866.0,41.239445583,-8.563564917,110.4,12.192,250.00,0.9,?,?
2668,1518259867.0,41.2394091,-8.563698683,109.9,12.089,252.60,1.0,?,?
2669,1518259868.0,41.2393752,-8.563832417,108.2,12.244,255.00,1.1,?,?
2670,1518259869.0,41.239338317,-8.56396635,107.1,12.192,253.50,1.2,?,?
2671,1518259870.0,41.2393105,-8.5641019,105.9,11.884,255.00,1.2,?,?
2672,1518259871.0,41.239290483,-8.564238167,103.9,11.626,258.40,1.7,?,?
2673,1518259872.0,41.239282917,-8.56438675,101.5,12.038,263.90,1.7,?,?
2674,1518259873.0,41.239254283,-8.564536783,102.2,12.501,259.40,1.7,?,?
2675,1518259874.0,41.23920735,-8.564731383,108.5,12.964,254.30,1.7,?,?
2676,1518259875.0,41.23917465,-8.56486975,108.6,12.347,251.20,1.9,?,?
2677,1518259876.0,41.239130817,-8.565038683,111.1,12.038,249.10,1.2,?,?
2678,1518259877.0,41.239094083,-8.565173483,110.5,11.832,246.90,1.1,?,?
2679,1518259878.0,41.239052967,-8.565307017,110.5,11.832,245.50,1.1,?,?
2680,1518259879.0,41.239007917,-8.5654263,110.3,11.935,246.20,1.0,?,?
2681,1518259880.0,41.238950433,-8.565525833,109.7,11.266,245.90,1.0,?,?
2682,1518259881.0,41.238916917,-8.56562275,109.9,10.032,247.90,1.0,?,?
2683,1518259882.0,41.238883867,-8.565707683,109.8,8.334,246.40,1.0,?,?
2684,1518259883.0,41.238862783,-8.56577295,108.9,5.607,244.60,1.0,?,?
2685,1518259884.0,41.238836867,-8.5658064,108.3,3.910,210.50,0.9,?,?
2686,1518259885.0,41.23881295,-8.5657941,106.5,3.704,154.60,0.9,?,?
2687,1518259886.0,41.2387987,-8.565768,105.0,3.447,114.30,1.0,?,?
2688,1518259887.0,41.238798783,-8.565756367,104.1,0.772,83.40,1.1,?,?
2689,1518259888.0,41.238800717,-8.56575585,104.2,0.823,316.90,2.2,2.8,3.6
2690,1518259889.0,41.238809883,-8.565766783,104.5,1.852,335.60,2.2,2.8,3.6
2691,1518259890.0,41.2388171,-8.5657771,104.8,1.235,316.90,2.2,2.8,3.6
2692,1518259891.0,41.238819083,-8.565783283,105.0,0.000,354.50,2.2,2.8,3.6
2693,1518259892.0,41.23881755,-8.565762167,105.2,2.829,101.30,1.1,?,?
2694,1518259893.0,41.238827633,-8.565714767,105.4,4.681,82.50,1.1,?,?
2695,1518259894.0,41.2388515,-8.565659617,105.3,4.836,61.00,1.1,?,?
2696,1518259895.0,41.238879517,-8.565603,104.7,6.276,58.00,1.1,?,?
2697,1518259896.0,41.238911083,-8.565522517,104.7,8.746,60.50,1.1,?,?
2698,1518259897.0,41.238951717,-8.565411617,104.3,11.318,62.60,1.1,?,?
2699,1518259898.0,41.239000483,-8.565286833,104.7,12.038,63.60,1.2,?,?
2700,1518259899.0,41.239048233,-8.565162233,104.7,11.884,64.10,1.2,?,?
2701,1518259900.0,41.239093633,-8.565034733,105.1,11.935,65.90,1.2,?,?
2702,1518259901.0,41.23912995,-8.564905533,105.6,11.832,68.60,1.3,?,?
2703,1518259902.0,41.23916575,-8.564776617,106.1,11.935,70.50,1.3,?,?
2704,1518259903.0,41.239205033,-8.5646452,106.6,12.038,71.60,1.3,?,?
2705,1518259904.0,41.23923885,-8.56449995,106.4,11.832,73.00,1.3,?,?
2706,1518259905.0,41.239269083,-8.5643674,106.5,11.575,73.70,1.4,?,?
2707,1518259906.0,41.239297767,-8.564237383,107.3,11.318,74.30,3.7,2.1,4.3
2708,1518259907.0,41.2393248,-8.56411305,108.8,11.061,74.80,3.1,?,?
2709,1518259908.0,41.239200667,-8.563951133,114.6,13.376,113.00,3.1,?,?
2710,1518259916.0,41.23917675,-8.563810283,114.0,?,?,3.1,?,?
2711,1518259917.0,41.23965575,-8.562814317,117.0,12.089,52.40,2.2,2.8,3.6
2712,1518259918.0,41.23975635,-8.56270035,117.5,12.089,50.30,2.2,2.8,3.6
2713,1518259919.0,41.2398364,-8.562594133,117.6,12.089,48.00,2.2,2.8,3.6
2714,1518259920.0,41.239917733,-8.562493883,117.7,12.089,43.70,2.2,2.8,3.6
2715,1518259921.0,41.240005433,-8.562404517,117.7,12.089,37.30,2.2,2.8,3.6
2716,1518259922.0,41.240099983,-8.562327733,117.7,12.141,30.40,2.2,2.8,3.6
2717,1518259923.0,41.24020055,-8.562265933,117.6,12.192,22.90,2.2,2.8,3.6
2718,1518259924.0,41.240308783,-8.562217417,117.0,12.192,16.30,1.1,?,?
2719,1518259925.0,41.240422667,-8.562182983,116.2,12.192,9.90,0.9,?,?
2720,1518259926.0,41.2405334,-8.562165067,115.4,12.089,3.70,0.8,?,?
2721,1518259927.0,41.240643267,-8.56215765,114.7,12.141,0.20,0.9,?,?
2722,1518259928.0,41.240755117,-8.562165117,114.2,12.192,358.30,0.8,?,?
2723,1518259929.0,41.24086275,-8.562176467,113.8,12.192,358.50,2.2,2.8,3.6
2724,1518259930.0,41.2409719,-8.562184583,113.4,12.192,358.70,2.2,2.8,3.6
2725,1518259931.0,41.241081267,-8.562190533,112.9,12.141,359.10,2.2,2.8,3.6
2726,1518259932.0,41.241190817,-8.562195067,112.3,12.089,359.20,2.2,2.8,3.6
2727,1518259933.0,41.241300233,-8.562200383,111.8,11.987,358.60,2.2,2.8,3.6
2728,1518259934.0,41.2414118,-8.562200417,111.2,12.141,358.60,0.8,?,?
2729,1518259935.0,41.2415199,-8.562211433,110.7,12.089,355.80,2.3,3.4,4.1
2730,1518259936.0,41.241627433,-8.56222955,110.3,12.089,353.00,2.3,3.4,4.1
2731,1518259937.0,41.241734367,-8.562252783,109.9,12.038,350.10,2.3,3.4,4.1
2732,1518259938.0,41.24184105,-8.562281917,109.6,11.987,347.40,2.3,3.4,4.1
2733,1518259939.0,41.2419461,-8.562317733,109.2,11.935,344.30,2.3,3.4,4.1
2734,1518259940.0,41.242049,-8.562354483,108.5,11.626,344.60,2.3,3.4,4.1
2735,1518259941.0,41.242145533,-8.562385233,108.0,10.546,346.80,2.3,3.4,4.1
2736,1518259942.0,41.242231383,-8.56241015,107.7,9.157,349.60,2.3,3.4,4.1
2737,1518259943.0,41.242308617,-8.562403917,107.3,8.488,11.40,2.3,3.4,4.1
2738,1518259944.0,41.242377583,-8.56235795,107.3,8.746,36.20,2.3,3.4,4.1
2739,1518259945.0,41.242442067,-8.562290283,107.2,9.414,42.70,2.3,3.4,4.1
2740,1518259946.0,41.24251615,-8.5622307,107.3,9.466,28.70,2.2,2.8,3.6
2741,1518259947.0,41.242592783,-8.5621816,107.3,9.569,23.30,2.2,2.8,3.6
2742,1518259948.0,41.242660567,-8.562119467,107.2,9.260,38.60,2.2,2.8,3.6
2743,1518259949.0,41.2427088,-8.562031967,107.2,9.414,62.20,2.2,2.8,3.6
2744,1518259950.0,41.242734267,-8.5619229,107.1,10.032,79.50,2.2,2.8,3.6
2745,1518259951.0,41.242754467,-8.561802383,106.7,10.752,79.40,2.2,2.8,3.6
2746,1518259952.0,41.242777933,-8.56167135,106.4,11.575,77.70,1.1,?,?
2747,1518259953.0,41.242807917,-8.561530717,106.0,12.295,77.20,1.1,?,?
2748,1518259954.0,41.242838817,-8.561387517,105.1,12.450,77.30,1.1,?,?
2749,1518259955.0,41.2428691,-8.561244567,104.3,12.295,77.20,1.1,?,?
2750,1518259956.0,41.2428983,-8.561102117,103.3,12.295,77.20,1.1,?,?
2751,1518259957.0,41.242928683,-8.56096015,102.5,12.295,76.90,1.1,?,?
2752,1518259958.0,41.24296355,-8.560819117,101.4,12.244,76.80,1.1,?,?
2753,1518259959.0,41.242990633,-8.560675867,100.5,12.295,77.60,1.1,?,?
2754,1518259960.0,41.24301995,-8.5605344,99.5,12.295,77.50,1.1,?,?
2755,1518259961.0,41.2430482,-8.560392117,98.7,12.347,77.40,1.1,?,?
2756,1518259962.0,41.2430754,-8.560249817,97.8,12.347,77.30,1.2,?,?
2757,1518259963.0,41.243102483,-8.56010725,97.0,12.295,77.10,1.2,?,?
2758,1518259964.0,41.243129683,-8.55996415,96.2,12.347,76.80,1.2,?,?
2759,1518259965.0,41.2431565,-8.559818983,95.5,12.398,77.00,1.2,?,?
2760,1518259966.0,41.243182383,-8.55967445,94.8,12.347,77.30,1.2,?,?
2761,1518259967.0,41.24320795,-8.559529583,94.2,12.347,77.20,1.2,?,?
2762,1518259968.0,41.243233717,-8.559386633,93.5,12.295,77.10,1.2,?,?
2763,1518259969.0,41.243258717,-8.559243333,92.8,12.398,77.50,1.2,?,?
2764,1518259970.0,41.243283933,-8.559101167,92.6,12.141,76.90,1.2,?,?
2765,1518259971.0,41.2433084,-8.558962517,92.9,11.678,76.70,1.2,?,?
2766,1518259972.0,41.243331383,-8.558829417,93.5,11.318,76.50,1.2,?,?
2767,1518259973.0,41.2433498,-8.558698483,94.0,11.266,76.90,1.2,?,?
2768,1518259974.0,41.243369633,-8.55856545,94.6,11.472,77.10,1.2,?,?
2769,1518259975.0,41.243390917,-8.5584299,95.3,11.626,77.40,1.1,?,?
2770,1518259976.0,41.24341285,-8.5582926,96.0,11.832,77.30,1.1,?,?
2771,1518259977.0,41.24343575,-8.55815495,96.7,11.832,77.10,1.1,?,?
2772,1518259978.0,41.243458567,-8.558017183,97.3,11.832,77.10,1.1,?,?
2773,1518259979.0,41.243481783,-8.557878967,98.0,11.832,77.10,1.1,?,?
2774,1518259980.0,41.2435044,-8.557741117,98.8,11.884,76.90,0.9,?,?
2775,1518259981.0,41.24352695,-8.557603233,99.4,11.884,76.90,0.9,?,?
2776,1518259982.0,41.243550517,-8.55746515,100.1,11.884,77.00,0.9,?,?
2777,1518259983.0,41.2435738,-8.557326967,100.8,11.832,77.30,0.9,?,?
2778,1518259984.0,41.243596217,-8.557187017,101.4,11.935,77.30,0.9,?,?
2779,1518259985.0,41.24361965,-8.557045283,101.8,12.192,77.50,0.8,?,?
2780,1518259986.0,41.2436445,-8.55690275,102.0,12.244,77.20,0.8,?,?
2781,1518259987.0,41.243669283,-8.556760717,102.1,12.192,77.20,0.9,?,?
2782,1518259988.0,41.243693783,-8.55661985,102.2,12.038,77.20,0.9,?,?
2783,1518259989.0,41.243718783,-8.556479433,102.2,12.089,77.00,0.9,?,?
2784,1518259990.0,41.24374385,-8.556338433,102.1,12.192,77.00,0.9,?,?
2785,1518259991.0,41.243770083,-8.556196733,101.8,12.347,76.60,0.9,?,?
2786,1518259992.0,41.2437962,-8.556054133,101.3,12.295,76.50,0.9,?,?
2787,1518259993.0,41.2438224,-8.5559127,100.8,12.244,76.50,0.9,?,?
2788,1518259994.0,41.243848,-8.5557715,100.3,12.141,77.00,0.9,?,?
2789,1518259995.0,41.243872817,-8.55563115,99.8,12.141,77.30,0.9,?,?
2790,1518259996.0,41.243897067,-8.55549185,99.5,11.884,77.30,0.9,?,?
2791,1518259997.0,41.24392105,-8.555354883,99.4,11.626,77.20,0.9,?,?
2792,1518259998.0,41.243943967,-8.555221017,99.7,11.421,76.90,0.9,?,?
2793,1518259999.0,41.243966933,-8.5550901,100.0,11.061,76.70,0.9,?,?
2794,1518260000.0,41.243985233,-8.5549684,100.4,9.980,79.70,0.9,?,?
2795,1518260001.0,41.243989517,-8.554855633,100.9,8.797,90.90,0.9,?,?
2796,1518260002.0,41.2439691,-8.554757067,101.3,8.488,114.00,0.9,?,?
2797,1518260003.0,41.243928583,-8.5546717,101.3,8.900,127.90,0.9,?,?
2798,1518260004.0,41.24388225,-8.554583267,101.3,9.260,123.50,0.9,?,?
2799,1518260005.0,41.243857717,-8.554486167,101.0,9.003,104.10,0.9,?,?
2800,1518260006.0,41.243852367,-8.554380767,100.9,9.003,86.20,0.8,?,?
2801,1518260007.0,41.243873533,-8.554274717,100.8,9.106,66.60,0.8,?,?
2802,1518260008.0,41.243918467,-8.554183733,100.8,9.209,46.80,0.9,?,?
2803,1518260009.0,41.243983483,-8.554121833,100.6,9.466,26.60,0.8,?,?
2804,1518260010.0,41.24406405,-8.55409225,100.5,9.620,8.20,0.8,?,?
2805,1518260011.0,41.244147533,-8.5540999,100.3,9.620,348.80,0.8,?,?
2806,1518260012.0,41.244221767,-8.5541409,100.4,9.723,329.30,0.7,?,?
2807,1518260013.0,41.244271883,-8.554204817,100.5,9.672,309.00,0.7,?,?
2808,1518260014.0,41.244298617,-8.554298533,100.6,9.569,288.40,0.7,?,?
2809,1518260015.0,41.24430365,-8.5544073,100.8,9.672,269.30,0.7,?,?
2810,1518260016.0,41.2442811,-8.554516483,101.3,9.569,248.10,0.7,?,?
2811,1518260017.0,41.244233083,-8.554611117,101.6,9.774,229.70,0.7,?,?
2812,1518260018.0,41.244166667,-8.55469005,101.9,10.237,217.30,0.7,?,?
2813,1518260019.0,41.244093783,-8.55476815,102.1,10.598,219.20,0.7,?,?
2814,1518260020.0,41.244026983,-8.554862767,102.0,11.112,231.10,0.8,?,?
2815,1518260021.0,41.243975217,-8.554981783,101.6,11.884,245.90,0.8,?,?
2816,1518260022.0,41.24394465,-8.555117783,101.3,12.192,258.60,0.8,?,?
2817,1518260023.0,41.243921017,-8.555259167,100.9,12.295,258.00,0.8,?,?
2818,1518260024.0,41.243896433,-8.555398683,100.8,11.987,256.90,0.8,?,?
2819,1518260025.0,41.243872817,-8.555534967,100.9,11.575,257.20,0.8,?,?
2820,1518260026.0,41.243849433,-8.55566855,101.0,11.421,257.10,2.0,2.8,3.4
2821,1518260027.0,41.243826017,-8.5558008,101.3,11.472,256.90,2.0,2.8,3.4
2822,1518260028.0,41.24380195,-8.555934067,101.5,11.575,256.80,2.0,2.8,3.4
2823,1518260029.0,41.24377715,-8.556069767,101.8,11.678,256.80,2.0,2.8,3.4
2824,1518260030.0,41.243748583,-8.556214317,101.9,11.781,257.10,2.0,2.8,3.4
2825,1518260031.0,41.243723,-8.556356267,102.2,11.884,257.40,1.4,2.2,2.6
2826,1518260032.0,41.24369875,-8.5564972,102.3,12.038,257.30,1.4,2.2,2.6
2827,1518260033.0,41.243674783,-8.556638917,102.3,12.141,257.30,1.4,2.2,2.6
2828,1518260034.0,41.243650683,-8.556780617,102.3,12.089,257.30,1.4,2.2,2.6
2829,1518260035.0,41.243626217,-8.556921567,102.2,12.089,257.00,1.4,2.2,2.6
2830,1518260036.0,41.243601567,-8.5570617,102.1,12.038,256.90,1.4,2.2,2.6
2831,1518260037.0,41.24357655,-8.557202283,101.9,12.141,256.80,1.4,2.2,2.6
2832,1518260038.0,41.243551183,-8.557344067,101.4,12.295,257.00,1.4,2.2,2.6
2833,1518260039.0,41.243525733,-8.557487367,100.7,12.398,257.20,1.4,2.2,2.6
2834,1518260040.0,41.243500367,-8.557631083,100.0,12.398,257.30,1.4,2.2,2.6
2835,1518260041.0,41.243475067,-8.5577749,99.3,12.450,257.40,1.4,2.2,2.6
2836,1518260042.0,41.2434497,-8.557919317,98.6,12.501,257.50,1.4,2.2,2.6
2837,1518260043.0,41.243424533,-8.558064167,98.0,12.501,257.70,1.4,2.2,2.6
2838,1518260044.0,41.243399,-8.558209333,97.3,12.552,257.40,1.4,2.2,2.6
2839,1518260045.0,41.2433726,-8.558354983,96.5,12.655,256.80,1.4,2.2,2.6
2840,1518260046.0,41.243345217,-8.558501017,95.8,12.655,256.60,1.5,2.4,2.8
2841,1518260047.0,41.2433177,-8.55864755,95.1,12.707,256.60,1.5,2.4,2.8
2842,1518260048.0,41.243290183,-8.558794383,94.4,12.758,256.70,1.5,2.4,2.8
2843,1518260049.0,41.243262967,-8.558941383,93.8,12.707,256.80,1.5,2.4,2.8
2844,1518260050.0,41.243236633,-8.559087133,93.5,12.552,257.20,1.5,2.4,2.8
2845,1518260051.0,41.243211683,-8.55922875,93.7,12.038,257.50,1.5,2.4,2.8
2846,1518260052.0,41.24318815,-8.5593644,94.3,11.472,257.70,1.5,2.4,2.8
2847,1518260053.0,41.243165617,-8.559498217,95.1,11.369,257.60,1.5,2.4,2.8
2848,1518260054.0,41.243143217,-8.559633,95.8,11.575,257.50,1.5,2.4,2.8
2849,1518260055.0,41.2431199,-8.559769617,96.6,11.832,257.10,1.5,2.4,2.8
2850,1518260056.0,41.243094867,-8.559913667,97.3,12.707,256.90,1.5,2.4,2.8
2851,1518260057.0,41.24306755,-8.560070267,98.2,13.941,256.90,1.5,2.4,2.8
2852,1518260058.0,41.243038667,-8.560239533,99.0,14.970,257.40,1.4,2.2,2.6
2853,1518260059.0,41.2430083,-8.560420033,100.0,15.896,257.60,1.5,2.4,2.8
2854,1518260060.0,41.24297605,-8.560607267,101.2,16.359,257.10,1.5,2.4,2.8
2855,1518260061.0,41.242943983,-8.560800483,102.1,16.771,257.30,1.5,2.4,2.8
2856,1518260062.0,41.242910483,-8.560993933,103.1,16.668,256.70,1.5,2.4,2.8
2857,1518260063.0,41.2428767,-8.56118475,104.0,16.308,256.50,1.5,2.4,2.8
2858,1518260064.0,41.242842833,-8.561369533,104.9,15.691,256.20,1.5,2.4,2.8
2859,1518260065.0,41.24281105,-8.56154485,105.8,14.713,256.60,1.5,2.4,2.8
2860,1518260066.0,41.242782617,-8.56170635,106.5,13.324,257.00,1.5,2.4,2.8
2861,1518260067.0,41.242757717,-8.561849483,107.0,11.575,257.20,1.5,2.4,2.8
2862,1518260068.0,41.24273795,-8.561973617,107.2,9.929,258.70,1.5,2.4,2.8
2863,1518260069.0,41.242727383,-8.562079983,108.0,9.209,269.90,1.1,1.5,1.9
2864,1518260070.0,41.24274445,-8.562186433,108.3,9.414,288.70,1.1,1.3,1.7
2865,1518260071.0,41.24278495,-8.5622904,108.5,10.237,301.60,1.1,1.3,1.7
2866,1518260072.0,41.2428369,-8.56239765,108.5,11.163,305.80,1.1,1.3,1.7
2867,1518260073.0,41.24287705,-8.562513983,108.6,11.215,298.50,1.1,1.5,1.9
2868,1518260074.0,41.2428682,-8.5626447,109.2,10.906,273.20,1.1,1.3,1.7
2869,1518260075.0,41.2428224,-8.56275965,109.5,10.906,243.40,1.1,1.3,1.7
2870,1518260076.0,41.242759333,-8.5628524,110.0,10.906,219.30,1.0,1.3,1.6
2871,1518260077.0,41.24267395,-8.562906617,109.9,11.061,196.40,1.0,1.3,1.6
2872,1518260078.0,41.2425822,-8.562914433,109.7,11.009,172.40,1.0,1.3,1.6
2873,1518260079.0,41.242500333,-8.562879367,109.5,11.266,152.50,1.0,1.3,1.6
2874,1518260080.0,41.242430667,-8.562800083,108.3,11.112,135.10,1.0,1.3,1.6
2875,1518260081.0,41.242372083,-8.562702983,107.5,10.803,124.90,1.0,1.3,1.6
2876,1518260082.0,41.242318417,-8.562603,106.8,10.546,126.80,1.1,1.4,1.7
2877,1518260083.0,41.24225495,-8.5625166,106.6,10.443,138.20,1.5,1.4,2.0
2878,1518260084.0,41.2421744,-8.562451283,106.6,10.958,152.30,1.1,1.4,1.7
2879,1518260085.0,41.24208045,-8.562404817,107.0,11.575,163.50,1.1,1.4,1.7
2880,1518260086.0,41.241978767,-8.56237305,107.6,11.884,167.90,1.2,1.7,2.1
2881,1518260087.0,41.241875183,-8.562338967,108.2,11.884,166.30,1.2,1.7,2.1
2882,1518260088.0,41.241771183,-8.56230705,108.5,12.192,169.10,1.2,1.7,2.1
2883,1518260089.0,41.241670467,-8.5622768,109.0,11.987,173.10,1.1,1.6,2.0
2884,1518260090.0,41.241565067,-8.562256683,109.4,11.884,175.00,1.1,1.6,2.0
2885,1518260091.0,41.24145745,-8.562246167,109.7,11.884,177.10,1.1,1.6,2.0
2886,1518260092.0,41.241349217,-8.562239867,110.3,11.832,178.60,1.2,1.6,2.0
2887,1518260093.0,41.241244267,-8.562236317,110.8,11.626,178.90,1.2,1.6,2.0
2888,1518260094.0,41.2411329,-8.562237867,111.4,11.781,179.20,1.1,1.6,2.0
2889,1518260095.0,41.24102305,-8.562236683,112.4,11.884,179.00,1.0,1.3,1.6
2890,1518260096.0,41.2409122,-8.562232533,113.5,12.038,179.20,1.0,1.3,1.6
2891,1518260097.0,41.24080175,-8.562229333,114.6,12.038,179.20,1.0,1.3,1.6
2892,1518260098.0,41.240691967,-8.562226167,115.5,11.987,179.10,1.0,1.3,1.6
2893,1518260099.0,41.2405824,-8.56222515,116.2,12.038,180.60,1.0,1.3,1.6
2894,1518260100.0,41.240473517,-8.5622345,116.6,12.089,185.90,1.0,1.3,1.6
2895,1518260101.0,41.240366217,-8.56226055,116.9,12.089,193.60,1.1,1.6,2.0
2896,1518260102.0,41.240261833,-8.5623038,117.1,12.089,200.20,1.2,1.7,2.1
2897,1518260103.0,41.240163033,-8.5623642,117.2,12.038,207.90,1.2,1.7,2.1
2898,1518260104.0,41.2400696,-8.562436367,117.2,12.038,214.00,1.2,1.7,2.1
2899,1518260105.0,41.2399821,-8.562520783,117.2,12.038,219.40,1.2,1.7,2.1
2900,1518260106.0,41.239902583,-8.562618833,117.0,12.089,226.10,1.2,1.7,2.1
2901,1518260107.0,41.239831817,-8.562728117,116.7,12.089,230.60,1.2,1.7,2.1
2902,1518260108.0,41.239766933,-8.562845033,116.5,12.141,232.80,1.2,1.7,2.1
2903,1518260109.0,41.23970095,-8.562960667,116.1,12.141,234.10,1.2,1.7,2.1
2904,1518260110.0,41.239636833,-8.5630787,115.6,12.141,235.30,1.2,1.7,2.1
2905,1518260111.0,41.239578967,-8.563201967,114.9,12.141,239.60,1.1,1.4,1.7
2906,1518260112.0,41.239527767,-8.56332975,114.2,12.141,243.40,1.2,1.7,2.1
2907,1518260113.0,41.2394819,-8.563465517,113.6,12.501,246.90,1.2,1.7,2.1
2908,1518260114.0,41.239446883,-8.563597333,112.9,11.781,251.60,1.2,1.7,2.1
2909,1518260115.0,41.23940775,-8.563727317,112.1,12.347,253.50,1.0,?,?
2910,1518260116.0,41.239370183,-8.563867267,110.8,12.655,252.40,1.5,?,?
2911,1518260117.0,41.239339383,-8.564005833,109.0,12.038,255.10,1.8,?,?
2912,1518260118.0,41.239311533,-8.564141667,107.9,11.781,255.70,1.5,?,?
2913,1518260119.0,41.239282717,-8.564273167,107.2,11.421,255.30,3.7,?,?
2914,1518260120.0,41.239249283,-8.564393583,106.6,11.061,253.40,2.2,?,?
2915,1518260121.0,41.239199417,-8.564497067,105.6,10.855,247.70,2.2,?,?
2916,1518260122.0,41.239161417,-8.564624867,106.1,11.318,248.50,2.2,?,?
2917,1518260123.0,41.2391221,-8.564756017,105.9,11.678,250.30,2.0,?,?
2918,1518260124.0,41.2390821,-8.564898383,105.9,11.626,249.50,1.2,?,?
2919,1518260125.0,41.239045567,-8.565037233,105.5,11.935,249.50,1.1,?,?
2920,1518260126.0,41.23901265,-8.565174033,104.7,11.832,248.70,1.1,?,?
2921,1518260127.0,41.238976567,-8.56531175,105.3,11.729,250.30,1.1,?,?
2922,1518260128.0,41.2389395,-8.565441267,106.3,11.009,248.20,1.1,?,?
2923,1518260129.0,41.238902617,-8.565559583,105.1,9.980,246.30,1.0,?,?
2924,1518260130.0,41.238867983,-8.565660217,105.4,7.665,245.60,1.0,?,?
2925,1518260131.0,41.238843,-8.56573045,106.0,5.247,242.80,1.2,1.6,2.0
2926,1518260132.0,41.23881235,-8.5657645,106.3,3.910,201.10,1.2,1.6,2.0
2927,1518260133.0,41.238786867,-8.565754333,105.6,3.755,145.40,1.1,1.6,2.0
2928,1518260134.0,41.2387731,-8.565734267,105.7,2.109,112.90,1.8,2.4,3.0
2929,1518260135.0,41.2387731,-8.565732767,105.3,0.309,84.10,1.3,?,?
2930,1518260136.0,41.238772533,-8.565738267,105.8,0.720,323.20,1.7,2.0,2.6
2931,1518260137.0,41.238780933,-8.565746483,106.6,1.646,341.40,1.8,2.1,2.7
2932,1518260138.0,41.2387873,-8.565756383,107.0,0.977,323.00,1.7,2.0,2.6
2933,1518260139.0,41.238783017,-8.565765233,107.2,0.206,281.50,1.7,2.0,2.6
2934,1518260140.0,41.23877875,-8.56574525,107.3,2.727,99.30,1.7,2.0,2.6
2935,1518260141.0,41.238784317,-8.565696817,107.4,4.990,76.70,1.7,2.0,2.6
2936,1518260142.0,41.238805083,-8.565645867,107.2,5.505,63.60,1.3,1.8,2.3
2937,1518260143.0,41.238831083,-8.565586317,107.1,6.328,59.50,1.3,1.8,2.3
2938,1518260144.0,41.238865517,-8.5655062,107.2,8.591,60.80,1.4,1.9,2.4
2939,1518260145.0,41.23890745,-8.565398167,107.3,11.112,63.30,1.4,1.9,2.4
2940,1518260146.0,41.2389545,-8.56527505,107.5,12.089,63.20,1.4,1.9,2.4
2941,1518260147.0,41.238997867,-8.56514465,107.8,12.398,65.80,1.4,1.9,2.4
2942,1518260148.0,41.239043833,-8.565006433,107.7,12.861,66.70,1.4,1.9,2.4
2943,1518260149.0,41.239087,-8.56487495,107.3,12.295,65.80,1.4,1.9,2.4
2944,1518260150.0,41.23912235,-8.564741317,107.8,12.141,67.60,1.4,1.9,2.4
2945,1518260151.0,41.2391581,-8.5646068,108.2,11.987,70.70,1.4,1.9,2.4
2946,1518260152.0,41.2391932,-8.5644703,108.3,11.575,73.00,1.2,?,?
2947,1518260153.0,41.2392222,-8.564338683,108.7,11.472,74.80,4.5,?,?
2948,1518260154.0,41.2392469,-8.564208933,109.0,11.163,76.40,6.6,?,?
2949,1518260155.0,41.23926715,-8.564080417,109.5,10.855,78.10,3.4,?,?
2950,1518260156.0,41.239216167,-8.563930767,110.4,11.987,96.60,4.7,?,?
2951,1518260157.0,41.239259583,-8.56381045,109.7,11.421,86.10,4.7,?,?
2952,1518260158.0,41.239314267,-8.563674567,110.3,11.678,74.30,13.8,2.1,14.0
2953,1518260159.0,41.239364183,-8.5635388,111.3,11.884,69.10,3.4,2.1,4.0
2954,1518260160.0,41.23941245,-8.563407067,112.3,11.781,68.00,3.4,2.1,4.0
2955,1518260161.0,41.239465233,-8.563278333,113.4,11.935,63.00,3.4,2.1,4.0
2956,1518260162.0,41.239543533,-8.563154,114.3,11.935,58.70,4.8,4.0,6.3
2957,1518260163.0,41.239665083,-8.563037983,114.2,12.038,55.80,1.3,?,?
2958,1518260164.0,41.2397413,-8.562922117,114.8,12.141,53.20,1.3,?,?
2959,1518260165.0,41.239820267,-8.56280785,115.0,12.141,51.70,1.3,?,?
2960,1518260166.0,41.2398947,-8.5626971,115.2,12.089,49.90,1.3,?,?
2961,1518260167.0,41.23997045,-8.562589817,115.5,12.089,47.70,1.3,?,?
2962,1518260168.0,41.240045017,-8.562493117,115.7,12.089,42.60,1.6,2.7,3.1
2963,1518260169.0,41.240126033,-8.5624104,116.4,12.141,35.50,1.1,?,?
2964,1518260170.0,41.240227933,-8.562335117,117.8,12.141,28.90,1.1,?,?
2965,1518260171.0,41.240337583,-8.56227565,118.7,12.244,22.00,1.2,?,?
2966,1518260172.0,41.24044565,-8.562234067,118.8,12.141,15.10,0.8,?,?
2967,1518260173.0,41.240552433,-8.56221015,118.5,12.244,7.70,0.7,?,?
2968,1518260174.0,41.240654667,-8.5622004,117.7,12.141,1.70,0.8,?,?
2969,1518260175.0,41.240760033,-8.562199517,116.8,12.141,359.10,0.9,?,?
2970,1518260176.0,41.24086615,-8.56220085,116.1,12.141,358.50,1.0,?,?
2971,1518260177.0,41.240969833,-8.5622034,115.3,12.141,358.30,0.9,?,?
2972,1518260178.0,41.241073733,-8.5622051,114.4,12.089,358.90,0.9,?,?
2973,1518260179.0,41.241178017,-8.562206633,113.4,12.089,358.90,0.8,?,?
2974,1518260180.0,41.241280967,-8.562208867,112.4,11.987,359.10,0.7,?,?
2975,1518260181.0,41.241380233,-8.562211283,111.0,12.141,359.10,0.7,?,?
2976,1518260182.0,41.241480483,-8.562213367,109.8,12.038,358.40,0.8,?,?
2977,1518260183.0,41.241585167,-8.5622181,109.0,11.935,356.10,0.9,?,?
2978,1518260184.0,41.241691067,-8.562229967,108.6,11.935,352.10,0.9,?,?
2979,1518260185.0,41.241797683,-8.5622532,108.1,11.935,348.70,0.9,?,?
2980,1518260186.0,41.241902617,-8.562283417,107.8,11.987,346.00,0.9,?,?
2981,1518260187.0,41.242005017,-8.562318533,107.5,11.884,344.10,1.1,?,?
2982,1518260188.0,41.242105667,-8.56236085,106.9,11.729,342.50,1.1,?,?
2983,1518260189.0,41.242202133,-8.562395117,106.6,10.649,346.10,1.1,?,?
2984,1518260190.0,41.242289667,-8.562404367,106.2,9.774,1.10,1.1,?,?
2985,1518260191.0,41.242373833,-8.562382683,106.1,9.672,17.60,1.1,?,?
2986,1518260192.0,41.2424567,-8.5623336,106.2,10.186,29.50,1.1,?,?
2987,1518260193.0,41.242536683,-8.562274317,106.2,10.443,31.80,1.1,?,?
2988,1518260194.0,41.2426126,-8.562209717,105.9,10.237,34.50,1.1,?,?
2989,1518260195.0,41.242681133,-8.56213365,105.8,10.032,45.00,0.7,?,?
2990,1518260196.0,41.242737383,-8.562042217,105.8,10.392,61.20,0.7,?,?
2991,1518260197.0,41.242773483,-8.561922833,105.5,11.472,76.50,1.0,?,?
2992,1518260198.0,41.24280175,-8.561784267,105.0,12.604,79.20,1.0,?,?
2993,1518260199.0,41.242825867,-8.561635767,104.3,12.707,77.80,0.9,?,?
2994,1518260200.0,41.242846267,-8.56148775,103.4,12.501,77.20,0.9,?,?
2995,1518260201.0,41.242868817,-8.56134185,102.6,12.398,77.30,0.9,?,?
2996,1518260202.0,41.242891483,-8.561196733,101.7,12.398,77.50,0.9,?,?
2997,1518260203.0,41.24291275,-8.561052383,100.9,12.398,77.20,1.0,?,?
2998,1518260204.0,41.24293585,-8.560907733,100.2,12.398,76.90,0.9,?,?
2999,1518260205.0,41.242960633,-8.560762983,99.4,12.398,76.70,0.9,?,?
3000,1518260206.0,41.242986783,-8.5606184,98.7,12.398,76.70,0.9,?,?
3001,1518260207.0,41.243014,-8.56047465,98.0,12.501,76.90,0.9,?,?
3002,1518260208.0,41.24303955,-8.56033035,97.3,12.398,77.20,0.9,?,?
3003,1518260209.0,41.243064017,-8.560186417,96.5,12.450,77.50,1.1,?,?
3004,1518260210.0,41.243088083,-8.56004175,95.7,12.450,77.50,1.1,?,?
3005,1518260211.0,41.243112467,-8.559897233,94.9,12.347,77.30,1.1,?,?
3006,1518260212.0,41.243137283,-8.55975265,94.1,12.398,77.20,1.1,?,?
3007,1518260213.0,41.24316245,-8.559607367,93.4,12.450,77.00,1.1,?,?
3008,1518260214.0,41.243187367,-8.559463683,92.6,12.347,77.10,1.1,?,?
3009,1518260215.0,41.24321165,-8.5593187,91.9,12.450,77.50,1.1,?,?
3010,1518260216.0,41.2432362,-8.5591743,91.4,12.295,77.20,1.1,?,?
3011,1518260217.0,41.243260733,-8.559033033,91.3,12.038,76.90,1.1,?,?
3012,1518260218.0,41.243284017,-8.558896767,91.8,11.472,76.70,0.8,?,?
3013,1518260219.0,41.24330595,-8.558763317,92.7,11.266,76.40,0.8,?,?
3014,1518260220.0,41.243328983,-8.558630667,93.5,11.421,76.30,0.8,?,?
3015,1518260221.0,41.2433522,-8.55849645,94.3,11.626,77.10,0.8,?,?
3016,1518260222.0,41.243376183,-8.558360567,95.0,11.781,77.40,0.8,?,?
3017,1518260223.0,41.243398483,-8.558222683,95.8,11.832,77.40,0.8,?,?
3018,1518260224.0,41.24342215,-8.5580853,96.5,11.832,77.10,0.8,?,?
3019,1518260225.0,41.24344575,-8.557947367,97.2,11.884,77.20,0.7,?,?
3020,1518260226.0,41.243469383,-8.55780945,97.8,11.884,77.20,0.7,?,?
3021,1518260227.0,41.243492667,-8.55767155,98.5,11.832,77.50,0.7,?,?
3022,1518260228.0,41.243516133,-8.55753365,99.2,11.832,77.30,0.7,?,?
3023,1518260229.0,41.2435398,-8.557395783,99.9,11.832,77.10,0.7,?,?
3024,1518260230.0,41.243563717,-8.557257667,100.6,11.884,77.00,0.7,?,?
3025,1518260231.0,41.24358785,-8.557118017,100.9,12.089,77.20,0.7,?,?
3026,1518260232.0,41.243611583,-8.55697585,101.3,12.244,76.80,0.7,?,?
3027,1518260233.0,41.243636017,-8.556833683,101.4,12.192,76.90,0.7,?,?
3028,1518260234.0,41.243659567,-8.556691667,101.6,12.089,76.90,0.7,?,?
3029,1518260235.0,41.243684067,-8.556551233,101.7,12.038,77.00,0.7,?,?
3030,1518260236.0,41.243706467,-8.55640945,101.9,12.089,77.40,0.7,?,?
3031,1518260237.0,41.243730067,-8.5562669,101.6,12.295,77.40,0.7,?,?
3032,1518260238.0,41.243754067,-8.55612365,101.3,12.295,77.40,0.7,?,?
3033,1518260239.0,41.24377825,-8.555979783,100.9,12.295,77.10,0.7,?,?
3034,1518260240.0,41.243801783,-8.555837167,100.5,12.141,77.00,0.7,?,?
3035,1518260241.0,41.243825483,-8.555695383,100.1,12.038,77.20,0.7,?,?
3036,1518260242.0,41.2438493,-8.555554683,99.9,12.038,77.00,0.7,?,?
3037,1518260243.0,41.243872683,-8.555415967,99.8,11.832,76.80,0.7,?,?
3038,1518260244.0,41.243895533,-8.555280617,100.1,11.626,76.00,0.7,?,?
3039,1518260245.0,41.243918833,-8.555149033,100.5,11.318,75.80,0.8,?,?
3040,1518260246.0,41.243940283,-8.555018783,101.1,11.061,76.80,0.8,?,?
3041,1518260247.0,41.2439503,-8.554896133,101.5,9.980,87.10,0.8,?,?
3042,1518260248.0,41.2439351,-8.554786417,101.9,9.106,109.70,0.8,?,?
3043,1518260249.0,41.2438907,-8.554693333,102.0,9.569,130.00,1.1,?,?
3044,1518260250.0,41.24383565,-8.554602617,102.0,10.083,129.80,1.1,?,?
3045,1518260251.0,41.24378955,-8.55450175,102.0,10.083,117.60,1.1,?,?
3046,1518260252.0,41.243751017,-8.554398683,101.7,9.620,114.50,1.1,?,?
3047,1518260253.0,41.24369345,-8.554310767,101.6,9.774,135.90,1.1,?,?
3048,1518260254.0,41.24361765,-8.554246433,101.3,10.289,153.90,1.1,?,?
3049,1518260255.0,41.243527583,-8.5542086,101.3,11.009,168.20,1.1,?,?
3050,1518260256.0,41.24342805,-8.554184983,101.0,11.421,168.90,1.1,?,?
3051,1518260257.0,41.2433295,-8.554157117,100.7,11.575,167.90,1.1,?,?
3052,1518260258.0,41.243235583,-8.554128917,100.1,11.318,167.70,1.0,?,?
3053,1518260259.0,41.2431462,-8.5541016,99.5,10.598,167.60,0.8,?,?
3054,1518260260.0,41.24305955,-8.554076217,99.1,9.929,167.50,0.8,?,?
3055,1518260261.0,41.242979767,-8.554056433,98.8,8.900,168.20,0.8,?,?
3056,1518260262.0,41.242911883,-8.554041367,98.6,7.408,170.90,0.8,?,?
3057,1518260263.0,41.242854967,-8.554029833,98.3,6.019,167.50,0.8,?,?
3058,1518260264.0,41.24281145,-8.553995067,97.8,5.813,139.40,0.8,?,?
3059,1518260265.0,41.2427825,-8.553922467,98.2,7.357,108.00,0.9,?,?
3060,1518260266.0,41.242771867,-8.553831183,99.2,8.180,92.90,0.9,?,?
3061,1518260267.0,41.242771,-8.553732017,100.1,8.385,87.60,1.1,?,?
3062,1518260268.0,41.242769083,-8.553618167,101.3,8.951,88.10,1.1,?,?
3063,1518260269.0,41.242767533,-8.55350015,102.7,10.032,90.60,1.1,?,?
3064,1518260270.0,41.242768467,-8.55337465,104.3,10.958,91.70,1.1,?,?
3065,1518260271.0,41.242769217,-8.553244783,105.8,11.318,92.00,1.1,?,?
3066,1518260272.0,41.24276845,-8.553115617,107.1,10.803,92.70,1.1,?,?
3067,1518260273.0,41.242761633,-8.552991667,108.3,10.186,96.00,1.1,?,?
3068,1518260274.0,41.242748533,-8.552876883,109.5,9.466,101.00,1.4,?,?
3069,1518260275.0,41.242734033,-8.552772867,110.4,8.746,102.90,1.6,?,?
3070,1518260276.0,41.242719383,-8.5526787,111.1,7.820,103.60,1.6,?,?
3071,1518260277.0,41.242703683,-8.5525932,111.5,6.894,102.40,1.3,?,?
3072,1518260278.0,41.242693183,-8.552518883,111.9,5.916,101.30,1.6,?,?
3073,1518260279.0,41.242685367,-8.552458383,112.3,4.784,102.10,1.6,?,?
3074,1518260280.0,41.2426779,-8.552412033,112.6,3.601,106.40,1.6,?,?
3075,1518260281.0,41.242670617,-8.5523771,112.9,2.778,110.80,1.6,?,?
3076,1518260282.0,41.242664733,-8.552350267,113.3,2.006,112.90,1.6,?,?
3077,1518260283.0,41.2426577,-8.552336867,113.1,0.926,115.60,1.2,?,?
3078,1518260284.0,41.242652483,-8.552331183,112.9,0.257,114.90,1.2,?,?
3079,1518260285.0,41.2426469,-8.552329733,112.5,0.309,117.00,1.2,?,?
3080,1518260286.0,41.242640517,-8.552323533,112.1,0.720,116.90,1.0,?,?
3081,1518260287.0,41.2426328,-8.552310617,111.8,1.749,114.40,0.8,?,?
3082,1518260288.0,41.24262085,-8.5522887,111.5,2.315,119.20,1.6,?,?
3083,1518260289.0,41.242608283,-8.552264517,111.2,2.521,120.00,1.6,?,?
3084,1518260290.0,41.24259455,-8.552237883,111.0,2.675,119.20,1.1,?,?
3085,1518260291.0,41.242580383,-8.552209567,111.2,3.035,121.20,1.6,?,?
3086,1518260292.0,41.242560417,-8.552171817,111.3,3.704,123.50,1.1,?,?
3087,1518260293.0,41.242538183,-8.552131517,111.6,4.218,126.00,1.0,?,?
3088,1518260294.0,41.242510817,-8.552082583,112.1,4.630,127.90,1.0,?,?
3089,1518260295.0,41.24247735,-8.552031667,112.8,5.350,129.10,1.8,?,?
3090,1518260296.0,41.242442867,-8.55198055,113.5,5.350,131.90,1.3,?,?
3091,1518260297.0,41.242413433,-8.5519324,114.2,4.836,128.60,1.3,?,?
3092,1518260298.0,41.242384,-8.551879417,114.8,5.607,126.50,1.3,?,?
3093,1518260299.0,41.242352933,-8.551819933,115.3,6.173,124.20,1.3,?,?
3094,1518260300.0,41.242316533,-8.551755083,115.9,6.842,125.70,1.7,?,?
3095,1518260301.0,41.242277567,-8.551684367,116.6,7.511,125.30,1.3,?,?
3096,1518260302.0,41.242241917,-8.5516054,117.4,7.871,118.90,1.3,?,?
3097,1518260303.0,41.242214517,-8.551520117,118.0,7.974,110.90,2.4,?,?
3098,1518260304.0,41.242191333,-8.551430567,118.4,8.077,106.40,1.3,?,?
3099,1518260305.0,41.242168233,-8.551328183,120.0,8.283,107.40,1.1,?,?
3100,1518260306.0,41.2421482,-8.551232883,120.8,8.283,105.20,1.1,?,?
3101,1518260307.0,41.24212915,-8.5511392,121.9,8.180,103.60,1.1,?,?
3102,1518260308.0,41.2421116,-8.551040367,123.3,8.025,103.00,1.1,?,?
3103,1518260309.0,41.2420918,-8.550947133,124.3,7.922,105.60,1.5,?,?
3104,1518260310.0,41.242068167,-8.550858033,125.3,7.922,108.60,1.5,?,?
3105,1518260311.0,41.242044167,-8.55076635,126.1,8.334,108.60,1.6,?,?
3106,1518260312.0,41.242021783,-8.550671617,127.1,8.437,104.70,1.5,?,?
3107,1518260313.0,41.242007917,-8.550571333,127.8,8.591,98.60,1.5,?,?
3108,1518260314.0,41.2420037,-8.550467217,128.4,8.746,93.10,1.4,?,?
3109,1518260315.0,41.241996967,-8.550362,129.2,8.951,93.40,1.4,?,?
3110,1518260316.0,41.24198385,-8.55026105,130.3,9.106,98.70,1.4,?,?
3111,1518260317.0,41.241968017,-8.550156733,131.4,9.157,105.70,1.4,?,?
3112,1518260318.0,41.241943217,-8.550049217,132.7,9.569,109.90,1.4,?,?
3113,1518260319.0,41.241917183,-8.549939317,133.7,9.774,109.60,1.2,?,?
3114,1518260320.0,41.24189395,-8.549824417,134.5,10.237,105.20,1.1,?,?
3115,1518260321.0,41.24187595,-8.54970215,134.8,10.803,103.10,1.1,?,?
3116,1518260322.0,41.241859267,-8.5495733,135.1,11.369,102.30,1.1,?,?
3117,1518260323.0,41.241842383,-8.549446983,135.2,10.752,101.70,1.1,?,?
3118,1518260324.0,41.241828033,-8.54932565,135.4,10.392,101.20,1.1,?,?
3119,1518260325.0,41.241814467,-8.5492044,135.5,10.598,101.20,1.1,?,?
3120,1518260326.0,41.241794317,-8.549079067,135.8,10.495,101.70,1.1,?,?
3121,1518260327.0,41.24177485,-8.548957467,136.2,10.237,101.40,1.1,?,?
3122,1518260328.0,41.241757133,-8.548840133,136.7,9.826,101.10,1.1,?,?
3123,1518260329.0,41.24174015,-8.548727233,137.4,9.209,101.40,1.1,?,?
3124,1518260330.0,41.241721817,-8.5486207,137.9,8.900,104.00,1.1,?,?
3125,1518260331.0,41.24169995,-8.54851835,138.1,8.746,106.70,1.1,?,?
3126,1518260332.0,41.241678083,-8.548419733,138.2,8.385,107.20,1.1,?,?
3127,1518260333.0,41.241656667,-8.54832995,138.2,7.871,109.30,1.1,?,?
3128,1518260334.0,41.241635217,-8.5482447,138.0,7.357,110.10,1.1,?,?
3129,1518260335.0,41.241611883,-8.54816655,137.6,6.585,109.80,1.1,?,?
3130,1518260336.0,41.241594217,-8.548100467,137.3,5.299,106.60,1.1,?,?
3131,1518260337.0,41.241584567,-8.5480539,137.0,3.190,101.50,1.1,?,?
3132,1518260338.0,41.241579367,-8.548028717,136.8,1.543,103.40,1.1,?,?
3133,1518260339.0,41.241575733,-8.548018017,136.6,0.514,132.20,1.1,?,?
3134,1518260340.0,41.2415712,-8.54801125,136.5,0.875,134.60,1.1,?,?
3135,1518260341.0,41.241557083,-8.54799975,136.3,2.469,150.80,1.3,?,?
3136,1518260342.0,41.241530667,-8.547987633,136.1,3.498,162.30,1.3,?,?
3137,1518260343.0,41.241495483,-8.5479753,136.1,4.476,167.80,1.1,?,?
3138,1518260344.0,41.241460317,-8.547965333,135.9,4.321,170.70,0.8,?,?
3139,1518260345.0,41.241414033,-8.547955267,136.3,5.607,178.60,0.8,?,?
3140,1518260346.0,41.241355233,-8.5479557,136.8,6.894,187.00,0.8,?,?
3141,1518260347.0,41.241286533,-8.54796705,137.1,7.871,189.80,0.8,?,?
3142,1518260348.0,41.241212883,-8.547982283,137.8,8.643,191.10,0.8,?,?
3143,1518260349.0,41.24113105,-8.548004883,137.8,9.363,191.70,0.8,?,?
3144,1518260350.0,41.24104535,-8.548029217,137.8,9.569,192.00,0.8,?,?
3145,1518260351.0,41.240961983,-8.548051333,137.9,9.260,191.30,0.8,?,?
3146,1518260352.0,41.2408769,-8.548072,138.1,9.672,190.40,0.8,?,?
3147,1518260353.0,41.240788583,-8.548090117,138.2,10.032,187.40,0.8,?,?
3148,1518260354.0,41.240696667,-8.548096267,138.1,10.289,180.50,1.0,?,?
3149,1518260355.0,41.24060485,-8.54809225,137.9,10.340,175.60,1.0,?,?
3150,1518260356.0,41.240512983,-8.548082167,137.7,10.598,172.60,1.0,?,?
3151,1518260357.0,41.2404187,-8.54806875,137.2,10.752,170.50,1.0,?,?
3152,1518260358.0,41.24031555,-8.548044883,135.7,11.369,170.20,1.0,?,?
3153,1518260359.0,41.240210033,-8.548022583,134.5,11.935,170.30,1.0,?,?
3154,1518260360.0,41.240102083,-8.547997167,133.8,12.295,169.90,1.1,?,?
3155,1518260361.0,41.239993083,-8.5479691,132.9,12.707,169.50,1.2,?,?
3156,1518260362.0,41.239878767,-8.547939617,132.4,12.964,169.50,1.2,?,?
3157,1518260363.0,41.239762467,-8.547908367,131.8,12.758,170.10,1.3,?,?
3158,1518260364.0,41.2396482,-8.547884633,131.0,12.501,171.10,1.3,?,?
3159,1518260365.0,41.239532317,-8.547858433,130.9,12.861,170.90,1.3,?,?
3160,1518260366.0,41.239418783,-8.5478318,131.3,13.015,168.90,1.5,2.6,3.0
3161,1518260367.0,41.239306733,-8.5478148,131.7,13.170,169.30,1.5,2.6,3.0
3162,1518260368.0,41.239190533,-8.547792583,131.8,13.427,169.50,1.5,2.6,3.0
3163,1518260369.0,41.23906955,-8.547763817,132.1,13.787,169.40,1.5,2.6,3.0
3164,1518260370.0,41.238945333,-8.547733833,131.9,14.250,169.30,1.5,2.6,3.0
3165,1518260371.0,41.238817283,-8.5477016,131.7,14.713,169.20,1.5,2.6,3.0
3166,1518260372.0,41.2386859,-8.547668817,131.4,15.022,169.60,1.5,2.6,3.0
3167,1518260373.0,41.2385509,-8.547636117,130.9,15.279,169.90,1.5,2.6,3.0
3168,1518260374.0,41.238415867,-8.547602067,130.7,15.228,169.40,1.5,2.6,3.0
3169,1518260375.0,41.2382827,-8.547570233,130.7,14.867,169.90,1.5,2.6,3.0
3170,1518260376.0,41.238151817,-8.547537933,130.6,14.610,169.90,1.2,1.7,2.1
3171,1518260377.0,41.2380233,-8.5475062,130.6,14.353,169.60,1.2,1.7,2.1
3172,1518260378.0,41.237897583,-8.547473783,130.4,14.044,169.10,1.5,2.6,3.0
3173,1518260379.0,41.237786967,-8.547443883,130.4,12.038,169.00,1.2,1.7,2.1
3174,1518260380.0,41.2376796,-8.547413633,130.5,11.935,168.20,1.2,1.7,2.1
3175,1518260381.0,41.237570467,-8.54738805,130.5,12.244,171.70,1.2,1.7,2.1
3176,1518260382.0,41.23745905,-8.547369033,130.1,12.501,173.70,1.2,1.7,2.1
3177,1518260383.0,41.23734625,-8.547352467,129.7,12.604,174.10,1.2,1.7,2.1
3178,1518260384.0,41.237233283,-8.547333083,129.1,12.655,171.60,1.2,1.7,2.1
3179,1518260385.0,41.237121517,-8.54730155,128.4,12.758,165.10,1.2,1.7,2.1
3180,1518260386.0,41.23701615,-8.5472459,127.7,12.758,153.80,1.2,1.7,2.1
3181,1518260387.0,41.236923633,-8.547157883,127.1,12.964,139.10,1.5,2.6,3.0
3182,1518260388.0,41.236854383,-8.547038183,125.1,13.170,124.40,1.0,?,?
3183,1518260389.0,41.236799317,-8.54689695,123.6,13.581,113.10,1.0,?,?
3184,1518260390.0,41.236760133,-8.546738917,122.4,13.890,107.40,1.0,?,?
3185,1518260391.0,41.236720583,-8.546580117,120.8,14.096,106.70,1.0,?,?
3186,1518260392.0,41.236689367,-8.546423833,119.9,14.044,105.40,1.5,2.6,3.0
3187,1518260393.0,41.236658367,-8.546265433,119.4,14.096,105.50,1.5,2.6,3.0
3188,1518260394.0,41.23662325,-8.5461067,119.0,14.044,106.60,1.8,2.9,3.3
3189,1518260395.0,41.236584083,-8.545949167,118.7,14.096,107.20,1.8,2.9,3.3
3190,1518260396.0,41.23654065,-8.545791767,118.7,13.941,106.80,1.5,1.7,2.3
3191,1518260397.0,41.236502733,-8.545628,119.2,13.839,106.10,1.5,1.7,2.3
3192,1518260398.0,41.236467967,-8.5454659,119.8,13.530,105.40,1.5,1.7,2.3
3193,1518260399.0,41.236433583,-8.545308017,120.4,13.221,106.10,1.5,1.7,2.3
3194,1518260400.0,41.23640005,-8.545155867,120.9,12.913,106.30,1.5,1.7,2.3
3195,1518260401.0,41.236367667,-8.545009283,121.3,12.450,106.10,1.5,1.7,2.3
3196,1518260402.0,41.2363369,-8.5448685,121.8,11.935,106.10,1.5,1.7,2.3
3197,1518260403.0,41.2363081,-8.544736233,122.2,11.061,106.20,1.5,1.7,2.3
3198,1518260404.0,41.236281617,-8.544618933,122.7,9.620,107.00,1.5,1.7,2.3
3199,1518260405.0,41.23625685,-8.544520317,123.1,8.025,109.40,1.5,1.7,2.3
3200,1518260406.0,41.236231633,-8.544446867,123.6,5.865,119.00,1.5,1.7,2.3
3201,1518260407.0,41.2362098,-8.544401067,123.8,3.550,126.30,1.5,1.7,2.3
3202,1518260408.0,41.23619945,-8.544373483,124.0,1.801,110.30,1.5,1.7,2.3
3203,1518260409.0,41.236196567,-8.544357633,124.2,0.926,92.20,1.6,1.8,2.4
3204,1518260410.0,41.236195317,-8.544346083,124.2,0.977,92.00,1.5,1.7,2.3
3205,1518260411.0,41.23619625,-8.5443165,124.4,2.984,82.60,1.5,1.7,2.3
3206,1518260412.0,41.236212817,-8.5442685,124.6,5.196,61.30,1.5,1.7,2.3
3207,1518260413.0,41.2362432,-8.544229567,124.8,4.681,39.10,1.2,1.7,2.1
3208,1518260414.0,41.236282533,-8.544196183,124.8,5.916,27.80,1.2,1.7,2.1
3209,1518260415.0,41.236336283,-8.544156733,125.1,7.665,26.70,1.2,1.7,2.1
3210,1518260416.0,41.236404117,-8.544114067,125.4,9.054,23.80,1.2,1.7,2.1
3211,1518260417.0,41.2364829,-8.54406775,126.0,10.186,23.60,1.2,1.8,2.2
3212,1518260418.0,41.236569417,-8.54401485,126.7,11.061,24.80,1.6,2.1,2.6
3213,1518260419.0,41.236656017,-8.5439605,127.3,10.546,25.40,1.6,2.1,2.6
3214,1518260420.0,41.236741267,-8.543906817,128.0,10.649,25.60,1.6,2.1,2.6
3215,1518260421.0,41.236831483,-8.5438496,128.6,11.472,25.60,1.6,2.1,2.6
3216,1518260422.0,41.236927767,-8.54378895,129.1,12.295,25.20,1.6,2.1,2.6
3217,1518260423.0,41.237030783,-8.543724683,129.4,13.067,25.00,1.6,2.1,2.6
3218,1518260424.0,41.237141567,-8.543656383,129.5,14.096,24.80,1.6,2.1,2.6
3219,1518260425.0,41.237256233,-8.54358625,129.5,14.147,24.60,1.6,2.1,2.6
3220,1518260426.0,41.2373708,-8.54351465,129.9,14.250,25.50,1.6,2.1,2.6
3221,1518260427.0,41.2374879,-8.543441367,130.6,14.559,25.20,1.6,2.1,2.6
3222,1518260428.0,41.237609267,-8.5433648,131.0,14.816,25.00,1.0,?,?
3223,1518260429.0,41.237731683,-8.543288383,131.6,15.228,25.00,1.6,2.1,2.6
3224,1518260430.0,41.237856267,-8.54321105,132.3,15.485,25.00,1.6,2.1,2.6
3225,1518260431.0,41.237981583,-8.543133,132.9,15.485,25.10,1.6,2.1,2.6
3226,1518260432.0,41.2381084,-8.5430543,132.9,14.765,25.20,1.4,?,?
3227,1518260433.0,41.238231967,-8.54298115,132.5,13.993,25.10,1.4,?,?
3228,1518260434.0,41.238347783,-8.5429152,132.2,12.913,25.00,1.4,?,?
3229,1518260435.0,41.23845105,-8.542855967,131.9,11.524,25.00,1.4,?,?
3230,1518260436.0,41.2385407,-8.542804467,131.7,9.929,25.00,2.2,?,?
3231,1518260437.0,41.238614917,-8.542761317,131.4,7.922,24.50,2.2,?,?
3232,1518260438.0,41.2386726,-8.542728533,131.2,5.916,24.40,2.2,?,?
3233,1518260439.0,41.238705917,-8.5426906,131.4,4.270,42.80,1.6,2.1,2.6
3234,1518260440.0,41.238719533,-8.542647083,131.7,4.013,75.00,1.6,2.1,2.6
3235,1518260441.0,41.23871565,-8.542592317,131.9,5.402,100.00,3.7,?,?
3236,1518260442.0,41.238706067,-8.54251945,132.6,6.996,110.60,1.1,?,?
3237,1518260443.0,41.238689567,-8.54243435,133.2,8.283,108.90,1.5,1.9,2.4
3238,1518260444.0,41.238660383,-8.542342333,133.8,8.488,108.30,1.5,1.9,2.4
3239,1518260445.0,41.23863415,-8.542250267,134.3,8.128,106.80,1.5,1.9,2.4
3240,1518260446.0,41.23861175,-8.542159067,134.8,7.768,105.50,1.2,1.7,2.1
3241,1518260447.0,41.2386026,-8.542081617,135.6,6.894,104.90,1.2,1.7,2.1
3242,1518260448.0,41.238591783,-8.542007517,136.0,6.019,96.90,1.2,1.7,2.1
3243,1518260449.0,41.238605233,-8.541939067,136.4,5.968,62.50,1.2,1.7,2.1
3244,1518260450.0,41.238647467,-8.54189225,136.7,6.791,28.00,1.2,1.7,2.1
3245,1518260451.0,41.238702267,-8.541866933,137.1,7.151,12.80,1.5,2.6,3.0
3246,1518260452.0,41.238757067,-8.5418349,137.7,7.254,18.50,1.5,2.6,3.0
3247,1518260453.0,41.238815383,-8.54179815,138.2,7.562,24.90,1.2,1.8,2.2
3248,1518260454.0,41.238875767,-8.541756283,138.9,7.665,27.50,1.2,1.8,2.2
3249,1518260455.0,41.238933967,-8.541716383,139.5,7.048,27.70,2.0,2.8,3.4
3250,1518260456.0,41.238985583,-8.541680533,140.2,6.070,26.40,1.2,1.8,2.2
3251,1518260457.0,41.23903,-8.541648967,140.8,5.247,26.10,1.2,1.8,2.2
3252,1518260458.0,41.239068167,-8.541623917,141.3,4.373,25.40,1.2,1.8,2.2
3253,1518260459.0,41.2390997,-8.541602733,141.8,3.550,26.10,1.2,1.8,2.2
3254,1518260460.0,41.2391294,-8.541580517,142.3,3.755,28.60,1.2,1.8,2.2
3255,1518260461.0,41.239162967,-8.541566633,142.7,3.653,13.90,1.2,1.8,2.2
3256,1518260462.0,41.23918875,-8.54157345,143.1,2.778,346.20,1.2,1.8,2.2
3257,1518260463.0,41.2392025,-8.541571217,143.7,1.440,349.00,1.5,2.6,3.0
3258,1518260464.0,41.239208317,-8.5415637,143.8,0.154,12.40,0.8,?,?
3259,1518260465.0,41.239215883,-8.541547083,143.7,0.720,191.80,0.8,?,?
3260,1518260466.0,41.2391924,-8.541539917,141.4,1.492,192.00,1.2,?,?
3261,1518260467.0,41.239181583,-8.541537167,140.6,1.698,185.60,1.1,?,?
3262,1518260468.0,41.239168967,-8.54153055,139.9,1.749,162.10,1.2,?,?
3263,1518260469.0,41.239153667,-8.541519733,139.1,1.389,141.60,0.9,?,?
3264,1518260470.0,41.239147283,-8.5415154,138.9,0.617,115.00,0.8,?,?
3265,1518260471.0,41.239148567,-8.541520483,139.7,0.154,22.20,1.0,?,?
3266,1518260472.0,41.239150033,-8.541540717,140.0,1.595,267.20,1.1,?,?
3267,1518260473.0,41.239138783,-8.54157615,140.5,3.447,234.00,1.7,?,?
3268,1518260474.0,41.239116383,-8.541613233,140.4,4.013,219.00,1.2,?,?
3269,1518260475.0,41.239094033,-8.541641633,140.1,3.807,221.90,1.0,?,?
3270,1518260476.0,41.23907345,-8.541673467,139.9,3.498,230.20,1.0,?,?
3271,1518260477.0,41.239052467,-8.541696017,139.7,2.727,214.70,1.1,?,?
3272,1518260478.0,41.239034383,-8.541705183,139.4,1.852,195.80,0.9,?,?
3273,1518260479.0,41.23902205,-8.54170925,139.4,0.926,186.20,1.1,?,?
3274,1518260480.0,41.239017267,-8.541711583,139.6,0.103,174.70,0.8,?,?
3275,1518260481.0,41.23901715,-8.5417116,139.6,0.463,26.70,0.8,?,?
3276,1518260482.0,41.239029067,-8.541706083,139.7,1.852,24.60,0.8,?,?
3277,1518260483.0,41.239043683,-8.541700483,139.7,1.698,13.80,0.8,?,?
3278,1518260484.0,41.2390533,-8.541696983,139.8,0.926,16.90,0.8,?,?
3279,1518260485.0,41.239056483,-8.541697683,139.9,0.051,169.00,1.0,?,?
3280,1518260486.0,41.2390568,-8.5416962,140.0,0.206,45.60,0.8,?,?
3281,1518260487.0,41.239055967,-8.541695067,140.1,0.051,198.40,0.8,?,?
3282,1518260488.0,41.239059233,-8.541691167,140.2,0.720,28.40,1.2,1.7,2.1
3283,1518260489.0,41.2390647,-8.541688117,140.0,0.514,14.70,1.4,1.9,2.4
3284,1518260490.0,41.2390646,-8.54168765,139.9,0.206,210.10,1.4,1.9,2.4
3285,1518260491.0,41.239062817,-8.54168785,139.9,0.103,150.30,1.4,1.9,2.4
3286,1518260492.0,41.239055283,-8.541691317,140.3,0.103,145.10,1.2,1.7,2.1
3287,1518260493.0,41.239052033,-8.54168945,140.7,0.051,157.70,1.2,1.7,2.1
3288,1518260494.0,41.239050433,-8.541687933,140.9,0.051,150.70,1.2,1.7,2.1
3289,1518260495.0,41.239048883,-8.541685583,141.2,0.051,156.10,1.2,1.7,2.1
3290,1518260496.0,41.239048383,-8.541684533,141.4,0.000,148.90,1.2,1.7,2.1
3291,1518260497.0,41.23904785,-8.5416832,141.6,0.051,134.80,1.2,1.7,2.1
3292,1518260498.0,41.23904675,-8.541680683,141.8,0.000,134.40,1.2,1.7,2.1
3293,1518260499.0,41.239045167,-8.5416772,142.1,0.000,132.20,1.2,1.7,2.1
