,1457869844982,41.17891928,-8.59419871,181.1999969482422,14.0
0,1457869883000,41.17896796,-8.59418355,203.8000030517578,4.0
1,1457869920000,41.17901775,-8.59414588,200.8000030517578,3.0
2,1457869922000,41.17907142,-8.59411269,198.5,3.0
3,1457869924000,41.17913637,-8.59416392,195.0,4.0
4,1457869925000,41.17915381,-8.59422671,193.3999938964844,4.0
5,1457869926000,41.1791558,-8.59429683,192.5,4.0
6,1457869927000,41.17915958,-8.59438183,191.1999969482422,4.0
7,1457869928000,41.1791583,-8.59446162,190.5,4.0
8,1457869929000,41.17916191,-8.59455022,190.1999969482422,4.0
9,1457869930000,41.17916287,-8.59464553,190.10000610351565,4.0
10,1457869931000,41.17916874,-8.59473009,190.60000610351565,4.0
11,1457869932000,41.17917002,-8.59480288,191.10000610351565,4.0
12,1457869933000,41.17917049,-8.59486903,190.8000030517578,3.0
13,1457869934000,41.17917268,-8.59494646,190.3000030517578,3.0
14,1457869935000,41.17917877,-8.59502933,190.8000030517578,4.0
15,1457869936000,41.17918388,-8.59512742,190.5,3.0
16,1457869937000,41.17918534,-8.59523608,190.1999969482422,4.0
17,1457869938000,41.17919082,-8.59536204,189.8000030517578,3.0
18,1457869939000,41.17920061,-8.59549867,188.8000030517578,3.0
19,1457869940000,41.17921158,-8.59562797,189.5,3.0
20,1457869941000,41.17922577,-8.59575687,189.3000030517578,3.0
21,1457869942000,41.17923481,-8.59588049,189.10000610351565,3.0
22,1457869943000,41.17924267,-8.59599061,189.0,3.0
23,1457869944000,41.17923844,-8.59608744,188.6999969482422,3.0
24,1457869945000,41.17921032,-8.59616058,188.8999938964844,4.0
25,1457869946000,41.17915537,-8.59620012,189.0,4.0
26,1457869947000,41.17907325,-8.59621676,188.3999938964844,3.0
27,1457869948000,41.17898679,-8.59622404,188.3000030517578,4.0
28,1457869949000,41.17889175,-8.59623902,186.3000030517578,3.0
29,1457869950000,41.17879535,-8.59625285,185.1999969482422,4.0
30,1457869951000,41.1787118,-8.59626654,185.10000610351565,5.0
31,1457869952000,41.17864421,-8.59628326,184.3999938964844,5.0
32,1457869953000,41.17857921,-8.59630612,183.60000610351565,5.0
33,1457869954000,41.17852239,-8.59632098,183.60000610351565,6.0
34,1457869956000,41.17851964,-8.59640324,183.5,5.0
35,1457869957000,41.1785325,-8.59646693,182.6999969482422,5.0
36,1457869958000,41.17853833,-8.59653539,182.1999969482422,5.0
37,1457869959000,41.17855792,-8.5966318,181.8999938964844,5.0
38,1457869960000,41.17856605,-8.59673762,181.3000030517578,4.0
39,1457869961000,41.17859106,-8.59683931,181.0,4.0
40,1457869962000,41.17859485,-8.59696214,180.6999969482422,5.0
41,1457869963000,41.17860774,-8.59708387,181.0,5.0
42,1457869964000,41.17862945,-8.59720841,181.1999969482422,6.0
43,1457869965000,41.17861974,-8.59732627,181.3000030517578,5.0
44,1457869966000,41.17863606,-8.59743045,180.6999969482422,4.0
45,1457869967000,41.1786408,-8.59754207,180.0,4.0
46,1457869968000,41.17864227,-8.5976518,179.8000030517578,4.0
47,1457869969000,41.17864929,-8.59775965,179.3000030517578,4.0
48,1457869970000,41.17866031,-8.59785355,178.10000610351565,4.0
49,1457869971000,41.17865995,-8.59794178,177.5,3.0
50,1457869972000,41.17864415,-8.59801844,175.6999969482422,3.0
51,1457869973000,41.17862671,-8.59807634,176.5,4.0
52,1457869974000,41.17858875,-8.59811601,175.3000030517578,4.0
53,1457869975000,41.17852611,-8.59814072,175.3000030517578,3.0
54,1457869976000,41.17846294,-8.59816893,173.8000030517578,3.0
55,1457869977000,41.17840357,-8.5982008,173.3000030517578,3.0
56,1457869978000,41.17834388,-8.59823203,172.60000610351565,4.0
57,1457869979000,41.17827887,-8.5982493,174.5,4.0
58,1457869980000,41.17819184,-8.59829547,173.60000610351565,9.0
59,1457869981000,41.17811254,-8.59833898,173.39999389648438,9.0
60,1457869982000,41.17803721,-8.59838322,172.5,9.0
61,1457869983000,41.17796905,-8.59841871,172.60000610351565,9.0
62,1457869984000,41.17791252,-8.5984494,172.39999389648438,9.0
63,1457869985000,41.1778636,-8.59847688,171.89999389648438,9.0
64,1457869986000,41.17781956,-8.59849487,171.5,9.0
65,1457869988000,41.17777178,-8.59852586,171.3000030517578,10.0
66,1457869991000,41.1777574,-8.59860804,170.0,9.0
67,1457869993000,41.17778894,-8.59870857,170.3000030517578,9.0
68,1457869994000,41.17781862,-8.59877315,170.10000610351565,9.0
69,1457869995000,41.17784277,-8.59885228,169.39999389648438,9.0
70,1457869996000,41.17786857,-8.59892871,168.89999389648438,9.0
71,1457869997000,41.17789375,-8.59901322,168.3000030517578,3.0
72,1457869998000,41.1779173,-8.59908626,168.89999389648438,3.0
73,1457869999000,41.17794323,-8.5991566,168.1999969482422,4.0
74,1457870000000,41.17793927,-8.59922225,167.89999389648438,3.0
75,1457870001000,41.17791112,-8.59928228,168.10000610351565,4.0
76,1457870002000,41.177859,-8.5993319,167.39999389648438,3.0
77,1457870003000,41.17778729,-8.59936751,167.60000610351565,3.0
78,1457870004000,41.17770923,-8.59940527,167.6999969482422,4.0
79,1457870005000,41.17762873,-8.59945069,166.39999389648438,3.0
80,1457870006000,41.17754191,-8.59950142,166.39999389648438,4.0
81,1457870007000,41.17745095,-8.59954922,165.39999389648438,3.0
82,1457870008000,41.17735015,-8.59960363,165.60000610351565,3.0
83,1457870009000,41.17724312,-8.59965476,165.10000610351565,3.0
84,1457870010000,41.17713422,-8.599714,165.60000610351565,3.0
85,1457870011000,41.17702175,-8.59976995,166.3000030517578,4.0
86,1457870012000,41.17691069,-8.59982804,166.60000610351565,4.0
87,1457870013000,41.1768009,-8.59988307,166.8000030517578,4.0
88,1457870014000,41.17668064,-8.59995073,167.1999969482422,3.0
89,1457870015000,41.17656033,-8.60001647,167.60000610351565,4.0
90,1457870016000,41.17644217,-8.60007006,167.5,4.0
91,1457870017000,41.17632582,-8.60012545,167.5,4.0
92,1457870018000,41.17620947,-8.60016897,167.89999389648438,4.0
93,1457870019000,41.17610733,-8.60020309,167.60000610351565,4.0
94,1457870020000,41.17600177,-8.60023071,167.1999969482422,4.0
95,1457870021000,41.17588985,-8.60024553,166.89999389648438,4.0
96,1457870022000,41.17579534,-8.60023832,166.5,4.0
97,1457870023000,41.17568478,-8.60023441,166.1999969482422,4.0
98,1457870024000,41.1755747,-8.60022108,166.39999389648438,3.0
99,1457870025000,41.17546735,-8.60019604,166.5,3.0
100,1457870026000,41.17536099,-8.60016137,167.3000030517578,4.0
101,1457870027000,41.17524969,-8.60012284,167.3000030517578,4.0
102,1457870028000,41.17514713,-8.60008167,167.60000610351565,4.0
103,1457870029000,41.17506136,-8.600042,166.89999389648438,3.0
104,1457870030000,41.17498687,-8.60001584,167.1999969482422,3.0
105,1457870031000,41.17494103,-8.59997783,166.1999969482422,3.0
106,1457870033000,41.17488316,-8.59995611,167.0,3.0
107,1457870058000,41.17478924,-8.59992159,166.5,4.0
108,1457870059000,41.17472991,-8.59993112,167.0,3.0
109,1457870060000,41.17467381,-8.59995287,167.0,4.0
110,1457870061000,41.17461502,-8.60000116,166.6999969482422,3.0
111,1457870062000,41.17455972,-8.60006099,167.5,4.0
112,1457870063000,41.17450235,-8.60013412,168.3000030517578,4.0
113,1457870064000,41.17443767,-8.60021784,167.8000030517578,4.0
114,1457870065000,41.17436687,-8.60031301,167.10000610351565,4.0
115,1457870066000,41.17429581,-8.60040591,167.3000030517578,4.0
116,1457870067000,41.17422369,-8.60050597,167.60000610351565,3.0
117,1457870068000,41.17414302,-8.60060519,168.10000610351565,4.0
118,1457870069000,41.17405986,-8.60071096,168.0,4.0
119,1457870070000,41.17398533,-8.60081797,167.5,4.0
120,1457870071000,41.17392401,-8.60092735,166.8000030517578,4.0
121,1457870072000,41.1738814,-8.60105375,166.5,3.0
122,1457870073000,41.17384941,-8.60118311,166.1999969482422,3.0
123,1457870074000,41.17381982,-8.60131956,166.1999969482422,4.0
124,1457870075000,41.17380813,-8.60145121,166.0,3.0
125,1457870076000,41.17379783,-8.60159269,165.6999969482422,3.0
126,1457870077000,41.1737893,-8.60174064,165.6999969482422,3.0
127,1457870078000,41.17378143,-8.60188927,165.6999969482422,3.0
128,1457870079000,41.17377532,-8.60204537,165.1999969482422,3.0
129,1457870080000,41.17376461,-8.60220755,164.6999969482422,3.0
130,1457870081000,41.17375987,-8.60236812,164.5,3.0
131,1457870082000,41.17375458,-8.60253172,164.10000610351565,3.0
132,1457870083000,41.17374631,-8.60269793,164.0,3.0
133,1457870084000,41.17374444,-8.60286197,163.60000610351565,3.0
134,1457870085000,41.17373784,-8.60301511,163.10000610351565,3.0
135,1457870086000,41.17373577,-8.60316014,163.0,3.0
136,1457870087000,41.17372957,-8.60329284,162.60000610351565,3.0
137,1457870088000,41.17372286,-8.60341514,162.60000610351565,3.0
138,1457870089000,41.17372044,-8.60352151,163.60000610351565,3.0
139,1457870090000,41.17372028,-8.6036009,164.3000030517578,3.0
140,1457870091000,41.17371959,-8.60366899,164.60000610351565,3.0
141,1457870093000,41.17376428,-8.60374771,164.60000610351565,4.0
142,1457870095000,41.17385574,-8.60377984,165.39999389648438,4.0
143,1457870096000,41.17391989,-8.60378065,165.1999969482422,3.0
144,1457870097000,41.17399019,-8.60378934,165.0,4.0
145,1457870098000,41.17406259,-8.60378661,165.3000030517578,3.0
146,1457870099000,41.1741414,-8.60379132,164.89999389648438,3.0
147,1457870100000,41.17422095,-8.6037944,164.8000030517578,4.0
148,1457870101000,41.17429903,-8.6037966,164.5,3.0
149,1457870102000,41.17438415,-8.60380315,163.10000610351565,3.0
150,1457870103000,41.17446573,-8.60381142,162.6999969482422,3.0
151,1457870104000,41.17455669,-8.60381542,162.5,3.0
152,1457870105000,41.17464809,-8.60382527,162.0,3.0
153,1457870106000,41.17473499,-8.60382934,162.39999389648438,3.0
154,1457870107000,41.17482745,-8.60383302,162.5,3.0
155,1457870108000,41.17492349,-8.60383791,162.3000030517578,3.0
156,1457870109000,41.17501354,-8.60384061,162.0,3.0
157,1457870110000,41.17511017,-8.60384653,162.10000610351565,3.0
158,1457870111000,41.17521012,-8.60384724,162.39999389648438,3.0
159,1457870112000,41.17530598,-8.60384953,162.3000030517578,3.0
160,1457870113000,41.17540692,-8.60385696,162.1999969482422,3.0
161,1457870114000,41.17550243,-8.60386067,162.1999969482422,3.0
162,1457870115000,41.1755977,-8.60387104,162.3000030517578,3.0
163,1457870116000,41.1756927,-8.60387701,161.8000030517578,3.0
164,1457870117000,41.17578881,-8.60387978,162.10000610351565,3.0
165,1457870118000,41.17588138,-8.60388688,162.60000610351565,3.0
166,1457870119000,41.1759698,-8.60389806,162.10000610351565,3.0
167,1457870120000,41.17605495,-8.60389926,162.5,9.0
168,1457870121000,41.17612784,-8.603903,163.1999969482422,9.0
169,1457870122000,41.17618979,-8.60391147,163.8000030517578,9.0
170,1457870123000,41.17624358,-8.60391363,163.39999389648438,9.0
171,1457870125000,41.17631489,-8.60390947,162.89999389648438,3.0
172,1457870127000,41.17635839,-8.60388733,162.8000030517578,3.0
173,1457870129000,41.17639904,-8.60386163,163.0,3.0
174,1457870131000,41.1764562,-8.6039017,163.5,4.0
175,1457870133000,41.17640272,-8.60398389,162.39999389648438,4.0
176,1457870135000,41.17630719,-8.6039404,163.3000030517578,3.0
177,1457870136000,41.17625086,-8.60393188,163.1999969482422,4.0
178,1457870137000,41.17618714,-8.6039284,163.10000610351565,3.0
179,1457870138000,41.17611096,-8.60392585,163.3000030517578,3.0
180,1457870139000,41.17602853,-8.60392132,163.39999389648438,3.0
181,1457870140000,41.17593648,-8.6039156,163.89999389648438,3.0
182,1457870141000,41.17584843,-8.60390914,163.89999389648438,3.0
183,1457870142000,41.17575958,-8.60391095,163.89999389648438,3.0
184,1457870143000,41.17566336,-8.60390446,164.0,3.0
185,1457870144000,41.17556343,-8.60389937,164.3000030517578,4.0
186,1457870145000,41.17545867,-8.60389184,163.89999389648438,3.0
187,1457870146000,41.17535908,-8.60389393,164.1999969482422,3.0
188,1457870147000,41.17526047,-8.60388844,164.5,3.0
189,1457870148000,41.17516052,-8.60387952,164.60000610351565,3.0
190,1457870149000,41.17505863,-8.60387277,164.6999969482422,3.0
191,1457870150000,41.17495852,-8.60386544,164.39999389648438,3.0
192,1457870151000,41.17485865,-8.60385954,163.89999389648438,3.0
193,1457870152000,41.17476054,-8.60385605,164.39999389648438,3.0
194,1457870153000,41.17466266,-8.6038517,164.1999969482422,3.0
195,1457870154000,41.17456777,-8.60384143,164.5,3.0
196,1457870155000,41.1744675,-8.60383665,164.8000030517578,3.0
197,1457870156000,41.17436852,-8.60383614,165.5,3.0
198,1457870157000,41.17426687,-8.60383007,166.0,3.0
199,1457870158000,41.17416778,-8.60382815,167.0,3.0
200,1457870159000,41.17406991,-8.60382506,167.0,4.0
201,1457870160000,41.1739788,-8.60382307,167.1999969482422,4.0
202,1457870161000,41.17390303,-8.6038215,167.3000030517578,3.0
203,1457870162000,41.17384409,-8.60381302,167.60000610351565,3.0
204,1457870164000,41.17376885,-8.60381369,166.60000610351565,3.0
205,1457870183000,41.17371986,-8.60381574,166.0,3.0
206,1457870184000,41.17367355,-8.60381178,165.6999969482422,3.0
207,1457870185000,41.17362197,-8.60380687,166.0,3.0
208,1457870186000,41.17355326,-8.60380401,166.1999969482422,4.0
209,1457870187000,41.17348794,-8.60379803,166.3000030517578,3.0
210,1457870188000,41.17341581,-8.60379499,166.89999389648438,3.0
211,1457870189000,41.17333604,-8.60378135,167.10000610351565,3.0
212,1457870190000,41.17325296,-8.60375336,167.0,3.0
213,1457870191000,41.17316868,-8.60372253,167.0,3.0
214,1457870192000,41.17308651,-8.60368634,166.89999389648438,4.0
215,1457870193000,41.17301061,-8.60364419,166.39999389648438,4.0
216,1457870194000,41.17294163,-8.60360242,166.8000030517578,3.0
217,1457870195000,41.17288567,-8.60355962,166.39999389648438,4.0
218,1457870196000,41.17283432,-8.60351521,166.3000030517578,4.0
219,1457870197000,41.17278459,-8.60348632,166.1999969482422,4.0
220,1457870199000,41.17269465,-8.60350413,165.6999969482422,3.0
221,1457870200000,41.17265163,-8.60353245,165.3000030517578,3.0
222,1457870201000,41.17259742,-8.60354523,165.3000030517578,3.0
223,1457870202000,41.17253786,-8.60351403,165.3000030517578,4.0
224,1457870203000,41.17248061,-8.60345329,165.3000030517578,4.0
225,1457870204000,41.17242268,-8.60338758,165.3000030517578,4.0
226,1457870205000,41.17235182,-8.60326879,165.0,4.0
227,1457870206000,41.17229175,-8.60313332,165.1999969482422,4.0
228,1457870207000,41.1722266,-8.60299077,165.0,4.0
229,1457870208000,41.17216433,-8.60283652,165.10000610351565,4.0
230,1457870209000,41.17210462,-8.60267256,164.10000610351565,4.0
231,1457870210000,41.17204707,-8.60251776,164.8000030517578,4.0
232,1457870211000,41.17200007,-8.60237779,165.10000610351565,4.0
233,1457870212000,41.17196261,-8.60224391,166.1999969482422,3.0
234,1457870213000,41.17193625,-8.60212274,167.39999389648438,3.0
235,1457870214000,41.1719102,-8.60200968,168.5,4.0
236,1457870215000,41.17190783,-8.60191898,168.10000610351565,4.0
237,1457870216000,41.17193861,-8.60184464,168.89999389648438,4.0
238,1457870217000,41.17198319,-8.60179771,169.39999389648438,4.0
239,1457870219000,41.17205164,-8.60177005,170.0,3.0
240,1457870220000,41.1720905,-8.60180489,169.89999389648438,3.0
241,1457870221000,41.17212443,-8.60186174,169.8000030517578,4.0
242,1457870222000,41.17215456,-8.60195253,169.10000610351565,3.0
243,1457870223000,41.17218822,-8.60205764,169.10000610351565,4.0
244,1457870224000,41.17221202,-8.60217691,168.60000610351565,4.0
245,1457870225000,41.1722437,-8.6023005,169.39999389648438,4.0
246,1457870226000,41.17228349,-8.60243387,168.5,4.0
247,1457870227000,41.17232639,-8.60258356,168.60000610351565,4.0
248,1457870228000,41.17237872,-8.60273818,168.10000610351565,3.0
249,1457870229000,41.1724387,-8.60288195,167.5,4.0
250,1457870230000,41.17250381,-8.6030111,167.10000610351565,4.0
251,1457870231000,41.17258125,-8.60313301,166.8000030517578,4.0
252,1457870232000,41.1726591,-8.60324708,166.60000610351565,4.0
253,1457870233000,41.17275039,-8.60335205,166.5,4.0
254,1457870234000,41.17284505,-8.60343725,166.6999969482422,4.0
255,1457870235000,41.17293137,-8.60351561,166.6999969482422,4.0
256,1457870236000,41.17302092,-8.6035785,167.1999969482422,4.0
257,1457870237000,41.17312016,-8.6036307,167.8000030517578,4.0
258,1457870238000,41.17321582,-8.60367188,167.5,4.0
259,1457870239000,41.17332434,-8.60369302,167.5,4.0
260,1457870240000,41.1734202,-8.6037101,167.39999389648438,4.0
261,1457870241000,41.17348697,-8.60372938,167.60000610351565,4.0
262,1457870242000,41.17354025,-8.60373854,168.6999969482422,4.0
263,1457870244000,41.17361864,-8.60374111,169.10000610351565,4.0
264,1457870246000,41.17366479,-8.60374639,169.0,4.0
265,1457870251000,41.17375418,-8.60375946,169.0,4.0
266,1457870252000,41.17381302,-8.60376954,168.39999389648438,4.0
267,1457870253000,41.17387733,-8.60377708,168.39999389648438,4.0
268,1457870254000,41.17395144,-8.60378037,168.6999969482422,4.0
269,1457870255000,41.17401413,-8.60378825,168.6999969482422,4.0
270,1457870256000,41.1741005,-8.60379082,168.5,4.0
271,1457870257000,41.17417378,-8.60379668,169.10000610351565,4.0
272,1457870258000,41.1742489,-8.60379944,169.0,4.0
273,1457870259000,41.17431657,-8.60381075,168.60000610351565,4.0
274,1457870260000,41.17439137,-8.6038102,167.89999389648438,3.0
275,1457870261000,41.17445855,-8.60381591,167.39999389648438,3.0
276,1457870262000,41.17453168,-8.60381187,167.8000030517578,4.0
277,1457870263000,41.17459872,-8.60381979,167.60000610351565,3.0
278,1457870264000,41.17466604,-8.60382202,167.8000030517578,3.0
279,1457870265000,41.17473989,-8.6038236,167.5,3.0
280,1457870266000,41.17481443,-8.60382874,167.5,3.0
281,1457870267000,41.17489059,-8.60383003,167.8000030517578,3.0
282,1457870268000,41.17495899,-8.60383251,167.39999389648438,3.0
283,1457870269000,41.17503083,-8.60383941,166.89999389648438,3.0
284,1457870270000,41.1751046,-8.60384181,166.39999389648438,3.0
285,1457870271000,41.17517678,-8.60385214,165.8000030517578,3.0
286,1457870272000,41.17524544,-8.60385443,165.6999969482422,3.0
287,1457870273000,41.17531885,-8.60386307,165.10000610351565,3.0
288,1457870274000,41.17539305,-8.60386884,165.6999969482422,3.0
289,1457870275000,41.17546326,-8.6038783,165.0,3.0
290,1457870276000,41.17553358,-8.6038815,164.8000030517578,3.0
291,1457870277000,41.17560665,-8.60388749,164.6999969482422,3.0
292,1457870278000,41.17567885,-8.60389154,164.8000030517578,3.0
293,1457870279000,41.17574838,-8.60389264,165.10000610351565,3.0
294,1457870280000,41.1758214,-8.60389215,165.1999969482422,3.0
295,1457870281000,41.17588885,-8.60389519,165.1999969482422,3.0
296,1457870282000,41.17595763,-8.60389726,164.89999389648438,3.0
297,1457870283000,41.17602598,-8.60389968,164.5,3.0
298,1457870284000,41.17609462,-8.60390452,164.8000030517578,3.0
299,1457870285000,41.17616335,-8.60390744,164.39999389648438,3.0
300,1457870286000,41.17622874,-8.60391168,164.39999389648438,3.0
301,1457870287000,41.17627714,-8.60390878,164.6999969482422,3.0
302,1457870289000,41.17632226,-8.6039071,165.60000610351565,3.0
303,1457870292000,41.17637307,-8.60388592,165.6999969482422,3.0
304,1457870295000,41.17639982,-8.60383786,166.6999969482422,4.0
305,1457870297000,41.17642905,-8.60373962,166.8000030517578,4.0
306,1457870299000,41.17644707,-8.60361474,166.8000030517578,3.0
307,1457870300000,41.1764622,-8.60354383,166.8000030517578,4.0
308,1457870301000,41.17648187,-8.6034667,166.6999969482422,4.0
309,1457870302000,41.17649932,-8.60338313,166.60000610351565,4.0
310,1457870303000,41.17651916,-8.60329912,166.6999969482422,3.0
311,1457870304000,41.1765489,-8.60321551,166.5,3.0
312,1457870305000,41.17658187,-8.60312605,166.10000610351565,3.0
313,1457870306000,41.1766075,-8.6030365,166.1999969482422,3.0
314,1457870307000,41.17665457,-8.60293549,165.60000610351565,3.0
315,1457870308000,41.17669908,-8.6028265,165.8000030517578,3.0
316,1457870309000,41.17675124,-8.60271388,165.39999389648438,3.0
317,1457870310000,41.17679764,-8.60259375,164.6999969482422,3.0
318,1457870311000,41.17683443,-8.60246553,164.6999969482422,4.0
319,1457870312000,41.17684461,-8.60232716,164.60000610351565,4.0
320,1457870313000,41.17683726,-8.6021818,164.89999389648438,3.0
321,1457870314000,41.17681109,-8.6020485,165.3000030517578,4.0
322,1457870315000,41.17674286,-8.60191983,165.3000030517578,3.0
323,1457870316000,41.17668305,-8.60179286,165.1999969482422,4.0
324,1457870317000,41.17659606,-8.60168552,164.89999389648438,4.0
325,1457870318000,41.17652016,-8.60156932,165.10000610351565,4.0
326,1457870319000,41.17643781,-8.60145517,165.10000610351565,5.0
327,1457870320000,41.17635607,-8.60134364,164.89999389648438,5.0
328,1457870321000,41.17627094,-8.6012474,164.39999389648438,5.0
329,1457870322000,41.176182,-8.6011298,164.8000030517578,6.0
330,1457870323000,41.17609609,-8.60100615,164.39999389648438,6.0
331,1457870324000,41.17603074,-8.60091526,164.39999389648438,5.0
332,1457870325000,41.17596234,-8.60079502,164.10000610351565,4.0
333,1457870326000,41.17589774,-8.60068423,163.1999969482422,4.0
334,1457870327000,41.17585904,-8.60058713,164.0,3.0
335,1457870328000,41.17582723,-8.6005029,164.10000610351565,4.0
336,1457870329000,41.17580596,-8.60042565,164.1999969482422,4.0
337,1457870330000,41.17578206,-8.60036278,164.10000610351565,4.0
338,1457870332000,41.17572892,-8.60027875,164.5,4.0
339,1457870333000,41.17567572,-8.60025305,162.60000610351565,4.0
340,1457870334000,41.17561549,-8.60023524,163.5,3.0
341,1457870335000,41.17555411,-8.60022881,163.39999389648438,3.0
342,1457870336000,41.17548909,-8.60022127,165.0,3.0
343,1457870337000,41.17541994,-8.60019913,165.5,3.0
344,1457870338000,41.17535595,-8.600182,165.60000610351565,3.0
345,1457870339000,41.17529604,-8.60016367,165.6999969482422,4.0
346,1457870340000,41.17523621,-8.60014564,166.3000030517578,3.0
347,1457870341000,41.17518049,-8.60012083,166.89999389648438,4.0
348,1457870342000,41.17512213,-8.6000953,166.5,4.0
349,1457870343000,41.1750726,-8.60006261,166.39999389648438,4.0
350,1457870344000,41.17502326,-8.60003187,167.39999389648438,3.0
351,1457870345000,41.17497477,-8.60000541,168.39999389648438,4.0
352,1457870347000,41.1748992,-8.59995325,169.6999969482422,3.0
353,1457870350000,41.17485461,-8.59992765,169.0,3.0
354,1457870358000,41.17480275,-8.59990949,169.89999389648438,4.0
355,1457870360000,41.17473016,-8.59988926,172.0,4.0
356,1457870362000,41.17464652,-8.59991416,172.89999389648438,3.0
357,1457870363000,41.17459236,-8.59996869,173.39999389648438,3.0
358,1457870364000,41.1745446,-8.6000291,172.5,3.0
359,1457870365000,41.17449642,-8.60009293,172.5,4.0
360,1457870366000,41.17444607,-8.60016051,172.6999969482422,4.0
361,1457870367000,41.1743923,-8.60023373,172.5,4.0
362,1457870368000,41.17433199,-8.60030874,172.5,4.0
363,1457870369000,41.1742813,-8.60038994,172.60000610351565,4.0
364,1457870370000,41.1742282,-8.60046541,172.5,4.0
365,1457870371000,41.17417111,-8.60053233,172.5,4.0
366,1457870372000,41.17411685,-8.60060638,172.3000030517578,4.0
367,1457870373000,41.17407586,-8.60067535,172.5,4.0
368,1457870374000,41.1740288,-8.60075098,172.6999969482422,3.0
369,1457870375000,41.17397214,-8.60082319,173.0,4.0
370,1457870376000,41.17392465,-8.60090662,172.5,4.0
371,1457870377000,41.17388538,-8.60100226,172.3000030517578,4.0
372,1457870378000,41.17386428,-8.60109458,172.0,3.0
373,1457870379000,41.17383672,-8.60118203,171.6999969482422,3.0
374,1457870380000,41.1738131,-8.6012737,171.60000610351565,4.0
375,1457870381000,41.17379876,-8.60136836,171.10000610351565,3.0
376,1457870382000,41.17379397,-8.60145766,171.10000610351565,3.0
377,1457870383000,41.17378936,-8.60155239,171.3000030517578,3.0
378,1457870384000,41.17378741,-8.6016543,170.5,3.0
379,1457870385000,41.17378366,-8.60174871,170.10000610351565,3.0
380,1457870386000,41.17378072,-8.60183899,170.10000610351565,3.0
381,1457870387000,41.1737796,-8.60193306,169.8000030517578,3.0
382,1457870388000,41.17377701,-8.60202422,169.0,3.0
383,1457870389000,41.17378045,-8.6021169,168.89999389648438,4.0
384,1457870390000,41.1737806,-8.60220921,169.39999389648438,4.0
385,1457870391000,41.17377744,-8.60230144,169.60000610351565,3.0
386,1457870392000,41.17377558,-8.60239521,169.60000610351565,4.0
387,1457870393000,41.17377646,-8.60248689,169.39999389648438,4.0
388,1457870394000,41.17376921,-8.60257377,169.6999969482422,3.0
389,1457870395000,41.17376365,-8.60266507,169.5,4.0
390,1457870396000,41.17376413,-8.60276261,169.8000030517578,3.0
391,1457870397000,41.1737556,-8.60285061,169.6999969482422,4.0
392,1457870398000,41.17375137,-8.60293697,170.3000030517578,4.0
393,1457870399000,41.17374726,-8.60302475,170.8000030517578,3.0
394,1457870400000,41.17374292,-8.60311707,170.0,3.0
395,1457870401000,41.17374314,-8.60320706,169.8000030517578,3.0
396,1457870402000,41.17373598,-8.60329411,169.89999389648438,3.0
397,1457870403000,41.17372902,-8.60338739,169.3000030517578,3.0
398,1457870404000,41.17372905,-8.60347581,169.1999969482422,3.0
399,1457870405000,41.17372499,-8.60355886,168.60000610351565,3.0
400,1457870406000,41.17372297,-8.60363155,168.89999389648438,3.0
401,1457870407000,41.17373336,-8.60369614,168.60000610351565,3.0
402,1457870409000,41.17376903,-8.60378736,169.0,4.0
403,1457870411000,41.17384254,-8.60379418,169.89999389648438,4.0
404,1457870412000,41.1738905,-8.60379549,170.5,4.0
405,1457870413000,41.17393855,-8.60379584,170.10000610351565,3.0
406,1457870414000,41.17398784,-8.60379696,169.89999389648438,4.0
407,1457870416000,41.17404194,-8.60379385,169.60000610351565,3.0
408,1457870455000,41.17409139,-8.6037953,170.89999389648438,3.0
409,1457870460000,41.17414429,-8.60379372,171.6999969482422,4.0
410,1457870465000,41.17419984,-8.60380541,171.60000610351565,3.0
411,1457870467000,41.1742741,-8.60382117,171.0,4.0
412,1457870468000,41.17433099,-8.60382269,170.39999389648438,3.0
413,1457870469000,41.17442108,-8.60381731,170.0,3.0
414,1457870470000,41.17448738,-8.60381871,169.89999389648438,3.0
415,1457870471000,41.17455403,-8.60382365,168.89999389648438,3.0
416,1457870472000,41.17462206,-8.60382801,169.0,4.0
417,1457870473000,41.17469179,-8.6038319,168.60000610351565,3.0
418,1457870474000,41.17475889,-8.60383564,169.0,3.0
419,1457870475000,41.17482338,-8.60384126,169.10000610351565,3.0
420,1457870476000,41.1748928,-8.60384833,169.0,3.0
421,1457870477000,41.17496139,-8.60385673,168.3000030517578,3.0
422,1457870478000,41.17503174,-8.6038596,168.10000610351565,3.0
423,1457870479000,41.17510097,-8.60386258,168.3000030517578,3.0
424,1457870480000,41.17516591,-8.60386933,168.3000030517578,3.0
425,1457870481000,41.17523524,-8.60386968,168.3000030517578,3.0
426,1457870482000,41.17530505,-8.60387818,168.3000030517578,3.0
427,1457870483000,41.17537639,-8.6038859,167.39999389648438,3.0
428,1457870484000,41.17544872,-8.60389273,167.5,3.0
429,1457870485000,41.17552044,-8.60389665,167.3000030517578,3.0
430,1457870486000,41.17558954,-8.60389766,167.0,3.0
431,1457870487000,41.17566121,-8.60389877,166.60000610351565,3.0
432,1457870488000,41.17572833,-8.60389765,166.60000610351565,3.0
433,1457870489000,41.17579761,-8.6039054,166.6999969482422,3.0
434,1457870490000,41.17587232,-8.60390432,167.1999969482422,3.0
435,1457870491000,41.17594588,-8.603906629999999,166.89999389648438,3.0
436,1457870492000,41.17601302,-8.60391364,166.60000610351565,4.0
437,1457870493000,41.17608302,-8.60391622,166.60000610351565,3.0
438,1457870494000,41.17615384,-8.6039215,166.8000030517578,3.0
439,1457870495000,41.17621626,-8.60391913,166.39999389648438,3.0
440,1457870496000,41.17627204,-8.60391634,166.0,3.0
441,1457870497000,41.17632556,-8.60389929,165.0,3.0
442,1457870499000,41.1764007,-8.60387655,164.6999969482422,3.0
443,1457870501000,41.17643187,-8.60394971,163.8000030517578,3.0
444,1457870503000,41.17636026,-8.60397993,162.8000030517578,3.0
445,1457870505000,41.17626837,-8.60396351,163.0,4.0
446,1457870506000,41.17622121,-8.60395727,163.39999389648438,3.0
447,1457870507000,41.1761626,-8.60394721,163.89999389648438,3.0
448,1457870508000,41.1761019,-8.60394547,163.10000610351565,3.0
449,1457870509000,41.17603505,-8.60394455,163.39999389648438,3.0
450,1457870510000,41.17596962,-8.60394416,163.39999389648438,3.0
451,1457870511000,41.17590316,-8.60393785,163.5,3.0
452,1457870512000,41.17583773,-8.60393508,163.1999969482422,3.0
453,1457870513000,41.17576988,-8.60393376,163.1999969482422,3.0
454,1457870514000,41.17569596,-8.60392721,163.10000610351565,3.0
455,1457870515000,41.17562647,-8.60392282,163.3000030517578,3.0
456,1457870516000,41.17555568,-8.60391628,163.5,4.0
457,1457870517000,41.17548529,-8.60391299,163.6999969482422,3.0
458,1457870518000,41.1754163,-8.60390757,163.6999969482422,3.0
459,1457870519000,41.17534346,-8.60389963,163.5,3.0
460,1457870520000,41.17527772,-8.60389803,164.1999969482422,3.0
461,1457870521000,41.1752078,-8.60389465,164.0,3.0
462,1457870522000,41.17513287,-8.60388791,163.6999969482422,3.0
463,1457870523000,41.17505966,-8.60388236,164.6999969482422,4.0
464,1457870524000,41.17499101,-8.60387842,164.89999389648438,3.0
465,1457870525000,41.17491852,-8.60387692,165.0,3.0
466,1457870526000,41.17484793,-8.60387209,165.39999389648438,3.0
467,1457870527000,41.17478107,-8.60386521,165.6999969482422,3.0
468,1457870528000,41.17471281,-8.60386126,165.5,3.0
469,1457870529000,41.17464481,-8.6038568,166.10000610351565,3.0
470,1457870530000,41.17457737,-8.60384947,166.1999969482422,3.0
471,1457870531000,41.17450914,-8.60384054,166.8000030517578,3.0
472,1457870532000,41.17444644,-8.60384105,166.6999969482422,3.0
473,1457870533000,41.17438089,-8.60383927,166.10000610351565,3.0
474,1457870534000,41.17430961,-8.60383782,166.1999969482422,4.0
475,1457870535000,41.17424596,-8.60383862,166.3000030517578,3.0
476,1457870536000,41.17418033,-8.60383485,166.3000030517578,3.0
477,1457870537000,41.17411283,-8.60383182,166.39999389648438,3.0
478,1457870538000,41.17404492,-8.60382881,166.39999389648438,3.0
479,1457870539000,41.17397819,-8.60382572,166.89999389648438,3.0
480,1457870540000,41.17391766,-8.60382808,166.39999389648438,4.0
481,1457870541000,41.17386425,-8.60382473,166.3000030517578,4.0
482,1457870543000,41.1737876,-8.60381218,166.10000610351565,3.0
483,1457870547000,41.17372404,-8.60379679,165.89999389648438,3.0
484,1457870549000,41.17366046,-8.60374067,166.6999969482422,3.0
485,1457870551000,41.1736446,-8.6036303,166.89999389648438,4.0
486,1457870553000,41.1736505,-8.6035139,167.0,4.0
487,1457870554000,41.17365661,-8.60345136,167.1999969482422,4.0
488,1457870556000,41.1736602,-8.6033363,166.8000030517578,4.0
489,1457870558000,41.17366003,-8.60321934,166.89999389648438,4.0
490,1457870560000,41.17366862,-8.60311485,166.60000610351565,4.0
491,1457870562000,41.17366475,-8.60302251,167.6999969482422,4.0
492,1457870564000,41.17365601,-8.60295015,168.60000610351565,4.0
493,1457870568000,41.17365748,-8.6028831,167.8000030517578,3.0
494,1457870577000,41.17365306,-8.60277493,169.5,4.0
495,1457870579000,41.17365705,-8.60266469,168.39999389648438,4.0
496,1457870581000,41.17366076,-8.60255473,169.3000030517578,4.0
497,1457870583000,41.17366219,-8.60245167,169.6999969482422,4.0
498,1457870585000,41.17366032,-8.60237131,170.5,4.0
499,1457870587000,41.17365923,-8.60230759,169.89999389648438,4.0
500,1457870593000,41.17371411,-8.60230373,167.10000610351565,3.0
501,1457870595000,41.17374854,-8.60234575,167.3000030517578,4.0
502,1457870597000,41.17378224,-8.60244108,167.5,4.0
503,1457870598000,41.17378943,-8.6025151,167.6999969482422,4.0
504,1457870599000,41.17376227,-8.60267919,167.5,4.0
505,1457870600000,41.17375585,-8.6027876,166.6999969482422,3.0
506,1457870601000,41.17374608,-8.60290807,167.1999969482422,4.0
507,1457870602000,41.17373876,-8.60302481,167.6999969482422,4.0
508,1457870603000,41.17373214,-8.60315406,167.39999389648438,3.0
509,1457870604000,41.17372568,-8.60326961,167.89999389648438,3.0
510,1457870605000,41.1737205,-8.60337886,168.0,3.0
511,1457870606000,41.17371452,-8.60348324,166.39999389648438,3.0
512,1457870607000,41.17371628,-8.60356195,167.39999389648438,3.0
513,1457870608000,41.17371006,-8.60363447,167.5,9.0
514,1457870609000,41.17371531,-8.60369531,167.1999969482422,9.0
515,1457870611000,41.17376091,-8.60377018,167.10000610351565,10.0
516,1457870613000,41.17383819,-8.60381189,167.60000610351565,10.0
517,1457870614000,41.17396971,-8.60379178,166.1999969482422,9.0
518,1457870615000,41.17405679,-8.60380452,166.60000610351565,10.0
519,1457870616000,41.17414298,-8.60380798,166.8000030517578,10.0
520,1457870617000,41.17423576,-8.60380943,166.3000030517578,9.0
521,1457870618000,41.17433729,-8.60381965,165.60000610351565,9.0
522,1457870619000,41.17443376,-8.60383146,166.8000030517578,9.0
523,1457870620000,41.17453719,-8.60383666,166.60000610351565,9.0
524,1457870621000,41.17462938,-8.60384047,167.1999969482422,9.0
525,1457870622000,41.17472829,-8.60384324,167.5,9.0
526,1457870623000,41.17482678,-8.60384405,166.8000030517578,9.0
527,1457870624000,41.17492444,-8.60385609,166.60000610351565,9.0
528,1457870625000,41.17502258,-8.60386193,166.39999389648438,10.0
529,1457870626000,41.17512131,-8.60386942,166.3000030517578,9.0
530,1457870627000,41.17521993,-8.60387342,166.3000030517578,9.0
531,1457870628000,41.17532159,-8.60387972,166.89999389648438,9.0
532,1457870629000,41.17542177,-8.60388272,167.0,9.0
533,1457870630000,41.1755203,-8.60388641,167.1999969482422,9.0
534,1457870631000,41.1756193,-8.60389243,167.0,9.0
535,1457870632000,41.17571681,-8.60389621,166.8000030517578,9.0
536,1457870633000,41.17581713,-8.60390166,167.60000610351565,9.0
537,1457870634000,41.17590503,-8.60390156,168.39999389648438,9.0
538,1457870635000,41.17598907,-8.60390605,168.1999969482422,9.0
539,1457870636000,41.17606943,-8.6039132,168.89999389648438,9.0
540,1457870637000,41.17613931,-8.60391352,167.6999969482422,9.0
541,1457870638000,41.17619811,-8.60391521,165.5,9.0
542,1457870640000,41.17627535,-8.60391556,165.0,9.0
543,1457870643000,41.17631905,-8.60389648,167.89999389648438,9.0
544,1457870652000,41.1763681,-8.60387677,168.10000610351565,4.0
545,1457870654000,41.17641172,-8.60389209,167.60000610351565,4.0
546,1457870656000,41.17644143,-8.60394054,167.3000030517578,4.0
547,1457870658000,41.17637594,-8.60397933,165.1999969482422,4.0
548,1457870659000,41.17632486,-8.60396725,164.3000030517578,4.0
549,1457870660000,41.17626449,-8.60395129,163.60000610351565,3.0
550,1457870661000,41.17616781,-8.60395407,162.10000610351565,4.0
551,1457870662000,41.1760871,-8.60395451,162.39999389648438,4.0
552,1457870663000,41.17598052,-8.60395199,162.5,4.0
553,1457870664000,41.17585408,-8.60394587,162.6999969482422,3.0
554,1457870665000,41.17573117,-8.60393833,163.0,3.0
555,1457870666000,41.17560659,-8.60393255,163.0,4.0
556,1457870667000,41.1754741,-8.60392527,163.1999969482422,3.0
557,1457870668000,41.17533066,-8.60391661,164.10000610351565,3.0
558,1457870669000,41.17518697,-8.60390824,164.8000030517578,3.0
559,1457870670000,41.17504743,-8.60390127,165.1999969482422,3.0
560,1457870671000,41.17490558,-8.6038883,165.89999389648438,3.0
561,1457870672000,41.17476017,-8.60387549,166.6999969482422,3.0
562,1457870673000,41.17462445,-8.6038651,167.39999389648438,3.0
563,1457870674000,41.1744958,-8.60385447,168.1999969482422,3.0
564,1457870675000,41.17437268,-8.60384411,168.3000030517578,4.0
565,1457870676000,41.1742463,-8.60384264,168.39999389648438,3.0
566,1457870677000,41.17413254,-8.60383759,169.1999969482422,3.0
567,1457870678000,41.17403207,-8.60383351,169.3000030517578,3.0
568,1457870679000,41.17395094,-8.60383005,169.10000610351565,3.0
569,1457870680000,41.17387996,-8.6038249,169.10000610351565,4.0
570,1457870681000,41.17382651,-8.60381538,169.39999389648438,3.0
571,1457870683000,41.17376769,-8.60380681,170.3000030517578,4.0
572,1457870691000,41.17372113,-8.60378845,169.89999389648438,4.0
573,1457870693000,41.17365375,-8.60372212,169.89999389648438,4.0
574,1457870694000,41.1736429,-8.60364916,169.39999389648438,4.0
575,1457870695000,41.17364316,-8.60355677,169.3000030517578,4.0
576,1457870696000,41.17364719,-8.60343703,169.39999389648438,4.0
577,1457870697000,41.17365797,-8.60328672,170.39999389648438,4.0
578,1457870698000,41.17366222,-8.6031281,169.8000030517578,4.0
579,1457870699000,41.17366673,-8.60294197,169.60000610351565,3.0
580,1457870700000,41.17366853,-8.60277414,169.8000030517578,4.0
581,1457870701000,41.17367873,-8.60263236,170.10000610351565,4.0
582,1457870702000,41.17368427,-8.60252498,170.39999389648438,4.0
583,1457870703000,41.17367983,-8.60245444,170.3000030517578,4.0
584,1457870705000,41.17364993,-8.60236974,170.6999969482422,4.0
585,1457870708000,41.17369743,-8.602346,172.10000610351565,3.0
586,1457870716000,41.17374364,-8.60241778,170.1999969482422,4.0
587,1457870717000,41.1737527,-8.60250167,169.8000030517578,4.0
588,1457870718000,41.17375196,-8.60259073,170.3000030517578,4.0
589,1457870719000,41.17373984,-8.60274379,168.60000610351565,3.0
590,1457870720000,41.17374218,-8.60287463,169.0,4.0
591,1457870721000,41.17373703,-8.6030253,169.0,4.0
592,1457870722000,41.17373918,-8.60317468,168.10000610351565,4.0
593,1457870723000,41.17372557,-8.60332145,168.0,4.0
594,1457870724000,41.17372118,-8.60345431,167.39999389648438,4.0
595,1457870725000,41.17371607,-8.60355978,167.1999969482422,4.0
596,1457870726000,41.17371241,-8.60364762,167.60000610351565,4.0
597,1457870727000,41.17371721,-8.60371451,167.3000030517578,3.0
598,1457870728000,41.17374755,-8.60376641,166.8000030517578,4.0
599,1457870730000,41.17383798,-8.60381276,166.6999969482422,5.0
600,1457870731000,41.17392874,-8.60380593,166.8000030517578,4.0
601,1457870732000,41.17401832,-8.60380153,168.3000030517578,3.0
602,1457870733000,41.17412058,-8.60381867,167.0,3.0
603,1457870734000,41.17424258,-8.60383048,167.39999389648438,4.0
604,1457870735000,41.17437926,-8.60383193,166.60000610351565,4.0
605,1457870736000,41.17452119,-8.6038329,165.8000030517578,3.0
606,1457870737000,41.17466482,-8.60383844,166.1999969482422,3.0
607,1457870738000,41.17480876,-8.6038519,166.0,4.0
608,1457870739000,41.17494625,-8.6038618,165.8000030517578,3.0
609,1457870740000,41.17508927,-8.60387219,166.5,4.0
610,1457870741000,41.17523448,-8.6038804,166.1999969482422,3.0
611,1457870742000,41.17537687,-8.60388757,166.39999389648438,4.0
612,1457870743000,41.17551857,-8.60390609,165.60000610351565,3.0
613,1457870744000,41.17565221,-8.60391297,165.0,3.0
614,1457870745000,41.17578551,-8.60391841,165.10000610351565,3.0
615,1457870746000,41.17590484,-8.60392582,165.10000610351565,3.0
616,1457870747000,41.1760108,-8.60393014,164.89999389648438,3.0
617,1457870748000,41.17610522,-8.60393636,164.6999969482422,4.0
618,1457870749000,41.17618296,-8.60393568,164.5,3.0
619,1457870750000,41.17624974,-8.60393692,163.89999389648438,4.0
620,1457870751000,41.17630413,-8.60390983,165.1999969482422,4.0
621,1457870752000,41.17634514,-8.60385818,165.3000030517578,4.0
622,1457870753000,41.17637622,-8.6037895,165.0,4.0
623,1457870754000,41.17640347,-8.60370854,164.60000610351565,4.0
624,1457870755000,41.17641974,-8.60361454,164.60000610351565,4.0
625,1457870756000,41.17645203,-8.60350665,164.8000030517578,3.0
626,1457870757000,41.17648565,-8.60339017,163.3000030517578,3.0
627,1457870758000,41.17652167,-8.60326577,162.8000030517578,4.0
628,1457870759000,41.17656059,-8.60314219,162.89999389648438,4.0
629,1457870760000,41.17660502,-8.60301625,162.6999969482422,4.0
630,1457870761000,41.17665236,-8.60289465,162.39999389648438,4.0
631,1457870762000,41.17671076,-8.60277045,162.0,4.0
632,1457870763000,41.17676199,-8.60263581,162.10000610351565,4.0
633,1457870764000,41.17681072,-8.60249833,162.6999969482422,4.0
634,1457870765000,41.17682695,-8.60235318,161.89999389648438,3.0
635,1457870766000,41.17683091,-8.60220846,162.6999969482422,3.0
636,1457870767000,41.17681179,-8.60207572,163.1999969482422,4.0
637,1457870768000,41.17678157,-8.60193877,162.6999969482422,4.0
638,1457870769000,41.17670943,-8.60180951,162.60000610351565,4.0
639,1457870770000,41.17663082,-8.60169865,162.1999969482422,4.0
640,1457870771000,41.17654112,-8.60158932,162.1999969482422,5.0
641,1457870772000,41.17645047,-8.60149206,162.1999969482422,5.0
642,1457870773000,41.17637214,-8.60139762,161.5,5.0
643,1457870774000,41.17628558,-8.60128141,161.10000610351565,5.0
644,1457870775000,41.17621358,-8.60119805,160.8000030517578,5.0
645,1457870776000,41.17612929,-8.60108514,160.39999389648438,5.0
646,1457870777000,41.17604113,-8.600937,160.1999969482422,4.0
647,1457870778000,41.17597618,-8.60082828,161.89999389648438,4.0
648,1457870779000,41.17590513,-8.60071501,161.8000030517578,4.0
649,1457870780000,41.17586245,-8.60060859,163.10000610351565,4.0
650,1457870781000,41.17582967,-8.60051311,163.39999389648438,4.0
651,1457870782000,41.17580609,-8.60043449,163.1999969482422,4.0
652,1457870783000,41.17578188,-8.60036102,163.10000610351565,4.0
653,1457870784000,41.17575202,-8.60031223,163.39999389648438,4.0
654,1457870785000,41.17570313,-8.60027353,163.10000610351565,4.0
655,1457870786000,41.17563738,-8.60024181,162.6999969482422,3.0
656,1457870787000,41.17556935,-8.60022747,162.5,3.0
657,1457870788000,41.17548906,-8.60020277,163.0,4.0
658,1457870789000,41.17540441,-8.6001696,163.0,4.0
659,1457870790000,41.17531288,-8.60012993,162.8000030517578,4.0
660,1457870791000,41.1752349,-8.60009074,164.3000030517578,4.0
661,1457870792000,41.17515738,-8.60005684,165.1999969482422,4.0
662,1457870793000,41.17508577,-8.60002387,165.1999969482422,4.0
663,1457870794000,41.17501084,-8.59998143,166.3000030517578,4.0
664,1457870795000,41.17493293,-8.59993412,166.0,4.0
665,1457870796000,41.1748517,-8.59989128,166.10000610351565,4.0
666,1457870797000,41.17476693,-8.59984316,165.8000030517578,4.0
667,1457870798000,41.17468773,-8.59979791,166.39999389648438,3.0
668,1457870799000,41.17460841,-8.59975106,167.5,3.0
669,1457870800000,41.17452494,-8.59971213,167.1999969482422,4.0
670,1457870801000,41.17443433,-8.59965635,167.1999969482422,4.0
671,1457870802000,41.17434611,-8.59960462,167.39999389648438,4.0
672,1457870803000,41.17425698,-8.59955436,167.10000610351565,4.0
673,1457870804000,41.17416388,-8.59950435,167.39999389648438,4.0
674,1457870805000,41.17407961,-8.59945429,167.89999389648438,3.0
675,1457870806000,41.17399231,-8.59940616,168.39999389648438,3.0
676,1457870807000,41.17390568,-8.59935046,169.0,3.0
677,1457870808000,41.17382055,-8.59929451,169.39999389648438,3.0
678,1457870809000,41.17373529,-8.59924282,169.10000610351565,3.0
679,1457870810000,41.17364927,-8.59918519,169.1999969482422,3.0
680,1457870811000,41.17356887,-8.59913544,169.5,3.0
681,1457870812000,41.17348352,-8.59908673,170.0,3.0
682,1457870813000,41.17340118,-8.59903595,170.6999969482422,3.0
683,1457870814000,41.17331508,-8.5989882,171.39999389648438,3.0
684,1457870815000,41.17322826,-8.59893662,171.8000030517578,3.0
685,1457870816000,41.173144,-8.59888461,171.6999969482422,4.0
686,1457870817000,41.173062,-8.59883624,172.5,3.0
687,1457870818000,41.17297982,-8.59878054,172.8000030517578,3.0
688,1457870819000,41.17289583,-8.59872519,173.6999969482422,3.0
689,1457870820000,41.17280716,-8.59867653,173.6999969482422,3.0
690,1457870821000,41.1727231,-8.59862475,174.10000610351565,3.0
691,1457870822000,41.17263748,-8.59857475,175.10000610351565,3.0
692,1457870823000,41.17254953,-8.59852161,175.5,3.0
693,1457870824000,41.17246356,-8.5984761,175.6999969482422,3.0
694,1457870825000,41.1723757,-8.59842339,175.60000610351565,3.0
695,1457870826000,41.1722888,-8.59837366,176.0,3.0
696,1457870827000,41.17220234,-8.59832722,176.1999969482422,3.0
697,1457870828000,41.1721163,-8.59826908,176.10000610351565,3.0
698,1457870829000,41.17202787,-8.59821664,176.5,4.0
699,1457870830000,41.17194415,-8.59816853,177.39999389648438,3.0
700,1457870831000,41.17186003,-8.5981197,177.3000030517578,4.0
701,1457870832000,41.17177324,-8.59806974,177.6999969482422,4.0
702,1457870833000,41.17168388,-8.59802198,177.10000610351565,4.0
703,1457870834000,41.17159354,-8.59796852,178.0,4.0
704,1457870835000,41.17150577,-8.59791535,176.89999389648438,3.0
705,1457870836000,41.17142503,-8.59786721,178.1999969482422,3.0
706,1457870837000,41.17133746,-8.5978111,178.60000610351565,3.0
707,1457870838000,41.17124581,-8.59776134,178.8000030517578,4.0
708,1457870839000,41.17115737,-8.5977253,179.1999969482422,4.0
709,1457870840000,41.17106444,-8.59769804,179.5,4.0
710,1457870841000,41.17097833,-8.59766806,180.1999969482422,4.0
711,1457870842000,41.17088524,-8.59763487,180.60000610351565,4.0
712,1457870843000,41.17080346,-8.59759392,181.3000030517578,4.0
713,1457870844000,41.17070784,-8.5975636,181.3999938964844,4.0
714,1457870845000,41.17061666,-8.59753466,181.1999969482422,4.0
715,1457870846000,41.17052083,-8.59751248,182.10000610351565,4.0
716,1457870847000,41.17043785,-8.59749054,182.6999969482422,4.0
717,1457870848000,41.17036576,-8.59746734,183.10000610351565,3.0
718,1457870849000,41.17030713,-8.59745039,183.10000610351565,3.0
719,1457870850000,41.17025992,-8.59744108,183.3000030517578,4.0
720,1457870852000,41.17021176,-8.59742313,183.8000030517578,3.0
721,1457870860000,41.17025803,-8.59745323,184.60000610351565,4.0
722,1457870878000,41.17030085,-8.59743311,189.8999938964844,4.0
723,1457870880000,41.17035415,-8.59742257,191.10000610351565,4.0
724,1457870882000,41.17040013,-8.59743916,192.60000610351565,4.0
725,1457870884000,41.17044077,-8.5974775,194.0,4.0
726,1457870886000,41.17051219,-8.59753548,194.3000030517578,4.0
727,1457870887000,41.17056596,-8.5975677,194.10000610351565,4.0
728,1457870888000,41.17068831,-8.59757946,192.3999938964844,4.0
729,1457870889000,41.17076228,-8.5976018,192.10000610351565,4.0
730,1457870890000,41.17084463,-8.59761892,192.5,4.0
731,1457870891000,41.17092567,-8.59764616,191.60000610351565,9.0
732,1457870892000,41.17100688,-8.59767494,192.1999969482422,10.0
733,1457870893000,41.1710876,-8.59771086,192.1999969482422,10.0
734,1457870894000,41.17117945,-8.59773944,191.6999969482422,10.0
735,1457870895000,41.17127513,-8.59776984,190.3999938964844,10.0
736,1457870896000,41.17136263,-8.59780715,189.60000610351565,10.0
737,1457870897000,41.17145031,-8.59785965,189.8000030517578,10.0
738,1457870898000,41.17153615,-8.59790465,189.3000030517578,10.0
739,1457870899000,41.17162712,-8.59795133,188.8000030517578,10.0
740,1457870900000,41.17171257,-8.59799562,188.60000610351565,10.0
741,1457870901000,41.17179761,-8.59804567,188.10000610351565,10.0
742,1457870902000,41.17188731,-8.59809616,188.60000610351565,10.0
743,1457870903000,41.17197152,-8.59814794,188.8000030517578,10.0
744,1457870904000,41.17207249,-8.59818992,187.60000610351565,10.0
745,1457870905000,41.17215218,-8.59824078,187.3000030517578,11.0
746,1457870906000,41.17222756,-8.59829752,187.3999938964844,10.0
747,1457870907000,41.1723421,-8.59833756,185.60000610351565,10.0
748,1457870908000,41.17242606,-8.59839493,185.3000030517578,11.0
749,1457870909000,41.172518,-8.59844386,185.10000610351565,11.0
750,1457870910000,41.17261264,-8.59848901,184.0,10.0
751,1457870911000,41.17269148,-8.59854714,183.5,10.0
752,1457870912000,41.17280002,-8.59859197,182.10000610351565,9.0
753,1457870913000,41.17289157,-8.5986438,181.3000030517578,10.0
754,1457870914000,41.17298828,-8.59869995,180.60000610351565,10.0
755,1457870915000,41.17307507,-8.59875454,180.6999969482422,10.0
756,1457870916000,41.17316332,-8.59881069,180.0,10.0
757,1457870917000,41.17323946,-8.5988599,179.5,10.0
758,1457870918000,41.17333054,-8.5989095,178.89999389648438,10.0
759,1457870919000,41.17341369,-8.59896101,178.8000030517578,11.0
760,1457870920000,41.17347998,-8.59901121,178.89999389648438,11.0
761,1457870921000,41.17355815,-8.59905944,179.3000030517578,11.0
762,1457870922000,41.17363851,-8.59908637,178.8000030517578,11.0
763,1457870923000,41.1737082,-8.59912098,178.39999389648438,11.0
764,1457870924000,41.17377596,-8.59915759,177.3000030517578,10.0
765,1457870925000,41.17381837,-8.5991949,177.39999389648438,10.0
766,1457870926000,41.17386993,-8.59922634,177.39999389648438,10.0
767,1457870927000,41.17392512,-8.59925615,177.1999969482422,10.0
768,1457870928000,41.17397886,-8.59929408,177.39999389648438,10.0
769,1457870929000,41.17403529,-8.5993254,177.1999969482422,10.0
770,1457870930000,41.17408524,-8.59935877,177.10000610351565,10.0
771,1457870931000,41.1741379,-8.59939315,176.89999389648438,10.0
772,1457870932000,41.1741933,-8.59941818,176.3000030517578,10.0
773,1457870933000,41.1742375,-8.59944401,176.39999389648438,10.0
774,1457870935000,41.17430135,-8.59947818,176.3000030517578,10.0
775,1457870939000,41.17434695,-8.59949608,175.0,10.0
776,1457870945000,41.17438291,-8.59953994,176.3000030517578,11.0
777,1457870947000,41.17443398,-8.59957451,175.0,11.0
778,1457870949000,41.17451128,-8.59963897,174.89999389648438,11.0
779,1457870950000,41.17455387,-8.59967337,174.8000030517578,11.0
780,1457870951000,41.17461967,-8.5997122,174.0,11.0
781,1457870953000,41.17467008,-8.59978576,173.89999389648438,10.0
782,1457870955000,41.17466732,-8.59989109,173.89999389648438,10.0
783,1457870956000,41.17462788,-8.59995106,173.8000030517578,10.0
784,1457870957000,41.17456546,-8.60002041,174.60000610351565,9.0
785,1457870958000,41.17451752,-8.60009571,174.5,3.0
786,1457870959000,41.17445761,-8.60018178,175.10000610351565,3.0
787,1457870960000,41.17439211,-8.60026347,174.60000610351565,3.0
788,1457870961000,41.1743211,-8.60036141,174.0,3.0
789,1457870962000,41.174252,-8.60045212,174.3000030517578,3.0
790,1457870963000,41.17418621,-8.60053867,174.1999969482422,4.0
791,1457870964000,41.17412432,-8.60062187,174.10000610351565,5.0
792,1457870966000,41.17407107,-8.60071124,172.0,3.0
793,1457870967000,41.17402239,-8.60077059,171.8000030517578,4.0
794,1457870968000,41.17397667,-8.60084241,171.39999389648438,4.0
795,1457870969000,41.17392815,-8.60093968,171.0,4.0
796,1457870970000,41.17388528,-8.60104351,170.8000030517578,3.0
797,1457870971000,41.17385229,-8.60116867,170.1999969482422,3.0
798,1457870972000,41.17381865,-8.60130699,170.1999969482422,4.0
799,1457870973000,41.1738031,-8.60145757,170.0,4.0
800,1457870974000,41.173793,-8.60162426,169.10000610351565,3.0
801,1457870975000,41.17378503,-8.60179395,169.39999389648438,3.0
802,1457870976000,41.1737844,-8.60194792,168.1999969482422,3.0
803,1457870977000,41.17378149,-8.6021106,167.1999969482422,3.0
804,1457870978000,41.17377197,-8.60226674,167.60000610351565,4.0
805,1457870979000,41.17376069,-8.60242612,168.0,3.0
806,1457870980000,41.17376016,-8.60257801,167.60000610351565,4.0
807,1457870981000,41.17375648,-8.60274077,167.1999969482422,4.0
808,1457870982000,41.17375018,-8.6028984,167.1999969482422,4.0
809,1457870983000,41.17374087,-8.60305366,167.10000610351565,3.0
810,1457870984000,41.17373895,-8.60320406,166.10000610351565,4.0
811,1457870985000,41.17373422,-8.60334488,166.60000610351565,4.0
812,1457870986000,41.17373262,-8.60346341,166.39999389648438,3.0
813,1457870987000,41.17372932,-8.60356509,166.60000610351565,3.0
814,1457870988000,41.17372717,-8.603648,166.5,3.0
815,1457870989000,41.17374689,-8.60371536,166.60000610351565,3.0
816,1457870990000,41.17377706,-8.60376399,166.0,4.0
817,1457870991000,41.17383461,-8.60377674,166.5,4.0
818,1457870992000,41.17390082,-8.60377937,166.1999969482422,4.0
819,1457870993000,41.17398041,-8.60378923,166.6999969482422,4.0
820,1457870994000,41.17407216,-8.60379581,166.6999969482422,4.0
821,1457870995000,41.17417533,-8.60380723,167.10000610351565,4.0
822,1457870996000,41.17428512,-8.60381398,166.6999969482422,4.0
823,1457870997000,41.17439833,-8.60382265,166.1999969482422,4.0
824,1457870998000,41.17451946,-8.6038353,165.8000030517578,4.0
825,1457870999000,41.17464182,-8.60384475,165.89999389648438,4.0
826,1457871000000,41.17476775,-8.60384942,165.89999389648438,4.0
827,1457871001000,41.17489265,-8.60385727,165.1999969482422,4.0
828,1457871002000,41.17501733,-8.6038689,165.39999389648438,4.0
829,1457871003000,41.17513906,-8.60387347,164.89999389648438,4.0
830,1457871004000,41.1752595,-8.60387775,164.6999969482422,4.0
831,1457871005000,41.17537874,-8.60388519,164.1999969482422,4.0
832,1457871006000,41.17549559,-8.60389193,164.5,4.0
833,1457871007000,41.17561188,-8.60389983,164.6999969482422,4.0
834,1457871008000,41.17572232,-8.60390705,164.39999389648438,4.0
835,1457871009000,41.17583349,-8.60390928,164.3000030517578,4.0
836,1457871010000,41.1759414,-8.60392084,164.1999969482422,4.0
837,1457871011000,41.17604132,-8.60392768,163.89999389648438,4.0
838,1457871012000,41.17613668,-8.60393199,163.5,4.0
839,1457871013000,41.17621476,-8.60393274,162.8000030517578,4.0
840,1457871014000,41.17628959,-8.60391763,163.60000610351565,3.0
841,1457871015000,41.1763494,-8.60386324,162.60000610351565,3.0
842,1457871016000,41.17638366,-8.60379264,162.6999969482422,4.0
843,1457871017000,41.17640921,-8.6036972,163.5,4.0
844,1457871018000,41.17643446,-8.60358597,163.8000030517578,4.0
845,1457871019000,41.17645712,-8.60347759,164.8000030517578,4.0
846,1457871020000,41.17649356,-8.6033643,164.8000030517578,3.0
847,1457871021000,41.17653044,-8.60324222,164.6999969482422,4.0
848,1457871022000,41.17657826,-8.6031255,164.8000030517578,4.0
849,1457871023000,41.17662721,-8.60300061,164.89999389648438,4.0
850,1457871024000,41.17667319,-8.60288298,165.0,4.0
851,1457871025000,41.17673095,-8.60276203,164.1999969482422,4.0
852,1457871026000,41.17677533,-8.60263279,164.89999389648438,4.0
853,1457871027000,41.17682239,-8.60248738,164.39999389648438,4.0
854,1457871028000,41.17683328,-8.60234732,164.60000610351565,3.0
855,1457871029000,41.17682129,-8.60220376,164.6999969482422,3.0
856,1457871030000,41.17680225,-8.60206899,164.6999969482422,4.0
857,1457871031000,41.17676567,-8.60194931,164.89999389648438,4.0
858,1457871032000,41.17670368,-8.60183723,164.6999969482422,4.0
859,1457871033000,41.17662201,-8.60173348,164.1999969482422,3.0
860,1457871034000,41.17654666,-8.60162369,164.1999969482422,3.0
861,1457871035000,41.1764631,-8.60151655,165.3000030517578,3.0
862,1457871036000,41.17637955,-8.60140644,165.39999389648438,3.0
863,1457871037000,41.17629381,-8.60129551,165.3000030517578,4.0
864,1457871038000,41.17620926,-8.6011837,165.0,3.0
865,1457871039000,41.17612746,-8.60106935,165.1999969482422,3.0
866,1457871040000,41.17604923,-8.60096257,165.60000610351565,4.0
867,1457871041000,41.17597704,-8.6008566,165.5,3.0
868,1457871042000,41.17591764,-8.6007516,164.89999389648438,4.0
869,1457871043000,41.17586354,-8.60065029,165.60000610351565,4.0
870,1457871044000,41.17584092,-8.60055465,166.8000030517578,4.0
871,1457871045000,41.17580702,-8.60045078,166.89999389648438,4.0
872,1457871046000,41.17578089,-8.60037149,167.3000030517578,4.0
873,1457871047000,41.17575374,-8.600317,167.5,4.0
874,1457871048000,41.17570684,-8.60026933,167.39999389648438,4.0
875,1457871049000,41.17565562,-8.60024153,166.1999969482422,4.0
876,1457871050000,41.17559563,-8.60022849,165.89999389648438,4.0
877,1457871051000,41.17553042,-8.60021106,166.10000610351565,4.0
878,1457871052000,41.17545868,-8.60019246,166.39999389648438,4.0
879,1457871053000,41.17539056,-8.60016982,167.0,4.0
880,1457871054000,41.17531894,-8.60013697,166.1999969482422,4.0
881,1457871055000,41.17524343,-8.60010548,166.39999389648438,3.0
882,1457871056000,41.17515965,-8.60006144,166.10000610351565,4.0
883,1457871057000,41.17507353,-8.60000898,166.89999389648438,3.0
884,1457871058000,41.17497726,-8.5999536,166.6999969482422,3.0
885,1457871059000,41.17487838,-8.59989562,167.10000610351565,4.0
886,1457871060000,41.17477047,-8.59983596,167.10000610351565,4.0
887,1457871061000,41.17465483,-8.59976811,167.60000610351565,3.0
888,1457871062000,41.1745384,-8.59970187,168.3000030517578,3.0
889,1457871063000,41.17442891,-8.59963629,168.39999389648438,4.0
890,1457871064000,41.17431814,-8.59957129,168.6999969482422,4.0
891,1457871065000,41.17421019,-8.59950731,169.1999969482422,4.0
892,1457871066000,41.17410467,-8.59945025,169.5,3.0
893,1457871067000,41.17400721,-8.59939467,169.89999389648438,3.0
894,1457871068000,41.17390406,-8.59934004,170.3000030517578,3.0
895,1457871069000,41.17380225,-8.59927507,170.60000610351565,3.0
896,1457871070000,41.17369598,-8.59921182,171.10000610351565,3.0
897,1457871071000,41.17359391,-8.59914409,171.5,3.0
898,1457871072000,41.17349765,-8.59908572,172.10000610351565,3.0
899,1457871073000,41.17339753,-8.59902396,172.89999389648438,3.0
900,1457871074000,41.17329876,-8.59896259,173.89999389648438,3.0
901,1457871075000,41.17319852,-8.59890134,174.10000610351565,4.0
902,1457871076000,41.17309523,-8.59883981,174.39999389648438,4.0
903,1457871077000,41.17298793,-8.59877764,175.5,3.0
904,1457871078000,41.17288345,-8.59871378,176.10000610351565,3.0
905,1457871079000,41.17278096,-8.59865176,176.5,3.0
906,1457871080000,41.17267595,-8.59859685,176.8000030517578,3.0
907,1457871081000,41.17257279,-8.59854082,176.89999389648438,3.0
908,1457871082000,41.17247607,-8.59848456,177.39999389648438,3.0
909,1457871083000,41.17238507,-8.59843383,177.8000030517578,4.0
910,1457871084000,41.17230279,-8.59838355,178.3000030517578,3.0
911,1457871085000,41.17221947,-8.59833686,178.3000030517578,4.0
912,1457871086000,41.17214303,-8.59829716,178.3000030517578,4.0
913,1457871087000,41.17207215,-8.59825178,178.10000610351565,4.0
914,1457871088000,41.17200568,-8.59821374,178.39999389648438,4.0
915,1457871089000,41.17193334,-8.59817336,178.89999389648438,3.0
916,1457871090000,41.17186909,-8.59813729,178.3000030517578,4.0
917,1457871091000,41.17180238,-8.59810238,179.0,4.0
918,1457871092000,41.17173789,-8.59806408,179.1999969482422,4.0
919,1457871093000,41.17167645,-8.59802516,179.8000030517578,4.0
920,1457871094000,41.17161592,-8.59798443,180.8999938964844,4.0
921,1457871095000,41.17155545,-8.59794552,181.5,4.0
922,1457871096000,41.17149054,-8.59790628,182.0,3.0
923,1457871097000,41.17143026,-8.59786064,183.1999969482422,3.0
924,1457871098000,41.1713632,-8.59782357,182.3999938964844,4.0
925,1457871099000,41.17129957,-8.59779024,182.8000030517578,4.0
926,1457871100000,41.17123198,-8.59775684,183.10000610351565,4.0
927,1457871101000,41.17116454,-8.59772656,182.8000030517578,10.0
928,1457871102000,41.1710947,-8.5977046,182.10000610351565,10.0
929,1457871103000,41.17103187,-8.59767812,182.60000610351565,10.0
930,1457871104000,41.17096328,-8.59765159,182.0,10.0
931,1457871105000,41.17089612,-8.59762376,182.0,10.0
932,1457871106000,41.1708294,-8.59759347,182.60000610351565,10.0
933,1457871107000,41.1707521,-8.59757183,182.60000610351565,9.0
934,1457871108000,41.17067681,-8.59755499,182.8999938964844,10.0
935,1457871109000,41.17061134,-8.59753264,182.10000610351565,10.0
936,1457871110000,41.17054414,-8.59751708,182.0,10.0
937,1457871111000,41.17048579,-8.59749836,182.1999969482422,10.0
938,1457871113000,41.17040709,-8.59747812,182.6999969482422,10.0
939,1457871116000,41.17033913,-8.59747084,183.3000030517578,10.0
940,1457871118000,41.17027776,-8.5974442,183.3999938964844,10.0
941,1457871120000,41.17022849,-8.59742495,183.0,10.0
942,1457871130000,41.17027001,-8.59745972,187.10000610351565,10.0
943,1457871138000,41.17033227,-8.59742828,187.5,10.0
944,1457871140000,41.17040713,-8.59745258,187.8999938964844,10.0
945,1457871142000,41.17048022,-8.597509,189.5,11.0
946,1457871144000,41.17063131,-8.59756859,187.8999938964844,10.0
947,1457871145000,41.1707035,-8.5975853,187.10000610351565,10.0
948,1457871146000,41.17076866,-8.59761695,187.0,10.0
949,1457871147000,41.17083267,-8.59763567,186.8999938964844,11.0
950,1457871148000,41.17091453,-8.59765583,186.8000030517578,11.0
951,1457871149000,41.17099626,-8.5976796,185.60000610351565,11.0
952,1457871150000,41.17105988,-8.59770456,186.6999969482422,11.0
953,1457871151000,41.17111993,-8.59773133,186.3999938964844,11.0
954,1457871152000,41.17120171,-8.59775365,185.8000030517578,11.0
955,1457871153000,41.1713072,-8.5977726,186.0,11.0
956,1457871154000,41.17137858,-8.59779751,185.6999969482422,10.0
957,1457871155000,41.17143825,-8.5978358,185.8000030517578,10.0
958,1457871156000,41.17152071,-8.59787266,187.10000610351565,10.0
959,1457871157000,41.171586,-8.59790614,186.3000030517578,10.0
960,1457871158000,41.17164903,-8.59794423,186.10000610351565,10.0
961,1457871159000,41.1717225,-8.59798009,187.3000030517578,11.0
962,1457871160000,41.17179663,-8.59800233,188.0,11.0
963,1457871161000,41.17185618,-8.59803027,188.5,11.0
964,1457871162000,41.1719022,-8.59807458,187.8999938964844,11.0
965,1457871163000,41.17197138,-8.59810815,188.1999969482422,12.0
966,1457871164000,41.17204724,-8.59814184,188.0,12.0
967,1457871165000,41.17213437,-8.5981851,187.8000030517578,11.0
968,1457871166000,41.17219671,-8.59823944,187.0,10.0
969,1457871167000,41.17227728,-8.59829666,187.5,11.0
970,1457871168000,41.17236062,-8.59834395,187.6999969482422,10.0
971,1457871169000,41.17243807,-8.59840131,186.8999938964844,11.0
972,1457871170000,41.17252863,-8.59845825,186.5,11.0
973,1457871171000,41.17262686,-8.59850608,187.10000610351565,11.0
974,1457871172000,41.17269346,-8.59856863,186.8999938964844,11.0
975,1457871173000,41.17277197,-8.59861764,186.6999969482422,11.0
976,1457871174000,41.17283135,-8.59866306,187.3000030517578,11.0
977,1457871175000,41.17289966,-8.59868846,186.8000030517578,11.0
978,1457871176000,41.17293714,-8.59872462,187.10000610351565,11.0
979,1457871178000,41.17302076,-8.59871972,187.10000610351565,11.0
980,1457871180000,41.17303929,-8.59862984,185.60000610351565,10.0
981,1457871182000,41.17307609,-8.59853463,186.1999969482422,10.0
982,1457871183000,41.17310867,-8.59847196,185.6999969482422,10.0
983,1457871184000,41.17312075,-8.59840854,185.1999969482422,10.0
984,1457871185000,41.17314292,-8.59834739,185.3000030517578,10.0
985,1457871186000,41.17316174,-8.59829172,184.6999969482422,10.0
986,1457871188000,41.17317436,-8.59818703,185.0,10.0
987,1457871190000,41.17317221,-8.59810765,183.8999938964844,9.0
988,1457871192000,41.17312111,-8.59802663,184.0,10.0
989,1457871194000,41.17303168,-8.59794389,184.10000610351565,10.0
990,1457871195000,41.17295351,-8.59790903,184.60000610351565,10.0
991,1457871196000,41.1728882,-8.59786446,184.6999969482422,10.0
992,1457871197000,41.17283522,-8.59781292,184.60000610351565,10.0
993,1457871198000,41.17274954,-8.59777562,183.3999938964844,10.0
994,1457871199000,41.17267884,-8.59774534,183.1999969482422,10.0
995,1457871200000,41.17260736,-8.59770277,183.10000610351565,10.0
996,1457871201000,41.1725236,-8.59765555,183.3000030517578,10.0
997,1457871202000,41.17246122,-8.59761623,183.0,10.0
998,1457871203000,41.17239028,-8.5975812,183.0,10.0
999,1457871205000,41.17231003,-8.59756678,181.8999938964844,10.0
1000,1457871207000,41.17223652,-8.5976346,182.3000030517578,9.0
1001,1457871209000,41.17219877,-8.59773913,183.0,9.0
1002,1457871210000,41.17218969,-8.59780012,183.3000030517578,10.0
1003,1457871211000,41.17217076,-8.59785863,182.8999938964844,11.0
1004,1457871212000,41.17214803,-8.59792432,183.1999969482422,11.0
1005,1457871214000,41.17210451,-8.59799638,183.8000030517578,9.0
1006,1457871216000,41.1720673,-8.59806209,185.0,10.0
1007,1457871229000,41.17200377,-8.59812129,186.3000030517578,9.0
1008,1457871230000,41.17181736,-8.59811529,187.0,10.0
1009,1457871231000,41.17174312,-8.5980596,187.10000610351565,10.0
1010,1457871232000,41.17161964,-8.59799116,187.60000610351565,9.0
1011,1457871233000,41.17151094,-8.59791714,187.60000610351565,10.0
1012,1457871234000,41.17140125,-8.59785832,186.8999938964844,9.0
1013,1457871235000,41.17129661,-8.59778968,186.1999969482422,10.0
1014,1457871236000,41.17118109,-8.59773908,186.0,10.0
1015,1457871237000,41.1710685,-8.59769323,185.3000030517578,10.0
1016,1457871238000,41.17096336,-8.5976553,185.6999969482422,10.0
1017,1457871239000,41.17087451,-8.59761609,186.60000610351565,10.0
1018,1457871240000,41.17079118,-8.59758278,187.10000610351565,9.0
1019,1457871241000,41.17070414,-8.59755907,187.0,10.0
1020,1457871242000,41.17063388,-8.59754119,187.0,10.0
1021,1457871243000,41.17058804,-8.59752645,187.1999969482422,10.0
1022,1457871245000,41.17054203,-8.59750833,187.0,10.0
1023,1457871247000,41.17049656,-8.59749813,187.5,10.0
1024,1457871249000,41.17041241,-8.59746772,186.8999938964844,9.0
1025,1457871250000,41.17035611,-8.59744581,187.3000030517578,9.0
1026,1457871251000,41.17030653,-8.59743204,187.3000030517578,10.0
1027,1457871253000,41.17024425,-8.59740628,187.10000610351565,10.0
1028,1457871260000,41.17027373,-8.59745846,188.60000610351565,9.0
1029,1457871268000,41.17036092,-8.5974151,191.8000030517578,9.0
1030,1457871269000,41.17048296,-8.59744643,192.3000030517578,10.0
1031,1457871270000,41.17056669,-8.59749705,192.10000610351565,10.0
1032,1457871271000,41.17066083,-8.59755776,192.3000030517578,10.0
1033,1457871272000,41.17079618,-8.59759195,191.8000030517578,10.0
1034,1457871273000,41.17091693,-8.59762948,190.60000610351565,9.0
1035,1457871274000,41.17104386,-8.5976708,191.1999969482422,10.0
1036,1457871275000,41.17115977,-8.59772113,191.60000610351565,10.0
1037,1457871276000,41.17127288,-8.59775392,190.3999938964844,10.0
1038,1457871277000,41.17138421,-8.59780059,189.0,9.0
1039,1457871278000,41.17148039,-8.59786257,189.10000610351565,10.0
1040,1457871279000,41.17158499,-8.59791898,187.6999969482422,10.0
1041,1457871280000,41.17168489,-8.59797898,187.1999969482422,10.0
1042,1457871281000,41.1717865,-8.59803645,187.3000030517578,10.0
1043,1457871282000,41.17188731,-8.59809244,187.10000610351565,11.0
1044,1457871283000,41.1719878,-8.59814672,187.8999938964844,11.0
1045,1457871284000,41.17206485,-8.59821558,187.1999969482422,11.0
1046,1457871285000,41.17214666,-8.59826113,187.0,11.0
1047,1457871286000,41.17222767,-8.59830608,186.0,10.0
1048,1457871287000,41.17231646,-8.5983442,185.3999938964844,11.0
1049,1457871288000,41.17240387,-8.5983894,185.3999938964844,11.0
1050,1457871289000,41.17247646,-8.59843635,186.6999969482422,11.0
1051,1457871290000,41.17259059,-8.59847986,184.10000610351565,11.0
1052,1457871291000,41.17266611,-8.59853031,183.60000610351565,11.0
1053,1457871292000,41.17276382,-8.59856915,184.0,11.0
1054,1457871293000,41.17286392,-8.59860577,183.8999938964844,11.0
1055,1457871294000,41.17294183,-8.59864255,184.1999969482422,11.0
1056,1457871295000,41.17300155,-8.59868824,183.3000030517578,11.0
1057,1457871296000,41.17307906,-8.59873952,182.3999938964844,11.0
1058,1457871297000,41.17316938,-8.59879251,183.10000610351565,12.0
1059,1457871298000,41.17324134,-8.59885812,183.5,12.0
1060,1457871299000,41.17332438,-8.59890806,183.5,12.0
1061,1457871300000,41.17341594,-8.59897803,182.8000030517578,11.0
1062,1457871301000,41.17352817,-8.59901826,183.1999969482422,12.0
1063,1457871302000,41.17363266,-8.59905658,182.5,11.0
1064,1457871303000,41.17371035,-8.59911005,182.0,12.0
1065,1457871304000,41.17377927,-8.59915269,180.6999969482422,12.0
1066,1457871305000,41.17382905,-8.59918988,179.6999969482422,11.0
1067,1457871307000,41.17381262,-8.59926092,179.1999969482422,10.0
1068,1457871309000,41.17376181,-8.59930281,178.1999969482422,9.0
1069,1457871319000,41.17378229,-8.59924432,176.10000610351565,9.0
1070,1457871322000,41.17372835,-8.59920812,177.0,10.0
1071,1457871323000,41.1735972,-8.59910979,177.10000610351565,10.0
1072,1457871324000,41.1734643,-8.59903719,176.60000610351565,10.0
1073,1457871325000,41.1733404,-8.59894641,176.10000610351565,10.0
1074,1457871326000,41.17318564,-8.59885362,176.0,11.0
1075,1457871327000,41.17300791,-8.59876331,175.60000610351565,10.0
1076,1457871328000,41.17284349,-8.59867543,176.1999969482422,10.0
1077,1457871329000,41.172694,-8.59859734,176.1999969482422,10.0
1078,1457871330000,41.17256025,-8.59852025,175.6999969482422,10.0
1079,1457871331000,41.17243133,-8.59844355,176.1999969482422,10.0
1080,1457871332000,41.17230534,-8.59837467,176.3000030517578,10.0
1081,1457871333000,41.17218956,-8.59825559,177.89999389648438,10.0
1082,1457871334000,41.17205936,-8.59818287,178.0,10.0
1083,1457871335000,41.17194102,-8.59810393,178.10000610351565,10.0
1084,1457871336000,41.17181365,-8.59804348,177.89999389648438,10.0
1085,1457871337000,41.17167842,-8.59799101,176.5,10.0
1086,1457871338000,41.17155378,-8.59791711,177.3000030517578,10.0
1087,1457871339000,41.17143273,-8.59785034,178.89999389648438,10.0
1088,1457871340000,41.17130131,-8.59779511,178.39999389648438,10.0
1089,1457871341000,41.17117468,-8.59773083,178.89999389648438,10.0
1090,1457871342000,41.17103769,-8.59769414,178.8000030517578,10.0
1091,1457871343000,41.17091377,-8.5976523,178.8000030517578,10.0
1092,1457871344000,41.1708052,-8.59760258,180.1999969482422,10.0
1093,1457871345000,41.1706994,-8.59757006,181.3999938964844,9.0
1094,1457871346000,41.17060384,-8.59753509,182.1999969482422,10.0
1095,1457871347000,41.17051667,-8.59750518,182.3999938964844,9.0
1096,1457871348000,41.17044198,-8.59748437,182.60000610351565,9.0
1097,1457871349000,41.17037428,-8.59747513,183.3000030517578,10.0
1098,1457871350000,41.17032062,-8.59745793,183.6999969482422,10.0
1099,1457871352000,41.17024779,-8.59744092,184.1999969482422,10.0
1100,1457871368000,41.17029324,-8.59741935,186.3999938964844,10.0
1101,1457871370000,41.17036767,-8.59742186,187.10000610351565,10.0
1102,1457871371000,41.17043901,-8.59744802,188.0,10.0
1103,1457871372000,41.17055214,-8.59751779,190.3999938964844,10.0
1104,1457871373000,41.17070908,-8.59755372,189.10000610351565,10.0
1105,1457871374000,41.1708473,-8.59759674,188.10000610351565,9.0
1106,1457871375000,41.17099336,-8.59764295,188.5,10.0
1107,1457871376000,41.17113057,-8.59769866,186.60000610351565,9.0
1108,1457871377000,41.17127247,-8.59775264,186.0,9.0
1109,1457871378000,41.17140996,-8.59781393,186.0,10.0
1110,1457871379000,41.17153908,-8.59787807,187.5,10.0
1111,1457871380000,41.17165876,-8.5979382,188.10000610351565,10.0
1112,1457871381000,41.17177662,-8.59800096,188.8999938964844,10.0
1113,1457871382000,41.17188581,-8.59801461,189.3000030517578,11.0
1114,1457871383000,41.17198836,-8.59804021,189.3999938964844,12.0
1115,1457871384000,41.17208976,-8.59808611,188.3000030517578,12.0
1116,1457871385000,41.17216087,-8.59816447,187.6999969482422,13.0
1117,1457871386000,41.17222191,-8.59820247,187.8999938964844,14.0
1118,1457871387000,41.17227539,-8.59818602,187.6999969482422,15.0
1119,1457871390000,41.17219619,-8.59818649,188.5,16.0
1120,1457871391000,41.17215539,-8.59814841,188.3000030517578,16.0
1121,1457871392000,41.172079,-8.59813962,188.5,15.0
1122,1457871393000,41.17205524,-8.59808629,188.6999969482422,15.0
1123,1457871395000,41.1721907,-8.59811301,188.1999969482422,12.0
1124,1457871397000,41.17224366,-8.5981921,188.5,12.0
1125,1457871399000,41.17230202,-8.59823321,188.3999938964844,12.0
1126,1457871400000,41.17240751,-8.59828387,189.10000610351565,11.0
1127,1457871401000,41.17250342,-8.59835441,188.3999938964844,11.0
1128,1457871402000,41.17258197,-8.59839818,188.1999969482422,11.0
1129,1457871403000,41.17265196,-8.59845476,189.3000030517578,11.0
1130,1457871404000,41.17272223,-8.59849938,189.10000610351565,11.0
1131,1457871405000,41.17282231,-8.59854764,189.5,11.0
1132,1457871406000,41.1729427,-8.59859005,188.3000030517578,11.0
1133,1457871407000,41.17303646,-8.59865841,189.1999969482422,11.0
1134,1457871408000,41.1731268,-8.59872317,189.5,11.0
1135,1457871409000,41.17322335,-8.5987811,189.0,11.0
1136,1457871410000,41.17329686,-8.59883646,188.3000030517578,11.0
1137,1457871411000,41.17339776,-8.59888346,188.5,11.0
1138,1457871412000,41.17347905,-8.59894077,187.8000030517578,12.0
1139,1457871413000,41.17353757,-8.59900862,188.3000030517578,12.0
1140,1457871414000,41.17363145,-8.59905692,186.5,11.0
1141,1457871415000,41.17371845,-8.59909333,185.6999969482422,11.0
1142,1457871417000,41.17378321,-8.59917926,185.60000610351565,11.0
1143,1457871418000,41.17374866,-8.59922936,185.0,10.0
1144,1457871419000,41.17380211,-8.59925125,185.3000030517578,10.0
1145,1457871422000,41.17376684,-8.59929059,184.0,10.0
1146,1457871439000,41.17379748,-8.59924307,176.3000030517578,4.0
1147,1457871442000,41.17374021,-8.59922296,174.89999389648438,4.0
1148,1457871443000,41.17367979,-8.59918926,174.0,4.0
1149,1457871444000,41.17357417,-8.59914147,173.6999969482422,4.0
1150,1457871445000,41.17351617,-8.59910946,174.3000030517578,4.0
1151,1457871446000,41.17344787,-8.59906679,174.8000030517578,4.0
1152,1457871447000,41.17336395,-8.59901295,174.5,4.0
1153,1457871448000,41.1732553,-8.59894397,174.60000610351565,4.0
1154,1457871449000,41.17310774,-8.59885259,174.5,5.0
1155,1457871450000,41.17292825,-8.59875557,175.5,4.0
1156,1457871451000,41.1727619,-8.59865974,176.0,4.0
1157,1457871452000,41.1725907,-8.59855828,175.8000030517578,4.0
1158,1457871453000,41.17243206,-8.59845568,175.5,4.0
1159,1457871454000,41.17226648,-8.59834992,176.10000610351565,4.0
1160,1457871455000,41.17209519,-8.59825056,175.8000030517578,4.0
1161,1457871456000,41.17192864,-8.59815546,176.3000030517578,4.0
1162,1457871457000,41.17176886,-8.59805792,176.60000610351565,4.0
1163,1457871458000,41.17161544,-8.59796288,177.10000610351565,4.0
1164,1457871459000,41.17145491,-8.5978724,177.60000610351565,4.0
1165,1457871460000,41.17129649,-8.5977909,177.5,4.0
1166,1457871461000,41.1711411,-8.59772376,175.89999389648438,4.0
1167,1457871462000,41.1709873,-8.59766422,175.89999389648438,4.0
1168,1457871463000,41.17083559,-8.59761019,177.10000610351565,3.0
1169,1457871464000,41.17068371,-8.59756106,177.60000610351565,4.0
1170,1457871465000,41.17053878,-8.59750548,177.8000030517578,4.0
1171,1457871466000,41.17039767,-8.59745494,177.5,4.0
1172,1457871467000,41.17027495,-8.59741097,177.8000030517578,4.0
1173,1457871468000,41.17018438,-8.59738426,177.89999389648438,4.0
1174,1457871469000,41.17008604,-8.59736187,177.89999389648438,4.0
1175,1457871470000,41.17001816,-8.59735663,177.8000030517578,4.0
1176,1457871471000,41.16995407,-8.59733651,178.10000610351565,5.0
1177,1457871486000,41.16989163,-8.59734606,178.39999389648438,4.0
1178,1457871487000,41.16983104,-8.59734831,179.10000610351565,4.0
1179,1457871488000,41.16977476,-8.59735282,179.6999969482422,4.0
1180,1457871490000,41.16968918,-8.59737318,178.6999969482422,5.0
1181,1457871491000,41.16962599,-8.59736957,180.3000030517578,6.0
1182,1457871492000,41.16955067,-8.59735713,181.8999938964844,5.0
1183,1457871493000,41.16949997,-8.59736429,181.5,5.0
1184,1457871494000,41.16942785,-8.59736763,181.60000610351565,4.0
1185,1457871495000,41.16936411,-8.5973856,182.8999938964844,5.0
1186,1457871496000,41.16929436,-8.59739695,183.5,10.0
1187,1457871497000,41.16921694,-8.59741037,183.5,10.0
1188,1457871498000,41.16914454,-8.59741985,183.6999969482422,9.0
1189,1457871499000,41.16906077,-8.59742493,183.1999969482422,9.0
1190,1457871500000,41.16896909,-8.59743926,183.3999938964844,10.0
1191,1457871501000,41.16887386,-8.59745283,183.8999938964844,10.0
1192,1457871502000,41.16876043,-8.59746843,183.60000610351565,10.0
1193,1457871503000,41.16866813,-8.59749059,184.3999938964844,10.0
1194,1457871504000,41.16859238,-8.59751635,185.6999969482422,10.0
1195,1457871505000,41.16852058,-8.59753818,186.3999938964844,10.0
1196,1457871506000,41.16844495,-8.59756141,186.3999938964844,10.0
1197,1457871507000,41.16837164,-8.59758643,187.10000610351565,11.0
1198,1457871508000,41.16830924,-8.59758691,187.60000610351565,11.0
1199,1457871509000,41.16825077,-8.5976011,187.3999938964844,11.0
1200,1457871510000,41.16819251,-8.59761627,187.1999969482422,12.0
1201,1457871512000,41.16817032,-8.59769945,185.5,10.0
1202,1457871514000,41.16809331,-8.59773707,188.10000610351565,10.0
1203,1457871515000,41.16805045,-8.59775654,189.3000030517578,10.0
1204,1457871516000,41.16798892,-8.59778781,189.1999969482422,9.0
1205,1457871517000,41.16793182,-8.5978237,190.5,10.0
1206,1457871518000,41.1678706,-8.59786312,190.60000610351565,10.0
1207,1457871519000,41.16780283,-8.59789594,192.1999969482422,10.0
1208,1457871520000,41.16773642,-8.59793544,191.1999969482422,10.0
1209,1457871521000,41.16766207,-8.59797651,190.3000030517578,10.0
1210,1457871522000,41.16757342,-8.59801014,191.60000610351565,9.0
1211,1457871523000,41.16749688,-8.59804153,192.1999969482422,9.0
1212,1457871524000,41.16742141,-8.5980748,191.3000030517578,9.0
1213,1457871525000,41.16734418,-8.59811196,190.1999969482422,10.0
1214,1457871526000,41.16727424,-8.59815571,190.3999938964844,10.0
1215,1457871527000,41.16721146,-8.59819157,190.3999938964844,10.0
1216,1457871528000,41.16716931,-8.59821775,190.3999938964844,10.0
1217,1457871530000,41.16711365,-8.59825164,190.10000610351565,9.0
1218,1457871532000,41.16707041,-8.59823343,192.3999938964844,9.0
1219,1457871534000,41.16702251,-8.59817469,192.6999969482422,10.0
1220,1457871535000,41.16699975,-8.59811881,192.60000610351565,10.0
1221,1457871536000,41.16699026,-8.59804517,192.60000610351565,10.0
1222,1457871537000,41.16696661,-8.59797093,193.0,10.0
1223,1457871538000,41.16695007,-8.59788288,193.5,10.0
1224,1457871539000,41.16693229,-8.59779141,193.8000030517578,10.0
1225,1457871540000,41.16690533,-8.59770989,194.0,10.0
1226,1457871541000,41.16688769,-8.59761996,194.1999969482422,10.0
1227,1457871542000,41.16687125,-8.59755478,194.3000030517578,11.0
1228,1457871544000,41.1668638,-8.59746582,195.8999938964844,10.0
1229,1457871546000,41.1668303,-8.59740175,196.5,10.0
1230,1457871547000,41.1667872,-8.5973767,196.10000610351565,10.0
1231,1457871549000,41.16669903,-8.59736361,197.10000610351565,11.0
1232,1457871550000,41.16662846,-8.59738664,197.10000610351565,11.0
1233,1457871551000,41.16656514,-8.59741436,196.8999938964844,11.0
1234,1457871552000,41.16648885,-8.59744,196.8999938964844,11.0
1235,1457871553000,41.16641458,-8.59748866,197.1999969482422,11.0
1236,1457871554000,41.16635266,-8.59751681,197.10000610351565,12.0
1237,1457871555000,41.16627388,-8.5975583,197.10000610351565,13.0
1238,1457871557000,41.16622167,-8.597574,198.10000610351565,11.0
1239,1457871559000,41.16615222,-8.59765229,197.6999969482422,11.0
1240,1457871560000,41.16611261,-8.59771138,196.5,11.0
1241,1457871561000,41.16607654,-8.59776479,195.8000030517578,11.0
1242,1457871562000,41.16603795,-8.59781444,196.10000610351565,11.0
1243,1457871563000,41.16603491,-8.59791686,196.60000610351565,11.0
1244,1457871564000,41.16594128,-8.59807685,196.6999969482422,10.0
1245,1457871565000,41.16591192,-8.5981801,197.60000610351565,11.0
1246,1457871566000,41.16588241,-8.59831017,197.60000610351565,11.0
1247,1457871567000,41.16581788,-8.59844031,198.0,11.0
1248,1457871568000,41.16574988,-8.59852784,198.8000030517578,11.0
1249,1457871569000,41.16568126,-8.59856387,198.5,10.0
1250,1457871570000,41.16561496,-8.5986183,198.3000030517578,10.0
1251,1457871572000,41.16550455,-8.59859651,198.0,10.0
1252,1457871573000,41.16546388,-8.59856004,197.10000610351565,10.0
1253,1457871574000,41.16542954,-8.598507,197.60000610351565,11.0
1254,1457871575000,41.16540426,-8.59842507,198.10000610351565,11.0
1255,1457871576000,41.16541151,-8.5983562,198.8999938964844,10.0
1256,1457871577000,41.1653876,-8.59825462,199.10000610351565,10.0
1257,1457871578000,41.16537113,-8.59816734,199.5,10.0
1258,1457871579000,41.16534921,-8.59806856,199.60000610351565,10.0
1259,1457871580000,41.16533324,-8.5979613,199.8000030517578,11.0
1260,1457871581000,41.16533389,-8.59783981,199.60000610351565,10.0
1261,1457871582000,41.16531676,-8.59774125,200.1999969482422,11.0
1262,1457871583000,41.16529183,-8.59764289,200.3999938964844,11.0
1263,1457871584000,41.16528069,-8.59752273,200.5,11.0
1264,1457871585000,41.16527958,-8.59739892,203.1999969482422,10.0
1265,1457871586000,41.1652601,-8.59727553,202.1999969482422,11.0
1266,1457871587000,41.16523202,-8.59714074,201.6999969482422,11.0
1267,1457871588000,41.16520753,-8.59699155,202.3999938964844,11.0
1268,1457871589000,41.16517575,-8.5968458,202.10000610351565,11.0
1269,1457871590000,41.16515793,-8.59671296,202.1999969482422,11.0
1270,1457871591000,41.16516377,-8.596566,201.8000030517578,12.0
1271,1457871592000,41.1651244,-8.5964342,201.60000610351565,12.0
1272,1457871593000,41.1651041,-8.59629054,201.60000610351565,13.0
1273,1457871594000,41.16508097,-8.5961387,201.1999969482422,13.0
1274,1457871595000,41.16506691,-8.59599714,201.5,14.0
1275,1457871596000,41.1650438,-8.59593312,201.1999969482422,15.0
1276,1457871598000,41.16502654,-8.5957876,200.6999969482422,12.0
1277,1457871599000,41.1650256,-8.59569171,200.8000030517578,12.0
1278,1457871600000,41.16499925,-8.59557448,200.8000030517578,11.0
1279,1457871601000,41.16497475,-8.59545611,201.0,12.0
1280,1457871602000,41.16494624,-8.59534613,201.60000610351565,12.0
1281,1457871603000,41.16495015,-8.59522691,202.0,11.0
1282,1457871604000,41.16494074,-8.59511494,202.0,11.0
1283,1457871605000,41.16490971,-8.59499618,201.6999969482422,10.0
1284,1457871606000,41.16490005,-8.59487191,201.3000030517578,10.0
1285,1457871607000,41.16488785,-8.59472909,200.60000610351565,10.0
1286,1457871608000,41.16487843,-8.5946172,201.3000030517578,11.0
1287,1457871609000,41.16486026,-8.5944885,201.1999969482422,10.0
1288,1457871610000,41.16485598,-8.5943537,200.6999969482422,10.0
1289,1457871611000,41.16484123,-8.5942419,200.10000610351565,11.0
1290,1457871612000,41.16480979,-8.59411606,198.1999969482422,10.0
1291,1457871613000,41.16480171,-8.59401734,198.3000030517578,10.0
1292,1457871614000,41.16478808,-8.5939089,198.3000030517578,11.0
1293,1457871615000,41.16477266,-8.59379352,199.0,11.0
1294,1457871616000,41.16476281,-8.59372442,199.5,11.0
1295,1457871617000,41.16473336,-8.59364561,199.6999969482422,12.0
1296,1457871618000,41.16473649,-8.5935652,200.10000610351565,11.0
1297,1457871619000,41.16473891,-8.5934604,199.6999969482422,11.0
1298,1457871620000,41.16471928,-8.59338294,199.5,11.0
1299,1457871621000,41.16470844,-8.59329567,200.1999969482422,11.0
1300,1457871622000,41.16468617,-8.59320432,199.8999938964844,11.0
1301,1457871623000,41.16467207,-8.59310077,199.8000030517578,10.0
1302,1457871624000,41.16465912,-8.5930004,199.3999938964844,11.0
1303,1457871625000,41.16466713,-8.59284384,200.10000610351565,11.0
1304,1457871626000,41.16461482,-8.59271087,200.1999969482422,10.0
1305,1457871627000,41.16460676,-8.5925897,201.8000030517578,10.0
1306,1457871628000,41.16459094,-8.59246309,201.5,11.0
1307,1457871629000,41.16456302,-8.59232092,202.3000030517578,11.0
1308,1457871630000,41.16455004,-8.59219973,203.3999938964844,10.0
1309,1457871631000,41.16453254,-8.59206126,203.60000610351565,10.0
1310,1457871632000,41.16452897,-8.59193335,204.1999969482422,10.0
1311,1457871633000,41.16451954,-8.59182008,203.6999969482422,10.0
1312,1457871634000,41.16451125,-8.59170854,203.3000030517578,11.0
1313,1457871635000,41.16450173,-8.59160015,203.3000030517578,11.0
1314,1457871636000,41.16449499,-8.5914981,203.5,11.0
1315,1457871637000,41.16446664,-8.5914061,203.60000610351565,11.0
1316,1457871638000,41.16446243,-8.59130771,203.6999969482422,12.0
1317,1457871639000,41.16446766,-8.59120657,204.0,12.0
1318,1457871640000,41.16441649,-8.5911263,204.8000030517578,11.0
1319,1457871641000,41.16441051,-8.59103061,205.10000610351565,12.0
1320,1457871642000,41.16440029,-8.59092458,205.0,12.0
1321,1457871643000,41.16439483,-8.59082321,205.10000610351565,13.0
1322,1457871644000,41.16438675,-8.59074569,205.1999969482422,13.0
1323,1457871646000,41.1643506,-8.5906244,204.3000030517578,11.0
1324,1457871647000,41.16430635,-8.59058018,204.10000610351565,11.0
1325,1457871648000,41.16428189,-8.59051675,203.60000610351565,11.0
1326,1457871650000,41.16423381,-8.59040345,202.0,11.0
1327,1457871651000,41.16419499,-8.59035064,201.3000030517578,11.0
1328,1457871652000,41.16416684,-8.59028568,201.10000610351565,11.0
1329,1457871653000,41.16413303,-8.59020959,201.0,11.0
1330,1457871654000,41.16410716,-8.59015061,201.3000030517578,11.0
1331,1457871656000,41.16406334,-8.59009766,200.60000610351565,10.0
1332,1457871658000,41.16404403,-8.59003043,202.8000030517578,10.0
1333,1457871684000,41.16402731,-8.58997,209.3000030517578,10.0
1334,1457871686000,41.16399592,-8.58990187,208.8999938964844,10.0
1335,1457871688000,41.16395892,-8.58982137,207.8000030517578,10.0
1336,1457871690000,41.1638856,-8.58977568,206.1999969482422,10.0
1337,1457871692000,41.16380233,-8.58980659,206.3999938964844,10.0
1338,1457871693000,41.16375847,-8.58984912,206.3000030517578,10.0
1339,1457871694000,41.16366314,-8.58999057,206.0,10.0
1340,1457871695000,41.1636004,-8.5900483,206.0,10.0
1341,1457871696000,41.16353298,-8.59010074,206.6999969482422,10.0
1342,1457871697000,41.1634646,-8.59017419,206.0,10.0
1343,1457871698000,41.16337035,-8.5902379,204.8999938964844,9.0
1344,1457871699000,41.16328741,-8.59029791,205.0,9.0
1345,1457871700000,41.16320297,-8.59037566,204.10000610351565,10.0
1346,1457871701000,41.16311294,-8.59045594,202.8999938964844,10.0
1347,1457871702000,41.16301707,-8.5905266,202.5,10.0
1348,1457871703000,41.16292828,-8.5906029,201.8000030517578,9.0
1349,1457871704000,41.16285111,-8.59067443,201.3999938964844,9.0
1350,1457871705000,41.16278226,-8.59074813,201.60000610351565,9.0
1351,1457871706000,41.16271474,-8.59081524,201.6999969482422,9.0
1352,1457871707000,41.1626517,-8.59087616,203.3999938964844,9.0
1353,1457871708000,41.16258238,-8.5909427,201.8000030517578,9.0
1354,1457871709000,41.16252067,-8.59100688,201.60000610351565,9.0
1355,1457871710000,41.16245877,-8.59107173,201.10000610351565,9.0
1356,1457871711000,41.16239971,-8.5911294,200.8999938964844,9.0
1357,1457871712000,41.16233988,-8.59117596,200.1999969482422,9.0
1358,1457871713000,41.16228575,-8.59119872,199.8000030517578,9.0
1359,1457871714000,41.1622357,-8.59122935,199.6999969482422,10.0
1360,1457871716000,41.16217416,-8.59128919,200.6999969482422,9.0
1361,1457871735000,41.16212322,-8.59130338,203.1999969482422,4.0
1362,1457871738000,41.16208078,-8.59127909,202.5,4.0
1363,1457871740000,41.16205914,-8.59121195,202.60000610351565,4.0
1364,1457871742000,41.16207097,-8.59112749,203.3999938964844,4.0
1365,1457871743000,41.16210779,-8.59107557,203.3999938964844,4.0
1366,1457871744000,41.16222108,-8.59103412,203.10000610351565,4.0
1367,1457871745000,41.16228406,-8.5909885,203.10000610351565,4.0
1368,1457871746000,41.16235652,-8.59092915,203.0,4.0
1369,1457871747000,41.16243327,-8.59086328,202.5,3.0
1370,1457871748000,41.16251393,-8.59079407,202.6999969482422,3.0
1371,1457871749000,41.16259357,-8.59073044,202.60000610351565,4.0
1372,1457871750000,41.16267024,-8.59066254,202.3999938964844,4.0
1373,1457871751000,41.16275009,-8.59059693,202.10000610351565,3.0
1374,1457871752000,41.16283947,-8.59054794,201.3000030517578,3.0
1375,1457871753000,41.16292129,-8.5905021,201.0,3.0
1376,1457871754000,41.16300431,-8.59044788,200.5,3.0
1377,1457871755000,41.16308422,-8.59038576,199.60000610351565,4.0
1378,1457871756000,41.1631648,-8.59031703,199.0,3.0
1379,1457871757000,41.16325085,-8.59024936,198.8999938964844,4.0
1380,1457871758000,41.1633319,-8.59017906,198.3999938964844,4.0
1381,1457871759000,41.16341096,-8.59010309,198.0,4.0
1382,1457871760000,41.16349955,-8.59002661,197.8000030517578,4.0
1383,1457871761000,41.1635951,-8.5899491,198.10000610351565,5.0
1384,1457871762000,41.16370013,-8.58987606,198.3999938964844,4.0
1385,1457871763000,41.16380401,-8.58981934,198.5,5.0
1386,1457871764000,41.16389045,-8.58976756,198.5,5.0
1387,1457871810000,41.16345874,-8.58286048,189.10000610351565,16.0
1388,1457871811000,41.16348281,-8.58277625,184.8999938964844,11.0
1389,1457871812000,41.16349947,-8.58268204,182.60000610351565,8.0
1390,1457871813000,41.16347584,-8.58258796,179.3000030517578,5.0
1391,1457871814000,41.16346793,-8.58250799,177.1999969482422,5.0
1392,1457871815000,41.16344671,-8.5824268,176.0,5.0
1393,1457871816000,41.16342422,-8.58234749,171.60000610351565,4.0
1394,1457871817000,41.16338348,-8.58226842,169.60000610351565,4.0
1395,1457871818000,41.16334896,-8.58219115,170.60000610351565,4.0
1396,1457871819000,41.16332465,-8.58211793,169.39999389648438,4.0
1397,1457871820000,41.16328716,-8.58204026,170.0,5.0
1398,1457871821000,41.16326489,-8.5819578,169.3000030517578,4.0
1399,1457871822000,41.16323039,-8.58186935,169.0,4.0
1400,1457871823000,41.16320193,-8.58178143,168.89999389648438,4.0
1401,1457871824000,41.16314725,-8.58168168,168.3000030517578,4.0
1402,1457871825000,41.16308637,-8.5816046,168.39999389648438,4.0
1403,1457871826000,41.16300512,-8.58151831,166.8000030517578,4.0
1404,1457871827000,41.16287608,-8.58145407,166.10000610351565,4.0
1405,1457871828000,41.16275324,-8.58141759,166.0,4.0
1406,1457871829000,41.16262917,-8.5813972,165.39999389648438,4.0
1407,1457871830000,41.16250557,-8.58136796,164.89999389648438,4.0
1408,1457871831000,41.16237262,-8.58134787,164.10000610351565,5.0
1409,1457871832000,41.16223105,-8.58134922,163.60000610351565,5.0
1410,1457871833000,41.16207757,-8.58137462,161.8000030517578,5.0
1411,1457871834000,41.1619179,-8.58141342,161.39999389648438,5.0
1412,1457871835000,41.16175582,-8.58148856,160.0,4.0
1413,1457871836000,41.16160381,-8.58156231,158.6999969482422,3.0
1414,1457871837000,41.16144123,-8.58161777,156.89999389648438,3.0
1415,1457871838000,41.16128375,-8.58168461,155.39999389648438,4.0
1416,1457871839000,41.16111807,-8.58174945,154.5,4.0
1417,1457871840000,41.160956,-8.58181832,154.6999969482422,4.0
1418,1457871841000,41.1607936,-8.58188682,154.39999389648438,4.0
1419,1457871842000,41.16063801,-8.58195411,154.60000610351565,4.0
1420,1457871843000,41.16047457,-8.58202374,155.10000610351565,4.0
1421,1457871844000,41.16031726,-8.58209006,154.8000030517578,4.0
1422,1457871845000,41.16016494,-8.58215555,154.0,4.0
1423,1457871846000,41.16001276,-8.58221418,153.3000030517578,4.0
1424,1457871847000,41.15985063,-8.58226404,152.8000030517578,3.0
1425,1457871848000,41.15968474,-8.58231887,152.10000610351565,3.0
1426,1457871849000,41.15953004,-8.58238456,151.3000030517578,3.0
1427,1457871850000,41.15936535,-8.58245249,149.89999389648438,3.0
1428,1457871851000,41.15920414,-8.58251942,149.5,3.0
1429,1457871852000,41.15904768,-8.58258518,148.39999389648438,3.0
1430,1457871853000,41.15888214,-8.58265549,147.89999389648438,3.0
1431,1457871854000,41.15871723,-8.5827249,147.3000030517578,4.0
1432,1457871855000,41.15855613,-8.58278751,147.10000610351565,4.0
1433,1457871856000,41.15838853,-8.58285122,145.89999389648438,3.0
1434,1457871857000,41.15823118,-8.58291392,145.6999969482422,3.0
1435,1457871858000,41.15806629,-8.58297659,145.8000030517578,3.0
1436,1457871859000,41.15790061,-8.58303608,145.1999969482422,3.0
1437,1457871860000,41.15773504,-8.58309104,143.8000030517578,3.0
1438,1457871861000,41.15755767,-8.58313679,143.5,3.0
1439,1457871862000,41.1573843,-8.58318321,143.1999969482422,4.0
1440,1457871863000,41.15721249,-8.5832196,143.1999969482422,4.0
1441,1457871864000,41.15703578,-8.58324751,142.39999389648438,4.0
1442,1457871865000,41.15687023,-8.58327879,142.0,4.0
1443,1457871866000,41.15669824,-8.58330066,141.1999969482422,3.0
1444,1457871867000,41.15652604,-8.58331448,140.0,4.0
1445,1457871868000,41.15635451,-8.58332124,138.60000610351565,4.0
1446,1457871869000,41.15618064,-8.58331462,138.60000610351565,3.0
1447,1457871870000,41.1560109,-8.58330106,137.5,4.0
1448,1457871871000,41.15583899,-8.58328553,137.39999389648438,5.0
1449,1457871872000,41.15565943,-8.58326324,136.39999389648438,4.0
1450,1457871873000,41.15548107,-8.58322998,136.1999969482422,4.0
1451,1457871874000,41.15530319,-8.58318718,135.3000030517578,3.0
1452,1457871875000,41.15513667,-8.58314155,133.60000610351565,3.0
1453,1457871876000,41.15496266,-8.58307925,132.89999389648438,3.0
1454,1457871877000,41.15479274,-8.5830101,132.0,4.0
1455,1457871878000,41.15462734,-8.58292666,131.10000610351565,4.0
1456,1457871879000,41.15445986,-8.58283726,128.89999389648438,3.0
1457,1457871880000,41.15429378,-8.58274221,128.10000610351565,4.0
1458,1457871881000,41.15412908,-8.58264053,128.0,4.0
1459,1457871882000,41.15396736,-8.58253188,126.8000030517578,4.0
1460,1457871883000,41.1538045,-8.58241311,126.4000015258789,4.0
1461,1457871884000,41.15364394,-8.58228342,125.3000030517578,4.0
1462,1457871885000,41.15348646,-8.58214201,124.5999984741211,4.0
1463,1457871886000,41.1533321,-8.58199173,123.6999969482422,4.0
1464,1457871887000,41.15318148,-8.58184051,124.1999969482422,4.0
1465,1457871888000,41.15302629,-8.58167947,123.6999969482422,4.0
1466,1457871889000,41.15287675,-8.58151531,122.9000015258789,4.0
1467,1457871890000,41.15272583,-8.58134765,120.4000015258789,3.0
1468,1457871891000,41.15257843,-8.58117142,120.3000030517578,3.0
1469,1457871892000,41.15243197,-8.58099969,118.3000030517578,3.0
1470,1457871893000,41.15228781,-8.58082337,117.4000015258789,4.0
1471,1457871894000,41.15214962,-8.58066132,116.6999969482422,4.0
1472,1457871895000,41.15200598,-8.58048896,116.5,4.0
1473,1457871896000,41.15186447,-8.58032972,116.3000030517578,4.0
1474,1457871897000,41.15172505,-8.58017686,116.0999984741211,4.0
1475,1457871898000,41.15158474,-8.58002461,115.5,4.0
1476,1457871899000,41.15144988,-8.57987717,114.6999969482422,4.0
1477,1457871900000,41.15130682,-8.57973047,114.5999984741211,4.0
1478,1457871901000,41.1511695,-8.57961773,114.4000015258789,4.0
1479,1457871902000,41.15102709,-8.57950761,113.6999969482422,4.0
1480,1457871903000,41.15087606,-8.57941064,113.4000015258789,4.0
1481,1457871904000,41.15072162,-8.57935412,113.0999984741211,4.0
1482,1457871905000,41.15055357,-8.57931432,112.4000015258789,5.0
1483,1457871906000,41.15040447,-8.57930262,112.3000030517578,5.0
1484,1457871907000,41.15021419,-8.57939314,109.0999984741211,3.0
1485,1457871908000,41.15005806,-8.57949007,104.5,3.0
1486,1457871909000,41.14991416,-8.57963051,102.1999969482422,3.0
1487,1457871910000,41.14977869,-8.57979637,100.3000030517578,4.0
1488,1457871911000,41.14967306,-8.57999244,99.5,4.0
1489,1457871912000,41.14958008,-8.58020229,98.9000015258789,4.0
1490,1457871913000,41.14948469,-8.58041468,98.4000015258789,4.0
1491,1457871914000,41.14938036,-8.58061338,97.9000015258789,4.0
1492,1457871915000,41.14926782,-8.58079512,97.5999984741211,4.0
1493,1457871916000,41.14915147,-8.58094462,97.5,4.0
1494,1457871917000,41.14901308,-8.58109466,96.8000030517578,4.0
1495,1457871918000,41.14888273,-8.58121223,96.5,4.0
1496,1457871919000,41.14874252,-8.58130416,95.8000030517578,4.0
1497,1457871920000,41.1485918,-8.58138967,94.8000030517578,4.0
1498,1457871921000,41.14843177,-8.58145996,94.4000015258789,4.0
1499,1457871922000,41.14826401,-8.58150246,93.0999984741211,4.0
1500,1457871923000,41.14809541,-8.58151079,92.3000030517578,4.0
1501,1457871924000,41.14791086,-8.58150125,91.5,4.0
1502,1457871925000,41.14773941,-8.58147143,92.0,4.0
1503,1457871926000,41.14757149,-8.58138627,91.3000030517578,3.0
1504,1457871927000,41.14740534,-8.58128791,89.5,3.0
1505,1457871928000,41.14725105,-8.58116261,88.0,4.0
1506,1457871929000,41.14709807,-8.58101988,88.0999984741211,4.0
1507,1457871930000,41.14694795,-8.58086578,87.5999984741211,4.0
1508,1457871931000,41.14679916,-8.58071119,87.5,5.0
1509,1457871932000,41.14669943,-8.58051249,87.30000305175781,4.0
1510,1457871933000,41.14659657,-8.58032015,86.80000305175781,5.0
1511,1457871934000,41.14652666,-8.58017358,82.80000305175781,3.0
1512,1457871935000,41.14643635,-8.58000273,82.19999694824219,4.0
1513,1457871936000,41.14637026,-8.57987029,81.0999984741211,4.0
1514,1457871937000,41.14630375,-8.57974849,78.69999694824219,3.0
1515,1457871938000,41.14623977,-8.57963707,76.5999984741211,4.0
1516,1457871939000,41.14617651,-8.57954826,76.0,4.0
1517,1457871940000,41.14610419,-8.57948646,75.0,4.0
1518,1457871941000,41.14602208,-8.57943963,73.30000305175781,10.0
1519,1457871942000,41.14594133,-8.57938443,73.30000305175781,10.0
1520,1457871943000,41.14587288,-8.57930962,72.80000305175781,10.0
1521,1457871944000,41.14582441,-8.57921819,73.0,10.0
1522,1457871945000,41.14578309,-8.57911228,72.80000305175781,10.0
1523,1457871946000,41.1457466,-8.57899063,73.30000305175781,9.0
1524,1457871947000,41.14569232,-8.57888838,72.80000305175781,9.0
1525,1457871948000,41.1456274,-8.57878397,72.9000015258789,10.0
1526,1457871949000,41.14554857,-8.57869779,73.4000015258789,10.0
1527,1457871950000,41.14547033,-8.5786026,71.5,10.0
1528,1457871951000,41.14538917,-8.57851031,71.69999694824219,10.0
1529,1457871952000,41.14529857,-8.57842139,71.5,10.0
1530,1457871953000,41.14521516,-8.57833794,71.0999984741211,10.0
1531,1457871954000,41.14513877,-8.57825688,71.4000015258789,10.0
1532,1457871955000,41.14507589,-8.57818453,71.5,10.0
1533,1457871956000,41.1450134,-8.57811809,71.5,10.0
1534,1457871957000,41.14495296,-8.57806469,71.80000305175781,10.0
1535,1457871958000,41.14490465,-8.5780191,72.5999984741211,9.0
1536,1457871959000,41.14484648,-8.57800487,71.80000305175781,9.0
1537,1457871960000,41.1447766,-8.57800603,72.19999694824219,10.0
1538,1457871961000,41.14470457,-8.578032,71.69999694824219,9.0
1539,1457871962000,41.1446364,-8.57809157,70.69999694824219,10.0
1540,1457871963000,41.14459167,-8.57819495,69.69999694824219,9.0
1541,1457871964000,41.14455501,-8.57831308,69.19999694824219,10.0
1542,1457871965000,41.14452388,-8.57844352,68.0999984741211,10.0
1543,1457871966000,41.14448851,-8.57856518,68.4000015258789,9.0
1544,1457871967000,41.14444589,-8.57869412,68.30000305175781,10.0
1545,1457871968000,41.14439954,-8.57882499,67.30000305175781,9.0
1546,1457871969000,41.14434535,-8.57895848,67.19999694824219,10.0
1547,1457871970000,41.14429255,-8.57908445,67.69999694824219,10.0
1548,1457871971000,41.144235,-8.57919516,66.80000305175781,10.0
1549,1457871972000,41.14417954,-8.57929404,66.30000305175781,9.0
1550,1457871973000,41.14413305,-8.57939533,66.0,10.0
1551,1457871974000,41.1440847,-8.57950536,66.0,10.0
1552,1457871975000,41.14404034,-8.57960704,65.69999694824219,10.0
1553,1457871976000,41.14398993,-8.57971249,64.9000015258789,9.0
1554,1457871977000,41.14394041,-8.57981878,65.5,9.0
1555,1457871978000,41.14389386,-8.57993716,65.19999694824219,9.0
1556,1457871979000,41.14385227,-8.58004007,65.0,10.0
1557,1457871980000,41.14381775,-8.58014362,64.80000305175781,9.0
1558,1457871981000,41.14378886,-8.58024361,64.4000015258789,9.0
1559,1457871982000,41.14376781,-8.58035225,63.59999847412109,9.0
1560,1457871983000,41.14374445,-8.58047086,63.79999923706055,10.0
1561,1457871984000,41.14372412,-8.58058694,63.400001525878906,10.0
1562,1457871985000,41.14371298,-8.58070258,63.70000076293945,10.0
1563,1457871986000,41.14370282,-8.58081831,64.5,10.0
1564,1457871987000,41.14370062,-8.58092685,63.59999847412109,10.0
1565,1457871988000,41.14369941,-8.58100483,63.79999923706055,10.0
1566,1457871989000,41.14370751,-8.5810896,63.59999847412109,9.0
1567,1457871990000,41.1437128,-8.58118569,64.5999984741211,10.0
1568,1457871991000,41.14372237,-8.581265,64.80000305175781,10.0
1569,1457871992000,41.14373037,-8.58135111,65.0,10.0
1570,1457871993000,41.14373678,-8.58143588,64.4000015258789,10.0
1571,1457871994000,41.14374058,-8.58151739,64.4000015258789,10.0
1572,1457871995000,41.14374245,-8.58160676,63.5,11.0
1573,1457871996000,41.14375191,-8.58167611,64.0999984741211,11.0
1574,1457871997000,41.1437576,-8.58175587,64.80000305175781,11.0
1575,1457871998000,41.14376198,-8.58182585,64.4000015258789,11.0
1576,1457872000000,41.1437728,-8.58195197,64.5999984741211,11.0
1577,1457872002000,41.1437917,-8.58207095,64.80000305175781,10.0
1578,1457872003000,41.14379745,-8.58213892,65.0999984741211,10.0
1579,1457872005000,41.14380241,-8.5822594,63.900001525878906,10.0
1580,1457872006000,41.14379489,-8.58235272,62.59999847412109,9.0
1581,1457872007000,41.14379222,-8.58242932,63.59999847412109,3.0
1582,1457872008000,41.14378248,-8.58251422,63.0,4.0
1583,1457872009000,41.14377714,-8.58259135,63.09999847412109,4.0
1584,1457872010000,41.14377329,-8.58267228,62.79999923706055,3.0
1585,1457872011000,41.1437627,-8.58274646,62.79999923706055,4.0
1586,1457872012000,41.14374934,-8.58282222,61.79999923706055,4.0
1587,1457872013000,41.14374812,-8.58288428,61.5,3.0
1588,1457872014000,41.14373616,-8.58295098,61.400001525878906,4.0
1589,1457872016000,41.14372709,-8.58307169,61.400001525878906,4.0
1590,1457872017000,41.14372189,-8.58314058,61.400001525878906,4.0
1591,1457872018000,41.14371249,-8.58321738,61.70000076293945,3.0
1592,1457872019000,41.14370133,-8.58329588,62.0,3.0
1593,1457872020000,41.14368988,-8.58339239,61.5,4.0
1594,1457872021000,41.14367925,-8.58349622,61.09999847412109,3.0
1595,1457872022000,41.14366974,-8.58359401,61.5,3.0
1596,1457872023000,41.14365709,-8.58370361,61.400001525878906,4.0
1597,1457872024000,41.1436444,-8.58382295,61.5,4.0
1598,1457872025000,41.14363392,-8.58394473,62.20000076293945,3.0
1599,1457872026000,41.1436275,-8.58409471,62.0,3.0
1600,1457872027000,41.14362607,-8.58423908,62.09999847412109,3.0
1601,1457872028000,41.14363458,-8.58439877,61.20000076293945,4.0
1602,1457872029000,41.14364147,-8.5845572,60.79999923706055,4.0
1603,1457872030000,41.14364716,-8.5847166,61.29999923706055,4.0
1604,1457872031000,41.14365421,-8.58487414,61.59999847412109,4.0
1605,1457872032000,41.14365703,-8.58503539,61.70000076293945,4.0
1606,1457872033000,41.14364538,-8.58520134,61.59999847412109,4.0
1607,1457872034000,41.14362282,-8.58536975,61.20000076293945,3.0
1608,1457872035000,41.14359932,-8.5855247,61.70000076293945,4.0
1609,1457872036000,41.14356602,-8.58567901,62.0,4.0
1610,1457872037000,41.14352134,-8.58583636,61.59999847412109,3.0
1611,1457872038000,41.14347567,-8.58598736,62.400001525878906,3.0
1612,1457872039000,41.1434274,-8.58613524,62.0,3.0
1613,1457872040000,41.14336653,-8.58628547,62.0,3.0
1614,1457872041000,41.14329409,-8.58642405,62.5,3.0
1615,1457872042000,41.14321926,-8.5865578,62.70000076293945,3.0
1616,1457872043000,41.14313558,-8.5866886,62.400001525878906,3.0
1617,1457872044000,41.14305184,-8.58680919,62.59999847412109,4.0
1618,1457872045000,41.14296178,-8.58691899,61.400001525878906,3.0
1619,1457872046000,41.14286209,-8.58702538,61.79999923706055,3.0
1620,1457872047000,41.14275835,-8.58712381,62.09999847412109,4.0
1621,1457872048000,41.14265098,-8.58721399,62.59999847412109,3.0
1622,1457872049000,41.14254685,-8.58729588,62.29999923706055,3.0
1623,1457872050000,41.14244763,-8.58738142,63.09999847412109,3.0
1624,1457872051000,41.14235612,-8.58745571,62.59999847412109,4.0
1625,1457872052000,41.14227188,-8.58752864,62.70000076293945,4.0
1626,1457872053000,41.14220243,-8.58758594,62.400001525878906,3.0
1627,1457872054000,41.14213131,-8.5876333,62.400001525878906,3.0
1628,1457872055000,41.14206092,-8.587687,62.400001525878906,4.0
1629,1457872056000,41.14199476,-8.5877636,62.20000076293945,3.0
1630,1457872057000,41.14192477,-8.58783961,61.79999923706055,3.0
1631,1457872058000,41.14184892,-8.58792342,61.900001525878906,3.0
1632,1457872059000,41.1417679,-8.58800887,61.79999923706055,3.0
1633,1457872060000,41.14169132,-8.58810008,61.20000076293945,4.0
1634,1457872061000,41.14161256,-8.58820085,60.59999847412109,3.0
1635,1457872062000,41.14153837,-8.58830175,61.59999847412109,3.0
1636,1457872063000,41.14145643,-8.58840619,61.400001525878906,4.0
1637,1457872064000,41.14138339,-8.58851421,61.20000076293945,4.0
1638,1457872065000,41.14130784,-8.58862641,61.29999923706055,3.0
1639,1457872066000,41.14122975,-8.58873407,61.59999847412109,3.0
1640,1457872067000,41.14114945,-8.58884658,61.900001525878906,4.0
1641,1457872068000,41.1410683,-8.58896521,62.70000076293945,3.0
1642,1457872069000,41.14098223,-8.58908395,62.70000076293945,3.0
1643,1457872070000,41.14089955,-8.58920132,62.70000076293945,3.0
1644,1457872071000,41.14082352,-8.58931622,62.900001525878906,3.0
1645,1457872072000,41.14074322,-8.58943904,63.0,4.0
1646,1457872073000,41.14066565,-8.58955886,63.400001525878906,3.0
1647,1457872074000,41.14059426,-8.58969209,63.09999847412109,4.0
1648,1457872075000,41.14052424,-8.58982333,62.29999923706055,3.0
1649,1457872076000,41.14046515,-8.58995653,62.59999847412109,3.0
1650,1457872077000,41.14041017,-8.59010466,62.20000076293945,3.0
1651,1457872078000,41.14036064,-8.59025574,62.900001525878906,3.0
1652,1457872079000,41.14032461,-8.59040606,63.20000076293945,3.0
1653,1457872080000,41.14029395,-8.5905663,63.5,4.0
1654,1457872081000,41.14026544,-8.59072548,63.20000076293945,4.0
1655,1457872082000,41.14025162,-8.59089233,64.19999694824219,3.0
1656,1457872083000,41.14023422,-8.59105526,64.4000015258789,4.0
1657,1457872084000,41.14021397,-8.59122312,64.5999984741211,4.0
1658,1457872085000,41.14019472,-8.59138059,64.5,4.0
1659,1457872086000,41.14017819,-8.59154102,64.5999984741211,4.0
1660,1457872087000,41.14016252,-8.59170076,64.9000015258789,3.0
1661,1457872088000,41.14014728,-8.59185702,65.19999694824219,4.0
1662,1457872089000,41.1401405,-8.59201526,63.5,3.0
1663,1457872090000,41.14012809,-8.59217346,63.70000076293945,4.0
1664,1457872091000,41.14011926,-8.59232008,64.0,4.0
1665,1457872092000,41.14010841,-8.59246832,63.79999923706055,4.0
1666,1457872093000,41.1400979,-8.59261342,64.5,4.0
1667,1457872094000,41.14008319,-8.59276285,64.0,3.0
1668,1457872095000,41.14007029,-8.59291851,64.0999984741211,4.0
1669,1457872096000,41.14005309,-8.59306738,63.59999847412109,4.0
1670,1457872097000,41.14004231,-8.59322029,63.5,4.0
1671,1457872098000,41.14003237,-8.59337977,62.70000076293945,4.0
1672,1457872099000,41.14002164,-8.59352761,62.400001525878906,4.0
1673,1457872100000,41.14001368,-8.59368944,61.900001525878906,4.0
1674,1457872101000,41.13999575,-8.59384862,61.79999923706055,4.0
1675,1457872102000,41.13998581,-8.59400456,61.400001525878906,4.0
1676,1457872103000,41.13997099,-8.59415643,60.59999847412109,3.0
1677,1457872104000,41.13995975,-8.59430852,60.09999847412109,3.0
1678,1457872105000,41.13994848,-8.59445307,60.0,4.0
1679,1457872106000,41.13994604,-8.59460004,60.5,4.0
1680,1457872107000,41.13994307,-8.59474664,60.400001525878906,3.0
1681,1457872108000,41.13994809,-8.59489451,60.59999847412109,4.0
1682,1457872109000,41.13995122,-8.59504454,60.70000076293945,5.0
1683,1457872110000,41.13997858,-8.59518207,60.900001525878906,4.0
1684,1457872111000,41.13999888,-8.59532533,60.900001525878906,4.0
1685,1457872112000,41.14002542,-8.59546683,62.29999923706055,5.0
1686,1457872113000,41.14005359,-8.5956026,63.70000076293945,6.0
1687,1457872114000,41.14007817,-8.59571947,64.4000015258789,7.0
1688,1457872115000,41.14014237,-8.59573957,64.4000015258789,5.0
1689,1457872116000,41.14017451,-8.5958066,64.4000015258789,5.0
1690,1457872117000,41.14021523,-8.59587425,64.5,5.0
1691,1457872118000,41.14024404,-8.5959653,64.4000015258789,5.0
1692,1457872119000,41.14027829,-8.59605245,64.4000015258789,6.0
1693,1457872120000,41.1403279,-8.59610428,63.900001525878906,6.0
1694,1457872121000,41.14036852,-8.59619876,63.400001525878906,6.0
1695,1457872122000,41.14041349,-8.59629139,63.09999847412109,6.0
1696,1457872123000,41.14046174,-8.59637811,61.79999923706055,4.0
1697,1457872124000,41.14050487,-8.59648452,62.5,5.0
1698,1457872125000,41.14055077,-8.59656605,62.70000076293945,5.0
1699,1457872126000,41.14059824,-8.59666477,62.900001525878906,5.0
1700,1457872127000,41.14062641,-8.59677562,63.20000076293945,6.0
1701,1457872128000,41.14066218,-8.59685365,63.20000076293945,5.0
1702,1457872129000,41.14070227,-8.59691165,63.29999923706055,6.0
1703,1457872130000,41.14073081,-8.59696597,63.70000076293945,6.0
1704,1457872131000,41.14076883,-8.5970343,64.19999694824219,6.0
1705,1457872132000,41.14081409,-8.59706822,64.0999984741211,6.0
1706,1457872133000,41.14082605,-8.59713524,64.0,6.0
1707,1457872135000,41.14086869,-8.59723812,63.79999923706055,5.0
1708,1457872136000,41.1408969,-8.59731359,64.5,5.0
1709,1457872137000,41.14094039,-8.59736306,65.19999694824219,5.0
1710,1457872138000,41.14097935,-8.59742122,65.5999984741211,6.0
1711,1457872139000,41.14102343,-8.59750559,64.4000015258789,7.0
1712,1457872140000,41.14108102,-8.59757055,64.5,8.0
1713,1457872141000,41.14113937,-8.59767407,64.0999984741211,9.0
1714,1457872142000,41.14117559,-8.59781529,64.19999694824219,10.0
1715,1457872143000,41.1412085,-8.59795245,63.900001525878906,10.0
1716,1457872144000,41.14124986,-8.59807813,63.900001525878906,11.0
1717,1457872145000,41.14124433,-8.5982507,63.900001525878906,11.0
1718,1457872146000,41.14126805,-8.59834355,63.79999923706055,11.0
1719,1457872147000,41.14126923,-8.59846492,63.29999923706055,11.0
1720,1457872148000,41.14133726,-8.59839104,63.0,8.0
1721,1457872149000,41.14137461,-8.598446,62.400001525878906,8.0
1722,1457872150000,41.1414104,-8.5984945,62.20000076293945,8.0
1723,1457872151000,41.14145358,-8.59854812,62.20000076293945,9.0
1724,1457872152000,41.1414893,-8.59860705,62.29999923706055,9.0
1725,1457872153000,41.14152791,-8.59866996,62.29999923706055,7.0
1726,1457872154000,41.14153972,-8.59875689,62.400001525878906,6.0
1727,1457872155000,41.14160227,-8.59880186,62.20000076293945,5.0
1728,1457872157000,41.14167011,-8.59892455,61.900001525878906,6.0
1729,1457872158000,41.14171465,-8.59903168,61.900001525878906,6.0
1730,1457872159000,41.14175552,-8.59915974,61.70000076293945,12.0
1731,1457872160000,41.14179265,-8.59930005,62.29999923706055,12.0
1732,1457872161000,41.14186991,-8.59943359,62.0,13.0
1733,1457872162000,41.14194045,-8.59957772,62.29999923706055,13.0
1734,1457872163000,41.14200264,-8.59970305,62.29999923706055,14.0
1735,1457872164000,41.14205259,-8.59984696,62.29999923706055,14.0
1736,1457872165000,41.14209932,-8.60001032,62.59999847412109,15.0
1737,1457872166000,41.14212595,-8.60022135,62.900001525878906,16.0
1738,1457872167000,41.14217466,-8.6003904,62.900001525878906,17.0
1739,1457872168000,41.1422211,-8.60051541,62.5,16.0
1740,1457872169000,41.14213126,-8.60090958,62.29999923706055,16.0
1741,1457872170000,41.14210507,-8.60115582,61.59999847412109,13.0
1742,1457872171000,41.14209996,-8.60135404,62.20000076293945,11.0
1743,1457872172000,41.1420793,-8.60154816,61.900001525878906,11.0
1744,1457872173000,41.14206374,-8.60174168,61.900001525878906,11.0
1745,1457872174000,41.14205804,-8.60189059,61.5,12.0
1746,1457872175000,41.14201589,-8.60203333,61.09999847412109,12.0
1747,1457872176000,41.14200253,-8.60220927,60.79999923706055,12.0
1748,1457872177000,41.14197311,-8.60236149,61.400001525878906,11.0
1749,1457872178000,41.14195513,-8.60253844,61.0,11.0
1750,1457872179000,41.14193193,-8.60270597,62.79999923706055,11.0
1751,1457872180000,41.14190808,-8.60287472,62.0,11.0
1752,1457872181000,41.14188839,-8.60303885,61.70000076293945,11.0
1753,1457872182000,41.14187436,-8.60319924,62.5,11.0
1754,1457872183000,41.14184698,-8.60337859,63.59999847412109,10.0
1755,1457872184000,41.14183369,-8.60352698,63.79999923706055,9.0
1756,1457872185000,41.14181434,-8.60368968,62.70000076293945,10.0
1757,1457872186000,41.14179566,-8.60383789,63.59999847412109,10.0
1758,1457872187000,41.14179304,-8.60399984,63.400001525878906,10.0
1759,1457872188000,41.14178956,-8.60415363,63.0,10.0
1760,1457872189000,41.14181054,-8.60430997,61.79999923706055,10.0
1761,1457872190000,41.14181793,-8.60446262,61.900001525878906,11.0
1762,1457872191000,41.141826,-8.60459473,62.20000076293945,12.0
1763,1457872192000,41.14182621,-8.6046935,61.79999923706055,12.0
1764,1457872193000,41.14182591,-8.604772,62.59999847412109,12.0
1765,1457872194000,41.14182611,-8.60487586,62.59999847412109,13.0
1766,1457872196000,41.14186297,-8.60496788,63.29999923706055,11.0
1767,1457872197000,41.14184884,-8.60505826,64.80000305175781,10.0
1768,1457872198000,41.14185546,-8.60514851,66.5,10.0
1769,1457872199000,41.14184803,-8.60525219,65.80000305175781,10.0
1770,1457872200000,41.14182209,-8.60533417,65.5,10.0
1771,1457872201000,41.14180037,-8.6054275,65.19999694824219,10.0
1772,1457872202000,41.14177201,-8.60551127,65.9000015258789,10.0
1773,1457872203000,41.14173718,-8.60561473,66.0999984741211,11.0
1774,1457872204000,41.14172155,-8.60572219,66.0999984741211,11.0
1775,1457872205000,41.1416943,-8.60583385,66.0,10.0
1776,1457872206000,41.1416792,-8.60595012,66.9000015258789,10.0
1777,1457872207000,41.14166421,-8.60607473,67.69999694824219,9.0
1778,1457872208000,41.14163385,-8.60619994,66.0,9.0
1779,1457872209000,41.14160428,-8.60633022,66.0,10.0
1780,1457872210000,41.1415744,-8.6064512,66.4000015258789,10.0
1781,1457872211000,41.14154434,-8.60658149,67.30000305175781,10.0
1782,1457872212000,41.14152116,-8.60672076,66.5,9.0
1783,1457872213000,41.14148769,-8.60685591,66.30000305175781,9.0
1784,1457872214000,41.14145304,-8.60698775,66.5,10.0
1785,1457872215000,41.14141883,-8.60712273,65.4000015258789,10.0
1786,1457872216000,41.14139292,-8.6072549,65.30000305175781,10.0
1787,1457872217000,41.14136324,-8.60738136,64.5,10.0
1788,1457872218000,41.14133122,-8.60749614,64.4000015258789,10.0
1789,1457872219000,41.14129924,-8.60759819,64.30000305175781,10.0
1790,1457872220000,41.14128144,-8.6076973,64.0,10.0
1791,1457872221000,41.14125471,-8.60779769,64.4000015258789,10.0
1792,1457872222000,41.14124756,-8.60789427,64.80000305175781,10.0
1793,1457872223000,41.14121293,-8.60799909,64.9000015258789,10.0
1794,1457872224000,41.14118641,-8.60811045,65.0,10.0
1795,1457872225000,41.14114472,-8.60820613,65.0,10.0
1796,1457872226000,41.14111307,-8.60832741,65.5999984741211,10.0
1797,1457872227000,41.14109248,-8.60844326,65.69999694824219,10.0
1798,1457872228000,41.14107986,-8.60854229,65.9000015258789,10.0
1799,1457872229000,41.14106373,-8.60865442,65.0,10.0
1800,1457872230000,41.14101952,-8.60875569,65.19999694824219,10.0
1801,1457872231000,41.14099785,-8.60885464,64.30000305175781,10.0
1802,1457872232000,41.14098347,-8.60894753,63.20000076293945,10.0
1803,1457872233000,41.14096508,-8.60903692,62.400001525878906,10.0
1804,1457872234000,41.14095224,-8.60911756,61.70000076293945,10.0
1805,1457872235000,41.14093371,-8.60917197,62.29999923706055,10.0
1806,1457872237000,41.14093103,-8.60924688,62.20000076293945,10.0
1807,1457872242000,41.14090278,-8.60929459,64.9000015258789,10.0
1808,1457872245000,41.14089519,-8.60935531,68.9000015258789,10.0
1809,1457872255000,41.14086881,-8.60941144,72.9000015258789,12.0
1810,1457872258000,41.1408116,-8.60936963,73.80000305175781,14.0
1811,1457872260000,41.14078813,-8.60942831,77.5999984741211,11.0
1812,1457872262000,41.14080525,-8.60954764,78.80000305175781,10.0
1813,1457872263000,41.1408174,-8.6096181,78.30000305175781,10.0
1814,1457872264000,41.14083041,-8.60970702,76.5999984741211,11.0
1815,1457872265000,41.14088337,-8.60986305,76.4000015258789,11.0
1816,1457872266000,41.14090046,-8.60994737,76.4000015258789,12.0
1817,1457872267000,41.14092731,-8.61003875,76.5,12.0
1818,1457872268000,41.14096641,-8.61010281,76.0,13.0
1819,1457872269000,41.14099393,-8.61016508,75.9000015258789,13.0
1820,1457872271000,41.14101805,-8.61028719,76.5999984741211,15.0
1821,1457872278000,41.14105232,-8.61034233,74.4000015258789,12.0
1822,1457872281000,41.14114298,-8.61046048,74.0999984741211,12.0
1823,1457872282000,41.14118978,-8.61050798,74.0,12.0
1824,1457872283000,41.14126774,-8.61057085,74.0,12.0
1825,1457872284000,41.14130952,-8.61063223,74.19999694824219,13.0
1826,1457872285000,41.14134782,-8.61069126,74.19999694824219,14.0
1827,1457872286000,41.14138165,-8.61079685,74.4000015258789,14.0
1828,1457872287000,41.14142388,-8.61086683,74.5,15.0
1829,1457872288000,41.14146609,-8.6109367,74.5,17.0
1830,1457872305000,41.14157265,-8.61316648,72.5999984741211,16.0
1831,1457872306000,41.14154425,-8.61321775,72.5,14.0
1832,1457872307000,41.14152438,-8.6132914,74.19999694824219,13.0
1833,1457872308000,41.14150082,-8.61335044,74.0,14.0
1834,1457872309000,41.14147864,-8.61341696,73.0999984741211,12.0
1835,1457872310000,41.14148919,-8.61349212,73.5,8.0
1836,1457872311000,41.14146983,-8.61355395,74.0999984741211,9.0
1837,1457872313000,41.1414332,-8.61367269,73.0999984741211,10.0
1838,1457872314000,41.14141992,-8.61373544,73.0999984741211,8.0
1839,1457872315000,41.14140098,-8.61380232,74.0999984741211,8.0
1840,1457872316000,41.14136616,-8.61385723,75.19999694824219,8.0
1841,1457872317000,41.1413328,-8.61391532,74.5,7.0
1842,1457872318000,41.14131324,-8.61398182,74.0999984741211,7.0
1843,1457872319000,41.141296,-8.6140471,72.5999984741211,7.0
1844,1457872320000,41.14130608,-8.61410881,72.5999984741211,7.0
1845,1457872321000,41.14128306,-8.61418169,72.9000015258789,7.0
1846,1457872322000,41.14125892,-8.61425226,72.4000015258789,6.0
1847,1457872323000,41.14124328,-8.61430925,73.19999694824219,7.0
1848,1457872327000,41.1412143,-8.61436469,76.5999984741211,7.0
1849,1457872329000,41.14115878,-8.61441639,78.4000015258789,6.0
1850,1457872331000,41.14115248,-8.61449596,78.4000015258789,5.0
1851,1457872334000,41.1411422,-8.61457353,81.0,5.0
1852,1457872337000,41.14119585,-8.61459983,82.4000015258789,5.0
1853,1457872339000,41.14128042,-8.61457535,81.4000015258789,4.0
1854,1457872340000,41.14133621,-8.61457005,81.0999984741211,4.0
1855,1457872341000,41.14139655,-8.61456515,81.30000305175781,4.0
1856,1457872342000,41.14150162,-8.61453177,81.5,4.0
1857,1457872343000,41.14155675,-8.6145278,82.5,4.0
1858,1457872345000,41.14164326,-8.61452594,82.5999984741211,4.0
1859,1457872346000,41.14169032,-8.61453296,82.0,5.0
1860,1457872347000,41.14174288,-8.61453648,82.5,5.0
1861,1457872349000,41.14183707,-8.61449602,83.19999694824219,5.0
1862,1457872350000,41.14189459,-8.61448126,84.19999694824219,5.0
1863,1457872351000,41.14195369,-8.61445126,84.5,6.0
1864,1457872352000,41.14203227,-8.61441191,85.19999694824219,5.0
1865,1457872353000,41.14209901,-8.6143962,85.5,6.0
1866,1457872354000,41.14216529,-8.61435347,86.0999984741211,6.0
1867,1457872355000,41.14223736,-8.6143297,86.69999694824219,5.0
1868,1457872356000,41.14228892,-8.61431201,88.80000305175781,5.0
1869,1457872357000,41.14234328,-8.61429414,90.9000015258789,5.0
1870,1457872358000,41.142387,-8.61427751,91.3000030517578,5.0
1871,1457872359000,41.14243272,-8.6142865,92.5999984741211,5.0
1872,1457872360000,41.14248967,-8.61426834,92.5,5.0
1873,1457872361000,41.14255054,-8.61427183,92.6999969482422,5.0
1874,1457872362000,41.14259644,-8.61425586,92.4000015258789,5.0
1875,1457872364000,41.14268197,-8.61428914,91.0999984741211,10.0
1876,1457872365000,41.14273417,-8.61427213,88.19999694824219,10.0
1877,1457872367000,41.14280111,-8.61429788,87.5,10.0
1878,1457872369000,41.14282597,-8.61441856,88.19999694824219,10.0
1879,1457872371000,41.14285063,-8.61454737,89.4000015258789,10.0
1880,1457872373000,41.14286005,-8.61464677,90.5,11.0
1881,1457872375000,41.14284938,-8.61474977,90.0,10.0
1882,1457872377000,41.14283854,-8.61487354,90.0,11.0
1883,1457872379000,41.14282021,-8.61498955,89.9000015258789,12.0
1884,1457872381000,41.14279229,-8.61506829,89.5,13.0
1885,1457872382000,41.14276941,-8.61512206,89.69999694824219,14.0
1886,1457872383000,41.14276641,-8.61519122,89.69999694824219,15.0
1887,1457872385000,41.14275865,-8.61531457,89.69999694824219,15.0
1888,1457872387000,41.14270813,-8.61537132,89.69999694824219,13.0
1889,1457872388000,41.14262072,-8.61538668,89.9000015258789,12.0
1890,1457872389000,41.14258326,-8.61542383,91.4000015258789,11.0
1891,1457872390000,41.14252469,-8.61541962,91.9000015258789,11.0
1892,1457872391000,41.1424679,-8.61541866,92.1999969482422,12.0
1893,1457872392000,41.14239278,-8.61538344,92.5,12.0
1894,1457872393000,41.14231617,-8.6153966,93.0,12.0
1895,1457872394000,41.14224146,-8.61542203,93.5999984741211,12.0
1896,1457872395000,41.14215614,-8.61542953,93.9000015258789,12.0
1897,1457872396000,41.14207794,-8.61536176,93.6999969482422,12.0
1898,1457872397000,41.14202753,-8.61529928,93.4000015258789,11.0
1899,1457872398000,41.1419407,-8.61527065,94.6999969482422,11.0
1900,1457872399000,41.14186402,-8.61523377,95.4000015258789,11.0
1901,1457872400000,41.14175474,-8.61523843,95.9000015258789,11.0
1902,1457872401000,41.141708,-8.6152663,94.6999969482422,11.0
1903,1457872402000,41.14162808,-8.61528615,93.4000015258789,11.0
1904,1457872403000,41.14153401,-8.61528098,92.5,11.0
1905,1457872404000,41.14148059,-8.61529845,92.8000030517578,12.0
1906,1457872405000,41.14143184,-8.61529876,92.5999984741211,12.0
1907,1457872407000,41.14134876,-8.61529833,89.0999984741211,11.0
1908,1457872408000,41.14129691,-8.61528772,87.9000015258789,11.0
1909,1457872409000,41.14124955,-8.61528804,87.4000015258789,11.0
1910,1457872410000,41.14120157,-8.61528751,87.69999694824219,11.0
1911,1457872412000,41.14113048,-8.61531465,86.5999984741211,11.0
1912,1457872414000,41.14103554,-8.61526739,85.19999694824219,11.0
1913,1457872417000,41.14098014,-8.6152351,84.5,12.0
1914,1457872435000,41.14098506,-8.61529489,81.69999694824219,12.0
1915,1457872450000,41.14094484,-8.6152642,78.0999984741211,12.0
1916,1457872462000,41.14091674,-8.61520899,77.4000015258789,11.0
1917,1457872474000,41.14090476,-8.61527353,77.0999984741211,12.0
1918,1457872487000,41.14085572,-8.61525051,72.5,9.0
1919,1457872492000,41.14083357,-8.61515825,76.5,10.0
1920,1457872494000,41.14084273,-8.61508284,79.5999984741211,9.0
1921,1457872496000,41.14086025,-8.61502215,81.0999984741211,9.0
1922,1457872499000,41.1408815,-8.61495483,78.30000305175781,9.0
1923,1457872502000,41.1409088,-8.61488331,79.30000305175781,10.0
1924,1457872505000,41.14093113,-8.61480671,80.69999694824219,9.0
1925,1457872521000,41.14096399,-8.61475079,79.4000015258789,10.0
1926,1457872523000,41.14098571,-8.61469615,78.5,9.0
1927,1457872525000,41.14101276,-8.61463073,78.4000015258789,10.0
1928,1457872527000,41.14103838,-8.61457319,77.80000305175781,10.0
1929,1457872529000,41.1410601,-8.61452002,78.0,10.0
1930,1457872532000,41.14108528,-8.61445602,78.80000305175781,10.0
1931,1457872536000,41.1411142,-8.61439492,77.5999984741211,10.0
1932,1457872539000,41.14113161,-8.61432416,77.5,10.0
1933,1457872541000,41.14116895,-8.61422309,77.9000015258789,10.0
1934,1457872543000,41.14120248,-8.61413379,77.4000015258789,10.0
1935,1457872545000,41.14122879,-8.61406977,78.0,10.0
1936,1457872548000,41.14126004,-8.61399327,79.9000015258789,10.0
1937,1457872550000,41.14128941,-8.61394651,80.80000305175781,10.0
1938,1457872553000,41.14132706,-8.61390643,82.4000015258789,10.0
1939,1457872556000,41.14136234,-8.61385406,83.0999984741211,10.0
1940,1457872558000,41.14138798,-8.61379889,82.0999984741211,10.0
1941,1457872560000,41.14141354,-8.61373283,82.30000305175781,10.0
1942,1457872562000,41.14144635,-8.61366335,82.30000305175781,10.0
1943,1457872564000,41.1414745,-8.61360524,82.5,10.0
1944,1457872566000,41.14149918,-8.61354628,82.0999984741211,10.0
1945,1457872568000,41.14152506,-8.61348358,81.5,10.0
1946,1457872570000,41.14154335,-8.61341886,83.0999984741211,10.0
1947,1457872572000,41.14154764,-8.61335193,82.30000305175781,10.0
1948,1457872574000,41.14155253,-8.61328556,78.5999984741211,10.0
1949,1457872576000,41.14157013,-8.61319863,78.9000015258789,11.0
1950,1457872577000,41.14159235,-8.61313436,78.0,11.0
1951,1457872578000,41.14157843,-8.61301746,79.0999984741211,11.0
1952,1457872603000,41.14126853,-8.61091586,75.9000015258789,29.0
1953,1457872604000,41.14123113,-8.61084923,75.5,23.0
1954,1457872606000,41.14119867,-8.61074366,76.30000305175781,15.0
1955,1457872608000,41.1411599,-8.61067061,80.5,9.0
1956,1457872613000,41.14115028,-8.61060339,82.19999694824219,6.0
1957,1457872616000,41.14113051,-8.61053468,78.69999694824219,4.0
1958,1457872618000,41.14110747,-8.61048238,76.5999984741211,4.0
1959,1457872620000,41.14108052,-8.61043381,80.30000305175781,4.0
1960,1457872626000,41.14104806,-8.61037454,75.80000305175781,3.0
1961,1457872628000,41.14100718,-8.61030824,74.9000015258789,4.0
1962,1457872630000,41.14096971,-8.61024736,75.0999984741211,4.0
1963,1457872632000,41.14093661,-8.61019201,73.5,4.0
1964,1457872634000,41.14090141,-8.61012034,73.69999694824219,4.0
1965,1457872636000,41.1408605,-8.60997487,73.9000015258789,4.0
1966,1457872638000,41.14082994,-8.60986596,74.0999984741211,4.0
1967,1457872640000,41.14079157,-8.60977766,73.4000015258789,4.0
1968,1457872642000,41.14074278,-8.60972703,73.30000305175781,3.0
1969,1457872644000,41.1406908,-8.60968586,73.0999984741211,4.0
1970,1457872646000,41.14062871,-8.60966151,74.5,4.0
1971,1457872647000,41.14057573,-8.6096497,74.80000305175781,4.0
1972,1457872648000,41.14046273,-8.60962146,75.4000015258789,4.0
1973,1457872649000,41.14038449,-8.60959641,77.0,4.0
1974,1457872650000,41.14031844,-8.60957404,76.9000015258789,4.0
1975,1457872651000,41.1402507,-8.60955841,77.0,4.0
1976,1457872652000,41.1401861,-8.60954407,76.5,4.0
1977,1457872653000,41.1401234,-8.60952636,76.9000015258789,3.0
1978,1457872654000,41.14006023,-8.60951177,76.19999694824219,4.0
1979,1457872655000,41.13998805,-8.60949146,76.19999694824219,4.0
1980,1457872656000,41.1399236,-8.60946506,76.30000305175781,3.0
1981,1457872657000,41.13986011,-8.60944597,76.0999984741211,3.0
1982,1457872658000,41.1397956,-8.6094228,75.5999984741211,4.0
1983,1457872659000,41.13973645,-8.60939701,75.30000305175781,4.0
1984,1457872660000,41.13967004,-8.60937191,74.69999694824219,4.0
1985,1457872661000,41.13960726,-8.60935549,74.5999984741211,3.0
1986,1457872662000,41.13955158,-8.60933637,74.0999984741211,3.0
1987,1457872663000,41.13949707,-8.60931095,73.30000305175781,4.0
1988,1457872665000,41.13943741,-8.60928871,73.9000015258789,4.0
1989,1457872667000,41.13938749,-8.6092704,73.19999694824219,3.0
1990,1457872670000,41.1393299,-8.60925668,71.4000015258789,4.0
1991,1457872674000,41.13928065,-8.6092389,70.5,4.0
1992,1457872677000,41.13922834,-8.60920152,70.5,4.0
1993,1457872679000,41.13915664,-8.60917453,67.9000015258789,4.0
1994,1457872681000,41.13907964,-8.60918034,70.5999984741211,4.0
1995,1457872683000,41.13904227,-8.60925729,69.5,4.0
1996,1457872685000,41.13904011,-8.60935389,70.5,4.0
1997,1457872686000,41.13903901,-8.60941609,69.80000305175781,4.0
1998,1457872687000,41.13903451,-8.60947596,69.19999694824219,4.0
1999,1457872689000,41.13900685,-8.60958756,69.30000305175781,4.0
2000,1457872690000,41.13898075,-8.60963629,69.0,3.0
2001,1457872691000,41.13894911,-8.60968132,68.5999984741211,3.0
2002,1457872692000,41.13889252,-8.60973893,67.9000015258789,4.0
2003,1457872693000,41.13885058,-8.60981008,67.0999984741211,3.0
2004,1457872694000,41.13881218,-8.60987817,67.0999984741211,3.0
2005,1457872695000,41.13877495,-8.60995412,66.5,4.0
2006,1457872696000,41.13873502,-8.61002707,64.80000305175781,3.0
2007,1457872697000,41.13870665,-8.61009912,64.4000015258789,4.0
2008,1457872698000,41.13867764,-8.61015726,64.0999984741211,4.0
2009,1457872699000,41.13864994,-8.61021215,64.4000015258789,4.0
2010,1457872700000,41.138622,-8.61026846,64.0999984741211,4.0
2011,1457872701000,41.13859328,-8.61032858,64.4000015258789,4.0
2012,1457872702000,41.1385658,-8.61038452,64.4000015258789,4.0
2013,1457872703000,41.13853273,-8.61044788,64.5,4.0
2014,1457872704000,41.13850157,-8.61050882,64.19999694824219,4.0
2015,1457872705000,41.13846842,-8.61057192,64.5999984741211,4.0
2016,1457872706000,41.13844187,-8.61064123,64.5999984741211,4.0
2017,1457872707000,41.13841085,-8.61070789,64.80000305175781,4.0
2018,1457872708000,41.13837562,-8.61077967,64.9000015258789,4.0
2019,1457872709000,41.1383423,-8.61084644,64.80000305175781,4.0
2020,1457872710000,41.13831088,-8.61092427,64.80000305175781,4.0
2021,1457872711000,41.13826606,-8.61098542,62.400001525878906,3.0
2022,1457872712000,41.13824611,-8.6110673,62.900001525878906,3.0
2023,1457872713000,41.13822245,-8.61114026,62.70000076293945,4.0
2024,1457872714000,41.13820112,-8.61121261,62.400001525878906,4.0
2025,1457872715000,41.13818176,-8.61127953,62.29999923706055,4.0
2026,1457872717000,41.13814838,-8.61140954,62.09999847412109,3.0
2027,1457872718000,41.13812869,-8.61146799,61.900001525878906,4.0
2028,1457872719000,41.13811705,-8.61152907,62.20000076293945,4.0
2029,1457872720000,41.13810374,-8.61158635,62.09999847412109,4.0
2030,1457872721000,41.13808984,-8.61165054,62.0,3.0
2031,1457872722000,41.13807593,-8.61171413,62.20000076293945,3.0
2032,1457872723000,41.13805599,-8.61178733,62.5,3.0
2033,1457872724000,41.13803966,-8.61185832,62.70000076293945,3.0
2034,1457872725000,41.13802537,-8.61193008,62.400001525878906,3.0
2035,1457872726000,41.13800752,-8.61200159,63.0,3.0
2036,1457872727000,41.13799241,-8.61206045,62.5,4.0
2037,1457872728000,41.13797579,-8.61212379,62.29999923706055,3.0
2038,1457872729000,41.13795764,-8.61219169,62.5,3.0
2039,1457872730000,41.1379434,-8.61225689,62.79999923706055,3.0
2040,1457872731000,41.13792917,-8.61232257,62.5,3.0
2041,1457872732000,41.13791819,-8.61238498,63.09999847412109,3.0
2042,1457872733000,41.1379068,-8.61244439,62.70000076293945,3.0
2043,1457872734000,41.13789127,-8.61250216,62.900001525878906,3.0
2044,1457872735000,41.137878,-8.61255976,63.0,3.0
2045,1457872736000,41.13786465,-8.61261978,62.70000076293945,3.0
2046,1457872738000,41.13784744,-8.61271251,62.79999923706055,3.0
2047,1457872741000,41.13783027,-8.61277403,62.400001525878906,4.0
2048,1457872758000,41.13781005,-8.61283859,61.20000076293945,4.0
2049,1457872765000,41.13779867,-8.61289927,62.900001525878906,3.0
2050,1457872767000,41.13777433,-8.61299052,63.70000076293945,4.0
2051,1457872768000,41.13775731,-8.6130502,63.400001525878906,3.0
2052,1457872769000,41.13773969,-8.61311317,62.5,4.0
2053,1457872770000,41.13771902,-8.61320262,62.09999847412109,4.0
2054,1457872771000,41.13770548,-8.61326487,62.0,4.0
2055,1457872772000,41.13769356,-8.61332611,62.09999847412109,3.0
2056,1457872773000,41.13768044,-8.61338571,61.900001525878906,3.0
2057,1457872775000,41.13765626,-8.61348502,62.0,3.0
2058,1457872777000,41.13763729,-8.61358052,62.59999847412109,3.0
2059,1457872779000,41.13761968,-8.61366926,62.70000076293945,3.0
2060,1457872781000,41.1376006,-8.6137608,61.59999847412109,4.0
2061,1457872783000,41.13758319,-8.61384156,61.20000076293945,3.0
2062,1457872785000,41.13756695,-8.61391916,61.400001525878906,4.0
2063,1457872787000,41.13755284,-8.61399115,61.79999923706055,3.0
2064,1457872789000,41.13754061,-8.61405099,61.79999923706055,3.0
2065,1457872791000,41.1375245,-8.61410803,62.79999923706055,4.0
2066,1457872794000,41.13750607,-8.61418392,62.400001525878906,4.0
2067,1457872798000,41.1374914,-8.614256,62.20000076293945,4.0
2068,1457872802000,41.13747634,-8.61432658,61.900001525878906,4.0
2069,1457872840000,41.13745283,-8.61438562,60.70000076293945,3.0
2070,1457872844000,41.13743193,-8.61446334,60.70000076293945,3.0
2071,1457872847000,41.1374158,-8.6145463,59.70000076293945,3.0
2072,1457872849000,41.13740267,-8.61460958,60.0,3.0
2073,1457872851000,41.13738826,-8.61467346,61.0,3.0
2074,1457872853000,41.13737424,-8.6147351,59.900001525878906,3.0
2075,1457872856000,41.13735775,-8.6148089,60.29999923706055,3.0
2076,1457872859000,41.13734253,-8.61486993,60.0,3.0
2077,1457872892000,41.13731955,-8.61494362,60.59999847412109,3.0
2078,1457872895000,41.13730642,-8.61501186,59.0,3.0
2079,1457872899000,41.13729203,-8.61508375,58.900001525878906,3.0
2080,1457872945000,41.13729813,-8.61514725,56.0,3.0
2081,1457872948000,41.13727689,-8.61523031,57.0,3.0
2082,1457872950000,41.1372599,-8.61529344,55.59999847412109,3.0
2083,1457872952000,41.13724367,-8.61536062,55.29999923706055,3.0
2084,1457872954000,41.13722906,-8.61541861,55.70000076293945,5.0
2085,1457872962000,41.1372073,-8.61550138,55.70000076293945,3.0
2086,1457872964000,41.13718906,-8.615571,55.09999847412109,3.0
2087,1457872966000,41.13716786,-8.61565442,55.09999847412109,3.0
2088,1457872968000,41.13714387,-8.61574715,55.59999847412109,3.0
2089,1457872970000,41.13712044,-8.61583608,55.09999847412109,4.0
2090,1457872971000,41.1371038,-8.6159,55.20000076293945,3.0
2091,1457872972000,41.13708852,-8.61595804,55.0,3.0
2092,1457872973000,41.13707449,-8.61601719,55.09999847412109,3.0
2093,1457872975000,41.13705502,-8.61611847,55.70000076293945,3.0
2094,1457872977000,41.13704444,-8.61618051,56.29999923706055,3.0
2095,1457872980000,41.1370327,-8.6162455,57.09999847412109,5.0
2096,1457872984000,41.13701592,-8.61633187,57.20000076293945,3.0
2097,1457872986000,41.13700075,-8.61641431,56.400001525878906,3.0
2098,1457872988000,41.13698494,-8.61650714,55.900001525878906,3.0
2099,1457872990000,41.13697108,-8.6165978,57.0,3.0
2100,1457872992000,41.13696407,-8.61668525,58.20000076293945,3.0
2101,1457872994000,41.13695971,-8.61676252,58.70000076293945,4.0
2102,1457872996000,41.1369558,-8.61682681,59.900001525878906,3.0
2103,1457872998000,41.13695079,-8.61688724,60.79999923706055,3.0
2104,1457873001000,41.13694608,-8.61696008,61.0,3.0
2105,1457873008000,41.13694425,-8.6170303,62.59999847412109,5.0
2106,1457873020000,41.13695553,-8.61709375,62.20000076293945,4.0
2107,1457873023000,41.13695056,-8.61716334,61.900001525878906,4.0
2108,1457873026000,41.13694857,-8.61723689,61.5,4.0
2109,1457873042000,41.13694125,-8.61729586,65.80000305175781,4.0
2110,1457873045000,41.1369343,-8.61735664,64.0999984741211,3.0
2111,1457873047000,41.13692431,-8.6174213,63.79999923706055,4.0
2112,1457873049000,41.13691512,-8.61750557,63.29999923706055,3.0
2113,1457873051000,41.13690584,-8.61760362,63.400001525878906,4.0
2114,1457873053000,41.13689858,-8.61771343,63.900001525878906,4.0
2115,1457873054000,41.13688897,-8.61782156,63.79999923706055,4.0
2116,1457873055000,41.13688228,-8.61789596,63.79999923706055,4.0
2117,1457873057000,41.13687871,-8.61802231,62.900001525878906,4.0
2118,1457873059000,41.13688413,-8.61811614,64.30000305175781,4.0
2119,1457873064000,41.13687836,-8.6181886,66.0999984741211,4.0
2120,1457873066000,41.13688132,-8.61826655,65.9000015258789,4.0
2121,1457873068000,41.13688492,-8.6183657,65.5,4.0
2122,1457873070000,41.13689772,-8.61849646,64.30000305175781,4.0
2123,1457873071000,41.13690283,-8.61857334,64.0,4.0
2124,1457873072000,41.13690796,-8.61865658,64.0999984741211,4.0
2125,1457873073000,41.1369138,-8.61873907,64.30000305175781,4.0
2126,1457873074000,41.13692552,-8.61882439,63.5,4.0
2127,1457873075000,41.13693382,-8.61890957,63.400001525878906,4.0
2128,1457873076000,41.13695005,-8.61899547,63.29999923706055,4.0
2129,1457873077000,41.13697321,-8.61907434,63.400001525878906,3.0
2130,1457873078000,41.13699927,-8.61912998,63.59999847412109,3.0
2131,1457873079000,41.13703538,-8.61916795,64.0999984741211,4.0
2132,1457873081000,41.13708267,-8.61919105,63.59999847412109,3.0
2133,1457873091000,41.13712971,-8.61921922,63.400001525878906,3.0
2134,1457873093000,41.13716528,-8.61931898,63.09999847412109,4.0
2135,1457873094000,41.13718326,-8.61937426,63.5,4.0
2136,1457873095000,41.13720302,-8.61944023,63.0,4.0
2137,1457873097000,41.13723862,-8.61952351,64.19999694824219,4.0
2138,1457873100000,41.13729547,-8.61946801,63.70000076293945,4.0
2139,1457873101000,41.1372856,-8.61940806,63.400001525878906,4.0
2140,1457873103000,41.13725306,-8.6192405,63.400001525878906,3.0
2141,1457873104000,41.13722687,-8.61914799,63.400001525878906,3.0
2142,1457873105000,41.1372001,-8.61905051,63.400001525878906,4.0
2143,1457873106000,41.13717914,-8.61896106,62.70000076293945,3.0
2144,1457873107000,41.13715889,-8.61887235,62.900001525878906,4.0
2145,1457873108000,41.13714201,-8.61879213,63.0,4.0
2146,1457873109000,41.1371312,-8.61871874,63.0,3.0
2147,1457873110000,41.13711708,-8.61864005,63.09999847412109,3.0
2148,1457873111000,41.13709736,-8.61856428,63.400001525878906,3.0
2149,1457873112000,41.13707745,-8.61850134,64.30000305175781,3.0
2150,1457873114000,41.13704887,-8.61840555,64.5999984741211,3.0
2151,1457873116000,41.13704233,-8.61833417,64.4000015258789,3.0
2152,1457873118000,41.13706432,-8.61827765,64.4000015258789,4.0
2153,1457873120000,41.13712305,-8.61828516,65.4000015258789,4.0
2154,1457873122000,41.1371653,-8.61833267,64.5999984741211,4.0
2155,1457873124000,41.13716587,-8.61841256,64.4000015258789,4.0
2156,1457873127000,41.13718764,-8.61849535,64.0,3.0
2157,1457873129000,41.13720665,-8.61855214,63.59999847412109,4.0
2158,1457873131000,41.1372463,-8.61858233,63.5,3.0
